handle,channel_id
@100k-views-q6g,UCgrvahB4i2sJleFPBlNUpDQ
@10thtopper10,UCOamTE3F8caYiktGyvb4hlg
@254-j8n,UCxN_CrUcEhNbhFPQXUA-EuQ
@38jaymataji,UC6lU35YJJCtW8WGPI8znzww
@3Dverse786,UC7bw3S9aambmV23lchxET7g
@3danimationshorts1214,UCgv5D0Zh9SlYU6k4yMdK5yA
@3demotoonhub,UCtlI092bbM8CwqNwVcQ7zwQ
@4chanInAMinute,UCDPZX_EyMncJYX6Y2kgB_8g
@90sNeonSoul,UCedphotbKH2TLgo3QluVVYA
@9cuteaicat,UCuT-goQd5LHcuWm3DLYqwbQ
@AG_Chronicle,UC6sY4AfPhzCv1Y1JCyXiJ_g
@AI-GEN-XI,UCJYfuQW1Ju-zPrI2ZuVwTDQ
@AI.1FANTASIA,UCWqObV-UaKMm5_UiJZzGXUw
@AI.R.Y,UCZ-pZm9QDOJbMmojGZii3SA
@AI.Snippets-ART,UC9EbQFd-HdR21XBBafyVQ-A
@AI.maginary0,UC4nMuKFHnWTHG1vT0b7CyTQ
@AIAI-Ai,UCCOjK-Afx5PfbYadk5ay78Q
@AIARTRAMY,UCyXMeXFhH_uzid7_5ildIEQ
@AIAnimaLsHub_7,UCOrCei2QCasK3AjmG_yNedQ
@AIAssemblyLine,UCoxH5V6ducPyCgwl4BQtgnw
@AIDOG7-h3h,UCflXVct2GYnScFf6rQWH8tw
@AIDeutschland,UC5LTm52VaiV-5Q3C-txWVGQ
@AIDreamCreations,UC8siIRkloU6xa3IH_7grbKA
@AIFlickNips,UCMPhW_GRdbV-nIzVgUR0Igg
@AIForFun34,UCvneRNI_u7oE7TV9q4_ppAg
@AIMagicalFamily,UCXmKPMGxKrtV1pFSj35ySwg
@AIMeow-kitten,UCyrsDtJuPrAcYffYMFq2EqQ
@AIPAWSYT,UCr9dh35N234C6Rmbzr1lAOw
@AIPalette-CuteCreatures,UCldrSaTYnKUT1log9DaxvMg
@AIPaws-c6o,UC3uR4ruM0a8FyxI2MCK5a4Q
@AIPawss,UC1nktP6RCumx2-aiAKAEoOw
@AIPetPlayground,UCKzhCRdhFSwaXWKwhkEJL5w
@AIStoryLab-nn,UCn44LAScrulGe1zJHO2kBCw
@AIStuff777,UC6B188Yfp9zc8YDXwjyJD0w
@AISunoKahani,UCLomP8toZ1ruNOjAGGE2Y3g
@AITeluguCreations,UCWPVL5IF3qyTYrrfQ1e10eQ
@AIVisions2024,UCKUfA1lVLVFM5ZHp9v-IF0w
@AI_ESteem,UCnnngC3UajPXbnrQZqecUwA
@AI_Filmss,UCb8L6vvKJlg12NukdW1FXzg
@AI_Showcase,UCEYPbjFqIQ4tLPDfdCOW6Cw
@AI_maginary,UC5Lbfn6eXvOaJfXLjoTR5Ng
@AIcrossoversAI,UCaYgIOUwL48w84bem0cY6ZQ
@AIimagine-l9q,UCpYpHQlMrNggSFBTJnpjrig
@AIllusions-d7o,UCG6j4EeJ7s_-8Xe_5Tv2xjQ
@AImagine-q8g,UCoSilgcfJ6-MvAw5raghQOA
@AImagine_AImagine,UCOts_dtjscWvQGO7rcdFv2Q
@AIstories51214,UCYkZeRr4ECJL0YesvUEbgVA
@AItopia-v5d,UCkt7yJc8-I1pogVtV8bMU5Q
@AItopiaLabs,UCgGCCZTg-7TLZS25xSFvaKw
@AJShorts-x8m,UCFUfC0fiJSJUjMJbXRk825Q
@ANZAC_War_Tales,UC9Td_QUdBXI3Qi11iesQw3g
@ASMR_AI_STUDIO-X,UCd1cLMWBiYePMVKFWZrR9Ag
@ASM_Rest,UCnA_z5nkDO08yEMlrgi19Gg
@ATMNewsBangla,UCBKyfiK6GS_LeMJdxh55qlg
@Acorn_Studios_official,UCvMabwJRJ6i-ZUcq2Q64t4Q
@ActiorDe,UCzrFEB4MJgEvxb4G8c5zXDw
@AdsAdonis,UC8vy47rIMe11KFtD9SFCIHg
@Afraid2Sleep,UCqrWkLKwRKNZRbbJXVEvAjw
@AfroWireAI,UCIFJr36jhaqddPER40zlM2A
@AgricultureInsightusa,UCzsHYjHL1dZ4_3-DxgrOQOw
@AhadCreativeWorld,UCw4-Rtq5xumH8ChwyoiDGhQ
@Ahahocat,UCPRa3EYaVpgaVeeAJXc2uKw
@Ai.nueramix,UCUjO3C37ScQ24FU2wLRNUcw
@Ai4K-x7x,UCkDBTI4z4uFCXtI55M-9jPQ
@AiByteStudio-572,UCpQp3-NNGQ6jnzODcmka5Gw
@AiDreamAsmrai,UCYjab97Q0O9Sxq9YGQ4DMPw
@AiDreamMaker,UC1DbwWLN227jLinflItAusg
@AiGenworld-b1g,UCUjZ_psrURe62UryW0Qq9iQ
@AiLootBox,UCSCEqiyK8M8uaE6wTHL0KjA
@AiMagiclq,UCNwCuk1KkmsEJvdfmuYaVGQ
@AiMeowMotion11,UC91rKqDYSJWNj12XpySWiRQ
@AiMew-n9y,UCuAWe7IUQ5afgXamoey5cig
@AiMewStory,UC_vGpzWzvMGDgOe1UHYrvbw
@AiTopiaTv,UCpp1kSxzSep1z5DXhCjYJAA
@AiWonderLab_eu,UCP4ci30XD-IC8evxTzw847A
@Ai_Topia7,UChnR6l1XsezPxoEJYx0HhSA
@Aigeniu,UCgHWUD0102IPpRCyM17VRBg
@Aimaginereal,UCgM1i9lOqbof6r2cc8JZAHg
@Aimewmind00,UCpKzIeAMWBHg2ku-HWic76g
@AistorysPets,UCM_gH40f9TdzfEMgKYDEv_g
@Aitopmovies,UCiSXMVPQOmZpvlnTKOWYpSQ
@Aiworld053,UC8bqrpi1Fyv1WV8l08yAYIA
@Ajanimalking,UCbhR8ODK4ZIJWaF3Rb7fZPg
@AllThingsFlow2,UCqeFGrWHD3Ed9HAXmKx0Ohw
@AmazingOurEarth,UCSt_gMX5PjbLNrRAvqpuUDA
@AmericanBloodlines,UCmDGDxymffcDdv_u06Ada2w
@AmericanFrontierChannel,UCaYk-zR0NMxfWjv_qtQelxA
@AmyyRoblox1,UCi6rh0ehJ1M7-SaGO-Y3stw
@AncestralSurvival-b4s,UCNiOdnWcRDq0rHit2DhEwMQ
@AncestryDecoder,UC5gzbh_yOsjOIJk918jmg5A
@Animalartlab,UCFT_YP1vIaENfPWOcLSo1VQ
@Anishtales-q3i,UCJgZC5jkKGd8_ty4nLEcZag
@AntioneOdo,UCFOd8z3-1RfBdmZfIrBC4Fw
@AprilAI.Channel,UC0WWV92sckOKbHkQelk0BPw
@ArchitectEvolution,UC9elXkqr0INfxMjJCQypJaw
@ArtificialSatisfyASMR,UC5snfMPthTn1Vf-zAEi5LLA
@Artificialproductions_backup,UCVd3-gNjLdytK7C-N-ZSNzw
@AsmrdreamYt,UC6OhShAXBf0zbtCcZl4u0eA
@AustraliasHiddenWar,UCHTAzWrvbrvwUJ3PyspiqEw
@AvoidFlightBans,UCiaQXTGzrFfBCppui4rPDIg
@AzASMR-00,UC-ZzvdrK4pi_gW1ZsyTz1jw
@BEATStories3,UCVxYqb_4fmpsScrLYwgMlyQ
@BGFilmsEntertainment,UCDwBkOWBm_nGrbC1ts16vMw
@BabyTVGreenChick,UCrKEumk1UsY_B-G9c3AFGNQ
@BarhoundOfficial,UCG7LMNXonPrGyYhgq5VjSlg
@BattleAI-z3r,UCAK5P6uZJYb3QNZRhAh9rpw
@BauhhVv,UCkAD5qgRAR-O15ROadrOD7Q
@BeProductiveOfficial,UCpN4xx95-4aTpCLWOPNsuYg
@BeamNGTN,UCdqIB5lVNXeDXPa_onmH6Ow
@Beyondthelens-r3v,UC2OWf2jSRQPmG4sxYFfMKQw
@Big.K.Korner,UCQAZaH42hFUO-JoigTjQGyA
@BillionaireLoveAffair,UCi1VoMqnipidTy0nbWyx6Dg
@Billsofarsogood,UCLEitwrMzt5auWgDh4EzM3A
@BitterJustice-p3w,UCwcE6MoEwVAzxUG8Z_ODf6Q
@Black.Soul.Stories,UC6YedTGXbl9Whxy3TVxJQBA
@BlackFile-w9l,UCqZ82YkVpgfVCJybWpVEExw
@BlackTalesSecrets,UCQ1z8nwOO0_Rz9OyfMTGKaw
@BlackTalesStories,UCHvtiRYxzTqjFBz53CppJsg
@BlackThreadYT,UC0jK9uTVSfnu6WHj5tP5SDQ
@BlackVoicesUncut,UCPsLiAN4zFyP4wmta1ztwXA
@Black_LegacyTv,UC4pxqFQbsGfO2AGUrxenJsQ
@BlazeWardHFY,UCbS5XW6VIExlzhMpzbg2hrA
@Blood-and-Ledgers,UCcZzCR4JyH04oe36vOIeVIA
@BookShortzSchool,UCydoEuxHaq4FbjONeuOsZwg
@BoringHistorian-d5y,UCxzPPYCZpcX8pOEAcjpZEfQ
@BoringHistorySecrets,UCtKLvGbzqAluwUW3Ez_zeQA
@BossNekoCooking,UCMdKUA9GgUM0RGsgSBCwFNQ
@BraveBeak1,UCBbfxjItfV6vfiYCy-HSucw
@BravePawStories911,UChw6uD8U29nRmwIAjKg23nA
@BrightMindFunTime,UCwxBQm8aaKXQNj7pnu-ZDSA
@BritainInBattle-u4n,UCsXJ7zlxF885uqhbaZpp9uA
@BritainRetold,UC0wJUOkjOcKqPtg-rTI5-xg
@BritfoodRewind,UC4S7Sz8UVfFJ6-ODQIjnBfQ
@BritishWarWeapons,UCit5eEPkv345SsZK8OsNMXQ
@BruceLeeEncounters,UCWX6wCtguuSLAz118nNG46A
@BruceLeeSupernova,UCwAUFg9lYaXrqTUtBTrrrPg
@BruceLeeTheHiddenLegacy,UCy02l54qG8jN7u2A2hX83Yg
@BuddhismWisdom7,UCnmTj24xqOxe7xgl-RkHNDw
@ByteKings,UCBEWZabTGqRHgectP7iNmOw
@CGTioMusic,UCZc3n6LW6VeW3Gw3sV1Luyg
@CHICKIE-c4c5q,UCRZDBPl0rVHgZcDEb3jUlzw
@CINETALES_AI,UCFrBr2ri7gi9oW6WQtKK3UA
@Cam-Ai-11,UCizaIUQmP-Do9__v9BHPybg
@CanadianWW2Tales,UCMfNqK3yz1q_yZTgUmur-eQ
@CanadianWarSecrets,UC_4pt1NrrpNvSI8ZSlz9xPw
@CanadianWarSecrets-v1i,UC-50G3bpjjsdpAXhAcd3JAw
@CanadiansAtWar,UCQDl5IREJC6zcNIZWeRj_rg
@Candygumstales,UCZ3KuCn1lBmoVdlAmTPbZvA
@CantStopHFY,UC5iMeAXbv2GLekfU5-h37Aw
@CarlosLehman-n9b,UC7ebjTzaFHaB-2ohi2ZdM5g
@CartoonElsaAdventures,UCCa9jgMdI3lJsQXCkCPEs4g
@CartoonFablesWorld0.1,UCLiK8k2Y6zlocTpg1IjIrFA
@CatCartoon-whisker,UCmnQfiwMaXcopIYwLOu3LqQ
@CatDossier,UC-CJmifF0XjOhCzPJ5QaksA
@CatKudos,UCt7xBQR2iF8jiQiSJ24_ePA
@CatRealmAI,UCEwG3ksd6rKYdMblqH76Iow
@CatastroBotAI,UC8v-jQwm8yFV9XiiJf1wWcw
@Catflix.taless,UCJrPPnAb9wcEXkJW2Qrmf_g
@CatimationAI,UCSf0IxaqQwFonY0kbQLizeg
@Catmeow-01-s8l,UCnfqiq6Dfoc5G0ZkSpSMA0Q
@Catmeow-t9f,UC1v3N_Isni50eT8pA05UEIA
@Catometrics,UC_KjecSxkkc7nE_YkHP5wDA
@Catsmotiom,UCNDAhenlaXFEn6X1oj9TCAw
@ChickofHonor-3i,UCEb1sQw9QJFBz47oUzObOHQ
@ChickofHonor-l,UCjq5YmqNMZuj97-dwaBQ86g
@ChickofHonor-w8v,UCFWt7GFvp5y7s-JKzsGuOow
@ChillCafeMusic,UCYVuC_glCfB-jgc0w1O3EDQ
@ChillCityPop,UCY4YovmJwl4_BivQ-LkzU2A
@ChronoFallOfficial,UCoLtvH_ubqcxmvad3bk0RzA
@CitizenAnalytics,UCUG1QdrgRuZ_KHaxjdHGbuA
@ColdWarInsightss,UCWZ_hUvoSosmLlesqbvOZkA
@Cole-Xi,UCJiiZvn5PXNpo2BVERYLzaw
@ConfessedOutLoud,UCglZzePqa1aFHJI9N3QFtAw
@ConflictSignals,UCG_slBZ6NeIcGNQrRuXAJrg
@Core_Sight,UCEGZ_eUt6HeseHScQEcqTxw
@CrownyDagger,UCmnc3XgLwv00I7L_krFMywA
@CuteAIcreations-n7f,UC4XHcK3GgIT02HDyVBUdQ0w
@CuteCat.50,UC1PY2NcFFV8aQqKl9WjtOnA
@CuteCatAI-f,UCuTuHhp9hyisuT6E8shl76A
@DOCSTORIES-p9m,UCQPt5Ku8Pvtn9_awevLRf6Q
@Daddystories68,UCDvh_rv0iq96qN7bnxRjmtg
@DailyRedditTales-t8r,UCXgktflS0l5eE5cBCCJ7ADw
@DailySpark-b9u,UCU-6ArRew8vvdh2FEQR_iNA
@Darknessfromai,UCf2i39nZaggH8AinCfzFtjg
@DasVolkDenkt,UCglkFDgMtrsvOkdXAiPQ-og
@DearOldBlighty,UC16mlRbA6vVaUzDkckHtkGw
@DeathworldLegends,UCwbPctCOf51zeOFBUTw846w
@DeepDiveDreams,UC2ODmoNxNw1hHpy7gwnhF7A
@DeepDreamAsmr,UCr18HaSxiWm00mC4tPQwk8A
@DefiantHeroes,UCDsTDZwi1MgT6daORUDn2og
@DerLegionarEng,UC-rhmn9JLIKAUb9XX0rjA7g
@Diapernaut,UCVKED5iJvvuSyYdhMlzCrxQ
@DimpleRevengeDiaries,UCrkZ1xGVJUwEnTreu8FbHWw
@Diojiapp,UCA2fkKw-vLovTJUuFIaz3yA
@DisneyElsaSnowyQueen,UC5ffCQTv2LsM3c0Ug3qOEhg
@DistantAI,UCbizUBjue3oqfg7jigJjEmg
@DjMakinetor,UCFlBju67X3-M3StMC0GL7Aw
@DoctorSaulWhitman,UCY4dcLMhEiXZFJHHq3hqGoA
@DosisdeReddit-e7o,UCxnUjhIpVJC2bHKnc9PcpDw
@DrLauraMWhitfieldMD,UCDRflfRiEleHg-ii0qlfjsg
@DreadMemoir,UC0k12silMnnLkatNHS69T8Q
@Dream.LoopASMR,UCyAoDk59oDwQbP80YCl_fYw
@DreamASMR-AI,UCwVia72FmHK1qrn3mB1xsmQ
@DreamASMR-g1c,UChI53UcPApGZy1XeC1L9MEg
@DreamASMR77,UCBrp7YdiF946CzpurOb21Ig
@DreamASMRAI,UCXNp093v7j2yMu5Z0u9V6JQ
@DreamCraftAI-j4i,UCqdrdPEPmcJldZMz97otMbg
@DreamPawsAsmr,UCQKfNe4NGTl_Abmku69dujA
@DreamRideAi1,UCHplCPJv7OBdnghi8_dfbng
@DreamSliceasmr123,UCS2z4SLObmZ0aLQrMoo-LVQ
@Dreamer_565,UCQekRrCmOjeTpFFbHHb5rzQ
@DreamscapeAI4K,UC6488FpTHLGMc5udEMEw0eQ
@EAGLEFANCLUB3,UCTVUGeoIui79TBiKKh-AH5Q
@ESHANAI777,UCGdqcotb69mFuus1nvxOX0g
@EchoTales-i6n,UCQZm0kVhHkM3v2CqIAMtydg
@EchoesJustice,UCNN91Iz1WqxZD2nzH0Nt2qA
@EchoesofWar-r8j,UCAh3lmIdF1ahULLbM7wJGig
@EconomicShift,UCvz2pHpsRwxURyWavI0nvHQ
@ElsasEnchantedAdventures2,UCXS2T0jx_DBhmczTo_NYoVA
@EpicOldWestStories,UCdIit8D4nD3ta3pzR-op5yw
@Epochalypse1978,UCy08sBfyiAF9NyK4xrTmRlg
@EuropaWillRise,UCjGN4A_eBt1TW5z7rTaRQVw
@ExplainingEverythingChannel,UCUjfJ5M8sSvcyxHmWnox8_g
@ExtremeSurvivalStories,UCq_e7utqXqmxS2nmeLNWoew
@FFantastic_AI,UC-pyukatc1FTDr_VZl-xYBA
@FOBStories,UCdbDeZ3owB8ppu5LQAhz1eg
@FairyFrame-r24,UCFeHrqbA6OFOWkQTIx_HprQ
@Fairytalesho,UCVE4W8esNN7MxNpQ3SJ0sLw
@FalconFury07,UC_A-55MAgla9iThmcmCQcmQ
@FantaVerse-v5y,UC5VrtanJmKPaUr44gKDc_Dw
@FantasticAIShorts,UCEGEit0zB16eqfX3DgAo2Tw
@FantasticJoy-f8x,UCtoqPe283YqRJvHZOE13YSQ
@Fantastickitten,UCsgxTDEsCR4w3tney2mJlkg
@FantasyLabAI,UC8sfY-65FETw1-7PWEFD08g
@FarmMachine-FM,UChdNvoJPFz9qNwW_vC7Y3Gw
@FeynmanExplained,UCCBgjijBbDccF8y7n23X2_w
@FilmRecapExplained,UCvIYYMLIgYDjASZD3CKfdzw
@FinancialExposures,UCe5NApQhZXq5voZLW65HN-w
@FireOf_Revenge,UCfR_YIKP1ozdMmSUtW-Qi1w
@FluffyBox715,UCfipgX6u-romRYiIJLZcutA
@FluffyHardWorker,UC7bj6VwbzaZNWSrm6uo72cA
@Fluffytime-x4t,UCQC2cRXZ_0iIpzgH5nANgaA
@FootballExplainerYT,UCmLhtpgqfxy5x332gktZ-IQ
@ForbiddenCuts,UCpvhbIEplpyU_UPX7XRnXZQ
@ForgottenBattleNotes,UCkf2MVV-zbd8ghSaOkvYHbg
@Freiheitspricht,UCUG_JPrKYvi0lNP-xa8-29g
@FrejordTales,UCQNEYoXJ_PNNye3RoyoQdFg
@FrogAteMyWifii,UCFAvbJLex-5SUhfiApkUZIw
@FrogTalesAIFairyStories,UC-Z9aOizOwgb9MNhw_MelZw
@FullOfFunWorld,UCL9g1rJtP-aCYv4gU8fw1Mg
@FunAI1-y3j5b,UC-cui7zGzs147NJ4BuHmD9w
@FunFlicker7,UCxsoS4CSAhfktT3-vlqZPKQ
@FunKidsMusiczh1,UCAVbucwqxGKGkKgXKD9W6Ww
@FunnyMeow-q1j,UCn9rm9ST0_PeQRf_gqtjm1g
@Funnymeow-HDI,UCeoJ4SYG86bq0GlHdPxT_Iw
@Funnymeow-m7k,UCwtRJ7GHf46atL9O85GZsAw
@Funnymeow1-e3w,UCmLaMKBZzgaR8UDNdNw32ew
@Funnymeow7.m,UCEyUKw_9gKi2ASrZ46fv5MQ
@Funnymeow8,UC_trszkHmC-HsqLebyyMVBw
@Funnyyymeow,UC-tWHOihZUkWOn9l8KiunbA
@FuriousGarageYT,UCp86XlccGLdaBFHYi9ZLt_g
@Furrr_Ai,UCEhXenUrkzRYfdcJ-q7zPsQ
@GaborSzilvasi,UCcrvthBgZF-pVrkTkyrufuw
@GalacticDominators-k91,UC4D5yzx7MBSz35pG4vdBtgg
@GalacticPrincessHFY,UCpnOUebPsbQwQkFPOvEKimA
@GalacticSciVerse786,UCbK7L09c5ljhJcPIl70181Q
@GalacticZenHFY,UC4iOj0BLhqE0rzL3-s0hlwg
@GalaticHFYDark,UChRXulnao3XpxTVkTz3oI8A
@GameVerseHub12,UCrpiQAKaS88MzwxIjnwRu8g
@GeekRift,UCLyGQSD2zE9z-RJDli0V2lQ
@Geopopeverydayscience,UCQgQZdC52kP5V1XI3o5ux4g
@GhostExpress1,UCN9DOnMIgs5Bdi-P2Lu7AQQ
@GiggleVibes22,UCX_O3p-41giHzkBWwDgOgww
@GlobalStoryX,UCouWy2IEurOyFlUjS1JWBkA
@God-Videos-AI,UC11q5qDzxeRcFtQZzwL7TgA
@GoldenAffairsStory,UCwTq9gGxI5_N0lGG4qGpbUQ
@Goldenkitten8,UC-mLyjZmuX92w7p9ZZANk4Q
@GormtheOld25,UCjWbtP6u6ttAv7YeAUXuMUA
@GptShowAi,UCho3lIvMkGp96FrkB_6krFg
@Greenchickss,UCAQL_jluYALfWUFoXtKzQdw
@GrezelArevalo,UCJQ8Aeh4tf_ExX0mKF-DV2g
@HEROISINSANOS-m9s,UC-VJfdJxMqbTcB9yVDEwfcQ
@HFYAhxaris,UCoRJ2NCUztX6H3Dl9CBS1fg
@HFYCodeX0,UC9GLIUhVAjhgBwIY_I5atpg
@HFYDEATHWORLDSTORIES,UCIYx8W1E_XmGoG0-FzEYRkg
@HFYDeathworldsTales,UC6gGqJpJpcgx32Ol6zDsZIA
@HFYEpitome,UCEKqQOum2cD4zWehZT7PlEQ
@HFYGALACTICTAL,UCWs69IIgClhDGVkCOshYzWA
@HFYGalacticHumor,UC85ahTq5SnL20HYc9nTQcnw
@HFYGlobalTales,UCsi9hQ7I-5xl_E-c2genbuA
@HFYHunterExtra,UCBj46JzPU0zEcUH9Y0GVhJQ
@HFYParagonExtra-t7z,UCzk2iXJLgY0I_jzQZRuBp2A
@HFYPrimitiveEarth,UCvSLSn1eM5qfRorctgK8TCA
@HFYQuantumpro,UC5iC8aFDpPQ-JHuwUT2roWw
@HFYSci-fiStories-r8o,UCY7HHVxZCCDPtmuetaHZQGg
@HFYVector-h3v,UCdIxMHBw9e95-jOb2GFzUKg
@HFYVeltharaSci-Fi,UCfyz3BSUFMAI7NvZ2gRF6dA
@HOAKarenYT,UCIuFL9ozmrO6FS82OIfVv0Q
@HOAStories68,UCQCmksN28EJ21h1tmTdMm2Q
@HQStories-r2w,UC7FJ87w2JKCMEMUPjW9wtmQ
@HRCuteCat,UCKYJ292Z_SP_S990k8_XCSg
@HaHaFactory-f4r6l,UC-hVU9yfFwHW7s9LI4bqzkQ
@HappyFeetMelodies,UCe5f16Cub079WzXdLL4D40Q
@Hayatworld-n8g,UCM79XWNO1BdsSQ2fY4K74xg
@HealMyDog,UC95VaC9xoZhSHrk0b80xusA
@HeartOfBikers1,UCOQjJXKciVlxgGBzwi3SzMA
@HeartlandCowboyTales,UCwiPDWymgUqjZwl4nFwFzew
@HeavenlyPets2025,UCpp5newiQyt4bajknB0aT9w
@HerHiddenHeart,UCQpcf9lgEavIVsYqP7_EGxQ
@HerUntoldStory-sad,UCRTlVHc27eEK5XJqB6jLdfw
@HiddenCanvasTales,UCt8kKvjKnHQK81_K0Dls9iQ
@HiddenChefsClub,UC0uXtATYQq2U3h0NnCuaTaQ
@HiddenFrontHistoryy,UCGzrf9SQv6fzbNlUpNlKqVA
@HiddenLegends-s8f,UCPL-FAXgCiFlvU5JHGk_bSQ
@HiddenRevengeFamily,UCAMgmIr1Ti7uEpblE0DZlTA
@HistoricalPhotos-o5r,UC2SnKz75BfoolIwcJ11JDAA
@HistoryUncovered-q2k,UCAFRau9Qq3EKZvt_PT3hMuA
@Historyvisit,UCXH77GkxVRzZBNL3TySrIHg
@HorrorStoryAI-n6z9d,UCDj_72No3WCIhTmYk7z_VDQ
@Htechbyhassan,UCwBZXNMq-6bkIUzfpGoQBXw
@HunBun-p5r,UCdP6S4DHJpDh3bARYQ_qCnQ
@HuskyOps,UCUWHyzevuaWupx5UeFn210w
@HypIm2.0,UCqpYZ89NuPa0fzKFoj9bwxw
@HyperAi01,UCKN5qxC5YEPTY9A0Pv8RyxA
@IAcunning,UCs5IsqmF0JvxhTiu32xQZbg
@IAmReddits,UCwzu1fkRtMIWWIML5_5JoGw
@ILivedToTell-qx,UCFvOvozUhroR0ihY76c88-A
@ImagineVerseAI,UCCLyeSlSkAVz22SLh6b3AkQ
@ImaginethePhysics,UCQmp1YRdjbLNBJfSQX7sYsw
@Imheretohelpyou224,UC1jYOomx7yjGx-TFqgIYybg
@ImpossibleASMRDreamsss,UC3syGni4kP9zGVxswttoSqw
@ImpossibleTales96,UC0E7glQa93NN21DC8Z_GXlg
@InfluenceCircuitTV,UCogt5s8KT8CVHADVTVNyBSA
@IronHorseNarratives,UCpkl1uO7e6JCMQrZED-iJ9g
@IronRoadMusic,UC3NdZGn6WwvBWQLsz7KEIEw
@JackStoryWorld2,UCRJYCBNni4GrggtwafzQj-A
@JadesStories-b7k,UCHfSibEv83DISWmRSJJxOmQ
@JellyJam-q4o,UCn7C6ijXTzxaCiVSodRpE4g
@JoJoMoonKidz,UCRu4jRnMLkANNh0fIiNdrMw
@JohnWayneForgottenLegends,UC3FmM1juP0xjkMGizwmL_7w
@JoshGeoLive,UCFYarPVsyrfC2dnJFhtwjJA
@JoyfulJourney786,UCzoEKgqVZDATzBvrFhXa5Ng
@JusticeMyWay,UCNHTNweQRY65i_huwhaO3tg
@JusticeOnBodycam,UCHDrb4LbE2XDcBTYgPri21w
@JusticeStands-u7b,UCUngX0d3efj1em2cD6akD6g
@K4CHANs,UCn42-S1ojtldi417uJWdbMw
@K5CatMeow,UCc74Ozpgu9jUd1FHpMp7VsQ
@KahaniAI-f7f,UCE0QzVluW60xus2od7hC8GQ
@KarmaTelltales,UCCFttsS64cNEX2f3XBTbOBQ
@Katyushatulip,UCtWqBox28va_bo2GrqSK8AQ
@KavishkaStudios,UCLr1g13qLNvwsQUEiQo3S2w
@KhanOfficialTK,UC4IavTIill5ntpLWCp5T0iA
@KingdomChroniclesUS,UCqeepnoKssZUnQ6ZCsXQiXQ
@Kingofaivlogs,UC1efKn0v43vMEAdIEI0XzpQ
@KittenCuteness8713,UC0igyAEQKolwyUwks50Yrsw
@Kittykomedychronicleshow,UC62ioeOXXbuS_bHQ3DQ7d_Q
@LaborLegacies,UCwDaPMi_rYvs118OmNkccvg
@LarissaHFY,UCpUQZf0uI8XCosJnM0wpEiw
@LaserRustHFY,UCFJ7D5utfnNYH7IEAYdq59g
@Laugh2cry,UCuKCXDQRnQrWFOini-24Yrg
@LaughingPawsHD,UC_Z-A84u3goLgZ3F7J1mBmA
@LifeWorthLivings,UCjGdOsazaxARHxFhVaiBJDw
@LilyVideoAi,UCCtMc5j48LzLOQH3DIZMlxg
@Literaturein60seconds,UCPQ99BTv8-lxef2YVoO4r9Q
@LittleMan-x5x,UC48V8wcQywW55ilsrr4b9Kg
@LodiBotPH,UCirmnX3lvXmhQTvAaJMvM1Q
@LoreinSeconds,UCdK4kYxxc41wOroNm4AJF-g
@LoventoFilms,UCI3-YbYcx-rfnQjwU9P9fwg
@LoyaltyOfAngels,UCrZl0UIjZNBEy_k0ECHzobw
@LuvsStories,UCycmwhS5HvsWWF-i7Ii9xtA
@LyraVesperi,UCyKMXQn_Wd43N8mU9Nb7-5w
@MEOWMYMY-n9d,UCSkutx33VAav76oDfpP6V_g
@MR.ADWANAI,UC1weD5rkPF20_M_DzORzpuw
@MacroCurrencySignal,UCsveQfVifpSEdnHwb3XHEfw
@Magiclight-Ai,UCJhkCFmxN_PORk2cIIdK6Og
@Maketopia-l7p,UCjx9GoQg73JaOPzwY3ZHwzQ
@MalikZeshanAi,UCEga1fYd8k6Vg9AJPZpyBjw
@MamaCatDailyy,UCU7TW8kF6lnuxKZQHrkJReA
@MamaCatStoryTNMedia,UCD83OXKPizLA9hRZDWsNMgw
@ManForgeHFY,UCH9lhO5JF7uTR1VuDVOqx7g
@ManaAIStories18,UCOdNvQXAQ-kA-X4XzMwTO4A
@Manoranjan_Tales,UCouFMRkK7JMv86iHNG1BJ9A
@MarurinnoMainichi,UCbITJDVt-OX4LsxMKbvmD6g
@MastersOfProphecy,UCHdH2ijb9dtQRRH08u1jd7A
@MatureElegance50,UCa0oVGz5EA8Ufwz6SRJI46w
@MeaningfulLifeStoriesTV,UCeysYiEbYWzbhZ5b-HGs8uA
@MedicalHeroesStories-1,UCykuFenYLuwSMpSgEeF6SMA
@MedievalExplorations-h1t,UCzlU4IMmqPbvDY6GXK_YDYQ
@MedievalIngenuity,UC6jL9MmbtUCO5jhTS9lZ_4A
@MelodyOfMemories7080,UC8vX2aZRz7FGA_KbL54fgDw
@Meo_i7,UCit2e92Zo1IIq0jsyl-JjFQ
@Meow-Guardian,UCV9WL8tc0nqHPX1Mkwp4Z3g
@Meow.Motion-00,UCfxmpHCjjr0Nrc43yiwT5DQ
@Meow09i8i,UCSJDXG1Sv68NW93qni2D-Lg
@MeowLaand,UClDo0Y3rowKANoQgZ06Rpvg
@MeowLifeTNMedia,UCqsAaUIpbBuUH6xpagHZNvA
@MeowMemoirs97,UCnY0kszMeI2FpS0IhGPIYAg
@MeowMotion-610,UCxCARssJrPXJHVNDSRgZGTg
@MeowMotion-k4t,UC8nZXAz-ZjJ4wEG-VMu_y_A
@MeowMotion-nt9wu,UCS-mt6iPS5SCJSxXX-_RCig
@MeowMotion-t4x,UC1y8n7p8wXHCN1iFiRzWuGA
@MeowMotion531,UCGGc1t6EEcgNa1qn9WYKryw
@MeowMotionAi25,UCXh4KvyGuM3nuHGgjnT1odA
@MeowMotionStories,UCdiBwMHpdAb_padUckenfWA
@Meow_Ai_Story,UCEU4Emf7dFcCXaTkPsoMZvQ
@Meow_Funny,UCzj4FIisedxxT6GWw7XR09Q
@MeowsicChannel,UCA7uuwvz0GuYjE9YR_lvVnQ
@MeowverseAI-g9s,UCw8sf1rxgMG_N057sIQoJIA
@MessyLabAIASMR,UCFVSXgCRijJU5vGwaDq4VRg
@Mews_Flash,UCl-Rt7A--j84szCFCwxDYfA
@MindFactsOfficialGLB,UCDYFi8dB084RkCKGns97mcg
@MindfulAICreations,UC5zxikBVkj-PZMTqmqa0pbQ
@MiniVerseAI1,UC-0xXU11UG48zyjtAzw--xg
@Minipawsai,UChxB_zJL-fLmU1ahWMHkv2w
@MoewMotion-f9,UClY9TwMm17myz96-AZ5Hkqg
@Monkey_journeys,UCUudcpNgniLyUwvRqRk1_Ew
@MoonTalesAIvideos,UCl_hSMYsczvr-T0roMEPZQw
@MotorForge-h2i,UCjWiFfE3-d1LYEboQozk7ig
@MovieZom7,UCFUDOc6FUz0XcRWj1GxRCdA
@Mpminds_,UCal_2JvDuhNySJ64Wz1TACg
@Mr.Twist.2077,UCkOQCslS8BC_zP3Cu5FQKvQ
@MrAi51214,UCNlkbjOAEkelg30FbZ4pUjA
@MrBakhronov,UCw4WBX2JyvlhjaoI73-NPDw
@MrBookandMeStories,UCoYIEq7_E9Ya75Fis0dScPQ
@MrWilliamStories,UCJYwBl2bYnzlOuTC7WEhTnQ
@MuhammadEhtisham-t2d,UCc43uBuaos6ZYzAohfLiC-w
@MusicCatTv,UCTNqh14T0TPyzhvqMVVrcqw
@MusicOfOurTime,UCU2JcOFRl6AEIjDTlBfyoug
@MuteMatr1x,UCEbP27rtLk-C5UjGaYeqoXA
@NCrimby,UCT1ElwRTqX_GQU-fukdq0oA
@NOCTIVISS,UCcjZbkLOD3kDqQdncPGcBFQ
@NPCFinance100,UCPc6dOIh2cfKsXw3MfRWM7A
@NatureTrip3,UCEuWlk8r7gcFfCHDE0AivLQ
@NavyFirestorm,UCGRas1ih2fVtrX6GPap50KA
@NeoModelAI-v2v,UCekwRjUn4rO3F8xLS8Zu9Rg
@Neoflux-u3p,UC9MKQrtqdreXk-IB3dFjfSw
@NeuroFilmsLab,UC5n9sFEq0VOn_XYOUSLua4w
@NextEraTech01,UCeekDCpKCMDkADIwAOEsXoA
@NextGenAI-k7b,UCObzOc614A1JU8JB0cZGasw
@Nextvibe-altf4,UC8WmiO1tSdt0cmbo1MLrHXA
@Nico_and_Luna,UCGnAOrM3bGlKsjrJ_kNkAJg
@NoShade-yb,UCmI7CoHg9atfY5t1r1o3jtQ
@Numb-Zhang,UCrk37uJAH5JOVj93x-lmn8A
@ONLYREALMESS,UCPV_n5yes5W57SuEaSZ3lrA
@ObsidianVengeance-x2n,UCc4evWbh34a5RDVZsd39Wdw
@OddWhys,UCtT7zVqZ6xvOeexZ6Zl3RUA
@OfficerPenguin,UCgzjireDhqKLYjcKw7JitIQ
@OldSchoolCanada,UCgH5wY8apgbLFvy5wxigG5Q
@OrangecatYT-1H,UCJJKmW0A8U5EpqWP_onbOYA
@PAPStories1,UCXsJYtVQL9XaKRq05sRDPoA
@PARALLELGALAXY-TV,UCag6zGrF6jI-QMPm_ABm6Yg
@POLLOAI-VIDCREATOR,UCs_Nu9QcXDC4dYilb6WE1qw
@PadaTales,UCE4Iy6mCjgm1PFzBRAmm8Xw
@PandaAIDuniya,UCUC7NGYw-25U5p7FBhFJW4A
@PapaAIStory,UCB_PgCb3Qm6j-y_DHmX0rUQ
@Pastwithmax,UCJgTBuO9fbNvgL_IS8pqtqg
@Patricks_AI,UCOiYLMeYfCDg5bZ-JT8hGSw
@Paws-AI,UC4dYQMCom8JhmDebID8GHng
@PawsPrejudice-fora,UC23Gmfzn4-lnjoUBr4jFOEg
@Paws_OfJustice,UCzvkgfbw_h1EYFzU_RgFhkw
@PebblesTV520,UCgYN2zhWiqUZTeL5Bog6zEQ
@PenguinOrbit,UCVLUCouYzwi0DbLW1MI3b9Q
@PenguinTales-h4v,UClB6rHRSpR7lAZQOjdbYUtQ
@PetPortal1,UCI4a041CDRVwIF9_4E5Trlw
@PetsAi-h1v,UC4-V69illzCbCSDQDGQncHw
@PhilosophicalCafe,UC_5qaBDllWVhLcHSBWZoqew
@Plotpulse01,UCvWyksdTj1-wWMpkSBjQ1Vw
@PopLabAI,UCCV6OlhEb9sjxryQD_OxDyg
@PoutyFrenchie,UC775l4ifggdTkvyPhfm8hLQ
@PowerAbuseStories,UCRx3XHU0Ak5CTjXVaSXcV8w
@PredTalks095,UCfhGdZWtiBiurnZT6TY66_g
@PrimeStory_Lab,UConZjacCeRxb1bbtdHS-ESA
@ProcessFoundry1,UCgYMHx08pO9SB_PcInba5Ug
@Prof-X-1,UCGS3meWQE72dEt_ZJatkHPA
@PunkPenguin-l9u,UC4ggOA1A7PeNqYOqPtS4bqw
@PurrfectAIVids,UCHR7VFCVFAsDeSrU5e_K2eQ
@PurrfectFacts-USA,UC10ZrtXRUv9zmgrlzw19Uww
@Quantomphiled,UCdYk7wnqw-PZrvwjAxahtww
@QuickLitExplained,UCKHmFVphSFpEIXdiTQEjoqg
@QuietGuard,UCuVAK4BuTSHIJnO0a9fpcJQ
@ROISAI21,UCVfrGT9r6ZSMNlnFPNqd8Sg
@RadioReimagined,UCjKPPDKpTr5mtfoS9DaVTiQ
@RankOnTopEN,UCpIUKbFarxW3wNfRoMVjd5A
@Rapoh1,UCy3HoAPkpkOg7yusOjqSz-A
@RarecoinHQ,UC-FjzYGUrBGk6hbNzF8ZbsQ
@RealBlackVoices-w6i,UCwViGtapPQCdK_qbzW-q-Jg
@RealUndercoverStories,UCAGGHywyHfEeMMqnYUEbANw
@ReallyNotAi,UCC-Zhd1UVyJUmjpaunmHvBQ
@RedTrailz,UCmEBjcZ7Yw6ayn1AOhgAlVg
@ReddXYZ,UC2upj7FUywxWQpnR4yZBK5w
@RedditEchoes01,UCed3CGd8Zsp3bIlnrt-7U7Q
@RedditKarmaStories-c9m,UCBHdON0ib-363CuMXtAdmlQ
@RedditMorty,UC2eVqbOCj8UmU6QBNP0s1Eg
@RedditStoryTimeHQ,UCbPcKBBPSr2EOupjQgtbLGQ
@RedditTales-s4h,UCq3H3RIcy036liYSD476b5A
@RedditUpdatesStorytime,UCTMGQrKVsmhwYpAlf1pK0iw
@RedditWhispers001,UCK6i-IQftAvgupBb2XYjtvA
@Redditscreem,UCigaquE_v4LDSeXaEoCAY3w
@Redditsphere002,UCyjbI_mb0DNDuygNLzL1Wag
@RelaxxMeowMeow,UCaIuA6af7M6aMmZ2hPjc2Vg
@RemiAI7,UCq_npHutd2LIFapoi5jkztg
@RetributionDiariesMain,UCR09HhnevvCWCqZTDeAL56Q
@Revenge-p3l,UCpnx7O83egatKWxkQy5jIFQ
@RevengeOTCP,UCZiBcRFX8HOrhLmoCCjtZhQ
@RevengeRealm,UCDays108rp8NWTq8AWyjpPg
@RevengeReturn-s3n,UCdMRX6COop9zWBxOdge0nmQ
@RevengeSignal-w9c,UC45-Fk1xBrehcmK3wDY5QDA
@RevengeStart9,UCb_c6lr0Y2YrjEKIl6mZe1g
@RevengeTruth-m2z,UCAnckw1-rr6W7YJW0Xmq-xQ
@RevengeWithKaren,UCHpC_SwsmIC7paKc4I576Rw
@Revengemidnight,UCEWZMayT0kispZLJnYfPjGQ
@RevengewithClaireUs,UCDxeAcf1isDkpgTJ46pPZcA
@RileyREDDIT,UCw1Sxw-z7hyjpA7DMwKuiGA
@RoadMotorcycleDiaries,UCoCnqjNAVYBYEm42h-NNmww
@RockMemoriesVintage,UCtVUGUso595WMsFDmt0n84g
@RosendoProhaska,UC7H8EWfr3GwqZa5cvqpgsJQ
@RumasAnimationVedio1,UCrYBgvJcw1jYK7S9vPQVeFg
@SAGEstories3,UCLsYT9vbZoe7MGqUDr_HOBg
@SBStyleViral_1M,UCUZ1Q4uiUrbpsJy1R6_eTeA
@SEALShepherds-l5t,UCO7jfDl6XdnzErrxMN8ufbg
@SachsGlobalAnalysis,UCjkyAwauWwvpdZi5wVPjf-g
@SamCassim-f9w,UCgHDnxXPjSuoMeWUPtx4ngg
@SarahBoxStories,UCnLwjgBxl653m6TFS2jP3dw
@SargesStories,UCbuuhSxB0YRHgV6gYriXx-w
@SatisVid,UCtaQTyyQJeCWu3GmrkcXRtQ
@Satisfai_aiasmr,UCS33wIoDKjSdLp71s43mLiQ
@Schmre,UCDyEc3Lr8Tkm7KuxUqn4yKA
@Sci-FiStory-k9z,UCL-yszU0OhoMll9CK6k4-Hw
@SeagalStories,UCIUeJKVudQ9WqPrebRtw2cw
@SecretInspirationalLetters,UC8I1sf86oaeKTAJjnAlySSw
@SecretsofWWII,UCfSy0280pGU0DjKymMyVi_w
@SecretsofWWII-8,UCkH1nONHuu5y09bl1HgboOw
@SereneDramaStories-u4o,UCbemlxOW_97fcyb1uB_iSpQ
@SereneVideoAI,UCvijdyFm0MaUpuayV-OIfyg
@SharpOddity,UCcY9qTVDJsVP56uHTfvXGdw
@SheChoseValor,UC89KOf5cb-HdJGIBh4LX1bw
@SherooRevenge,UCDKFQiZQHlDBAn9IESdrftw
@ShortStory-y6e,UCVBkIIRQ8_2PR1O4lBGMF0g
@SilentLedger1,UCNwlAgcTtpPiPbY582Z_yGw
@SilentRiseforJustice,UCngK00oqhFNxdOI45K40zWg
@SilentStories-c4y,UCXGDHIPhPSeg6e04Lz-qjKw
@Silentnotionss,UCjyF56OrX5KYmGQ4NLJJrNw
@SimpleThingsHistories,UCHbQhoiP-819_MmVTohgcQQ
@Since1939s,UCQwJ2lONAHXAzOsNZ2mPx2g
@Since1945s,UCfOJMipUkBqFbFH5z3Pa-nw
@SingleDad-m9w,UCLDJgZ9sZ1crpx-MYzoc6Vw
@SiroOfCat,UC0_z-WZ1ipNLMrdoSdyoF0g
@SketchMob,UCUdXbPNcImcSskDkPpvk1-w
@SkiesOfInjustice-m8i,UCF60Z5JNHiAIJd_GUaOOh2g
@SleepOnSpace,UCXkj-zGymamfCB0ThaYKrbQ
@SleeplessHistorian,UCy3Hgwj12x3fDQUcutNm2DA
@SleepyHistory-n9k,UCJ7AgfvmqrAH62-GdGoHNJg
@SleepyPhysicist,UCxNvQ6PALSD9Y2nbTN55nDw
@SlopFarm2,UCmQZ_CdkqcZ2k9WijLjsyQw
@Smallkid-s4y,UCgf0AOVk6Nw6W20jQoUSzWA
@SmartInvestmentBreakdown,UCsNGYAsI99VtOGsiF21VwBA
@SoftPixelAI,UCFurRhnKsLjIi7ujauz3i1A
@Soryxo,UCuPoqNk_rn8p_v6MMUrdF5w
@Soulstory252,UCA92_yi2zvzkXNd8mxgHvqw
@StadiumD360,UClVRnGP3Rr7J6X2Sgade5rw
@StarboundHFY,UCNTwYiVJ6YZoXjV6Wh3Iykw
@StarsOfTerra,UC_X0zIpQSD7oEEBrotCDZ2w
@Starway-v5z,UCfD6eJxfye8WVUrymz7djRQ
@StoriesDreams-o3y,UC-i29DZ2yA6R7uaZUg_ydtA
@StoriesWithinUs666,UCrmNFws6YFC_9jvwDJ_rzZg
@StoryArcPaws,UCvWyqYT9h1AeOLgQgkTjrKw
@StoryFactAnimation,UCTr8nK3y22yu5-JJrgRDD_A
@StoryUnfolds-s,UCdw-KarQPUyN6Tva9CV_5uQ
@Storyhubai1.0,UCN-pZ94NaLeZGWkOO4R24UQ
@StreetCameraStories,UCEWPc5y-5YhdzQjI24ghtTA
@SubredditDiaries2222,UCM0x1b2VKmDvJnVroLc3HFg
@SuperCatLeague,UCtwTqKghLaTnWlF9YIKRUzQ
@SuperGoodCat,UCx8dkcf-JAD_xOmRio1AXyA
@Supercarunboxing,UCal5PuLu7rKnynqgeWpO99g
@SurvivalHistory11,UCusqHiO8yVcX_8t0GPhxLAA
@SwatPower,UCZa_lFGPot7fJI5L53FYY-g
@SweetPebble,UClL_sUKM9RtuY-UipzyRKfA
@SwordsExplained,UCl4eLtVC2rjfMAHXsobrk_Q
@SynapticFairy,UCTFY7BhdLvjvDsIxJRS-FQA
@TNA3FACTOSTORY,UCh7Q9oOk4LfbYBDBMItggNQ
@TOON1UNIVERSE,UCJlzMOsKZORPxFnsTcTy8Vg
@TT.Soul.Stories.86,UCS1IQZuE0C3obQUECvWUS8g
@TacticalPursuits-h7e,UCf3I91PVLfjUSaDIVRNs3Qg
@TailRippleMedia,UC8QJEsghJxMK5yTL83qMclg
@TalesofRedditLove,UCQqskkiflnCvnkWmdLdIBWg
@TalesofValor-Podcast,UCHSQ8z0h_Ho8_tKk5gwDlTQ
@TalesoftheHive222,UCBo5zEbkj1-BYfj8leDnY4w
@TechSolutionz,UCfH9NKEyR22XyeTOwfZuKKg
@TendieTales,UCKGBRtUMf1IqI7pxJZz_ENA
@Tendyap,UCxw_ND2PtAI4AQN3OGCX2-g
@TerraFistHFY,UC7AyU7dTR_TKKv7FWyyLH4w
@TheAmbienceGirl,UCmcxye-ErKj9oDgpeaRvEOA
@TheBlackVoices,UCPFwwyCEEj1X1iUY6bimK4Q
@TheConcealedBonds,UCna-XvauzIQPo7jndvKz06g
@TheCosmicVanguard,UCzQaxlzemIwC1Rv011MIndg
@TheEngineArchives,UCagAy_MPBvXvLcsxZmLgUNw
@TheEternalGuardWatch,UCRZ8SW_ZydSdLVZuQfMvhsQ
@TheExplainerComics,UClsmGd93-jZy7VrZ2kZl8rw
@TheExplaineryYT,UCdtYJVWY83oVTuifBLLiKFA
@TheFatCatReport,UCmCODoK1cVL5bReq_Ycci5A
@TheGlobalShiftt,UCUg67VqpIelC6IlX1mlWDxg
@TheHealthReset-u3i,UCMue-jNm0514KMPaoP4-oFg
@TheHistoryAnalyst,UC8ltqx9IiNrWaUeD8OohKYQ
@TheJusticeReport-z4e,UCy9OToogfjSpmDvLCtJDqXA
@TheMewment,UCOTWiEJDACqYOhSc4gn9ctA
@TheMoneyFilesChannel,UCPBEqHIU1d4OFj7rHDooD4g
@TheOldGuardWatch,UCf1HCkgNDyHNoYO7vHzaA9w
@ThePatelReport,UCftUwav0Av97LwlQ-m0G1sw
@ThePixelPawsAI,UCsShFtgsthvUg8YbEWE3P9Q
@ThePowerLedgers,UC3kXb7J0Ey7NkcrUiY9_ueQ
@TheRealTruthCanada,UCQMWoMdOUPJKHck9i9TPdtQ
@TheSStoryArchives,UCS-UO3qVnjqJoGY2uaY00mQ
@TheShipLine,UCfVeJxp2vZ7fxTYkdIJULbA
@TheSilentTruth-i7i,UCbDhRq6SaHYxUkkFhyJEA_A
@TheSleepyAstronomer101,UCz0q3XbNe48xJzrQrNgc2QA
@TheSleepyPhysicist1,UCbMZW7h8v_bGVIuxqtSGeZg
@TheSleepyScientist,UC5Kf6iWcqdx3W1kT65_-Tmg
@TheSlopTemple,UCwouKlhbBi7d1Td2q2CIwXA
@TheStoicEnglish,UCPj2ZZfcqaiMEQbl0zmlYcQ
@TheStoryKeeper4k,UCvebIvhWCErIDO1MQOWb2Gw
@TheTacticalPsychology,UC_CwREV-kbR5br6lKc55A8w
@TheTowerBrief,UCoIjpRMHcgsb112x3LHlq_Q
@TheWW2Legacy,UCZ_demPDwqCz9BbcXLfNAeg
@TheWokandAnok,UCI7nQM-jSLGQMW8iPUo7Fzw
@The_Miner-h5h,UCNUCq8N-KLpwYMI8t2AT4yg
@The_Unbroken_Trident,UCJv_5gn2BVBpriecppwx8wA
@Thecharlesrivera,UCEobHVUOEczeGCls_IzrY2w
@TheirLostDiaries,UCP2CLGyZ0ZpYpKsv3TtLhnw
@Theuniverseofstorieslong9802,UCGHfC5buzpaKWyb6Ql2GktA
@ThisWarDocumentary,UCeC41bCzPEm4IAwQxMmI9OA
@TimeFaker,UCsbqQRjzeGFNFQMjJTUxPtQ
@TimelessIcons70s,UCfkmzSSFB4TR3i5Cl7_onDg
@TimelessSurvival,UCzXkn2_XT5xzt31tW7A1D1Q
@TimelineofWar-e4,UCf_hdYT_ErMezig34Pkc16A
@Tiny-Chick-dz,UCN7Bt0_VkOWW54uSxgQKXjA
@TinyFriends-TV,UCl3_nICs0w7xfpPJcdv2tzw
@TinyKitchenStudio,UCvZajFMLQEkc9V2YM2eCRsw
@TmFactoWorld,UCZIS6PaplO-shTJZ0yv_x0Q
@Todd_AI_Animal,UCGL4I4NRwMSi97YsiBMQEgw
@ToddlerTunesPG,UCQS_ce75g_N6rjcxihF_vLA
@ToldUntold,UCuJuVT6aLWUDtcd-1ORIHiQ
@TombGuardFables,UCZgh1DGqqTuszHfRXiRXJ4A
@TombGuardTales,UCmEPQVhCgrGzEqZ9c-IhUtg
@ToonFlickAI.01,UCdOdGNgTpV2n2-VN3KyRV6A
@Toonverse-r6e-h6w,UCODMKnzZXX1xcQz0ipshlMw
@TradeX-194,UCHF_xepy1d66wt_XDyB4ItQ
@Transformationthroughai,UCybLOklWUVRO9ipA5QTwfmg
@TrendieFunnies,UCqGdNuwN4z7OxOIo5vlsuOA
@True-Terra,UCbQsIoCyCehQtQ0zRB71huw
@TrueEmotionsHub0,UCgPzSycifgcNXnEgNSvVNxQ
@TrueSingleDadStories,UCNHz4XqgsKn4KRCBBEhXC6Q
@TutorialsWithJames,UCZBba53QsMk9GDtRUEqTb5w
@USEliteWomen,UCDBK1x4AjguL0jW71FxVoig
@UltimateRevenge-p9u,UCAUG3jJV6JZoOk8fLo-DaGw
@Unbelievable.thought,UCqwjPcxX60fyWSKVW3On0og
@Unbelievabletruestories1,UCK1VlJid7ANJqEPDTM1RSoA
@UnbreakableandArmed,UCvUl4OGaUTfzbYnF_7gJugw
@UncoveredSecrets-k4f,UCq6bJihXxc25dED-aGHhSCQ
@UndercoverTales-m1v,UCtlrNdoE9zrsI2XqH0l5s_A
@Underworld-g1n,UCk-NV54x7283OQqdJtH1MgQ
@UniverseofStories-02,UCZf9pw1a2NKfvXGXrhbmsNQ
@UniverseofStories-k2h,UCahD2mG_-9MLf7i_L9WJZQg
@UniversumDeutsch,UCHu06TgsRvGplp2qIzuHCTw
@Unpeeled-b3w,UCiAQVo7nlV0S0B1cggalwcQ
@UntoldWW2story,UCWc8TqQlvWsGk1WgKbV4O2g
@UntoldWarArchives,UC6JMkTezp7k1EyA3BWL5YXw
@VF-TX,UCDXaqNEbnN3DFoxjXbNFSLQ
@VWTales,UCDiatw42jJsWKCznYLcAi_w
@ValhallaDrums,UC_5OycUbAgt90TLFoQaC-_Q
@ValorChronicles44,UChlPuJH1YAaKCt82NDazavw
@Vanished-z6b,UCv7jSb7YRlpJlcNgkENC-5g
@VerySparked,UCtM2oj5AMh0nQy-OtPgdN0w
@VeteransValor,UC9jS-RVJoDQIHlMDzbJjsbg
@VillageBoyAI,UCUTqrx6Bp4Y9Zq_m6PPuVWQ
@ViraNocturne,UCD87TIB28VtfN2jTT_qTlmQ
@Vivad-x1n,UCsTJ73xh37a3dJFeDFep9kg
@VivoGatoo,UCfzsEOjfc35HwZLaRcor2uQ
@VoiceBeyondColor,UCr4t5SqkwE43W0s7Gazwy_w
@VoicesUnchained_1,UChcfP_vjVgdX6Ccw4n1fXHQ
@WRCExplained,UCKVVSzuiX-MC6Kg1OEboGag
@WW2BuriedSecrets,UCPswBr8m81BNQrh_I8a_mYg
@WW2Canada_Explained,UC9frgzgOKRwa1iMx-FAoU7g
@WW2Explained.channel,UCMXLenT5ywg3ydl2dlesMbg
@WW2Informant,UCFu2Fl4WfudqPKA0golIfJg
@WW2Insight,UC95nn6rMClSv_qYTgY-aA3g
@WW2RealBattlesExplained,UCNR6bS7azaqAjF4jDlVXd3Q
@WW2Recode,UCA7gUCKKp6aV5n_eaig9_Yw
@WW2Stories40,UCCDxmhN3DopPsKRAhdd76cA
@WW2Tales,UCVDS-cjZZIWPjL5fdXSMywQ
@WW2Uncovered-v6z,UCGA9ZQpbuPoyQ_IbyUu4uww
@WW2Untold-t3e,UCmYyMkUC9k-vWHJnV6_dDkg
@WWII-Records,UCp3uSnYYkzZk4tRohiT_9Nw
@WWII-Unlocked,UCRi3StEK344rTsTHoOwn0lw
@WWIIPaths,UCuXARA9SKkO2jrMJXYso92w
@WWIIRegistry,UC7WAhjoLJ1phkFquOLnNSpw
@WadwalSaab-f1k1l,UCzehWMdl0SxNtMMXdzt12WQ
@WarSpearHFY,UCLV59uaTLqp1nYiARnlOElw
@WarlineHistoryEng,UCzrLlSdKQgiqRawTO7Prhaw
@WarshipsRemembered,UC7_G2v-XTGpwbyAFMV3gQaQ
@WartimeWhisperss,UCCdZJXR9gLegKzBAGoPOaqw
@WatchersoftheTomb,UCUnxqZdYf_RMLy6H_tncN9A
@WennDingeReden,UC1dG2_mLtO8ajJgSshjbC4Q
@WhatsTheTeaSis-p2v,UCNsR6eAZQfC1Yjp0TZOAIrw
@WhisperAnimalsTales,UCQQIZ5i4dfvoX7_SDD2TV_w
@WhisperDreamsASMR-no1,UCzOzaQF62FdVyefCnMc-53Q
@WhisperedVengeance-v7w,UCiv0Fg73NQLeVC9kq1PwQZA
@WhiteNoiseHorizon,UCvJHAqf9cctCfxUkNdrNE1w
@WhyExplained00,UCCKviv_ViVKyjX1MM5R4EfA
@Wikifino,UCrRpqDW9-OiY_wOOWWUcNCw
@WorldRareCoin,UCiQWPT7z6VzTWPeINp2R_Sw
@Worldcoinshistory,UCzSU2SYy2v0lx0NgADkcLtA
@Worldwar2docs,UCF7Z6KB8yAO1qPyhuvKEQng
@XilaAi,UCgHWDh5L6U6JUB5kAP0aE8A
@Yellowchicksss,UC2ZZ3rW_axvE2xGWMmWiz0A
@ZoaRevengeStories,UCRXg2qB5v52JErXOYcSXaFA
@a.i-m6e,UCRQg-dCJTMlVzMNoR4OvZEA
@a.i.kittenstories1,UCDRMLn_6z0-T16dhL_vIGDw
@a.icatanimationvideos,UCGfsutJIevm0OY8UzH6HUiw
@a1catshort,UCudb7NbyOEOgUSickwLylMw
@aanyatoons-p2u,UCAqrIXlF1WGgRdBn649c4jA
@abraham6644,UCYpJPQyQLvRtrAwpTeBlBzA
@abrorjurabaev-b9u,UCQ-gSwYwAie7Qi3cNBLs9Ww
@adiriyantochannel,UC9t-2YpX1TNtP2QB2xt3jnA
@adityaladi1,UC6FrYrxDDb2_sIbtwBAL0NQ
@adorablegingerkitten,UCHPgQa21rDKhvR2CHM5RU_A
@adorablekittensshorts,UCAiaG7A1neHAaPmvADPFsoQ
@adventuresofcats-ai,UCBcZVWolV9a6XOYpXEBaSng
@aeronomicshq,UCK6Xsk4ztSdd1hOUKpz2CJA
@aestheticai-k9c,UCGLPxljevJDy87yAD4C-91A
@afaqcatai,UCk3Ob6KgFbug6OyI8GCbIuA
@againstallodds11,UCqNxeqsQIZVdyMX5kxLOIjg
@againsttheoddsarchive,UC5kBEnn3qsElQOJif5RfBEA
@ai-aassmmrr,UCvKqzdWsokQS4J74Rpr81TQ
@ai-asmr-ytvids,UC3nxDnRvM8F3c3Zp2EsGXJA
@ai-asmrbang,UCLU6cZXIDXaPl1XA0apbLCw
@ai-babies-art,UCz1Pz-g8R-yEO22EH-TLZgA
@ai-cat-e,UCA0j5EDhlvlQSaaQljxVHHA
@ai-cat-producer,UCm3oCX4erCHURkcEoBtGwHw
@ai-cat-x5f,UCzA9PX1Cfr1wGqPBJ-If5FQ
@ai-cat168,UCDieTds47MAehHCAIIFIcVQ
@ai-cats777,UCESKCQUxkvw2e-NhLMua9qA
@ai-humanoid-robot,UCJ9r-3upif9Q_YmH8CsjgyQ
@ai-pawtopia,UC-XKg6onUtTrWGQBs3KKA4A
@ai-podex,UCT0YHDxZ9f6W4SgIfP0wucA
@ai-robot-a,UCO4XDFSFr0GVomGR7ogvV9A
@ai-shorts-videos-ai,UCMGcRV6KgPIXAI4k1eTrtSQ
@ai-stories50,UCTcck-GGCuhIIJrWLrlHPbg
@ai-toonmonkeys,UCbFF6uSsGRpUe8aXckbks3w
@ai-video1211,UCZJzjn37Kprr7nCfJ-iv7bg
@ai-with-ms,UCvRRRRw6wQiL0CBufGHjy-g
@ai.100k-k2v,UCnSdESHOfwddq5123_iwhDw
@ai.cartoon-y5b,UCVuhO1CwIa7jlU2YDcjYpQA
@ai.cartoonshorts-d5z,UCSbamwZmsIPAxKAQOXjwP8w
@ai.cat.shorts2026,UC4wRFtK8F1f1FfG7Bkc2Jmg
@ai.storypk,UCsNE12twlTuTH5j54evkhIQ
@ai.videos.ronaldo,UCaEuwLNwaEO6zyYEI-vsZ7Q
@ai___cartoon___0786,UCl4wwuWqrGLfbhcxQEh_lug
@ai_adventures_xo,UCu8N-XlutgX2Brg25eSHkQg
@ai_animal_world-h4c,UCLxHH6mQRBqaxdwaX7I4SYQ
@ai_animation_ideos,UCCkvT9HAriRL9F_OSgYv5Ew
@ai_asmr-c6x,UCPwK7Mv2BmYFLGuP8qTdwPA
@ai_asmr-n8,UCp_-FMA9i3OgpbmpFTl9OSA
@ai_asmr-p2r,UC23p3HFLMPLPejTav34xCvw
@ai_asmr_videosss,UCnN2htydsXE69wG0w0rV4eA
@ai_babyclips,UCXCm5gKkDp5k93zboLpz08Q
@ai_cartoon_animation-sj,UCzqnz5aQWl9NjdC2xAxVqgw
@ai_cartoon_shorts-13,UCOtcZ1u7qrsqGd_Kg_LGATA
@ai_cat_funny_307,UCGyf5tKHHbQE-F-HzW16AOQ
@ai_dance_09,UC2wzOsdtwpf-a4wUVlgZRAw
@ai_de_asmr,UCM3aHGYq--j7sDJaTw98NfA
@ai_family_1,UC-7PF8xYCzAH1ElsVXJWqYA
@ai_fun1.5,UCZnTdCW5WUOaGXMrOKkdHYg
@ai_funny_catworld,UCsEsV8bdkSukqcTVuyrqfiA
@ai_funnytoons-n4n,UCROr4u2nmZaC5U5-DYNBL3g
@ai_journey_station,UCfON2ISN_yD3MqliZ8vqjjw
@ai_kartoons,UCS0SiaIX7jmlkIse-Tk2GJA
@ai_mushuk,UCXAOvEVs6xuaEDUpzJ7t-Ag
@ai_pigeon,UCjE6eFkJDm19L8RdBzuEYaQ
@ai_short_91,UCHAiJoR8aWEPrgy8yn_jv1w
@ai_shorts222,UCzogHCQLV11AcoOB9-QDtJg
@ai_shorts7_nvg,UCAvcFqZjkF6hPGzRFQlMyLw
@ai_shorts_pr,UCfQwT4CgQq6J7AerDRPiUZQ
@ai_story-s-n5g,UC36rlOJOC84crREfovj0prA
@ai_sujoy-w7y,UCXEeV2PAcBN0FsQRD82uN_A
@ai_video_official_11,UCFZVPBjnRwkjBQWk2fFesdg
@ai_video_shop,UCR0RfYB_uTk-YYOy5Cd2ISg
@aiakhalesh,UCkFs4rKgh9vDFempAQPLsRg
@aianimal0s,UCqra-44sQWdLDObVze-iBPw
@aianimal296,UCfEgs8I2G543AU-JVUcLSxw
@aianimal878,UC1JtRC1snqOKRXR4j1uYRRg
@aianimal972,UCJfAd9ELfLxCz5MwTpHwXnw
@aianimaladventures-4,UC5mf6ZLRW2fON0mVi9ZAymQ
@aianimalanimation-s10,UCqgluM46FHnChimCjw5GZ8g
@aianimalclips-y5t,UCG5E-zZqnf-wPFStO1nGynw
@aianimalkingdom31,UCsUdbO_qWOhUF43BIcMnmcw
@aianimalrescue00,UCb69t9Nc-t8peYovm3BZzow
@aianimals-stories,UCmgN-F_zklOdyqONza849cg
@aianimals1311,UCVXSxLYn8W5gJVrEutCFjMg
@aianimalsgod,UCjzZm0dqOnbTeEY717ZBuvg
@aianimalshort_100,UCFQdl8hMGXoYv0gX5u600Iw
@aianimalshorts-animalshorts,UCBKMUrsWgeK4Y0JUZTo8Kzw
@aianimalshorts-q2f,UCLC5rzG-E4KmGboelySoftQ
@aianimalshorts2.0,UCk6aG1CrD5TJ7akbJi57vSw
@aianimalshshort,UCii0R9lKLdY5qGh4u8_SWog
@aianimalskingdom-f4t,UCN5V_EFuvWkeoG9MPWULInQ
@aianimalsshorts_viral,UClNnCca8LRpR8phBMkqaXJg
@aianimalssworld,UCU6lP-IIM85lYJMsKpFGzsA
@aianimalstories5,UCflmgPqdvHYOgmoefF9kVPw
@aianimalvideo090,UCASHRn1ElHSMCqVxr3VJEpw
@aianimated-l6g,UCqesR7ZQLZK7qbVwtWXqiEQ
@aianimatedshorts07,UCXvSUP3ZJ6q8Pe0zA68N5TQ
@aianimatedvideo_to,UC3IunvE_77iCQ0tFe7e0sDA
@aianimation-shorts123,UCW11b39zqs5TKs-Xtw4T0cQ
@aianimation-x1-d1p,UCE8aIQ2y54mrbMLw87Rf10w
@aianimation-z8t,UCUVTaPrLRx7FchYGq8pZoUQ
@aianimation123-w3s,UCa-mQ2WqqNKXdOLyit-9ojw
@aianimationbysanoj,UChjVi877puj-1vHZlAnfzXg
@aianimationcartoonshorts-m3z,UC-U51XbmRnvwMlLZdXopVrg
@aianimationcartoonworld-b1c,UCkP29JQ5HTr3kJmw2yvRbpw
@aianimationfluffycats,UCHnISBMNJ4fVpk8Yr3elMJA
@aianimationoffcial,UCvOAnGMQxAiVPRLKRNgSQ-w
@aianimationscenesiuy,UC_N1u0NVxEuSMwyL3YBNURw
@aianimationstories-z2s,UCqUnAbh5JtFLlYuyF7SCYtQ
@aianimationvideo-z2j,UCcbAO8aZxOkYX65V1MPMcSg
@aianimationvideo2.0,UCXmlQPhhD0Axrhmi8CdaRww
@aianimationviral1,UCL_xnzj1N88RlWVIkMeEuBg
@aianistudio,UC62_D5MPUReGPZDDs3LMmNg
@aianonymous9,UCfHDRoZmb6EumjjxRw6r4qg
@aiasamar,UCNpepCfrxt_TWZW3iSMN0GA
@aiasmr-dev,UCU1DLJ8RZ4Uyzzq38x0gLzQ
@aiasmr-r7z,UCP1HG3B5BYXiGW4hanYCpkQ
@aiasmr-s5x,UCb7pmaaBkRlTTDdJBEoiekg
@aiasmr_78,UCTl7VusV6URt9mm2MyTwgOw
@aiasmr_cute,UCKnQYOpIxxlmmIiUfhqIzxg
@aiasmrandcutting,UC4o1ffbPCpzswhvQNYJxsOg
@aiasmrbyfarhan,UCpF_Ify0KyVP8T89ELdyleQ
@aiasmrcreationsbyiva,UCxiILhKD48BGPRtiYrEr7Tg
@aiasmrgem,UCixGUssMa8Oq01P7Yj5sxVg
@aiasmrglasscutting301,UC8kaNenLF2BGaCagZfQLbCg
@aiasmrrelaxing5,UClNEthLi5geO9TsTfi1uqYQ
@aiasmrsatisfying0009,UC8l6MJinI6b8ZvmgRoTCWNA
@aiasmrvibes-12,UCMvmVNsa5P4AwwAeIL30C8Q
@aiasmrvideos-l1r,UCdxeEwahPW8GjcQZvftuVvw
@aiasmrvideos-v6d,UCptbK5Wi9kxs2HunzHwbPqA
@aiasmrvideos1,UC0Na4D3eMyXOrcBk6vGC2WA
@aiasmrviralaiasmrvideos,UCbgtF6VukORjkhw9sRbfGww
@aiaura_official-i2z,UCA1BYxQADFrljMcjOoGNp1Q
@aiaurhum12,UCnwsWJ0Uv628wIpflEq2CaQ
@aiaxan,UCfxKUnUxsiHHV5_uPFrQ7NQ
@aibaba-t3k,UCwpxLF83h0LF2LSG5g7L1Lw
@aibabyland-v6b,UCn9b6YcjCOraRCoe1ACUnFA
@aibabyworld-b6p,UCE6pUGNgX5VZyN2wedcnP-g
@aibabyworld-n9l,UChxrJ28LHvHR1SkITNUY4-w
@aibazanimation,UCz6wYsiUDeL0awuN6B8K3ig
@aibilllu,UC5sbIeoo-YIZ6grZLZyf6AA
@aiboy-v4d,UC36q2b6thhvW7I5bfv4FhOQ
@aibrainbot-r4j,UCH8D32gNDXcHiXsPRYo4NPA
@aiburst79,UC8c0gnvxGzQiz6GNjQNsUQA
@aibysky,UCMlJgwRG4gP3XaOM-_hkjMw
@aicandream2025,UCqK5d20ASdywBCR3PlnJlWg
@aicartoon-95,UCPxvSzmKHfZAvV7cK0BQvaQ
@aicartoon-l4c2k,UCDsXegLotQodRWBOBCza14A
@aicartoon-q8v,UCsqmXpYzEZmcZBeh65Ec7LA
@aicartoon-v25,UC272EjpWWIiJPkGn3LmFLlg
@aicartoon-z3l,UCF59ZRmgo6CTfXKcJ1iYM0g
@aicartoon0.2-k3n,UC_vy9c8wCQ-Rlqdkpi3IflQ
@aicartoon111w,UC2q19_F1m1VyI53FIX3bJSg
@aicartoon1971,UCYZwJhtyxuTu64XRFhuCc6Q
@aicartoon1m-yt,UCDpkRF9-l5cKCVoLpNX6ujA
@aicartoon769,UC33XcTQria_9l_rxdQg9ERw
@aicartoonbygolu,UCqwRMZUQBY9ZnpUr_odfnQg
@aicartooncat-p8t,UCT4DpYnyZpdKGq9EDf-2thA
@aicartoonchannel750,UCpe6tLjtmDtAYVcIGqZXHow
@aicartoonh5121,UCPJmguZscPXcc-6Rk6lxXRg
@aicartoonlab-99,UC4KtqdYG_dWY0ph2XgVSPsg
@aicartoons-j9o,UCIrg0-FDl6lUHj__yIsZYlg
@aicartoons_ai2,UCDCCWIwtiS7S5x2wai39D1g
@aicartoonshort-00,UCWUbYGvHZAN9u5JRF6AUQ2g
@aicartoonshorts-k8x,UCpFxAynx-UxdJZMObABxxiw
@aicartoonshorts-x5m,UC8mWKALnUW0on-4zd7OV3mg
@aicartoonshorts55,UC80s9fWnqRsA6HW1LAVNjJg
@aicartoonshortsindia,UCLi57w59XQAVMs24Qf1I0UQ
@aicartoonstories-98k,UCwzjfloUTMVZQ-Iaa-qe8zQ
@aicartoonvideo-15,UCR7aGkDXTDG0C4PP5CurKwg
@aicartoonvideo-j1i,UCVHbx6ppuAbX4JwzCl7lwSQ
@aicartoonvideo-x3p,UCST76sq-JlBJ4HvZXsLFLQQ
@aicartoonvideos24,UCAyri5zxxl-6DsVHGDMjHEw
@aicarttonwold-q8q,UCeSVTx1SOEPxMLByNJEwlXA
@aicat-123-cat,UCU9M4bCrDh-zvH2KaL2eUhg
@aicat-ff6dc,UCNEvmZmS5jcNs4mZ5iFCA8g
@aicat-g6w,UCjV1EowiMd3kRNX1T2ZtKBw
@aicat-g9t,UCG-TWkpCCBSAnyEcWKYb3UQ
@aicat-movie,UCbO5ezl2ukROmggQr9g7l7w
@aicat-n5b,UC0Ab69vVSCj1LYmdtAoyniQ
@aicat-n5k,UC8-JgvXFiLwKJWTTa1gR7-Q
@aicat-s3y,UCnW5sbedlPIXtiwbjh3Zj7Q
@aicat-story21,UCpBnOwZyzqPzmBYjfvLm7Rw
@aicat-tisoy,UCmlLbaXNMwHUat73iuFBrGw
@aicat-w1y,UCkmVOTmMdpD9Fweav2Qo2pg
@aicat-x8s,UCSz_P7F9fW1UaBrKF18cp0g
@aicat12.3,UCzk8dICnkuvaHlqGLefJNPw
@aicat785,UCQ6fH8CgHJUMavg77w0euhQ
@aicat8-mf2kp,UCzXolUH_6FtwtJTX1RahK2A
@aicat810,UC_1hI5bgbsrv0AtWOMYo4Lg
@aicat_story_u,UCU3EA_j3uZPI-rEcP7d7jWA
@aicatadventures-u6j,UCjNpU4VyaT9fwbZiLcA-p8Q
@aicataicat92,UCSc5gDiIMVHmdyag69WsAVQ
@aicatani,UCeLEllyi8OQweEJQLhxyIwQ
@aicatanimatedshort32,UCeMXzQKiwuayHsahhyRyx3Q
@aicatc123,UCCTsG7XO_TnEBxJBgnl7eww
@aicatchronicles-nb3kp,UC-9CBEN91AQzwKJzqK4Cefw
@aicatcute-nx3kz,UCpOR8QKCwwvh4isne4QyDNQ
@aicatcuteanimals,UCiRlrWHoSTT1j35ox2D_imA
@aicatcutestory1,UC_ry1kR6fLXdJXd7sIP34Jw
@aicatcuties888,UC7fYGvJJPxqd8H4iw0LRXjQ
@aicatdaily22,UC3E5xzayXhuNazFTXRKpW5Q
@aicatdancekittys,UCEXlRXwXmWGEhybpI2i4AZg
@aicatdraw,UC__b3rv5WqA6xsxBZB0iR3w
@aicatfamily-b9z,UCTp4wTN-hThVeVFEePcKNtA
@aicatfamily-p6e,UCI2-uk5V60Aswkqa4FqVMcA
@aicatfunnydancevideos,UCIh0h2iEmL6hrYEWix7fgLA
@aicatgroup,UCx5ANXTHxzPmBPUjSrqIs3w
@aicathulkoo,UCCA3Zvntzcew-kSx0_tq3Mw
@aicatkittenakr,UCZBmVFYx3maRq-9yHgcD3Cw
@aicatlover,UCPu6Xi3v_2bpZoZ4t7WVbqA
@aicatlover-360,UCyVOnsjmtXVhC3sOtXAWSGg
@aicatlover.,UCWrg0Lj1KJQZ0W2ndAxNrBQ
@aicatlover11k,UCQpjnM-3j2y9p1d4c9-TyeQ
@aicatlover2.0-y,UC387I6jKlK9UfeYZVvHN2nA
@aicatlovers-8,UCUQQ884ah59ANwJ5D8DhQ5A
@aicatlovers1176,UCZgpD5PecLU1Cz4aoXosU1Q
@aicatmadness,UCiLfd79IlMYIMiFSiIV7I9Q
@aicatmagics,UCBbNGJqrCGuXPeqbx5c9h2A
@aicatmeow-shorts,UCBcFzGjBx1ivTA8k3QCZxlQ
@aicatmeowmotion,UCz65dtUqUaNc6MwqgSV0YOw
@aicatmilli,UC-wGjcdEGbpfW9xXQ1cp8KQ
@aicats-e2k,UCK93RAZHk4XVXy_O3WQEz-w
@aicats-ee2eg,UCtUEKTX10xyxydptOaMvwiA
@aicats-r8l,UC31wewbEX-IvFjvFE0S0uQw
@aicats-u4g,UCWGQtmJEca2l9Hvp5YVR4dQ
@aicats1_1,UCwUHMtt_rmhWOrf3Fo4Xr0Q
@aicats736,UCvZown6TIloCDwJj1HV18zw
@aicats855,UCD8tNv65Od4H0zxi9YUP3xg
@aicats87,UCxEwA9XZMHL54g-FKoBE_9A
@aicatsaga1982,UCwHdokRtFJk22M0p9rj5Nbw
@aicatsanimationvideo,UCb85PkhpHXIZQHVPn1eChSw
@aicatshinu,UCs0NB1-Vq5mXzYAUNdMYBpQ
@aicatshort-c5u,UC46ig16gimpkwIQvMuRgbcA
@aicatshort2,UC6s1j_h-bMpub1da7Uu5s3Q
@aicatshorts-9f,UCEPzUKpVZAg6m14-asMSdxQ
@aicatshorts-k9w,UCiXjNHS_uDwGCKTj3eDWdGQ
@aicatshorts-l2r,UC4byWQRbeK9zZ1Cd6fMGS4g
@aicatshorts-l9c,UCM_9mJbghHmM9Y6UHFolkpQ
@aicatshorts38,UCakz2nH62jwMyviwEMIuRpA
@aicatshorts420,UCE62FcTXbcysGRv8u251THw
@aicatshorts5-k2u,UC3PMYV__XiyshJ5Qc4ni_mw
@aicatshow1,UCFxMqcSKBrpjJiYnpHDMhnA
@aicatsmeow-dg2xo,UCALXNtsY8MNu8vG-lXQ3_FA
@aicatsmeowstor,UCF-HeabHPDwj4b0VLDmeLHQ
@aicatsstory-5,UCIs7w6KO6hZdbf8R8KCKWvw
@aicatsstory02,UCIn3Rwdmryi3UqOwcwzApyw
@aicatsstory842,UCeC3AdAW2OqweU8ykt5D4hg
@aicatsstorys,UC03d26j4BEH4BTduIoXDHag
@aicatsstorys41,UC7rz4DbkIFS6Ozi0w0Qvrvw
@aicatsstudio-w1w,UClkCSjtrP2VUTZ4He5MHYNA
@aicatstoory,UC_oaXHqFhOxwH97BYYDG5Mw
@aicatstoriees,UCDmne7ObGZhj8Uv6J0yEVNQ
@aicatstories-p9x,UC9svSjqxENEVDFP7CPcJRiA
@aicatstories-s9e,UCL9xHhvTc5N64YThck1Jdxg
@aicatstories00,UCbdEN5zFtaFAQZbeng3sUfg
@aicatstories03,UC2PBeBqZmwQdvN1IpZYOK8Q
@aicatstories955,UCbjqFnt_JCCLe4vQ1MjX-Mg
@aicatstoriess,UC1zPxZCqjQcxD9mT-8XdjTQ
@aicatstoriesu,UCYEGFUnbz2JVAQmi2CNXbBg
@aicatstory-e6f,UC0uprGk-WOxNvCzO6bDgBxQ
@aicatstory-v4b,UCA7Bn2qYlLw8Caib3BuqIZg
@aicatstory-w9f,UCH4l22_-R41rzDy3-VH_FzA
@aicatstory-x1n,UCTOAO1kD997S-vHi7XlSiQw
@aicatstory-y1h,UC40DacwcIEqrsYM46b9ts8Q
@aicatstory-y6k,UCwYhcybRWL62au9fcfyHb-Q
@aicatstory.no1,UC-C2Xe0JoHamrNFotxQudJQ
@aicatstory50,UCCLxMG6sqsHHpj1rTU04XRw
@aicatstory64,UCfILTUfLAL4Ink0Y9igbGpQ
@aicatstory991,UCTGUBNOUpyS9ErZyoBa5DSw
@aicatstoryshorts,UC2TVhlLkdc0JYc-OUxu6pDg
@aicatstoryz,UCh1FUyVM-4djln0t5baiB7Q
@aicatsvideoytshorts,UCN6bgC4OED5UGWGeolzptAQ
@aicatsworld-r9x,UCEr6Hl26H6kPmdeCDyLjwNQ
@aicattale,UC-cYUy9jcP2JkTWJaZhn0Mw
@aicattalesx,UCCKJC3NU_06fjGCqBP1ewtA
@aicattoon-2002,UCGWzam80FU8_EzNyVc08Xww
@aicatunivers,UCv2xEmN39jOmm8T2wHlHuag
@aicatvedio,UCaTXEOr5mZlWeRB2xWEpT_w
@aicatverse7,UCun4oe6za5cvE6f1cyvmHPg
@aicatvideo-09,UCY4nLQfOaJD_l2v66_rPKmw
@aicatvideo-i2g,UCJKs8j_TITBnBuEL1TUXW_w
@aicatvideo-v3l,UC7ZOUt-8E7ccoNrJOnWe19g
@aicatvideo.e7i,UCuU4MdAfV1G0kcRhAuUg6WQ
@aicatvideo16,UC6xwC04QkNN_yv_JiJ9uOww
@aicatvideo2026,UCvnbo61Thy-odND2N-LmAow
@aicatvideos-10,UCWpVeiS7SRE6oOC7XYfgH9g
@aicatvideos.12,UC-GCzVxUniLJGzeCEY-R64g
@aicatvideos33,UCkkSZW-j0_X5aJDo7sVS2FQ
@aicatvideos_official,UCtxPEsEp8OYFyHgUO4SLNuQ
@aicatvideoss,UCoYm12_mzXJasupwYqkVWxA
@aicinemind12,UCeW_lck_OrrU-FF3l1ZBV_w
@aicircle-x7r,UCYizGA9oE5uFJtXMO-1uh0w
@aicolortooncartoon,UCllm45aSGhQufGpld5XhPYQ
@aicomedyshorts-b9y,UCl3C62k1so5V5xOaIfXC-lA
@aicortoonhistory,UCQLPR--Wtyy9eegr2zS5bwQ
@aicowstory6,UC7FV9htIfsijShW5TXEY_-g
@aicparadise,UCOVqf4Get3rgpLYPcaqEbJw
@aicreationasmr,UC7GvIqjmEa1eaVXdALRG7Gg
@aicreator-l9z,UC2lomVjBcQ2EQd0AsJRYFBw
@aicreatorshorts-g3r,UCcqp5XPNMXP5E_XyGO5EMRg
@aicreatures12,UC-SYDBhAkkjWe4EGGF9XRnw
@aicrinology,UCUBdMYvVWhnvG4dZ_fKLFNQ
@aicute56,UClG2-6bOl-zJX5rsFlKzY8Q
@aicutecat-d4k,UCs1w7MJxBVfxwl6Zk852tbQ
@aicutecat-f4s,UCaHBDV71tKX0AVeIcFziCCA
@aicutecat-g7w,UC-NNsV3h-61hYyqiSeIUJMA
@aicutecat-w8k,UC-kjVi1naj-sQ_eCFjlyD7A
@aicutecat_fun,UCFEgMQTA1q1vzn10kBJirVA
@aicutecatman-fp2ws,UC8kLumSh-bJyQPUQEeQnYHA
@aicutecats_98,UCC-cSoUQWYbpqnMB5UJzLIQ
@aicutecatsstory,UCQg8y-vPlwsYcmrvh7rIU8g
@aicutecatstory-o8l,UCTSdqk8jc0EjpkzRS6tOInQ
@aicutekitten22,UC0KSaS2iH4GirIWkEPFpqAg
@aicutekitty-w7f,UCp3X_i6XiCnTFboai4nzMKQ
@aicutevid,UCNMHdR7J1NTU2VdtzdxyRfA
@aideep-p1f,UCbTF-CwzoFILSTnqYLtzZZg
@aidigital-101,UC93SVutQXwOCXH--mriTs3A
@aidog-f3k,UCkNvfP0d73C-nmKQg6Fxy8A
@aidog202,UCE9vmCojoaA_cut6bOpWj5w
@aidoglife7,UCeX2jcSQwdqEnAX52mXEG1g
@aidogtiles,UCHWtSIBLrG-A6BE-QSk46ZQ
@aidogwoof,UCqQ11n4viS7Q3z5KgRdSvkQ
@aidream-v2w,UCqp3xf_cXKoVv9N0TpIsvVA
@aientertainmentshorts-o6k,UComT_9IAypFjEWwyoj-177Q
@aifactory77,UCHxUteoFDOlWh87aF2ZjkrA
@aiflavors1,UC6TU-7mu-mKKg9mKKSRCXog
@aiflicks-v5k,UC1IJojBzaFNcDWWXNgzLauQ
@aifruitcutasmr,UC16Zb-GYn9MKikhw4ePz8Pg
@aifunnycat44,UCykgbjn4KAmUhvW1tGt1Nyw
@aifunnycat4u,UCgIkX-6E0_gMb49Ed13Wlsg
@aifunologia,UCg1dbsZ0OOdCn0Enl18uyWw
@aifurrystory,UCia0Fwd_Oy9Bs6oefw8kfCA
@aifusionlab888,UCZgRNDL55vZAsp2mXOhic0A
@aifussionhub,UCgJdiS-BNn9qGqJiqTyUktg
@aigeneratedanimals89,UCwdxWWwkSGA9Kz1BSs6rl1A
@aigigglecats-g8r,UCT5N0A7PQcOSgImyeLBb0sg
@aigirlandcatfunny9696,UC3jOQKNTIEf_MJR22Ao7ACw
@aiglassfruitcoating,UCEuIjejlWv5MJ-G6qoc2wPg
@aigyaan.by.khushik2483,UCaLoGQv9qjdc6an_P1SAekQ
@aihindinutrition,UCZLRZrqqy8tOAeJeXrbCJiw
@aiindianarmy-j9j,UCmU0kHVcGf4sig6tsea8MkA
@aijadoostory,UCJAYA0N0aCUUs_XdgrRZx1g
@aikahaniyan-y1d,UCA0fqu6YA4vitSyLhOw1jog
@aikarrie,UCwXKwJ1t_BV5lZyhFu-ujkg
@aikidduniya,UCgsKBE4hnGHI80AjPuvzO4Q
@aikiduniya-s5m,UCsy6sh_Du1c4FTtVu0Em-7Q
@aikitten-0,UC8SL1G6lnvs_n3AGVcSlkrQ
@aikitten-09,UCQMgXKhcxu9zY-dWkXfMHXw
@aikitten-e1l,UCMMEC3Yh6rdKCQ_vJtlLs1Q
@aikittencatc,UC7dS2FI_Sn_S59G9ffnHcFg
@aikittensaii,UCucOmVtbCtRM6N2iK1X6hLA
@aikittensclub,UCfNNP3v7uqSyHdVCYz4lvMg
@aikittentales0346,UCIZqOUp9yQjxshq5HUinDlw
@aikittydrama,UCz4x3STUtkI6MnTrRe_ztjQ
@aikittymeow91,UCdI7D1lQwMCWkCQjESKMw4A
@aikittystore,UCeaTXEMVT7fOAnzGR05YYPg
@aikittyvideo,UCu4TxuGOwl6vy4TRDMOhx3Q
@aimagicstudio11,UC60ihUdj1VEm8cYeokBUc5w
@aimahal24,UC1XOvuzPVuso006tQ1bTk5Q
@aimashupvideos,UCdcTffW1IumHeWRrXhP6A9Q
@aimationai-1k,UCY5z5pYwC7UvggGx7Df_CjQ
@aimeow-h5k,UC_F7um_3YciaoYaJDxOC0KQ
@aimeow-h8b,UCsA39gP4sh-0wge0UFbeHgA
@aimeow6,UCvTytqM6iTxi39i8QzraxIg
@aimeowcutecat,UCs92dCue_4KpS38Np1TzxEA
@aimeowerstory,UCdgn0QFSkmy-4KRpvL05K5g
@aimeowjamz12,UCcT_HaTofhN3rhrugng0N4g
@aimeowmomentsf,UCKpEN1b9wgUH99yLFA_qwWg
@aimeoworld,UCcic9qGfbaRiC43KCwcWrKg
@aimeowshort52,UC3QTG0iROGIu5CbmZoavFEA
@aimeowtv25,UC_tp_QkUr5_zONgH1unl_Jw
@aiminiworker2006,UCfB95y2HZQE--kw20Xi7rNQ
@aiminiworld-n1m,UC3ToZhmeEzgZycd8ivL425A
@aimoralshorts,UCH40yZsddR_HjmXrk5O136Q
@ainextgenfactory,UCZnfOa7WVa20efqD3w5MFxw
@ainimal_song,UCmxlGa0tbKPvzyVbSVkMVZg
@ainimalrescue,UCS_Zb52k9w_-ZZfzsdBuCIA
@ainoodlez,UCGZE_riUsgZyB6F4pIEuEiA
@aipaltanmasti,UCRVE5kvWBKQ8XkloNNGFcHw
@aipapamania,UChMYR3tQBeDNTjaMfEHkAwg
@aiparentingclub,UCNKo2McvUL3NCdQlLt9X-Mw
@aipenguinchannel-w5u,UCO298J4hB_rJK1X0e7YZMCw
@aipetsshorts-d7w,UCUy4wY0njKNv1AbjUeZoZ0A
@aipetstales,UChnn-ucEdyY0OmjPB3maKpA
@aipigeon11,UCv4fj4qXyhiGZK8pHvND5sQ
@aipigeonanimation,UCO_S2iTBJdqQ4WCtJ79mSwg
@aipigeonanimation123,UCz4lCWyQT2MX6lotAY_7Vyw
@aipuppies-u1e,UCMD5TuKh3OsIraOKffub3mA
@aipuppy1,UCF0T43PMq0RwrUs8EdQ_h5g
@aipuppyemotions,UCBPZ7nQAmqQPozGuMQPAaBA
@aipuppystoryes,UC40t_mjv86fI6xU3b9rX2_g
@aipuppytales2,UCP33rG4kuXM1dO7OPF_w0qQ
@aipuppyvideo-12,UCFOoTFL0E46FUAnwX9HIOsQ
@aireelscape-t7v,UCvrQNFlOsCzuTzpZHRaZP2A
@airescue-k1t,UCKiWrw_js8xCEjocC3Q_Xtw
@airevolutionx,UC5l7RouTQ60oUjLjt1Nh-UQ
@airevolutionx_es,UCRFuzruip1bPnw2wmBcmFLg
@airevolutionx_fr,UC92vtIxo1ZoXyF_yqJWFiJQ
@airevolutionx_pt,UCdiFiJU5LQl_vGr0B56fcqw
@airippleshorts1,UCz-Wy2ySQw37SSNlhiyMMlQ
@airobotlabhidden,UCW82AfldGFigzZCpemLCnhw
@airotale,UCGdfl7YVY2qb-Ake4H5vRow
@aisagar-c1v,UCY8lruGoP_U9Lx1AgO1zYHg
@aiscenes1.0,UCsMianxD8r45HPt66AOnI9Q
@aishort-1235,UCXNwsHQdLvQQ9ePuiSHIfhg
@aishort-only,UCj2OEv1imhRhvhegMnVdgcg
@aishort095,UC8tq6-J8l4fpGoMpc8MqAOg
@aishort30k,UClbC57G18kh0R3iReL_UNxg
@aishortlab-2334,UCnidu3_u3MFTjlwUHvaaI5g
@aishorts-1434,UCY_j9IQ-rSSWDxHjVowAgBg
@aishorts-321-v6u,UCgGgg1n7KBJZ9y4RMOmVkOg
@aishorts-734,UCfbhb24YomKfWfBGz-XZXdQ
@aishorts-f9,UCgyjg3jgrMlktUA0Zc22LCg
@aishorts-h4o,UC5w-jxqII22CjnEMwFaRyFg
@aishorts-i3w,UCN0pwRN24ezp_AOD6zT8qDw
@aishorts-i5k,UCTdGH2B-qD56N4Bk7ywSrww
@aishorts-j6b,UCRYpE43o6_V4KkIvymbhbUQ
@aishorts-j9m,UC3eatj0iCAp9zGdMuRP-rzA
@aishorts-k7m,UCae_Omfs-jYAFQ8v2A-6MDw
@aishorts-l9x9z,UC76vTuIn9FKvT6BN0xd8iog
@aishorts-u5f,UCCC5tOx3Uy0bYdw-st7Rd7g
@aishorts-y5f,UCmhCvlS5w7-0GAyua7zeFBA
@aishorts4k-j6n,UC7g1k9_ppzvLq_QIjbxpcRA
@aishorts712,UCcrwlLn1tBamy1lyTVztzlg
@aishorts_70,UC6jAlAX4hososR9I-xd5Cvg
@aishorts_779,UCZjRGSf59jWzs6iAWKI2z9g
@aishortscartoanimation,UCH715ZJCEKEGNsTlGmze2aQ
@aishortsking-99,UCy_w9lMaZu6L9Wch8uthaNg
@aishortsstory-rk,UC_OZScAVa-BhiNwNxxKL3pA
@aishortstory_2,UCdXDdGe1S6brRkb8ks8QwjA
@aishortstv-u7w,UCSgOR4OUVfrq18OLWbsJOgw
@aishortsvideo-as05,UCREJ9bb19B0bgDKmZNpYIAQ
@aishortsvideo-q3p,UC-FKoUsmXPda-G-LUTo3hIQ
@aishortsvideo2251,UCbrWhsQ35i9iSCBl9G6SwzA
@aishortsyoutube-o2l,UCoOBK4_OVgNuyfBrz_j9hNQ
@aishortvideo-o3,UCNHIw0SiaZavCA9w9SqyuWQ
@aishortvideo-t5q,UC7YPx7099j4ZHayadewNE8g
@aishortvideoa4i,UCKr_9a9YmUCalrgqpemVBvQ
@aishotsunique,UCoOgfV1NJy0Jw9AdtPDjz8Q
@aismrcoree,UCBKsHRAvlBEtenJ8utZMtQw
@aisortschanal,UC4mefEAW-aG_QIQbgw4py4w
@aistories-v9o,UCUPJfqgddK49JD6v4Q6Y7kA
@aistories_and_adventures,UC9cSlw3cIJzwKTMDJV0CG2g
@aistoriesworld07,UCV49-KQ3YMCQiEM2ZzLg3UA
@aistory-388,UCth3Q7CwMm4Uaht_SbBD_5w
@aistory-f6j,UCMFWqgwCez_gQYGYt6LnoBQ
@aistory-g1n,UCUM9qy8zce5rU_Vkk5sfaiQ
@aistory2.0vasu,UCXctPR7lvLyo5MRF4y6AuRg
@aistory4you-d2i,UCZ-ukg2ngHNd8kupC6xqEEQ
@aistory_9798,UCXSLl88gXyjLXWklLjJ2NfQ
@aistoryanimation78,UCAkH_xIVQnQrmnf9FdXOpVQ
@aistorycatlovers,UCz2Fi4p0LPSeKf9kan-qqfw
@aistorycinematics,UCmA1CK9vb6jItXxK_KXXcuA
@aistoryfactor13,UCUZf3JI29KkMKJWdhvVyC8Q
@aistoryhungama,UChWydL7k1cMyCWkQWYR1EWQ
@aistoryr.k-5.0,UCyUt9UtSqICT6QSUAKQHnew
@aistoryshortszone,UChPenPRUrQ2FIuKKu8vscPg
@aistoryworld-f9i,UCpIV1b8MhTkNTu9X_Ol_UAw
@aisubha1,UCaAOWxdOgLjMo21LZVOGwfw
@aitalespoweredbyai,UCIfLBCSOargntFbRifMaIng
@aitechnologywithme,UCnF2vk4GB6YCbU2XBSn3Ylw
@aitoaivideos,UC1muzFUBTKw66SC8WwCifwQ
@aitoons_kidscrt,UC4dlTBHTFNQTucIYKUEYnNA
@aitravelvideo123,UChLfMwNqkUX6K08s_P3IJOQ
@aitrendingvideo_29,UCxbti9yNSHV9J31UU8p6Qbw
@aitrindingshort,UCI-u7OgNpyCPZL0kxVResww
@aiverse0000,UCFZMyCke4QOESuRr-DQuJjw
@aiverse011,UChmx4TcwDxgF6fcRvMKUJyw
@aivibes-x5c,UChV0-OIpDWPJxOzcGeoQeQw
@aivideo-q3v,UCrQvGHB-z2oG7a-3Se3yFtw
@aivideo-s1w8u,UC6rBpAzqyDrYBu3HsviGH8g
@aivideo-svgo,UCBofifFb_7bpvSFZ6y-kjig
@aivideo94-i7o,UC_f_kzEQV43qQdM52qPDjEw
@aivideo9822,UCaRZA0lPxR39yqquiINu1sw
@aivideoanimation-s5c6v,UCc5Mt4SxzqxLvC-oo4qeV_Q
@aivideoasmr-n2k,UCwI7o0GV3z_Q7uDIwzmR8Hg
@aivideocartoon-4,UC2rirfXT_jwzPYumTXLuYdA
@aivideocartoon20,UClFua4z2hLawEKu3SNim_Jw
@aivideogenerate9829,UCcYt5inrNtG63p-4OoextcA
@aivideos-r6i,UCnpJyu1GFwFayWfwD5kJzKQ
@aivideos1.1a,UCQF5LzjbXfO1mTbKinij07w
@aivideoshort-p2k,UCcw7W8BwJhJ68Q-U7toOEdQ
@aivideoshorts-f5u,UCnsydLdq2xdGJ20Cfmnr-fg
@aivideospecial044,UCfEiJN_L0vvrKnHc0cToDuA
@aivideostorydaily,UCDJ2ZZPanBddDHSux8TMsZg
@aivideostou,UCJTk9xzPzqiFLUai9qlpGPA
@aivideosyt-p2m,UCtjGaPNxsTCnmJbx9UE1t7Q
@aivideotales2official,UCxC1NUf2q8XlgPm8PMe2G9A
@aivideotoo-d4w,UCJ95oKsa9VI9LA67rm2uBtw
@aivideotv02,UCtiA6s83KUqqJZTjVz0X1GA
@aividioanimation,UCqg7hKoEt5wz2OsHjNrZ52g
@aiviralshorts-official,UCL3f_jGdpdMXFbnHKt_ceCA
@aiwala8.0,UCfPzwCZlh5vvDsFmXOzve6w
@aiwalalaugher,UCudu31RPrxBgRX7yL-x22wg
@aiwavers,UCNwsr9LlpdIa55ulNPMpPRQ
@aiwillsend,UC22RjUsUcnscTHXSl_DXpyQ
@aiwith_aakash,UCsk4TQWNbVndJdZWm0JasMQ
@aiwithanimals-e1d,UCHlDLV5DOTn_l9Jkr7ebGRA
@aiwithurooj-e8p,UCtpWHNzhaIn_vxfzGynwUtw
@aiworld3.2,UCzwZYPFopxTPR409soC5Slw
@aixjen,UC6dCgdZtapKUpARNFhLDyPg
@aiyourshorts,UC-SrsrY9WEXedWwlG-ltYuA
@aizone-03f,UC8YNniW43XDQfBqw9r_PG1Q
@aizone2222,UCdO5ldpPtX6HqOu2wgJVo-A
@ajairaai_2.0,UC-tiNsbfzQa8Za_gNTnP71Q
@akilkhan-o1t,UC4b55qlDwcfgyap2y_XTjAQ
@alanimals05,UCg7J8hZSjoebEN6G6Nu9zmQ
@alcats.1,UCSEu-5kyxpDlQRECwZGJ6Tw
@aliaboutine,UCzUd-QhIoYgrSjmq4yaHYeg
@allfunnyclips-g1g,UCiJhy7hoDJ-MJlM1p4v3kOw
@allgenfactory,UCex4VLs3oeOrE_zDZ7q9tEQ
@allinone_vibes,UC-3Z0tYBMs5112COsljOTYg
@allstarsportsx,UCuXgEtDOK20Ec1lYlXzoPOw
@allstoryhub-01,UC6XM-lWLqFsu0I1nqmIATzA
@alok_mp40,UCFJ2w8qB2o9E7EJqSGuDeqA
@alpha_kidsai,UCXG_zkhWMygJRDqUVqdr3DQ
@alpssstudio,UCN0zxdSxqsSHH13w4slegWg
@amandarasulova,UCMLKR9qyYMO60G-xP6FfIQg
@amazedwitme,UCpVGlkfuHriE9q30cZd8_iA
@amazing-7077,UCJIwMG6-uWWQtUE0tr8EG-Q
@amazingcatkitten,UCtD0Eggbrj94NHk1FhhmVyg
@amazingdiscoveriesus,UCFusdkRdGWlYMjSfH2DHxWA
@amazingfunnycatdance,UC4G0nywUbVzxtei1Ku1UvMQ
@amirrajput-t6z,UC76LRKp7CXHo8smGpCH7pIw
@amit_offical649,UCRpC1feEp6PJG_uD262heBA
@anandaishortarts,UCOWiRHZBT-g22r1t0Selmaw
@anaskhan-h6h5z,UC3qFkfkX3LNvOt-t_V-TMng
@ancient.storyhub,UCczcSYLvrhmf1zQ-uBM0nlA
@andrewnet89,UCV8Tm2mT70oIiYY81ULkoPQ
@anfacraft6770,UCeH84hoqa-EcgzNqxe_VYMQ
@angelina-49,UCpTYVLNekJCiep1xrJw4CGw
@anima-411,UC3drRGf-oEYRAWLcZJ8mMMw
@animailai-v9x,UCFWC2uG8qQwPtEPhkb4hJXQ
@animal-z4n,UC3SY-Ia_U1ubZLPGTh0KzFw
@animalai-c1t,UChZ6MGX3erYgpk5btQ6zcJA
@animalai-o8q,UCX_zcEYXYl1b_xs2aZnjKcA
@animalai-w3f,UCacuBUO0MwjdPNFnrEag4hg
@animalaianimationhub,UCgxi6mgKA6TmryYMK5SXUSA
@animalaishort-y8k,UCzKi1GxOKsn2f_sUa44ySYQ
@animalaishorts-b,UC8YBy6bYU_BNDOq4gTR-vlg
@animalaishorts13,UCAvh0s-l_075-UHJ5Ep5W-w
@animalandstory,UCFMhfGph-BKjaKgKTL9lpmw
@animalanimation-t9o,UCPa0-7B6aWTIcZhKZPamPQw
@animalcatai-u1v,UCCOXhEtDJE4x-PR1kvnMJeA
@animalcutes-p9s,UCfKHrIVkfQFjJwR3pOvb8Iw
@animalcutiz,UCdVaZAPWdL8Wcbd7Fvqaagw
@animaldiariescute,UCmQyIS1Nwy9ocMZNpOkFXAw
@animalechoes-ai,UCkGvr61DtrVmFv_eOeH69Rg
@animaleffects-u8t,UCkIEc8jiaUZ0db1JxBnWpnw
@animalhealingtv99,UCH4gRuVELsULrCzKaUEfbIw
@animalinstinct17-irv,UC6qjhSdA_Mm0J3htsV9n5bw
@animalkingdom-t3,UCegFm8pvsnT8s4Iprg-QFlg
@animalrescuest,UCB8zl5uzgGh3065TetjE9yg
@animals76894,UCuO-5AkHPzuu_vDE05hpx9g
@animals_aistorys,UCa4n0NeLpxAKAEAX-ZPkfJA
@animals_battle_story,UCdYfo4-c9r9BbED7oKhD4Ow
@animals_dancing99,UCytknCNgOEEbB7n3wotlAdg
@animalsaivideo-i9i,UCqZVvfaxDedBL0ZTyqkQhNw
@animalshorts4kids,UC0b5IVixvFF6iPFsETPsD5A
@animalsjourney_96,UCgblNin5AUgKXHF61PO4TEw
@animalsrescuevideosai01,UCYhh7-e0wrv8Wk-y9vFWx7w
@animalstories-t3j,UCY1DGsucXUK9yy8cwuzDktA
@animalworld_serenovive,UCoru-fl7xctDKH5FWa0bI2Q
@animated-x88x,UC7k6sQn4HCfLIHqCWIwjN4A
@animated_short_z,UCrLl5DBfXhyeB29IgYRs40Q
@animatedaishorts-c3v,UC2mZ3k2nRCeSTKyICKX6L3g
@animatedshortai,UCMdNT9uU1nYV5cy1su3-aSg
@animatedvideosai8,UC_WuOLfPE_UL5WtwpGQLzQA
@animatenow14,UCsNea3cNyqVEUml-VJgsLqQ
@animationai-v9y,UCbR4QN56TN_OU2ZYbp7jlow
@animationcartoon-z4z,UCYCNRJo6_HfvYPU-L7mVCAQ
@animationshort478,UCyCDtHsd-iZH3Hxc5cSDEbw
@animationvault03,UC2N214awjyr5ozJDVyr8wYw
@animationwithai9,UCfl0wZ19Tle02VpwQ5rYd_Q
@animationxx00,UCKU6xFVObe9hHHTy0RTKL4Q
@animaxx3d-animation,UC9TmURXk9LL3a2lzYGbqZ3Q
@animedairies,UCo1_X2c6Yvi7WJ0vhwZTfDw
@animokingdom2025,UCT4CvUFzMJ22kCobrisZ7mg
@animotionstudio99,UCZEGzTRRC4rFKK42CzDTeLw
@anizyra,UCkbhxJgj2dn4o7ea9P8TT1g
@annie_and_lys,UCv1vpQv6c0NQlR8R7B91QXg
@ans-r6s,UC7iGlgqJgSuqShHPoc8Zyng
@anuaigenerator,UCLNS2CFcGpLw29D1VSivnRQ
@apcatmeow,UCKt2Xa3AwfVAyU7DXSwhZnA
@apnaai56,UCZS6ZpEIO3w-w_clO1gEkWg
@apnatoonworld1,UCBaDeItZ9OEWDchmghiSP5Q
@archivesofconflict,UCDfPXgI4W4ycw5Jztybbp9g
@arcrescue,UC0yztKc09spizKJKndx0lvw
@arfataivideo,UCRzA1aSwl1lbwVWBTL1dHhg
@arifansari-rv8wx,UCNGssrAgAEX3RD9ZpN3qU3w
@artificial-ai_edite,UCXz0mYgRF5e7svktu2jHaBQ
@artofjoey1972,UC9m9g-8v5wGyNtCGPuthpNg
@arvindsinghbasti,UC0Lwma2Z_DBYKJBkMcgy2Jg
@aryanxp099,UCne3SxtXMZ5J0HvSeZGQ8AQ
@ascreations-07-s,UCs0qiy7J1veT8YAf6eYfKMw
@asifgeorge46,UCVd3QdFMY1fUO8gCjf-mwGw
@asifnawaz-n5w,UCaHb2Qzuba4DVOE_Sjmo3wA
@asmr-ai-8,UChc_t42LpEVjPQF8DbEmzgQ
@asmr-content012,UCoVKoQOOYo5HrEeAqY5bW1A
@asmr-f6e9d,UC9dmatuYG9jVhECn4T7VzHw
@asmr.satisfying.cutting,UC9orG399SEl-3mIqnczVENw
@asmr_for_ai,UCr9b0OUUkISVNGZUARcduwA
@asmr_made_by_ai,UCTb7TJoLGUuHXXRsBPDHr5g
@asmrai-w4y,UCeavFDN0u5fK5lov9V_4hrg
@asmraie,UCVdmGyk8W7dqJK9QZZMeYgA
@asmraivedio,UC6R6wvFiVaiBHVfWbUyFj5w
@asmrcrispfruit,UC0-LQZ6B7ZLAUiK6-0AfUuA
@asmrcuttingvideo36,UC2wSuVIKh0a7RIXuzhUyyQA
@asmrfactory-official,UCZOYGaIJCUZLS4rbRw0f9Vg
@asmrfactoryx,UCWUWtSDaSns7ciVHIODXWjA
@asmrfruitcuts06,UCb2yAtJRRK6hUnlCW9xgQ3g
@asmrfruitcutting_7,UCybOXpQEYRXgxs_V04pDyTg
@asmrglassai-j4m,UCZbMhdwGZGmo4HWyQaBl24w
@asmrglasscutting-w4m,UCQpP-Jm40FX2MrXHgSZK4Ug
@asmrify-t7m,UCUVaIp021MJ5j39but1YraA
@asmrofficial_ai,UCLuWk6rusDcVTSwZd3hHfTw
@asmrprovibes,UCIYY7Jlbv3sdSISmkJPhV9A
@asmrrelexing2324,UC4rPWnZMD4HJpbPRLxWQFmQ
@asmrshortsbyai,UCKF3Y6p3PhZIpTwDTeEJ3VA
@asmrvideos-z3p,UCPVlI0qh8dCCt-pt-zuhtwg
@asmrvideosai-q9o,UCOd4yvLJkkEgTbGSB6a88Sw
@asmrvideostrends,UCIm1L8ZHDYZoA1KLGmG6vkA
@asmrwithai-u5p,UC0KRpqUpH175mVzZ9VkWMbw
@asshow-w3j,UCTH_fK-r_v7CsbpzNbNe8Ng
@atozanimalai,UCh3m2ZDzobxsZy43Bukqjiw
@auraediting-12,UCKgMXbRrEjQzrszobmcMoTQ
@auralumiasmr,UC34o20QOqQvclCGUqElrjoA
@aurarefusalid,UCfdR0jRl4HastnNb7fUrkhQ
@avi_ai_cartoon,UCB6b7WwD-UgQ0wjoHYsnTvA
@axanimalscartoon,UCwvAsig1yGsEx3eXNwFIQ8Q
@axieadventures,UCZ4h9Hm_9usfZ365XrgF9HA
@ayaanraza-r6k,UCb3JxHYGX7BuyU70BCDujrA
@ayankidsfun,UCYMNbX3dhYM74hnKRAqIiZA
@ayushbhardwaj-s1g,UCXztMaQ8qXpZ01OBbZQH4IA
@azrielxpandii,UCgvouHNo7HVmVASKKR40S7w
@b.a.animation,UCXCaaDlEi0nr0N1OfbQ-3hw
@babycat-e7i,UCSC2Q6Ix1mjyekhfCfB3e1Q
@babyfunvideo,UCGhhaqspJbK1WkJrXiSq7AA
@babykittenai3,UCN_-eOuxVYSMa_q95CLUjLA
@babypenguin_official,UCQrjtq1fAF-_ktx5cqNG9BA
@babypenguinsol,UCQNrHIgDf58icV1qGkK2aPg
@babysavemesorry,UCsT6LxXDjbSCrWQkukiSU9Q
@babysaves,UCy0RNLjAMUN4d7p0cIYEd5g
@babyshome_hindi1,UCisMaHYFgeBcDW-5fDv_7MQ
@babytalks2025,UCqxrqux5apNUwCSxM4Nb6mA
@babywithtinypup-0829,UC8cRF-lWl363t160cFgTObQ
@baggicatai,UCMvXHQhDpTmi-NlPJ2UNLaw
@baiforyoutube-g2s,UCH8Z9_k5FmD4D4EaaJT4sPQ
@ballermeows,UCWdU1jziziLoIx7522YJrvw
@banguyen-s9y,UCUV9zGaa_layAbPWWjXbKIg
@bappabagdi123,UCSDMuEZXXBJnkgcijJcL-HA
@barakahrizqquran,UC2Y9aMA0kA0ksz0cWKtrk8g
@battlegroundchronicleswwii,UC6JAqLGLkkLLIurht-j59bA
@battlesofthecentury-j8d,UCjGI8k4fa5V1CcTl01y0QvA
@bballexplainedd,UClV6YhK5C_HoZ00yntYulLQ
@bbctopanimalslife,UC0oA-rCI3NXX4SRVzJoS5FQ
@bdaivideotlr,UCOlOASrxKpgViqTigp_pywg
@bdanimation20,UCYe2i3oF6DqY7zU_lkA4l4g
@bdtoonai,UCxHSr58SWzLDAF16hi9uvyw
@beautifulstory-c3o,UCVcr3Dm9WbehC3U3dLye1hw
@beautygirl782,UCj2D6nmsil523dK_EGayTAg
@bedswhisper,UCa3nCm7vp3ve5M_8rUJ24gw
@beingengineer100x,UC_hSDkjIWKn0X1NFpi_rGOA
@bellalovesasmr,UCDnDqzQFFI3XQbrf5HvxTHg
@bennettwaisbren,UCv-OtXm1LdKHWAYOMy1bFZQ
@bestai-i6p,UC63IOyHym-7h1GSKpoz6tIw
@bestww2archives,UC79E_7rLuWtFFZvJOo-8KuA
@bettercalldyno,UClyFI7zlarqDV1mbmXcMIZw
@beyondthinwalls,UCs3RU6jbrxW1XwfPrm-aXsQ
@bhaisabhulk,UCxNVYiTX__gfN56QbNDyjrA
@bhaktdhan,UCDEGW904IY0xojkfFb7Hq1w
@bhojpuri_gemar_yt,UC_7Dj39p7IOwObLQKcrxxHA
@bigfoothits,UCmq51_f2bTOzlpaJVoLFVEA
@bikramsarkar2318,UCaPDWwQTFw6G3RJl33l921g
@billionaireceostory,UCQBVEEqBQWnBUrWlnX1GFJw
@bioprocessfactory,UCe3mjmWm8RP4EmqqBuZ-Fmg
@bitesizeww2,UCok2xg0PZv3eUPR0vZQgyNw
@blopaianimal,UCvPv3JC-g_HxLeAQrcoTngQ
@blublupenguin,UCOPC-my2fQtNPl0kJheyD5A
@bobo_panda,UChqFU6KAkv7KolNhgKSsarA
@bodycamepov,UCD7PyD1VazTpicls008JMRQ
@boring-history-for-sleep-99,UCEYGwPggyq_jGL34_Q9SlhA
@boringhistory-p1e,UCwVDufrzQrmG5GVZJ9UYI4w
@boringhistory100,UCNkH16k4UB3CGsYEZyQ4X1A
@boringhistory86,UCygzx0GRMw6yQ30opb7rstA
@boringhistorychannel-q7e,UCixonpqmW0DT1w4YkAe7uYg
@boringhistorydeepsleep,UCcDcut_1_iqf98mkKVVj9UQ
@boringhistoryforsleep-m3d,UCY2XXQExmV_DQ_lrH6QWcTA
@boringhistoryforsleep4u,UCfmJNEopC4mDLJHwxFBx8iw
@boringhistoryforsleephq,UC5P0QpoxWH4EpoUu1x7kffQ
@boringhistoryforsleeps,UCfeEd1yCJY2bLC-KTmhuuEw
@boringhistorysleepyt,UC2yilh8yxbZlUDBEC9hBkIA
@boringmedievalhistoryforsleep,UCjLieSVUOWNpkipWRNFzOtQ
@boringsleepstories-983,UCgWTEPDRtLE3Tm6IQbh3tXw
@boringww2,UCbp-XvCS44HovXYMC2p_NHg
@bossypaws,UCFcL7RJCvEkdwkLIqhQVCsA
@boyencatlovers,UCqbrXzrjd_spg4Pzw0-w2uA
@brainrottedcat76,UCuU6O_d-AzwosKpVViiW4_A
@brainsparkai-f3x8h,UCdHacHfHmTCTx5ydzT5wGDQ
@brajeshkumar-singh,UCGAkEw5eanNApaz6kXfC4dw
@bravecatss,UCo-039aq5qZ99cTevo1ii2g
@bravecatstoryofficial,UCKxyhT0XddrFmafM5pZGU_Q
@bravepets-h6f,UC_bVV7Rh_oNy-XzldZGHcmQ
@bravestorychannel,UC84mdaN3dkSC8VxygMw9WuA
@britainsfrontline,UCi-wlFCaLWpfBMUzkjbZEKw
@britainweremember,UC6yY8xzL_0c2c54LFUzss6w
@brothersaistory,UCXDRqLnrKgnOsVl5xk6tgKQ
@bruceleetheuntoldlegacy-n9y,UCxVlievrE2NbmdC1BJPR0Uw
@bubblestv814,UCdbp9PZkAQwtVdgCS8rgjfg
@bugguxduggu,UC45FWH6tZ1eoPfUeQcR4lsA
@bunnyworldstories,UCsqMy2BTlv2DsL4G6Tj_aTw
@burstwc,UCkrGCQaAwryunxADktjtR9Q
@bxshorts1250,UCppZ5BzL3-2QtnOnYrm1HgA
@bytecattales,UCluDz79uU5PvTTk9QbhxGtg
@c-ep3rs,UCfq2CawF1w8JD6YySo6ZP7g
@callmesoren-t8f,UCv_uPPT7u3Iahw50a7cVUOA
@calmcutsasmr-s4g,UCbdQasJASqPx37aiRsMBK1g
@calmstudio-z8n,UCKYn8Ni0eFLXQGnFiP-v1jg
@camedyvideoai,UCiEfEUOnC0ZfVB9feOTo5-g
@canadian_legacy,UCW1CSnHyfeHOYtOz4fME__w
@captured_reads,UCUqCZA_ifJZ8o7irCtq6V4A
@cartoon-g9l6f,UChurp87FcH41JKS08y6X6mw
@cartoonai993,UCzQKCq5aChu8XCG8sYIILBw
@cartoonaitv_0,UCXFpWdnwvpClQ049jjouYSQ
@cartooncartoon-e2p,UCzLnqY20I-ZXirGs4rBvHrA
@cartooncraft-e4l,UC0z8hju53_X0f4uKAkF_2rw
@cartooncrazekids-g1r,UCw1bwfixZR9NUcMZy1alaNQ
@cartooncreaturehub,UCu0MkFK0vSMGt-E9SP0Ifrw
@cartoonistic1-w1i,UCB2VCsMBDPhjJzqA2iscTGA
@cartoonshorts-16,UCTaECdpggUXZNw-yMza-irw
@cartoonshorts-z3p,UC2HbxYwvAuWV7jnLxYl6VTQ
@cartoonsshortsaivideo,UC10zc3IBptacDhrg_9NkkoA
@cartoonstudioai-b2j,UCHl9YrW-6UPirEpeBDjfaZQ
@cartoonsvideos2.0,UC_NQAbDc9AjjT_RfFiWNbGQ
@cartoontales-r123,UCJlSgTIq9HEImEIIf0OEBRw
@cartoonvideo-z6t,UCuVAUN_BPurkvJwt-PmGpag
@cartoonvideos99-u3y,UCtiSQ10sBQqgfc2MzSkpdCg
@cartoonwalastudio,UCPV3trK3E2_m1K8nyFEy5jg
@cartoonzila-l3j,UCIAbWWi24eI_YL2YjMVewPA
@cartoonzonerm,UCaxMcF5JBYLSEPFGxC1Zleg
@cartunak9359,UCX15rijjznKCmROjYL5JckQ
@cat-ai99,UCcTG-gz_8ruyFjqbhawhuYQ
@cat-cute-ai3,UC6QzLukwo9HAFJxg-2DavAw
@cat-d3b-d9b,UCpWEb3tgHldXzzxH0dK4Bqw
@cat-p7i,UC0eGL0geltBly8tqmZkHgQw
@cat-p8i3q,UCGAqtaUbXuzl0J3_Rbr5iUw
@cat-u8c4k,UCBr-DQT7MWhSof_BCjw6KQw
@cat.meww01,UCG-1onlKTKsqvs2mNLcxcNA
@cat.time117,UC6yDzi4AUEAa83dt0Xsok5A
@cat874,UCa09levRhtSm5aDxcG2XMmg
@cat_adventures7,UCDhgU8DJSx83q3m12ylnTMQ
@cat_ai-aa,UCqhPzU9fE4oeCrC6t6KXb4A
@cat_ai_journey,UC26eotHmOKiyn2ttSaAebCA
@cat_ai_story2,UCvAWufgSOftG0wWokHgQdlw
@cat_ai_studio,UCsnpFEppQok14sjZwr2Np_Q
@cat_animation.yt1,UCtuY3ri0me2eThviv0NwZIw
@cat_family.01,UCv-hnNYHjhbOe9TU07-qriQ
@cat_kitty_love,UC4E479KuPzI67mMGP4volSQ
@cat_lovers_real,UC-8LUD2YlltobpvyFmGbuBA
@cat_lovers_show,UCHAAY4jE4fK62ElMf7N4bfQ
@cat_pandakitten98,UCbqSIYfFgyffD4KnZ8kdMSQ
@cat_story_ai777,UCPewlCv_Hw3t-hfFQ2X91Tg
@cat_tonn,UCFu2hOVo1rtn70z7lZw0VwA
@cat_zone_ai559,UCd23Cvuj4sC1v6rqm3IRP7g
@catadventure-0127,UCT7JqFrf-ehV5FxKVWOmyxQ
@catadventures21,UCM5Ct4_7_qfkzLU7ITbhJVQ
@catai-54,UCmhpBwz-lKDhQdH8ChG8aQg
@catai-c9b,UCseRdfGhaMueNE6Hwh6bZmg
@catai-i4s,UC2cIHUHXZjD3rd5lk4Us8vA
@catai-u4q,UC7uN8vHP0bsfIDuKr-BxHRw
@catai-y9i,UCEXfqZObkhO8bXJCAOTSPGg
@catai.shorts,UCRuiuFoCeXw64XWxq74lo4A
@catai200,UC1KhCW4ht51d7jyQOTOtO1g
@catai2011,UCDG6W1AOG-aqQ_y93WY7Qag
@catai3-d3x,UC051V2HNHRqEtXeY_IvsbYg
@catai321,UC-N_UhV96iCpCo-pszqhSKA
@catai3393,UCVeDOvcsR88RruKSK5thNhw
@cataianima,UCRzOh5VzNFngzk6neyZOnWg
@cataianimation-r6s,UCg93sVfeoeJhRgqhhSwF3Tg
@cataiart-y4m,UCXVdnE-4X0owXvMx_6WoeQA
@cataibeautifulcute,UCFtTsjeEVhzOlIfobEBDNWQ
@cataiboy-w4x,UC1pswhUh04FqpZfZO5l1kkg
@cataigenerator,UC9SegRnMvRKZb8cTXeWqxtg
@cataiimages021,UCp4UgCwWNNbzXWbmqheZm9A
@cataishort-q9o,UCxlNRadHzFPWGvIroU4D_jg
@cataishorts0406,UCF1_WhPWYKzaNIlt1H1lGvg
@cataishorts12,UChsxRI3GdZDjr5aJj6FSE9A
@cataishorts2026,UCl1UBcTLDpPrSpByITXjqYQ
@cataistories-8,UCBiFxYKg-08SAUKqi1NclAw
@cataistoriesss,UCwqBVB77m6gsdeAo6weHYTw
@cataistory04,UChVcT4TsQkjsjOkaxQF2O7Q
@cataistory1,UCmQc8iGnidoRejStBtPTwdw
@cataistory111,UChe-Kc-0iDw4ZtG5Y_eR5hg
@cataistory3d,UCDdh0dOe1ZpHLyeFaQfURHQ
@cataiversion,UCRfizylvCWTboAtZ5IP_b-Q
@cataivideo-o3d,UC66CODcUWXu4LSj1JwpTZHA
@cataivideos111,UC-VxFRKw4vG7yRwmMUwpAMQ
@cataivideos1238,UC6JzRHY_kp2OzbhGSRa7NZg
@cataivideos2.5,UCytHk64TxUBqFBepZMWpBig
@catamsai,UCu6KVsBS5-FpWtkooacDgYg
@catandpuppyrescuetails,UCqC447TAnv9-MU6reNVtdIA
@catanimated-n1u,UCne6pRVUTdqa_j2v7uJdZ3g
@catanimation-f5y,UC7vD5aZVB9Kv1FVN0Or0Jbw
@catanimationhub,UCQopRwwp_1zb0uk68a3-xYQ
@catarmy-h,UCxmILXgvfO9R_lWaZiSDT5w
@catbabycartoons06,UC4j05RwaVwFw8mLgocwCOlQ
@catbeingcatx,UCV2cIdeYu_NfT0s-krniKLA
@catbloomai,UC6LfH0fOMMF3F1uu7f7QFng
@catbyteyr,UCd7Apx0SGa5z7tB1CJ4VfmQ
@catcartoons7,UC9zhl2oMaESP-VSxuac5mEQ
@catcatcute911,UCxY3YP5JiLkHJ0_g7LTgwOw
@catcitten-x7t,UCS9KQQ2wuVFDuFjZMShz4-g
@catclips7,UCUeV4BCgAAXU8Z1a1I9Ychw
@catcute-e8c,UCnvUn5wnD6pTaPr08JT_0wQ
@catcute103,UC297rS8ceGewPFAqxKNwwTA
@catcuteaishort,UCbsDNTdOb3OXXvsLGVedBRg
@catcutecat1122,UC0rzbfo_fDOZyZtyx7Sg4cA
@catcutecat177,UCNvAL8aMBRDmwcjH2OTyagg
@catcutecat777,UCJRTUOYb0CwxP7aBIH7mgaQ
@catcutedance1231,UCuwlUC0csM3-x1pZudgFbjQ
@catcutemotion,UCbjuxXZKdpRM5wy0i_0eYlg
@catdance-68,UCG1BlQnxHkEfLHxyL3NoOMg
@catdance-f4l,UCbM-wNdKGzlZw9vScL2sUwg
@catdanceai10,UCIA5O23TnRna-XQlpvB2YpQ
@catdancelabsguddu,UCqod7gjpdp9jkiId-tJ2RVg
@catdanceshorts-q1t,UC3eGvm-2krfh8AGFwgBzF-A
@catdanceworld-f2m,UCpEz9n0IpDt8ZTlzqBlpelw
@catdancing123,UC-RGgNqNjccM8iSTJdSC1IA
@catdancingshorts-s2f,UCGnEOKyef1kLH9q9G3dNM4g
@catdancingvideo-96,UCyK0lMw6cRenNmD6A_eTe3g
@catdancingvideos-n4p,UCRlGQt74S3uGAp56n_ANrQg
@catdeeth08,UCTxASUf-FxzKKdQOEnKYRww
@catecarebaby,UCgb2DzPRfZg_fVLvlZis4qA
@catemotionalstoriestv,UCW1Srm1vkEbgQBXHjXZr-Kw
@catfillm,UCESxI0Zrwo1EUcpJpGVR3Vw
@catflixtoons,UCehxVAZFsd3-nFxYwezMDAQ
@catfunny-j3p,UCIQVvhsAoVO1KuDo9QW2gAg
@catfunny-j6p,UCUf2EjKSbe94qP4e6gqSSqQ
@catfunny024,UCc0O5JNGsmMxt4myvJuKelQ
@catfunnydance7860,UC54PuFFuuSW3sXfKIxWk0WA
@catfunnyvideolover,UCU67ScDM82-8TXwbQdm4s0Q
@catfuny2222,UCdbcdxC2lJ1TGz0x4a_n5Tw
@catgingerfunnyshorts,UCr3q3VUOR-C6Xk9QOc6Uuqg
@catgp0,UCkldTD9ZreWBKRsKqK_n1kA
@catgpt-o7i,UCWAZKjzw5zJeq6IzSI9nHag
@catgpt9257,UC2Mg7FkNshv4e8PDiJI3oIw
@cathistories-z9v9w,UC95C4kP075xT-x1pn1Bh_uw
@catimation_a_i,UCO_bfSWf6Vg_CzrzAr3eqtA
@catkittenfamily2018,UC5ZUUPtDgFMGberGeE8FhIg
@catkittenreal,UCZAa_Kg3UDcIKnltNPGUupQ
@catkittens0.1-w6y,UCnTjKKOSNTievRqjKgeNFCA
@catlovers-r9c,UCIFBQR1vl7UijDjn5CDGy_Q
@catlovers-r9d,UCjPVE5WByR8cyhsrYEyJN6g
@catlovers55223,UCy9YQ2Qo56HUM2eOn3pOl8w
@catloverstories1,UCEyVvcuhrXt8XFgp8l33c2w
@catloveviral,UCx6PG5MxXdwnXJlE-xIMIHw
@catmamatales,UCOKi8nr4UH8PGWo_etS-X5w
@catmeow-u4n,UCRuLah5N2NcTQUS0KLsE7Bg
@catmeow.2025,UCJOQPndV8qQnuQTncCdJB2A
@catmeow66,UCaFdovXFXcAT49TmUFeeb5g
@catmeowai870,UCzUnwkZFrQzumDcGHacV4zw
@catmeowcares,UCS6Pj-uko8MBjfXb_XlkEyw
@catmeowclubs,UCaBNaisCRPXAE44q47NhT8Q
@catmeowmeow-w8w,UCg_Sf3bOSMRNk5ztRqomFXg
@catmeowstation,UCbPlO2OrkK_ACVP5XgGd3Vw
@catonthejob,UCNdohaML5pa5rsbxRdLYMgQ
@catoon_video999,UCnCZ7R9AmIEQZwHx1pA-h4A
@catopia-sor,UCuzsKmWYNWP-RZkC2IFZRFA
@catpawsworld,UCkkmo48931PwKD9KMFtMdWA
@cats_773,UCZtf9awl6VZmtn4P1teOd8A
@cats_ai143,UCVZN_MSJ_FKZx89uF2PUygw
@catsai-story,UCQr7pefGANJiH5k-wN4fbOA
@catsai_stories,UCBWzmaln8iqy0-tANRWuhWA
@catsaicartoon-s7s1r,UC2-9kQyUz2VSlU79PjKlOMA
@catsaishorts490,UCZmWelHASX8rb4SGaKSS7sQ
@catsaistor,UCzebJKITzjEoePTuU44CB4Q
@catsaistories9,UCu5bfjC1KN-Xkfa1FqVbj4w
@catsaistory1,UCE4kUDhAzceTSlKKXCxslAg
@catsaivideos-j1o,UCLGGL3c7ItnH1krcatoVZhg
@catscutefun,UCSsrHJwN-wyTS9k_5Kiecsw
@catsdancingvideo12,UCAZfh3T7I1UJjiEqcwvJ1Pw
@catsfunnycats465,UCf5kS-1cD586aNEF6zdp_Gw
@catsfuns-f4u,UCbzfEelnQMcbBmpA3R0QNYA
@catshortai,UChAGzu480FcI6NyIztFza8A
@catshorts-l1c,UCX7dV4-d3oQaoup9Gsu72jw
@catshorts88,UCI64C8gbPebvlFCX789pceA
@catsinsider,UCi7WrTo9M4qVVZ9qhYuUmIQ
@catsjoourney,UCNVzI2J_BkuZKsTsIdt3VlQ
@catslife3-3,UC1F6bE3y45MHhBrcMnTJ4Vw
@catslifenick,UC29-LswYqVLkHeiUQX9v93g
@catslover2578,UCPR_KySvnFrSMOiOzkxDc6Q
@catsmeow-t,UCgZ9EZb2ftQCRhmAEfbWXXQ
@catsofstory-u7u,UChyfRFypuITUbclstOUTRYA
@catsreacts2m,UC1tIioX6BCr5t1WGEmAS-nQ
@catsshorts-x2m5l,UCL2VEOONioLMS0bttWtVClA
@catsstory-2025,UC1vt_BldxJUyuG2ejUlizww
@catsstory-ai,UCCAugWjxUFkWeh5CunCfgJw
@catsstory-o7k,UCL2ZqDrW6xWj9r_Z4Hyo-jg
@catsstory-w8g,UClOvgZCGv2vUGqdbucoiYBg
@catsstoryal,UCZh7lE7T5qJmjMtBdTbM5Dg
@catstories-v3m,UCBUa7Ah9byQMcc1NkS8Sc9w
@catstories_ai-01,UCd50diztcfN8-2nnKvsr1Bw
@catstoriesai-z4z,UCD1hqZz4oirgjdAqY3-TM9g
@catstory-100,UCK2QCcBgimccLlcQUaefnhQ
@catstory-dc2xn,UCXiR6Tjh5uMO9NGagXgQK4w
@catstory-p9z,UCoeSw30Z6Fa_arNKSw1qQxg
@catstory-t8j,UCUSFAjNvsyNB3d6gcC1PkeA
@catstory62,UCxxYdILkq2zu4AnrZL_G7kw
@catstoryai-c8n,UCCpZ5nKxp6PSCkHY3omWh5Q
@catstoryai-f7l,UCTo5nB8H-KvU0HhZmCGJQoQ
@catstorys02,UCLkVL8ShmnFAvNqk35yLxhg
@catstudio_yt,UCk9IGOuGjV1BuENPWf6kILg
@catsuniverse-1,UC_bNoCEDD1HzayBvdqg-iLg
@cattales234,UCGPxbJP2vZDq0mTs1_zFxQA
@catto-v9p,UChy4FsUlIdU-fu2tbX_J4cw
@cattv123-cg6sp,UC0NJj8VAiggtSPs-8Zqw8PQ
@catty366,UCuq0DtjUsXarPjPmgh2vlaA
@catty_ai-4,UCHpAR1Ml6huo5XNT6Duytdw
@cattylandcartoon,UC56rIcnSsYWhwPsjFIa01-w
@cattyonrock,UCpSZXvDIWarryQ0FPH7mvBw
@catventurestory,UC9mFo4X7TSEo9sFXfo-vG1g
@catvideo-t8d,UCwS5nLbKb7oSzKWqhIWfIaQ
@catvideo334,UCNkterpiUKZ0HWwRZJdNo5Q
@catvideosai-ai,UCU0s6FGRPpS2hZrqpa-m6Iw
@catvideosai-n5t,UC4mc96DD6Cnuvo_mVH9w56w
@catvideosofficiall,UCBO8wUpa6TpZLNTffnGlFwQ
@catvlogs-c3h,UCy3KJeVIl30z9ZkikKImvjQ
@catvlogstories,UC81udubsHmQH6-IPmeLFjtg
@catworldcute-3f,UCVTP1Mhh71PR0ROe9A1dUWQ
@catzdance-c5z,UCf0BMl3gIxPufm0gSuY5tuA
@catzoneai,UCqOMSAWInXROhw8LOmT3-QQ
@chandni-j8t,UCNWju00kIga0kf_G1PUHEJA
@channelofkids-999,UCTqPMgJ3d32n4rrIMEsiDdQ
@chatai-r2k,UClZyIqO1seQ_TOVK01YIHEQ
@chaudhary_____sahab_012,UCmTCSm04VWdly2uktUbf3og
@chheangchamnan-v5z,UCCRQYFSKd1Q8Fr2FJRT0gQg
@chhotuyadduvanshi,UCUISf2pYdcPmpeoLx1Ym-qQ
@chichi.ai.adventure,UCDNtZpaGk1Jz_eMOqEPpvng
@chichithecat.05,UClTSFJzb6AIyShXtZrtkHmg
@chickofhono,UCW-_wM4-6eRaeDmPK9mwZsA
@chickofhonor-t3ii,UCdMpQiml80dmC60GZrDYKYg
@chikoosfunnyverse,UCwaBdvqovs_guje5dY09lBg
@chikufilm,UCqJXICio0Avrnkj2NjUCG5g
@chillbuzzfun,UCUfisJ39KnlXf-XJvAb4auQ
@chillchat-n3y,UCO694GVpelT8oRftD3eJHcQ
@chillinwithmochi,UCayJkxYW5TZNLTpbQdh-ZmQ
@chilltoon-7,UCkOiiyUJYSGsa7Wx_rO6kkQ
@chineseshortsai,UCTebVLuhUp4LRxmyuRyHkGA
@chocotreatasmr,UC88TB-Dv4Dl6yyUh0zOHjOw
@chubbyaii,UCckM0GXfs2XeGWAypdJ5QhQ
@chubbyorangecat88,UCRoLRgUHMMRFZMw7Ix8yO5w
@chuchu-h5c,UCE2kEu6oPPFzIH5NVIn5uBQ
@citycatai,UCPIFfJ1SWS8JDTgBmLxrbng
@clawvercomedy9,UCJY_G6Fnlsyk95B8iivnAKg
@clipchronoai,UCPm7abw9JphPoTIpDV9XYew
@clipcutstime09,UC_8G_OmXkcRML8I1EmVUG_A
@clipverseofficial98,UCmsWmCdRmMhXzPAg_5qZIdA
@cloeeeminiature,UC8Gf0kNvR1N8Xds0CdIsgHg
@cognicraze1,UCnMgH8Idhe70y0m_CLNa43A
@coolanimalsai3r,UCowrTWGoxyFlQuhBzrXb-Mg
@cow-ai-videos,UCe42-hPjI0kncNcii3g5XoA
@cowboycampfirechronicles1,UCF7V-wpBdnTpbciqp4_C87A
@cowcartai,UCc_TDWtvUog8zrw4OSXWInQ
@cowlovers-o3e,UC4iriEA9xGwWVWvZHg83L-g
@cozypenguin1,UCMHGBtpXwpNOrlScFBOJyrA
@crazyworldsofficial,UCI3U7smGzl2kvHjcTdXdraQ
@criancasinteligentes,UCZasI9QbgE4_EMDbZn5OA5Q
@critterpopworld,UC39RDjyFCNQXTMhcWJhu2LA
@crystal_cut-7,UCKFvvqN9rOZYa06XKnFfbpg
@crystal_slice_asmr,UCLUiqpUrh4f6jmZKUv5s3Zw
@crystalaismr,UCpOQ4ia22uKlGPNuuQ-7Dkg
@crystalasmr-d6l,UCJZ2t0wrJviS8bnromjPeEw
@crystalcutasmr-2,UCrzuvUjOk9-FQw6P_pfjNOA
@crystalcutasmr-e6d,UCXUP_lBffw2Zwjvb2d-EaTw
@crystalcutasmr-n2c,UCM4HHSK1oQhyXCKGfBvd1iw
@crystalcutasmr-y7j,UCRoNQxhr2MAdFBZYSYQhzpQ
@crystalcuts-g3v,UCjuqVorqM5XmYS_bpcdLW6A
@crystalcutsounds,UC-rEy2hPt04H0FET5i_NCYA
@crystalcutvibe,UCDNzI-9_uqkGHZCf_MXfCmA
@crystalfruitasmr-l6d,UCxxlQimoEud2MOr65CVJyUg
@crystallcuts1,UCgfM7F7Tr9yZ5WV9ACJSAwQ
@crystallinecutsasmr-j1b,UC9HvypMVxaL_1vTSpngm_bg
@crystalrainbowasmr,UCjSZY0oxQ8naSqEozOxwN7g
@crystalsliceasmr-o8k,UCirbEEng-P3uoPlGzPKwqCg
@crystaltingleasmr,UCOOt1L8AkZdC-lZKi4jZ8VA
@crystalvibeofficial,UCxVf4Sg-zyZAS8UlrNWJ7qg
@cuddlecatsdogs-w2q,UCHYHyxNhnZRlLbfCu3Mnz2Q
@cutasmrsatisfying,UCZhK3a232WWuunfJfElcKNQ
@cute-animal-ai-cartoon-story,UCDPdnxynmNx0fKOG_w4dIUA
@cute-fm8ye,UCVPtJNX_nbFNpBjYyCWeWyA
@cute-kitten-story,UCMZ_OUPv5-czXMM0iWj5kfw
@cute_funny_cat99,UCjcD7KzKLU9kiP195oN546Q
@cute_meow31,UCp_JsB_nWp3pYzbjaXNMgSQ
@cuteai-4u-all,UCLe4HBDG9aQGCFYcNwEej5A
@cuteaianimals-n8u,UCwCy8WmF9mx_B6EojejJi3g
@cuteaicartoonhub9,UCFmUQyeL6zeVTvHR7QtvjlA
@cuteaicat,UCsEqUlEY_npfpihGwG6VNlw
@cuteaikitten-v8k,UCfNbjsqfFonWkKgb2NAD1mw
@cuteaistories00,UCupwIHX7UhaQ-9lFWwYcF8w
@cuteaitales-b9p,UC5-MEC-5b0om5HBX-Xf_jaQ
@cuteanimalplanetchannel,UC8ebDaibbHzcPexC04NpwLw
@cuteanimals-l1z,UCKi2quw9DJW1SFu45eEEBig
@cuteanimals-l7r,UCAYLOLd00xvCCcTkUA0Zodg
@cuteanimals-v5w,UCnDEYh5eWvZlGGNqgdoR3AQ
@cuteanimalsai-y6i,UCIZaoNT4YXR3z4VJGbfzUwQ
@cuteanimalsvideos09,UCrjDnLc_EJx3QFj-w7iduhQ
@cutebaby_on1,UCkIS1rpaps5d-SRlSh8Yy0A
@cutebabyai-l7t,UCufgu7CjsNkuryNb6t25GqA
@cutebabycat-k4p,UCrt2XKzPmrMN1SR4ZYPrceg
@cutecat-23t,UC-sXHnpLpPv-5vgllTb8Yyg
@cutecat-b2c,UCXdtWKD2uz4Ko_PppbcEL6g
@cutecat-e8y,UC90JzwhtCdy1itwK1uxEw-g
@cutecat-fan,UC-WOE1YZeWcDGRHzaAVrtsA
@cutecat-h5j,UCiLUapUKPOvew4Xlwy-3nwg
@cutecat-i2f,UCToKOfI3d4Y0DoZaaS_Gjcw
@cutecat-mewo,UCuBI4KrJHeuoWIrq8r4_R1Q
@cutecat-q2r,UCrWr0lgwPIV-iCy597d6exw
@cutecat-tv_1,UCr1rQtDveXoTSZ_BKF1M4Qw
@cutecat-yk8sm,UCP0be5bByGNkwQjc6sVrHjQ
@cutecat9m,UC7bQoaZIG4fjrimPqTCV1NQ
@cutecat_lovely,UCwd36Ssf-2GTJ7fviGzNqIg
@cutecata.i,UC1v8hihlR3yNLPKwueduAxQ
@cutecatai-4k,UCCfBmRTO_Nv2saYrawZ96Ng
@cutecatai-c,UC_DCX_9hrhdHyadfzIY7nNg
@cutecatai-e,UCqka_XGsPHgY0Ybr4QJ36qQ
@cutecatai-t6k,UCwCKkvSqrHIu4PirgmSuY9Q
@cutecatai-v6y,UCk2VtxqVk6x6I_caQtwH51A
@cutecatai-x8c,UCLbJPBtcwOOlc3_jYGYJLpQ
@cutecatai14,UCjAHOp0kFEv5l764-Z1ckvg
@cutecatai23,UCV8uq9LMi7ATbeIkmQZsj-Q
@cutecatai46,UCGAeFZbt1hSKIW0eA9ZMNJQ
@cutecatai7777,UCzGll1BA35dLi2W8QLx2rig
@cutecatai786-k3b,UCVbZCWbCuQE1_IHYXSI8hkA
@cutecatai80,UCY4SQ0bPteFtoCey5IJ2E2w
@cutecatai_funny,UC4Nqn72ZQcv-q8yhxM7O8Sw
@cutecataiadventures,UCX3AwDxeemMVal3KgYgJRrw
@cutecataiadventureshorts,UCRQ-aatE2RZ7AE79D62m1bg
@cutecataibrain,UCVUErtjX9RKV39jLm0LwTHQ
@cutecataifantasy,UCsn4w5OxORM0v7YSsirWg2Q
@cutecatailover,UCwAHEccGqNN9Ms8MaYLeIfw
@cutecataishorts0,UCgS1HUN86ZK-vIqih7-gBbw
@cutecataishorts333,UCCMnXogzJEzwm6QNHpTakEQ
@cutecataistory,UCggdz1QtcyqUxR_-L7VIL-A
@cutecataistudio,UCYd3RZ5Pao9uGofcXU0llZA
@cutecatbilli12,UCBEg3DwvwazUwzlKJTyD2QA
@cutecatcartoons-f3z,UCT-aaCSg6CTBWhoC9Scqyxg
@cutecatchi,UC-ZjMcf_x-J9Vpzdk92DleA
@cutecatdance-tv,UC6gbjE_UrO3bRfBt_6Mwm7g
@cutecatdance-u8u,UCGWq7-s1qqaxfbpnXyyV0VA
@cutecate-1122,UCK-RzpWX33MnqijIpBZJUNA
@cutecatfunai,UCVIAh3JqePKRhaDYSKPi1Ew
@cutecatfunny124,UCA_tbVSDPWuSqzdoYwQaRoQ
@cutecatkittyfriend,UCGzovDPC61lUm0STgc2SOOA
@cutecatlover03,UCvQX3ze2mZWAaQ6wa1OMDOw
@cutecatlover112,UCwwvr6Za1woFEeyTSmWNzbw
@cutecatmews,UCJyPXqFJ2mVz_IqRt_zIyZg
@cutecatmom,UCq4LWHLtsFOZOacTAXoFC7g
@cutecatofmeovv,UCiY0Rl0sOwkyo6FB9ro4fpw
@cutecatofti-k2c,UCdX5-2IvRupermG8ShcHbDA
@cutecats-w4x,UCGTS-f8AY0L1cxsElRdbqLw
@cutecats246,UCcGn_tiLXlSWuXhmWxxltOw
@cutecats826,UCphQuXCivLRGwk9qZRiJ2CA
@cutecats_246,UCWNxJkadLSUzPbMmv5wYxEQ
@cutecatsai-gs1cf,UCnDohYxRXl9xz-6TGNVU67Q
@cutecatsanimations,UCemAXMlryTIQ6Tk_5sqQWDA
@cutecatsbaby-v2f,UCdGoyRqmatLxM-CxHYhXyqw
@cutecatsclub-q8p,UCfjd0AUz9qZ1x6D0yeCuMwQ
@cutecatshortsai,UCzuKVsBB-dstS9xt6KYCVVw
@cutecatskittens90,UCZ7Q1khT3xn0FI9Ymz-_yqw
@cutecatslover-m9i,UCMsyNmoGS7I_0h-n95oATPg
@cutecatsofyoutube1964,UC25EJ_0YdTvJK9Qfh3ypIag
@cutecatsstoryes,UCOTWWdL_6giMOt8qUeMe_Kg
@cutecatstorie1,UCdwX11WAUMH9I4jVrp2DGqg
@cutecatstories-e6f,UCfuRe6AxkFVLv3rMcILz51A
@cutecatstories-q2f,UCRujVUsPQJh1BT1qWzrNb1w
@cutecatstory-ep1,UCmOKs6FKv-49pMKj1Kc-fMw
@cutecatstory-t2d,UCpZCcaxAb7QwsjO-iai_v2g
@cutecatstory0011,UCe4TwcWfitjD67UtpnmeHpw
@cutecatstory13,UCzWJMV6Djz6Tk4qiQkVQiRw
@cutecatstory5,UCnt9b86xVvoiRTeBBeW177Q
@cutecatstory66,UC7XTtZFwYbpoaEoPQEH1ssg
@cutecatstory76,UCQ9uh4UTaXeHGhGIATSa2Kw
@cutecatstoryai01,UCnJhatj0A5fnMHoO_GVUQvg
@cutecatstorys,UC30QfZyo08Aw80H85-n2MUA
@cutecatstorys10,UCp5FavDEKubMLvlHVCMO6dQ
@cutecatviralvideo-p4v,UCskUvRPQtpRx6Myj3wqi6sQ
@cutecutecatsofmu,UC-S_wgY4yY6kz-mBK4E3FQg
@cutedogandcatstory,UC5yuG66gMdPyxV9MUGswtrw
@cutefunnyanimaldancewith,UCqBhe472AS0_83Bxe6EFJVQ
@cutefunnycatdanc,UC14fdVIFHuZfvUb1SBTQobw
@cutekittenginger,UC2rnElLU0jHyeQl-Us5z7LQ
@cutekittycateditz,UCQxv6K6VftNztE6jX3bPlWA
@cutelittleworld-d,UCxKZX_858oCaLtnTq8jApoA
@cutemeowailover,UCN1iwkZpgKITw658g70-1aQ
@cuteminiaturee,UC1q5ZuZunyXL40DcwRGNoRQ
@cutepenguindaily,UCIScT72MjE5nLu8UfeAf88g
@cutepenguins-k9s,UCRKfRsfTaTSm_o6RxfUovLA
@cutepenguofficial,UCvEuKa75D6BOZpPQmwUzRqw
@cutepetshorts-u9t,UCwMZ1riORRD4WNkUC-prCOw
@cutepetshortz,UC0y8rtgkSv94gd7ddOCPy7w
@cutepuppyai,UCugTlLLSwSDZHGVgqB-Rhzw
@cuteversestudio-v3k,UCx9sEzM6RkVTeGEqk7ZhxAg
@cutglass1,UCUVyEWsni82xqo8ySj3mUiA
@cutiecat697,UCoJJAaSNX2hpGa_5pUeHM8w
@cutiekids1,UCdv9dyyodzE_g4RrKqV2lUA
@cutiepiecatss,UCY7ZJ_daELeHaIflppQGDhA
@cutimals365,UC13r0_cyqLBw4P4GKY-FhFw
@cybermeowverse,UCFTaa56htrxnTYxFP9KhQiw
@dailyDoseofAIslop,UCca01WFS5_FrinGAg_z65bw
@dailyaibasics,UCK8DwbZjssbw7kJj8fBLImg
@dailyfunwithkittens,UC0zO6zWXn0Zy-DklOzizV2g
@dailymeow0,UCy0AmqyTuqfZejBxEVK03Kw
@dairytalesai,UClSX7zLCgVssK7cmu1Eg-Eg
@daksh.ai.videoanimation6,UCjvrnqYeU2isd6Wri9FV7TA
@dallasingh-p7z,UCk70lOCPFpwlRkayZa4mKvw
@danishkhan-g3z5i,UC-Kk4swV-ZCzRvvUmWJy6qQ
@darkhistoryexplainer,UCIrSRPQmwJ2FoOgp4mKJwNQ
@ddtoontv-u6s,UCTje2AVxhvlFgH2tJsbfLDw
@deepaiasmr,UCQb7hhwycy86v-jAiOfIHLg
@deepakai-c1o,UC0dSRf5Q3T3PQpxKngNOPQw
@deepakchouhan-z2q,UC_tlEnXhVhq2F_KI_P-NS4w
@deepframe-t7u,UCjCfAbJaPBUtHb9Cx4C7k7g
@deletethc4206,UC72LFcoZqUw6yVSRkr6eRlQ
@devendraaicreation,UCOW456evRl65k8P4vHLvVqA
@dhdbhabhor,UCH8Xy3pmHrPYBKIQ2so3xEw
@dilshadkhan04,UCwu4lgZHs5MxKfMGr8lg9Og
@dioramaliliputstudio,UC0caPIPz_LNN90RWMgc126Q
@diyanshai,UC5tFG3H954z87pW-XvVqG1w
@djanimationshorts,UCx32YXEWh6V0qgUbWgC6Deg
@dkkumaraicreatar,UCGLW_4B7v2P6EuNH4YmVtFg
@dodopenguin,UCCYNOvVnDjzywoSC3CUheJg
@dogai168,UCJNLzJ4iKW56XR5KWzgk-SQ
@dogal-f4x,UC0dMGqjTaMqVZgRt6aUY52A
@dogeshbhai99,UCUy05-z4MByct_ylr7piVOw
@doggoofnibytnmedia,UCpzPKI6XJ2V4YRquFqKmo8Q
@doggy4201,UCvPZZx2fYvZOie1jBH666mg
@dogtotherescue,UCPgC0RiO-by7GZSbXg80YUg
@dogverse-z4q,UCi75NigySu0FtZxepx9RDdA
@doleycartoon,UCaH2DnOuqYm0svloeOMXlXg
@dolluxe_zm,UCkQ6vVgAJ19LiapPogEi3nA
@domebomaxey,UCMwptPtnxnfnjnO5XIxm3jQ
@doraemonhindi-s4j,UCOoAy4yN42hJ_Ic3beUEqQw
@doremon-y9r,UCl1-OUfd1-l-_1u-ivSHX-A
@doulu-w8u,UCuZLM46hUQ5yoCrs8nNVYhA
@dreamframestudio-s9w,UCGl5uWliX89RSOqNtsrNUSA
@dreamingcat-ai,UCxru3ooMTLBoabxK_5OMVbw
@dreamscape791,UCQ-FcuCFPAA3SJ69XCuREbA
@dreamtoonai2.0-g1y,UCxEi0NtMPqvNTCNsXNlWPWQ
@dreamykittensai,UCpJnMG0_WKd_2eH_5Ev1uOA
@dreamyydooodles,UCb1wKevlTkZca2vu065eeyw
@duckshort2,UCvk_s_k48bVVQ3EB5CP7aZQ
@dziedzormamegah-awli,UCCD-Sjmt3aSc4wryyajVtXg
@earthai2,UC1a-emFWUu0ON6j647_PYWQ
@echocat-23,UCuYyGwwmhSb4FdWmiW5ZNkg
@echoesinthedark_8,UCw1UB8OTzo1-_9PtXvxaWsg
@echoesofpatton,UCOMXRrDIbBmj6iy8t5O62uQ
@echoesofusa007,UC0M7EA3Izj2PTzKPL01bZBA
@echoesofwarworldtwo,UC1XKqIC1j2KAPIXcxR6jw6A
@echosdepatton-fr,UCQdSnEiMlWbnS64sKeUYGWQ
@elbehry_ai_films,UCkg8oZlDthhLbHVV6z877qw
@ellysartikaaaa,UCU4EhCPB1rzbvOpvfBOBtjQ
@emojahan-s1f,UCAZUhQoN6JNkldctZrFTYUQ
@emotionalbawandar,UCJMfnc2mKU4jEUGPmIfnnjA
@emotionalpuppy-g2j,UCJKvSfLXYqVeQgJp8XG9myg
@emotionlab369,UCjI_kfpEAtFCkUGRwkfM23A
@emzz-123,UCEwAXZxA64YJCEfBMnaCTzg
@endlesshistoryforsleep,UCj1lxrCNVrNoGdMxn5Legsg
@engineerdoller,UCyf1DOZW51M6_8C8vM9F22w
@englandtimecapsule,UCO4iZkZYY7yoXTVQNIERAIg
@enshort-6092,UC3QlgpHuWRvd6D-zsmpJKkg
@epicaifilms2024,UC5FCyk1QkTBLgWm-w866PGg
@eripu-f7j,UCaO6Lg2e0f8TYTwBsglX5Ng
@ertac97,UCxrm61M5j201gVaXBAiRfsw
@erzahlungenpattons,UCcRxmCJ4BYs5pC0Ua0BLo9g
@etherealaiofficial,UClch2VAAEzeKh8TnhYr6NQg
@evelynhealingspace,UC-hBlob6Rd-wecJjryAWstw
@experiencedmindai,UCAH-cGyI-eTeX3I5UeRPg5Q
@explained-US,UCmLFIIJ1_5J458CThjkF6jw
@extreme_ai_s,UCvUgA6f2QZVwX5pMr43g8XQ
@eyeofww2,UCYazGRuMBUcNAR3BMHSC-dA
@ezmaniac,UCf7QbZM9xsvpX8tiObevLvg
@ezraminiature,UCr66_fqJfS9XGafWSUof0Aw
@factoryinsider-f2x,UCzsFmF824OXHuDDxsuuAg9w
@factoryprocess-5q,UCJ5JKfOKZBRm81rRQLDEnGg
@factoryprocess-g5q,UCOu8ZAjUoSIlAy3uNVOduvQ
@factoryprocess-l2g,UC3Ro37hCedvKLAeLMYYunCA
@factoryprocess_a,UCMFRSXwd2n2qiGzFu1Ndfsg
@factoryprocessatoz,UCW7zxzmmkQKP66X7yYupddw
@factoryprocessinside,UCAdFlGTt8uOtW73Fz0KfuIQ
@factorytoproduct,UCcLEXYUlThseKvZBtf7nD2w
@factorytourprocess,UCiiWXXRk016Za_BYT0NAyZg
@factorytrueprocess,UCgrTynGimotdpmRU8nFMs9Q
@factoryworldinside,UCQSwihw1qz5jEvBu1j6rxXw
@factverse160,UCB6FAjZYJtQYHvSWD8-4WNA
@fahadsiddique9321,UCnD8nl2EG-piOqq4hPN4zaw
@faizan_ki_seekh,UCoGRjZRM3LGbPas2vIiKbfQ
@fancreatures,UCl18f1msaCDG2RpAYNF7AcQ
@fantasticAI-IA,UCc_2XPpU8-aJm3houk4CjlA
@fashioncatsai,UCTBzXb_YDAqtCbEWo2QD9lw
@fathmahassan-e3g,UCWfzr7PsZ5NfsDMK5CjZLMQ
@fatia-j1l,UC2xQEV3rRglUs3mTyE_Xtpg
@faunaclips-f1f,UCDF4emIFpwyaCEAr7MaWa3A
@fauzi-c4g,UC6zemRxGGf4ExMcBKDLlmjg
@felinefables3,UCIHpLd8pNme6om8OyQS8tMA
@fgfgaming-90,UCsC_ZHN099DU9h0Y4LZ2nyw
@filmbyteai,UCdzE7wv88-yoNocTbJIpybg
@fluffybabyanimals,UCPJtfVtzikcojueyKzLmi2A
@fluffybabyanimals-r4j,UCwQ1D0A87TN1QrEsMLaXC7Q
@fluffyexplorersclub,UCVfWl73OpE-pmhh8YRqXdyg
@fluffyframeworldai,UCNhOeqSJAr6q38H1ty19HgQ
@fluffykittyworldforu,UCqJp2r7FPJyKOMZTH-soKwg
@fluxxzonee,UCCN8SK2_V9oDpS3yuEIbTsg
@foodflowasmr,UCV0HVCgB2gRIwICOAwfBkDA
@foodminiature-g51,UCzsLuxtYNdrdcOPgYSrsZXQ
@foodprocessinside,UCpxrB_YbCCNuj2EwUaSHtQQ
@footballexplained01,UC__jaKq-4Shvot5pl_rpvRA
@frontlinefileswwii,UCszZwxDFXtmHDpyhL7HIP-w
@frontlinehistories,UCh0RWiuSYyd2b5PaQB_v3Zw
@fruit-asmr-cutting,UCUNknoJagL23P3tNyjh_gzw
@fullprocessfactoryhd,UCusRW9ws6RwTQuemWVLoOlQ
@fun-with-a.i.,UCJJeWfjDA5Td7XVhQ3EBw4Q
@fun_miniature,UCEajYAm6X514AkLP4HwQryQ
@fun_noodleworld,UCtg-ethwIHV5au_y1BZHVzA
@funcatfuncat,UCNgDdtvDsHJVQd2E5IOVkkQ
@funfactory-l4f,UCRri4rBQ_JjTExRUEvFWxXQ
@funforkids-o1h7z,UCEyFf6zUdZLQUd8M6VtaylQ
@funkartoonsai,UCpN5-dzt6S6ARykNQ6KPdyw
@funkymindai,UCxzd-WgzX00KTF52ePiU8tQ
@funntastic_AI,UCN0DUpcRDrMgSCQZmgnUkSA
@funny.ai.25,UCJ7bqtp9bjMcnt_gQwserZw
@funny_cartoon-ais,UC-EWBBPQ40-v1-ynNPjuFXQ
@funny_cat-1ai,UCnltKPnwji8zuHgDykDBVPg
@funny_cat-s1c,UC-iq5acLbQZkx4MKkC4LdyA
@funny_video_a6r,UC4nfzvwgau9JtxMDfDWXkMQ
@funnyai25-smt-z8y,UCEEJCc3VtNTM4iript46rHA
@funnyai7242,UCgyHwPEQUzJjh4lYe57BA-w
@funnyaicats-ai,UCOMqINiPFv-6_b1RSuk5m7A
@funnyaicats-n9i,UCZaU9VefC1PSSWWqxnhxRoQ
@funnyaicatsofficial,UCgsKUIjXpznX_wDMYFpoZOA
@funnyalebras,UCEhkGYu0ppGCJCOvLHsxrZA
@funnyandcutecat8k,UCtcDQzRIaAzOXR59jT-FlyQ
@funnyandcutescats,UC-htPrFXbEwon1aCNB0Ue6Q
@funnyanimal-j3d,UCxf1nP9Of6H2UuoSdaplBlA
@funnycartoon-r7n,UCGGDXo53BF_UnaWJ7FH_Vqg
@funnycat-9,UCmJFTJCQ4YhUP9bvnhq9cKw
@funnycat-ai,UCLMepcKEU_oKc5VThAraM0A
@funnycat-j9u,UCM-H5ABN9_ksRPtrZgQC_FA
@funnycat599,UCMpuKqE9dbpCIeGzalDgwgA
@funnycatai-j,UCeKEpcRsUrSoTFRr4N0eSOw
@funnycatanimalsshow,UCu4QXcA3KZPDQMLckHQVijg
@funnycatdance-y3g,UCePg5-KG1YnKzCK5qXjrkUg
@funnycatdancevideos,UCKIIUxiHMftrMZxzyr0ugCw
@funnycats005,UCXePJ9Jp2Ekd4kGjUQuGD9g
@funnycats26-n3s,UCps12zQKvGKYPbXAkNCsVjQ
@funnycatslite,UCFJ-Nr7BeWef78BD6SP6hhw
@funnycatsstory-i6p,UCG3XC1Xy6lukpH9lTzvSWGQ
@funnycatsvideosai,UCpuPWvabjQVKHmCGgc0FOMg
@funnycatvideos-1-1,UCDowVeKkqINZa7jIsvtu12Q
@funnycatvideosbd,UCGpmBp0K29qqWOxj-4uq3rw
@funnycuteaicat-s9x,UCR7TCru4BYmuSNAIMHd7rQw
@funnymeow-v8,UCcFJT2nqNHnvom85eHSMcUw
@funnymeow1,UCSueLnYdlbM85erGMCg4e7A
@funnymeowaiofficial,UCfmFrhTDMwFSrEDuYcLih3Q
@funnyorangecat-o1q,UCWY7KWYTSoG5UkKoBC4npGg
@funnypets-bg3sb,UCJoG9GQCv0He3dq4Ocx116A
@funnypetslaughai,UCoK9s4qiuUwVbz7ugMT4uVA
@funnyshort1a,UC4WZbqVC4AcHsbyYf1solMg
@funtastickids-toons,UCwNRxHl58vBsleXMwSF8mag
@funtoon8,UCaWIULxV6_m5orFnodx4Y-g
@funtoons-b7k,UCnbNj3RdaoPWwMRDbsFTjpQ
@funwithvideos,UCLjcyAbBv_iqS2q2zP6Ac0g
@funzanimals,UCqFUOcJi1v-MuWWJst7kpMA
@funzoneleon,UC1MFKDmZ7oKQR8aUGteAS2w
@furqanshaikh-q9e,UCGUIrp3BUT1LTzxymxGg2rw
@furrAI-lovers,UCh2TNwU_H8ryrEpQtaB0YkA
@furriously,UCLauDNluoNDFIPRzpWFMkYw
@furryflufftales,UCwEtCsFr_mMkory4HRpCPRw
@furryfriendstv001,UCRVKwYvVj76dJV8fNkStf1w
@furrystates,UCaPZT-dmKk5w8ZDt_YVsBrQ
@furrytalesnetwork,UCuyYiTOhskK-wZrbkd5xfWg
@futurefactory-x1w,UCa0E9r0k58VWaYgOgygwyyw
@futuremindkii,UCc7r5MOWmZInQ7It40aFD3w
@futuremonkey-v4s,UCV6OkPor-iZGt3ps4-RsXiw
@fuzzybuddyanimation,UCiH3ySFftwEvGB-cfNTlK-Q
@gameclub-i6x,UC7AhpR3geYyvohc9vXbD-1g
@gamma_yt1,UC3krh6fN6UQsRV3yl2TQWkQ
@gammacrews,UCya7Emm0ci1LxeekyBeaCOA
@gareeb-puppy,UCeawwsHDlUrdMblG0xh3m1Q
@gaurishortschannel,UCdqUwjj9ZPwEzUi-8qkWzFg
@gayanitales,UC-wyXKv5ZrkpLitTm0TaLDQ
@gaylemccormick-r9g8v,UCrR33uMUD4eXEoKpWCXbAyg
@gd-story-time,UCBznjif_LBuAKlwMKsC25yQ
@gengarclips421,UCCWGjhW5NG6nufumsVV-_6w
@geniustoonlab-aianimatedvideos,UCUcIKr3qUb1hAjcuHojDNOA
@gentlebike,UC2aQBU34I0XmHDzV-14lKYg
@geopoliticalalert,UC61MURWPUbFxpBkhHbct4Pg
@georgepattonquotationinstitute,UCpOfiYInDrmu5hFUWiyei0Q
@ghoulexplains,UCGGMidysJ_JazE-_61jFZQw
@ghr-f4d,UC1gUMLWoXdmrzYq6YjE3TfA
@giggle-gang-kids,UCfGkVY5Vjvdj_ivvyWv47ig
@gigglebots-k2i,UCmkPGf83P6OL5hnTFvoo3uQ
@gingercatstory-2811,UC33CDobfgHjy3fC-WyBeQ5A
@gingerkittendaily,UCphlvK5yQO4D3hHeUR13wvQ
@gingermamamoments,UCMpPMcyPFmvBAsf0N03NLBQ
@gingermeow4u,UCWgyZ8Hyle33dfA9wVqTbXw
@gioivcl,UCCUtue_CgygPz5FN7mc_Dpw
@glasscutasmr-p2x,UCMs59A30DI-_YH2iTin7heQ
@glasscutbr,UCfiY7uVO_CGO8Cx9Y7aI6DQ
@glasscutlabai,UCgyf3g1gwkjYqWzvdMS0UNg
@glasscutterasmr_1,UCoaKDAJyI5u1iYZZFUykmYQ
@glassfruit-asmrvibes,UCaVCDpU2BgEj6spSIWrhxFg
@glassfruitai08,UC3p83kgcAHt2dBB7pArihTg
@glassfruitscutting-1,UCZ3yYbNRx2Vnv2FhUPBfFiQ
@glassifyvisuals,UC2L9NYSCZFqfuurOoXiJa5g
@glasskitchensatisfying,UC4-15qU1m1YHrTZt3wCjDIQ
@glasssliceasmr11,UCrefUTuuDtw8xzxVd4kHbZQ
@glassslicesasmr,UCuAZEDBqMhUJbU5IZegm6PA
@glassverseasmr1,UC1ul3Xn8i0wnIeL4-wtVKXg
@glassvideos-o3o,UCoZK2zh_FRvFwEoe-CFvBsA
@globalworksfactory,UC42z_dTQ6WX9WLo8oqrZcXw
@glow_viber,UCS6RQUdi5-8r11wX_Wo_riA
@goldenwoofhub,UCL3TFacVqqjrNnmn0udKYyg
@golu-g5q,UCLu1w6_uHF-jIva7n-_ByQA
@goody_ai,UCdIWWoKFWP1nwfnwUXKhM6A
@gorishankar-home,UCCkOLn59zg2v0HBgu5u7p0A
@greenmoment5,UCBghR5-iLnQDUXqZQrj085A
@groovytoons-ai,UCML6psx_L24-wtGw-8vPFHw
@growforjustice,UC-g4mrFDHiKI-KK5pg7P_xQ
@gulfcoastaudits,UCPT8zoQkJjgfju7jV28rwEQ
@guligul-u9k,UCqEgGpdbrCRrTzS0onUpI7Q
@gulranakhatoon-m3t8440,UC_uQK49jIwj_C_u4hrxqy5Q
@guruaistory-d6i,UCKYKwXitGUqQgapMhnEIstg
@gyanhub2026,UCvDy7wUllQUOdyGdcaTBI6A
@h0astories-t8y,UCnDiCo2cYaiL_HJwzhjkGKQ
@h0astory22,UCUpAeJKn-wpOjPw4Sb3GWrw
@hammadt.v,UCW859D1NdL7l6CCzWgcNG8Q
@hamoj-v9l,UCCkcD6D_XB17ZvGErU6X5IQ
@happyaimeow,UCTePy-w5_6uCa4zS4BhihsA
@happyentertainment-u2f,UCTsxwILimhARzzPq93x-eCw
@happykitten01da,UC75kTJN0_QfPGUQ3UtoApoA
@happyrhythmtoons,UCAcaKEp-Od6xfkDPDN1nPZQ
@heartchipaistories,UC3LB5pFIBaVP9vbGJvgrBbg
@hearttouchaistories,UCFQOk9gtVGDejFc19VOmujQ
@heavenkiddostv,UCKKy7HxWfaGrAPlnqU0LK2Q
@heavybikeinfo-f7e,UCvpp-ybl5oZ4l8nsa0WudHw
@heavymachinegun-h6b,UCblbkdHcGUlfV6J_VHt-OnA
@hekima_za_maisha,UC-oF7e0GQIC4wl_UDgaToXw
@henryasmr1,UCfcLedf84BYa1DCppftK9hQ
@heropengu,UCf-w8Jm9m3kBBPd2BHKAc1w
@herorabbit01,UC8p1ZTpp80ukzdvXeD_LWmw
@hfyvault,UC0zDF8piC-ZyAnrU5RS-quA
@hi_yt-001,UCnvQMM7UuEVHO7HqEVZtZkA
@hiddemairobotlab,UChf2wGYYeLbhbSwS0r4DqgA
@hiddenfactoryworld,UC1RBv_WR_rKBTbPqci8t7_w
@hindiaianimation-f1u,UCq0Y3wmIw-VgQY00Cv4goEQ
@historiasdemamagata,UCfCIhltUzmxccBVTEXLmYFw
@historical_shorts_Ai,UCWgeM1h_4eNUSFWBxRn-yXw
@historicsleepofficial,UC6kSZsMLSQcVaK9AsyBpQjw
@historyforsleep-grownups,UCIkWRzxt9zzxnpR52FlzW-A
@historyneedtoknow705,UC_LpLbGbXnQD4txubpKC3qg
@historyofcoins-xyz,UCVOuJaoEkpHpoyjXikKpWsA
@historyofwarstv,UCNLFKDUjKlg4WKmCJfKM0lg
@hoafiles-x1d,UCf0I9xW5sKD_EFW4nKV9Cjw
@hoakaren-d1t,UCZXtwHxEahmSWAiNAEcWLng
@hoakarenstoriesse,UChbNQ7jXT2LxRDitS8AwMNg
@hoakarenstorytime,UCJfktJt1w9PSDmJZ8OxuiNg
@hoanightmares0,UCXCyOsISR3sIJvdYgNfqRDQ
@hoastorytime-j5s,UCcxX30m_I7o4KAhWBVCFuNA
@hoastorytime-y4k,UCPMohkV52EvsUzxbKfJoHFQ
@hoastorytime1,UCBRdHKaQWHzGG-HFqG2CY3g
@hoatories,UCtkzJ4m-NDpBUXkbM0bqLvA
@hoch-01,UCz7wKwZhgTlbda0PydIXrFA
@horrors_dont_sleep,UCx601D9-4KQIpgdw3bJqz9w
@horrorvideos6211,UClK7sy58Ek_8ZhC2SHDuPmA
@hosseinparsa-k6h,UCjfHS_3yxMsEdNSOcTNLvZw
@houseofmeowx,UCy8RL0xxSYJz4DhB48tGgAQ
@howitsmade-hn,UCQyRL6PdgHa4hs6nhsf6vqA
@howitsmade_factory,UCdjEOnMsOYmJEObj1Hw26uQ
@hqueen-w5g,UCWjkTQQd5PfuZhTHEXYWbvA
@humandiscoveryy,UCzGbKiWbKakgJJdC-e9rZsg
@humanoid_robot-r8i,UCxD4Rf6PvrwxLRR-jo6gedw
@humanoid_robot07,UCxlxLwvNo4mMGCzPbo9MUMA
@huubuu-e7p,UCsL0uTjZridZgUMO3kxomQg
@huzifamahmood,UCDMvFGtNOwRCMlqh_QcB0dg
@hydraulic_crash_channel,UCkwUz09VEiHH5qjZWs1Iw8A
@iamgostbhai007,UCoSBxhyOtU7FufaeM2kUl6g
@icerikuretici0707,UCoWmedBmAMbrJle1auDSSWw
@im.animasi,UC9GQvZICMJXklwr7_jYa-5g
@imaginarypenguins,UCT_rCLNQozwVB74E7S7Ptug
@imagineartofficial,UCPo3m7P4hC0ZYDA5ty8CAOg
@imaginedreality019,UClA1gRXfsqcIQvwbM4vw-ww
@industrialasmrinsider,UCSWOBGMoFtvDt7BRaihiP1w
@industrialfactoryprocess,UCBHKGKnhLK_4TWJCgfHmOaQ
@industrialprocesscontrol,UC5yC1d7NRWwG6CIunzkMbQA
@infact4754,UCVZgVpQR4BxAOfUk4vPvB4A
@infinityshortsvibes,UChy6Fm_wjOnUIAwsQ8T9Bug
@insideamodernfactory-x,UCtYEgXXU_eUb7GyqRBghs2Q
@insideeveryfactory,UChsKIF6Uj8gnPAgrs48I-oA
@insidefactorymanufacturing,UCbt9IWZOnc7qDRlfYX9PJ9w
@insidefactoryprocess-q7x,UCEWSPbebTrjS_hFPQ0RYeSg
@insidefactoryprocessv,UC0rFbUEoXjLMRQRHl9saBpQ
@insidefactorysecrets1,UCoq8Zt39q7dSluB1m6u3FbQ
@insidemodernfactory,UCOTGfqm21n9xt835FPoWsbQ
@insidemodernfactory-v4j,UCgDtT4dJFXaXx8oLt7Z8X9g
@insidepetbehavior,UCukI5ROvD_E4yG3h9Smd9ug
@insideprocessai,UCAvSnbi77yF1w77Ja5MT1LQ
@insidetheassembly999,UCmq2mg4NXmE6GjJkLYOnfYA
@insidethefactory3.0,UC7xcyFqwP0CjCj064rg9TMQ
@insidethefactoryofficials,UC4im-Q0PoHrsIIBMaZ3Ppkg
@insidethefactoryyt,UCuHdtW5xaERBWPTv_ozeFWQ
@inspiredstory101,UCKMmDmpg4wzpaZVu2Xz4WSg
@instantgai,UC29CuIhYV1UKA1oCQ3EzA6w
@islamiccartoonvideostory,UC3uY1xeo4Vy_8fIlTRRhbtw
@islamicshorttv75,UCPRWgTmnBnpoT97OFCoHu0Q
@itstheflopguy,UCyYH7sWR4NzXDHJXCE3iMNg
@itsto-t7n,UCc9FOtAMYgM7NHmjZXgdZeQ
@j4aqu1n,UCgW6ZgsCxQZCs-SzGvER0MA
@jaydonehistory,UC-q-_DVLrAfmVApgnJTIa9A
@jazzsoda-y6e,UConiwPkKOhJUInCo65iIkww
@jeetanimation9,UCRZVlB4GB_6VubmC-1x77CQ
@jesusai9,UCkQMeKOty2xnfI2kvt1DeLA
@jesushelpusa,UCCWU1Jr7lER5bwFTFaGl-8w
@jesuslovesyou12607,UCat4D39E3MmgA_3l7ahQ3ig
@jesusstorymr,UCtdO7BIs9OujRjHa6T9VAfg
@jiabro-yt,UCgtouXhJXgZFd6ERZrGJIxw
@jianshorts,UCbgQVshkYOsnFnDE17RodxQ
@jigglytots,UCwlM0SopcxVDLbQNdUvZ5BA
@jitendra8116,UCRRG1Cc3OS6DrMoRwIDN_HQ
@jiyu.ai.editing,UCwjatMg2r0NsnXMk2ZobjiQ
@jnkesiencetechnology-aishorts,UCQ80E_6Pp2oezyrjqriQQCw
@joelben-k2j,UCMyRoXqEfFZOz9iAfhLroBg
@jonisusanto1985,UCgAlNut5askVj6wfOEMZoGA
@journeys3,UCwO8BGaLTnfwHTI3C07DtVg
@jscats-gt4pc,UCUWEjYvQjqOLAswnA5_1zfA
@julievirdhi,UC3aXAqKN2eokp5Vq7prQSsA
@junaidshaikh8918z,UCK_Nzo92QoBCtR_I9gY_Ttg
@justphophun,UChTN2JwOna_02Z9wBbdfqbQ
@kabeer2233,UCdL4IMsPN60BBvNHIdZP7FQ
@kak-nu,UCYr8hjyODjGXuehusyBJyXQ
@kamalkumar-u6s2h,UCqQrfi2ClNQINUPNMYIJD-g
@karencurbsidetales1,UC5WW6_q2j0du17upQS4PXNw
@katilionaire,UC5d6g0ZmR5jhzVDF-E6dUdQ
@kato_220,UC5l5z1EnrXdRR9f5fBTydVg
@kcatdance,UCHfuZQOPtd8MJE3y87cPKlw
@keepitsimplestupidai,UC0ZgJ_TrXjC_t2OFy9hAZag
@kegelroutine,UCZ9NaPt_4KQvozJe2t6eMCw
@kellyeld2323,UCfXg6PpmyP6c1h4vuerWUhw
@kevintw8888,UCMpT5TMvg_VDHnbbC5jZH3w
@kiddos-q7w,UCs1iwltDIusfHCtnGfrMyaw
@kiddozstudio,UC6snTnbRD4p_kPONpisXyYg
@kidsai-m7x,UC_N_MXMg8scr_jf_0nUToIg
@kidsaicats,UCMGJeqNHqmNDqSWUexUHbeQ
@kidsaishorts,UCaGzFzO5BqPJo3LuNU6og9g
@kidsanimationworld-4u,UC2t4fj3oiUMva4d1f7vj6VA
@kidsbhaktiworld,UCkB-KNNDdxLek6RhBv8Qdcw
@kidscartoonsworldd,UCl5kUZjmfYky3LvMrmhcafw
@kidsjunior-t5n,UC7B7IUO-fUMpX-yNFq5KroA
@kidsklasses,UCYnFySoI7Mm3Cpv4zGvMbuw
@kidsmeowkitten,UCNHx_GumsW_xZbLx8_87jdQ
@kidspoem-x4j,UCBqmPtNpegj78aSnP3fCXpA
@kidsshowhub01,UCRA5XMp4rHz6uoa6xxtA0TA
@kidssirvi,UCofGpt8XDr9jLZCVHFsCl8g
@kidzakku,UChwiUScf9f_tZsYI-ytgcfw
@kikitinyadventures,UC05zFpbxdoTa8lFkQxJ7xZQ
@kindcat12.12,UCaEigLhlOHOL1V8zZmMI_Ww
@kindcatai1,UCHffPeqvxxVewSQOmCxv9jw
@kitcat_0007,UCwvCprKYPfbfYnvzWYzEFxw
@kitcatsfamily,UCifl733gS0_0eM41uaZDDGw
@kitten.Storys,UCIeZESv8skwy5Y0GJIwCqjQ
@kitten_mag,UCBUfK4Vn1sd7-q2p9k_fVLA
@kittenaiadventure,UCI01vkm8I8oWYPNuDRmF7Ng
@kittencute786,UCj6gXzRszqO0rYcZM_kq-Fg
@kittenlifeee,UCRdYRK_TFpBTRSdWGI2ulUA
@kittens-i3i,UCyb-JmyJ1nKFIJ2qItnITuw
@kittenskiten,UCe-AFWsGDmFB69LeXcEZ-NQ
@kittenstory1211,UCNN0XICv2v3KUljVkPl9tEw
@kitty-r3b5j,UCf509r--GUwqND74bkmzUsg
@kitty-t3s4p,UCu9LwTRkGzllZaf4oX8_MGw
@kitty.aiverse,UCzUXPX49rDDDB4tJXjAfoLg
@kitty_cats_ai,UCT48LaT3e73aVHnD2IRJ4CA
@kittyaistory6,UCEI-kjlOO5xYKGer7qToRKw
@kittycat-o9f,UC7cgO2I_ttaYZg5qU7BDfEA
@kittycat-s2k,UCg225nFtmJ5zkuUGPQ_UC7Q
@kittycatai-11,UCMxS0lqx-SfuROC2otzCvKQ
@kittycatsaistorys,UCbHxiwfvmFiktbZwFeu_kMw
@kittycatventures,UCTN8vdNYDZP43BJ-Qpn9Ejw
@kittydazzle1,UCDZ4F_NdKzwFyzMcKYMV5YQ
@kittykitten-hm,UCqGy8jycpkUHV1fdUbmtsvA
@kittykommotion,UCe_9qXnuVAKeJRQSBNJGZoA
@kittylaughs24,UC6S4KlEkDTUK75WGZ59xOzQ
@kittymeowmeowai,UC-0F8pbSXD5x0mxfioEJAqw
@kittystoriesfun,UC8h2EXldrrL7unD-ilQLYwA
@kittytalse,UCQdPlGVZDITiRpRPdkL_3xA
@kittytots,UCv_ETrSQ2_IcgN_nLQQgS3Q
@kkpa-v9w,UCPpKawUnKd4n7qligfO3x1w
@koko_gpt,UCjzSVnUTv5c4UirjNRZxKKw
@kreation_tv,UC1yxYiAT99KI4cAhYosLflw
@krishpatel123-ct,UCZsYW8WGIIbkg6K5IwPOmnQ
@kumarhemlal69,UCuhXJCAWT1j6jRkJliJZVQQ
@lablife2026,UCar2eimCqSdmD1jvuEVjHAA
@ladypengy,UCZdVBF3Rl0OslZGgr09WiFA
@laguceriabubu,UCTWUbFqRwwS5maVf-VRIJDg
@lalsaha123,UCbSWnDGKluS2vkEv96BvsZQ
@langcat,UCzuswSXDB4bmQF8e_qQVJkQ
@laughbellofficial,UCxE9vLkG-cKAOw-uSrK89pw
@lazydays-yurunichijyou,UCCXyqGH-lggKQTrWAx0Au5w
@legacyofvalor_45,UC8Y0rqFgprlj7hA_P8mujVA
@legendarynhls,UCqbkYM_DVIr_BeKb8_7J1tA
@legendsofcommand-o8d,UC42HgnDKiYhEHU2mUkh18TQ
@leixinvibes,UCGLzKUQN-6gr8LpxoSwZntw
@leostar-t2k,UCw8s2Xt92WNZb1mNbz-TiEw
@libraryofterence,UCr3l94Qiju7dZNztzJR9ZEg
@lillianvalentina77,UCr5mqMJA27UGzA9kDI_2_kg
@lipunbanchhor-j5m,UCaLiQnBWLjkXbDKZz9mbnvg
@little.dancing01,UCEa0meM9BWaej3sKeD45c_Q
@little.kattycat,UCRcMT4Zm2gyPvcBU-L2-xEw
@littlecatloverss,UCGVVfmbfaYgxIXl2kV5N25A
@littlefairy-c7k,UCh2J0JpH8IBilcFRl3YBGeg
@littlefeetbeats-ppm,UCrT3GZeRYaSQvi0SQndDreg
@littlekitty-1998,UCOUUzilAuTe2NqYh__M2a5Q
@littlelightsforjesus-l5o,UCaRithbojAWE1n_6mjXXmLQ
@littlemeow06,UCEL3zRRSjyZrK-H0Y0AJ4Zg
@littlepenguinacademy,UCksTHo6ayhZ5EHpdJu4Mgbw
@littlepenguinmoments,UCL2t47-HtddY83LNRuoykEA
@littlewaddle,UCQj1zGpVAicTqh8_N6f3qhw
@lnsscutecatai,UCdLtn43LNQFbXeTV3pUlNkQ
@lo-fi-rock-metal,UCWKJuQKakPhEwUNFvLW5FMg
@loran-ai10,UCBK_x-6DuHw15tjV26S4XZw
@lordcats90,UCh9-OIAaqJVVUmcrL2eL6cg
@lords_light01,UCA6n1JBXTWc9-PM5MNsR5Qg
@lostinbritain1975,UCkVg5yKRl48whhhOfCHSdrA
@loveanti-p5b,UCDzN01EQ__hIeHWwnMhrfGg
@lovesinhistory,UCI8uF89T7ZH7Vum9UZPbXjg
@loveycats3256,UCst9NK1MqP2lkAKcYp-4fbQ
@luatcoldly8883,UCqUNnRtkIzzzAozf9MyMyiQ
@lucky_reddit_story_12,UCg04RnaRrJ3ajylgNHJm-VQ
@lucymeowqt,UCiba9G1AFOuJzfbhke02aew
@lumaaistories,UCXhjqIZGvEgO6tayWCV3FXg
@lume-channel,UCRMHn-rak9qpukKv4-r8G5w
@lunasstories-n8r,UC5JrdXWIRtFqqvkK9nf2qcQ
@m2ai-mad,UCpnLagEqunPdlDgw9QvSI4g
@magicalaicats,UC1Z80sgox_DOGHlsZQ60tJQ
@magiccats11,UCCsIdUJYeLitH7xAbrN1Y0w
@magicgirlfunnymoment,UCmMiXY5m-y1o2ffNtL_lP5Q
@magicmeow2,UCwQEUWwHkEtfm7UbSqiiqIg
@mahimahmmad-d9k,UC70fnKBNBpkBD7Zxw9Kb_Rw
@majestic_crafts,UCoJpYZT_I4c4m9Ftoa1OHlA
@mamacat03,UCP52Var2X6t1QgtFGlqWRYA
@mamacat18725,UCmpZMuUi9mXQQEKKX5uhteg
@mamacatand-kittens,UCdaZZHBwes8IQ3aDeGVIiBg
@mamacatandkitten1,UC92ZIC0fKzbE8Pxag2GRLFQ
@mamacatandtango,UCH6AJMeP66eIsZrKrk5uJpA
@mamacatdiary,UCEctkyYo0nv-9ax5leixkXQ
@mamacatdream,UC9vxsNMao6NaC-ECHX9eoWA
@mamacatfamily-gt,UC0BYYIGaHrQiAxUPwyZtAlA
@mamacatfamily-l6u,UCKaFMOYGNt2vnORUgpUkuCw
@mamacatfamilyfun,UC60zrUgnCqromm25mQOHfgw
@mamacatfamilytnmedia,UCC-HuRI7h0IsMidw9azycjg
@mamacatkittens-95,UCIVuRPNdEZ-IXGtE79VvjbQ
@mamacatmoments-g4l,UCqKRUjF41ZeSw8HI0yFgdjg
@mamacatroom,UCE444aOGhqikb1GKaxI-now
@mamacattv-gt,UCNdml3L5mtQyyi0KkDmULSg
@manufacturingsecrets-m4f,UCXHO5hyEVCvaLU_SWWw-lQg
@massproduction91225,UCbw8GjsLF1o04ekZqt94Mzg
@mauryayt-h9z,UCuPBdnLVtCZEZVr8SKtJF7w
@maxanimai,UCjxRy2Y096ga9O9o7nrhGgg
@mazedarai3,UCGYh-t_FkMfE8o1lmYq-7qQ
@mdfaizanfaizan-r8q,UCR8bCCUkkZMvOO0L6HXYfHg
@mdmujahid1613,UCgvQv3zYHWf4Q_C53GIEIag
@mdraja-v8k5y,UCKCST6dEc5bigNaieyIoR6A
@mdsajibhossen-dv9cv,UC957OpTAH-9wZybsSN0SVVw
@meaostories-x1g7g,UC_aKSa3SSpfzrsWPIqKxvBg
@meaowmeaowshorts,UCKOF5COate_PdhCweeRGHtQ
@meetkaren7,UCBZ-9beXmoLeTvZlHa-5jtA
@megaproductionplant,UCZ0hcHf2otEM9HydrjDcRFA
@memecatstory,UCZISrdfu-9yfV1e6TpE6_RA
@memoriesfrombritannia-b1m,UCH1vVNEokkDEPBVlhp3Zvvg
@memoriesfrombritannia-z3g,UCCnNNhfgbtvt9hjlb_imz9g
@meoaicat,UCPI0BT0RnMaQ4nwV5S1oafw
@meofliks,UCLG2bkcplw3SaIB9gR30_1Q
@meoowpurrfect,UCkiqJe87hxnF8KdhcZNSJyA
@meoowtoonstudio,UC5AEXN1jzAm5KcVbqN36K8Q
@meostoryshorts,UCq8gCtri5dgBJNKZ9Tpj_mQ
@meovmeowcats-u1h,UCz1iu9TeJW24yGH7EeE2k8w
@meow-9696,UCZxCbAq7p1x48YOQr5Gax9g
@meow-magic1-z1v,UC31eZGUND4-6920Ye_o7pFw
@meow-space-cat,UCbVBmDyPjwJ5lM5iNbNyuHQ
@meow-trixanimations,UCfFX8B7VsajjtG0xdp75J9w
@meow-z7i1x,UCXi1lbXA5k_6XFUdGmS8vdw
@meow_lover_shorts,UC3WjodtNhAMSCJ1ixxzOgtA
@meow_shorts-21,UCrw4S0IJc3pFLRHUrHL67Kw
@meow_storys-q9j,UCZd_HVxN1FKwnBNp-Vg4agA
@meowaicat-u2l,UCSjpk18uz8u0sN6UjCMkykw
@meowaishorts-n4g,UC0oS2VX7jg7ko6gQU4QytnQ
@meowaitvof,UCEvE1RkhF3NcLr2PUZXbnOA
@meowandmootv,UCB6bgXgIU7nAaz319N02iFQ
@meowcat-n9b,UC2ocafsfoMIH09T8Im4QTBQ
@meowcat09-c3n,UCNIPU8fanQnSzY7wLiwt5Ag
@meowcat201,UCpwO3GYz6FFhazR4uAENugA
@meowcats9,UCb30TTnX5rUOFr9Ss4BQexQ
@meowcatsai-24,UCugwgKSik4q3LPgU5dp1T7A
@meowcatsshorts143,UCoMXo3Yr6RATp7FAKvPRa2A
@meowcreativeworld,UCcZhPUNRB1wz6jT8h5K6NMw
@meowfun-1,UCuhKxBrz5rawGuX8WcePJpQ
@meowgicprow3694,UCcAXC3vaLeZIKrbGkkQlBiw
@meowhaha2,UCsygY9SMi3dR1F2r-ZoLR4w
@meowhallo79,UC_Ghd0zak3CIGmfQ6NDx02Q
@meowhookai,UC58OhOPy1t0k6i7I4jkNTUQ
@meowkitten0707,UCjhUKCgMrczT22SuCnV921Q
@meowkittenie-k9l,UCu86R9xzUFhEgZJgyGUpGsg
@meowmamaas,UCYjYTSh2xFrz-4_wg7h3bCA
@meowmamaslife,UCWgcD8VkVYueZCIlB9LJKkQ
@meowmeow2025-1,UCbCzERY9ZQ82u1fwKw2tVdA
@meowmeow_stoory,UC-akqDggF-a_VmLVehbjlmA
@meowmeowcatsstory,UCjR7n90g4BSQKkaTEVm2eaw
@meowmeowcrazycat,UCiUyedgCmq2wYXsg2_bzk4g
@meowmeowvideos7,UCczbS6AxrPIByTAss9OtKOg
@meowmix-g2s,UCClu6YbHyrXMZxekVKggn8g
@meowmoments-x7q,UCJWSIoUSQ0YAadzAyCRDZEw
@meowmotion-y4r,UCrlzgVy7I6-dMa9YNwKa7oA
@meowmovesx,UChycTn7Pn46gQPihgyh71Lg
@meowneow-g9d,UCEfrN7xPPiuSwLXLdove1Ow
@meowrescuers,UCrWCBelg_6k9bJ4XpmBMDEg
@meowstories001,UCL0bu-INYzvJDTI6fcm5tWA
@meowstories3d,UCb1T_nG2xWxo5_B8DAZmwZQ
@meowstory_us,UCAuyFSeu50ASh5Z9FSNMvtQ
@meowtales-g4x,UCuJd1s9GgJ3ZbKfgHIJX5pA
@meowtalestv1,UCzXjmcBVSPYHUcIpHxDf0Xg
@meowtasticai-k9o,UC4pZCb1n_6o7rTZ98iULfuA
@meowtasticlife-i8c,UCHSXXD6qX40TDrNpNUfmE2A
@meowtationtv,UCowkABOQs_QxwjZGzCcZRCQ
@meowtoonshorts28,UCKwfHrhRHiItv9NrGhyKQXg
@meowtubeshorts-n9c,UCbtUXuoYK3tdivtCwCK-2TA
@meowuniverse99,UCU7QdvWZobpazipMQKL5CjA
@meowverse-aii,UCzVj9953GbHGXUs-_iVnFvg
@meowwmeoww-b4u,UCE1pyzUimMioEZ8LGqwqNnw
@meowworldcat-c9m,UCR87jaI6KfZ_v5um5gmdO_A
@meowww-v6t,UCryg7FG3ebttfAvefnG4Cig
@mewo20m,UCJpJj4F26r9Xj3LW16TzIzg
@mewwonders,UC1uh4Nkro1gftnGnqQiKHcQ
@mgstories-vu4gd,UCOs5f4g9iimmGtZqMpiPJlg
@mhai11211,UCKmICL27Jyvwus8OSENwj-g
@miaumiaushorts-x3e,UC9RO89ehdkOSt7ZdTghShBA
@midnighthistorys,UCEO4EmISl8VHwjxpz37grzQ
@mifrahtabassum,UCJdfr7aI5nDoKsLEyELhT1g
@mijbaulhaquerounok,UCPIdDHOdQK-8X-fxIrGltCw
@mikku_billu,UCoyslDcYJsHFNRsg5yZmrKg
@mikutvrhymes,UCUG3iQNbOMhvozIPzQTvADQ
@mindasmr-t2s,UCrDijJCRg62PZ2cbpBk3o3Q
@mindclips.official,UCTP4m3x6_Mo9Ck4T8fyrsvw
@mindmeshai-9,UCiZ7QgUqypN51WMuDUQXAQA
@mindofmachine-l2k,UC4Dlb1NPDwlUKsRVt-jUXig
@mindsparkcartoon,UCi7zRI35aIVd2DpJV0zw6nQ
@ming-ming-x6p,UCZIyTqDcyoBwU4m7GcduQGA
@mini-mania26,UCibzaFDE-oTJJ1hzTtYCJLg
@mini.creator-s9,UCfY4LACjhiQU_HOiByYvvTw
@miniatureai-00,UCLCJDrJoOxfCpnc3dA5XcFw
@minifood.s,UCjpiUkWAWzvt_-rEp1VPS9A
@minipets7,UCfDLPUVvzScnsn7ygxpjnxw
@miniverse_creationss,UCBjFsRe1DVIggHcHaCaA_qg
@miniworkerstory,UCf_C6Xam3Wgw1ja0mi1AJ9g
@minizoo-x3j,UCnzSGV5sAmkKIDFpcq8SmUg
@misoandmom,UCi5L6WGaJZsRXFTrgh_8osQ
@misscrystal-s9m,UCV4s9rrqNtNmKxmbL-gv9VQ
@miu_ai_studio,UCSTZceKZwhWORQfF85hD1hA
@mj-aishort-2.0m,UCsrllYrhe2jVI7IJK8HNj-g
@mjgtrendsai,UCT0-drxBzSgVNEqERzz_BAA
@modernfactoryinsight1,UCYfT7cBwNVEkNPX6cRnfb5Q
@modernfactoryinsights1102,UCUnNgRY2IfCtGY_VHVWbSKA
@modernfactoryprocess-hq,UC7Pdd-Q1YdOJPjIKLQ9EAfQ
@modernfactorysecrets-john,UCHwCJmHFp8YngeZUn921WcQ
@modernfactorystream,UCYtjnul233QRUPkGiuvi08w
@moewmentos,UCwVy21iGMl6Vh7FfoXaTKOQ
@mogingerstudios,UCn10uasYxDULdkX_S849wag
@mohiuddin-g6i,UC_j4RyjhLekgsfSMv4812Dw
@mohomodousadou,UCrUX1cvj3hBc4exFKipmDLA
@mol_aiasmr,UCni2UUEXveNusEhhW9lg4Hw
@momoboy-1,UCDvYepdup9r4Tf2Uh-ABegg
@momslittledoggotnmedia,UCRcJQ6_VIA2URjgQ66JCYWw
@monkeyaishort123,UC8xNbS348jWYFqCJ4ezluJg
@monkeyanimation-v3f,UCo8chxJqPJShDA9t_u3is3Q
@monkeyanimationai-g8,UC4KtHhiyBlGAUViHnxq61LA
@moonhugai,UCN6rtzEJEILnImtIgcLe-kg
@moreagiert,UCj9zpsRYZPsAl5ZT8Mnwy9A
@mothercatfamily,UCzOOuGzwrSLAhLWiVP5Ev9g
@motion-film7,UCb6ICa53AZV7je8IDTa2-4A
@motionai_09,UCTRzGKEJYurR5Tw6sw7LPsA
@motionstorybangla,UCZnAKYE3JhDxogAqhU1Ox2g
@motivation_7940,UCveo8zLUlchzY7uXpBWmvEg
@motormafiaa,UC7pQl8Sd2qBCeSppP1ug9rQ
@movie_mind555,UClkxbIJDEv3E1ZXQ9aCI2qQ
@moviefuny-n6f,UCEZPRU-vXvXPefN_-AIOVGg
@moviessexplained,UCbkS1HHx_oeQwxL7M9XLVUA
@mr.ace67,UCDBy1zWZ827JxHnYzekjRwQ
@mr.crushai,UCuaHbZ4wm_rYatV2XNIersg
@mr.dheeraj001,UCujAhoq3c07Xyxp3GYrTucg
@mraryanx7m,UCDoZHUhgSw2UmSszgIELNXA
@mrcat1414,UCO89UGsMlNWJVEnVvmErSXw
@mrdipoktantidancer,UCdqDTvOrmSzvSkZBRdaEmSg
@mrmilo-k4j,UCS3CS1FRL3rtCZoM6l8aCHA
@mrrstarshow,UCECvqVy13hAwvHbA_zAYl5w
@mrtung2,UC_3YxVMYLWLh89pTZwSGCLg
@multiverseofai777,UCT6CFc--SRIayEcv-U7rc9g
@multivibes01,UCdKgB-hqW4Zu1461Ngj9nCg
@munchkinmonkeys,UCq8ZUfO4VE82Yc0Es6oGzqA
@mustafasamejo,UC7MRr1bJskgIv27cZPWwvkA
@mutahharplayzz,UCRJ_NSUUeHgytGfXeuK_gFA
@my_cat_2025,UCdxBoDzkMU_AqGvxrlmuWeQ
@myaidog12,UCNkr7frB0h2AZlycXwmoJUg
@myaitalkingcats,UCGb13k9EEm7quYGwDtyPM5g
@mycatpets,UCFZ7_k73qsix_pwAHj_UgGQ
@mylovelyaicats,UC8HS_gjZf4fZpabTT2SsOYA
@mysteriousoftheworld-e7k,UCx5kyLUReKirztlFsyyMS9g
@mysticvideoai,UC0tpBPe3PVzy7Xj3qf9D0FA
@mythsofwar-w1z,UC9jgTEEiHz9kbxcfTzFCpMg
@nature_neuro,UCZ1fRtz9wOBLnlQKgRfGtgg
@neha_video_creator-z1f,UCExK4b1JzJcydPtXBBNx5Zw
@nengstickers,UCWroNVpYoqU8C8NsewR4tXQ
@neonneko-c2q,UC5-fd-OwOePwNCsKcN6lnUA
@neuralclips-u8o,UCI0o6nJznIlQYiPkyR8oFnQ
@newstoriesaicat,UC9ZP22X38T1UUvDM5dMT16g
@next.level.ai.9,UCAqkh5OlvCBejSi3lac2bMQ
@nextgenai120,UCncX5Hg604n5tOeKR8RUYuQ
@nextgenrobotai51,UCHLDJ5kwvGLZ8GcAP47COJg
@nextzenfactory,UCXIt9FLpOoknG_vnM3BleTQ
@ninadrana_701,UCxNTt_PW5wwFSc7J0ORvNeg
@nirufunnyai,UCthuS6Thci90zEnNAi5adeA
@nitinkatam,UCNYOQpyNWEBcA1VSkvoSPjw
@nitinverma-h6q,UCGbAkTN5SbIAdLwMDeagFgQ
@njstoryofficial,UC7WIwWyoo17Qi29hrIbpSnQ
@nnrr-n4u4x,UCmAlwjq9DnsTpDofiH1wtvw
@noalexploration,UCeuaJvL3E9g5-AvdMcZQWiw
@noorkiduniya-jt3oo,UCJ3lG1t2Gsw8AN26s-6H0Tw
@nootbabypenguin,UC1-AYusymCQ-fwJ5s6jngUw
@nope.1-k3o,UCbKKk70p-FbwiEg-UOIvsaQ
@nostalgiagirluk,UCFxTz3cPeEpporJ_2IuDQfw
@nostalgicbritain,UC-iPrYgNW5f3w7uPnFLjVog
@nova-ai-us,UCILvm3-d51INxmP0LXSRMeQ
@novawisdomtales,UCTxEqJkuKGkPQLdRiJUZ-hA
@novelreelpicks,UCDo_bUzUbk19Cnr-uduYjIw
@nuvi_taless,UCbulY9xIbjNPocUCbwsoW6g
@nyannyandaily,UCWcgJsZPtNwZTefF1Hg4X9w
@odd-verse,UCSZBPfh1QWfRuym4wYwKhpw
@oddlycravingasmr,UCUOdaW--iAhCAwYTQ7tLo8Q
@oddlysatisfyingfruitaiasmr,UCJ3kXphF9E54Ri9pP-qzdzg
@officialrivalsrofls,UC00dO81vbadwwP2SPAolMpg
@oneaishorts,UCMMgIKj5nJoocmowNydYlzw
@only-ai-short-video,UCbMLqOppZwf6MiAXdHirrTw
@oopspaws123,UCUD60WwQkUMm4rwa_gQfecA
@orange.cat92,UCx22POkBCnv_qd6M-0YnPHA
@orange_cat2026,UC2gldTgey0Oj5c20k6iF9Lw
@orangecat-1205,UCBwvUzGULLBsFfhSOwJjgKg
@oreomiao,UCNhq50VdgQ73psB29mgIFtQ
@ourcat_04,UCH394ugRqpC7qShuKPTyong
@owisdiary,UCCps5pWuLskb9r2916U-nOg
@ozotx_10,UCY-qxLEP8Vfwd31ZwP_PVUg
@panda_pop1,UCWd7My9eUMWOjIU8BaTuVVA
@parutoons,UCVbgcHvSgWg0VgB-6S1XImQ
@pawmedian,UCsZmPz7wiNdRDfg9ZV9EJtQ
@paws-that-heal,UCaQeoInsh3adc5Dk3kPBZ0Q
@pawsomepanic,UCWknYcsQxaGhBZdY_FJOArA
@pawssmiles001,UC6ucZLAMp-08BXT6JA7075A
@pawstory-ng6pp,UC4i31ICjBAvmVFFcPZ81BIg
@pawtracks-jnk,UC8SsnJcbOfRdoztK0oQQkAA
@paybackchronicles-x8v,UCniAqjIeHTfAFQseACeabzg
@pengpeng-22,UCWve-U7mDIR3OnFiYlKNfiQ
@pengufun,UCh-1WUVaB1Cfli3pJk2GHTA
@penguin_louis,UCQHRacnCtd9hvkq06O863Gw
@penguinadventure88,UCxWdoR0gWdl72eGCpFoIk0w
@penguinbaby-86,UCIccQFZquwWIB6pEtlF0ZTA
@penguinlminds,UCk2KcebLtkG83TM9Jgtgsdg
@penguinpalz,UCsZGM8Si7wsN7jMJFjd0nQg
@penguinpegy,UCZDLfH2xtOq_GWJWS0meGXw
@petfun77,UC25etatNcVflpxHR25eQfag
@petfunniesai,UCWHrpZ5t0IEJlRcuLwuvn-w
@petshub-h1v,UCMo-8--cE5FcWxMpGJXUSog
@phantasm_realms,UCJlzrYlKfpzCfTWA2j2IeZQ
@phnxbae,UCi9eSbl07o0akX_oBhrBgYQ
@pickart.online,UC1_EHSPY34voTvgWMsHTKEg
@pigeon_ai-s8k,UC7sR5VcwvG9TZ3cZkyDZK5w
@pigeonai-g2k,UCZuVDbMiZOvLle6_itiQHVA
@pigeonai4k,UCQCA4tvk668jqMI8iTCaXyQ
@pigeonaianimation09,UCmCu6Twg2ZxX3sfayxGq0GA
@pigeonanimation12,UCcuEBXCazZbV1v0xum0CPVw
@pigeonanimation18,UCDKoWQJodFQYGLR9Jg4ntQw
@pigeonanimationai0402,UCqO-rXtu5Fe4JfjzIAiiJ1A
@pigeonanimationbyt,UCZ9oVdx6BO9Nfd6KOlC81eg
@pigeonanimationcartoon,UCX1jeL7GNoZqxf8ZYDgsQOQ
@pinguzitos,UCiiJdbEU4jqBN2JhRwQnndA
@pinkcatai,UCgpgNz9lPrXCsEB_PZrtZnA
@pinkpenguin006,UCbLpKptsMIuMLL7Xx2shTLw
@pixelpulse3z,UC8G0ZcrhyVZeFQzsDNaaIFw
@pixelvision-c1p,UCSjcWiOOEUCvam1OsogyL6A
@planet_ai423,UC8V8sBOF9k0NiKM-J0cOqZQ
@playthemaster,UCx1zTpJ9tC-u3jG0km2rZAQ
@pluffymakes,UCojwPiZNwDNo3DaBjORPJWw
@pocoochannel,UCT1s452IuP8f_Uv-rjcMl7g
@policeauditauthority114,UCTkn25RhGY_31Sma0aIoFGA
@policeoverreach,UCkk1TRJgfStc1VC2StSJ2sA
@pongpongpanda,UCcLYHEnTEj7NvQOGdXx835Q
@poor_puppy_storyrk,UCurhP-Vt8XpO9u_I8KR68NQ
@poorcat-g1g,UCVxf6EmpDgcabDgdPSFpjvg
@poorcatai,UCW830aVK6Ddw8cduHvYV5Ww
@poorcatais,UCIm8aNIaD3TGqZPGeKLT-XA
@poorcatkitten,UC1dt0DFuJpl-PuH0JUoeIow
@poorpuppyshort-w7j,UC_rU_N7VurIBZf1YoscCzfA
@poppinganimalsai,UC-UuALZggu1HUptnl6T6Mfw
@powercats-f5q,UClf5K4CioxiOkbPXNxZ7ngw
@ppkids-u4p,UC4J7Uqdz8YccGqmmBVKB0uw
@pramod-e6d2c,UCE3kICOugFGgSfBkLO5fJUQ
@praveenkumar-t7g8f,UCdENRSS_D2DKcD3XclaKR8g
@precisionlinetv,UCBxNeiI48x8IUlG0JXegcCg
@predmet_ai,UCEdX6vMlOE-E6AtauvC1yiQ
@prehistoriccreatures9,UCW0KV3sEGfz9kLOnY-UMmkw
@prettyaikittens,UCbPtw4bhb2ZrhYR0aFinsSQ
@prismasmr.1,UCsD8_h0I1fynPefpcGgtDiQ
@prismslice_asmr,UCCtUwYLoYnNTB0pyRlIbuJA
@priyu-y7p,UCqbAuSCwbckx60rRZYIYQIw
@process-h2t,UCJtVeXQ9EhSXLer8SNUZhbg
@processasmrfactory,UClZiwPbOBEjO26i032rNEPw
@processinside-official,UCerb5Y8DvtDnpYlKFJkDYAg
@processsupreme,UCK7oc1zPlHM2XNkJGZTOtzw
@production_secrets,UCmuPtBqGbcD48omp6fWtBiA
@productionmanufacturingprocess,UCB8hYcQ2L1Ep5g6GqjW3K-w
@prsv_ai,UCXwr_hQSBMK2l787aOofYAw
@pstoon-i3e,UCoZWFC8tb1cr9XfouH4KWVg
@publiceyeaudits,UC348KfMFVBgyjuBJgYwTi_Q
@pukieebaby,UCXgrub6O2Ufgk4lKgy9yvQg
@pupmasti,UChqMo5I_2G3NOLbOffWJi-w
@puppy_sangchu,UC6M4OsbvM8LsPVWGxI4Hifw
@puppyemotionworld,UC-d11mMTbVAqJJbVed6Zzhw
@puppyheartai2,UCTKjBLTQ0hgWrWjhxgXi22g
@puppysstorysb,UCjJwCuatQ7RFdANR55t4Miw
@purralleluniverse,UCesrGc4OC4E6iSG6E5ivVcw
@purrfectcats-s3h,UCHLIY4wDd59eSOTo9beDBUQ
@purrfectlycuteaishorts,UCu9LLET1iEg3Z-f05O8_m4g
@purrfectlyviral-j7p,UCgv7BvLGAUZgklOjthDYBkw
@quantumkingai,UCY2jmIVOGA_O4KYmEKia5Mw
@quarterdollar1,UCANH1JSjpvVJi3gCl_lABHQ
@quietaiasmr,UC1EdWwa0JuPA9CsQDtcW2cw
@rah-e-deen_92,UCpZZI8JT0_yoHMh8l1PFS-g
@rahul-470c,UC-cCylSrWXH9ujk8CUB9FKw
@rahulaianimation,UCaz7N1PCSZg9veRyMG9rrzA
@rahulkumar-z3u7k,UCFlXiyoqXzKRzfAU8UZGCZQ
@rajchauhan-l9v,UCdOgNLyN5tP47a69ICK4jyQ
@rajchoudhary3795,UCeAhcQrCYyWsAGqYtBlQvOg
@rajidaanimal,UCY7cUJ_-qlEdHz0Ar11GXxw
@rak-entertainment,UCYS2R-iiEnBEDnL3RZQezZQ
@ramitsaraswat,UC4w3FfZQ5o-k_phXfYPpEZw
@rammugaming-x6s,UCEchW6-CdRmGAiRNP36LnxQ
@randomdudefromtiktok-b6f,UCvCQlFL7cpjC0QRf8DEN-Ng
@ranibabelkheir,UCFY-toiJYUGQqv-LX3wDBfA
@rankrelax,UCCGGovod0hUGnSW-fr3fwVg
@rarecoinsinfo,UC47bu1R-KMZ29uxwyxjmd_A
@rbcatlover,UC_7j_2NKgQh5klpFLVIv9EA
@realanizyroshort,UCL75T26wBgkrL7F_9sw1iRg
@realboringhistory,UC1nfjgHIKseiep2WZpPkjNQ
@realhoastorytime,UCGpw5wmEFJTd4O6PJ65Rh9Q
@realhoastorytime-o5q,UClcgoA5GOrmTD7En7D-AzJQ
@realhoastorytime-r2e,UCBlLDlKIiiok8PGn7g9u-Tg
@reallyweirdai,UC9CwlpBgAKEeGfTF6vFyfEQ
@realprocessinside-z1u,UC0TojF_kaWnqDBweoA6BS_A
@realrawaudits,UCmfMSLD4f9CXdNHTcBIVrNQ
@realsketchyminds,UCGoKX06lxUAzVS_aq__74RQ
@redditstoryTrail123,UCWlu8zlP4hlyln1x31no2Cw
@reelfry-art,UCW9XhKjpoLesrJMTsk-k-3g
@reelxeditzz,UCNn3b9UfoSiaLdNpVVwIRNg
@relax-journal,UCJZrfCkCVQvi32ZeB_NhzCQ
@relaxationasmr-o5l,UC9LmxkxLa0E_Mrjs8-ppWcA
@relaxingasmr87,UC5aaRQsSmhKaocggrhVYSCg
@requiemofthrones,UCnI5FzXyj8t95_qSWROmbng
@rescueanimalsai-q6s,UCEuNyJmuBdS2tqA0YrDY5sg
@rescuetales38,UCNWwsuqZEE3YfeGwp5JBocQ
@researchriderinfo,UCTq9RQ00SWZzg7Y4Zm_gkzA
@resurrectedhistory10mv,UCmw5YZZ7qsemNWpP87AGiew
@revengediaries-1k,UC5Faf8YAa35SFWSi3whjsFA
@revengerize,UCq8ixTNtX0I8_gRPuJWLLkQ
@rhythmoffactory,UC_SAqSTqFCc3nL1no9g5p1w
@ricoraccoon-1,UCMdJoDXdoMNJt3Fe5QGNdxg
@rio_5uai0,UC8oZJXb5dDwrvanlSoOutsA
@riomovie1130,UC16113nuJLXS7Pg3fFXuJMw
@riteshshorts-001,UCd9RG_Chr9y5D8TitdxnyMw
@rj44funtime,UC2coYVwVCMYLH57qsdjlRRQ
@robelin-w4u2d,UCbJUWqXz4JZgCGBoGx-zjdg
@roboticsvers,UCXkZuTMiFa643wIuidta6Ug
@rolaaivideo,UCjVyzMS-IFkL00BJmGSe4YA
@rolovstheworld,UCEU0JtafzHmQjOSBNESKhDA
@romadianacats,UCXfuKKFv0fzDkanGgnogtSA
@royalchampion7,UC8aCiEL7fS7jVRN1HHC0Gsw
@royalpetranker,UCPetFXXKQxPQuWvhhb9Qm_g
@ruchinofficial,UC5b8DaCG1SadDAvtFt1wlmw
@rudolph-y4m,UCG7PN2EGj0aL9BdD_-sqfyg
@rukhsarzulfiqar-r3t,UCIqpXOBCc57oYc8Iz2-uMFA
@run_with_ai,UCMFWl1ot-KjgOypFt557JIQ
@runwaybliss,UC_eSwlNhXqjWlzPWyMzY7rA
@sadaicatstories,UC-3xjSjYtOPBGWxRerF3SBg
@sadcatstoryai,UCo21DK81g8RRvpEZEvwKn0Q
@safyanprince4182,UCpL5gFj7Nt7217gLNlOiU4w
@saicartoon-v7w,UCtF0ACAGtT0mk9n3iPUxUfA
@saifulaistudio-p4i,UCcGoKNrE0WEneoNlnycfyFg
@sandymayasartwork,UCFiAdn33J055ct76dM-bg9w
@sanidahiya-h3s,UCX-_Kg8BPUgQfkOHUP4U8zA
@satif.ai_asmr,UCzDRFCWAqhpp8RJ3x7I1Vqg
@satisf-ai_asmr-jp,UCFzoodRotm6iGvrQZBl4FLQ
@satisfied.asmr.videos,UC0wMQLTvEHpgcwMIjvDnTyw
@satisfyingaiasmr-f1h,UCFqEPqmJsnwWa8lYY3c_DRw
@satisfyingasmr-ai0.6g,UCsoxtN3nEw9y3GX9dgLhU6Q
@satisfyingasmraivideos,UCrDuU4412GCpKBoAHnMVePQ
@satisfyingasmraivideos1,UCLzRE2PSVqiFiCFlNsj3efg
@satisfyingfactoryasmr,UCS321IRJ4yVbPnv2D2k43PQ
@satisfyingfactoryprocess,UCDXk2n_qmdnb6-0Yjkdo0BA
@satish-d5d1b,UCAJR3u38sYA-90cnNDpFvTQ
@sauravkreations,UComrC9ekIzQUl67DQfyT89A
@sauravsingh3838,UCCRhhtHttLARJsH5wMsAoQQ
@sauvo9136,UC7U-wRfzMg2kW0QBjtxtEAA
@saveanimalslover,UCf5rsI4yLQBZ-KTJgkLGosQ
@savebabyai,UCmJAZ0KG7Uy_o9wjiAGO-yg
@savethebaby-p4u,UCBLia2TDUsQR_MjDZCyXe_g
@savethebabynow,UCEyI9WFf8AvflsijBnXD4hg
@sbbssbbs-v5l2j,UC-oXfAEevVtOCN6XQ-0HDvw
@scifispace34,UCQE53CsXah9lDXgC90ZqP4A
@scrollcatlover-e1o,UCprB2u_0tIYT5rg9pnT8b8A
@secretai3,UClCMcpAIQkEA-TtC6v9giaw
@secretmoly,UCuvhbmffMmID_etSIrWtyiA
@secretshistory,UCKzQvADf09ERrHhvHmCmBEA
@serenityaiasmr,UC_E2xKKoEeR-U9dxTxMemMw
@shahidshantho,UCSrMS7VMIljNsPYDGeTbM_w
@shawn-cats01,UCvLnJvdm4Wu5WEMKTQWWrKg
@sheebaparveenansari-q5e,UCSiMsM9Keo1hm5lDGmHp3Qg
@shineai01,UCxTZcsQ5GuNqOFuUQdhFCbw
@shintakhai21,UCYPYx7Nkv1GmGk2sMB0WpDg
@shivi.vlogs-09a,UC45XUrOz7zUf9s197u2AioQ
@shkamran,UCIhB_JDS3HP3glsK4qlFsxQ
@shoaibkhan-y5x9l,UCetonL803THUcOK9J26eOBQ
@short_k-x2q,UCIIuHwPneHRpAmKFwyk1Aeg
@short_worldai,UCaTfuvSWx0MQ8B5v_fFvosg
@shorts-s200,UCtqep-mwbBx6e56D7npZ9Pg
@shorts123ai,UC_sS3BbSf7Hwg-ECfKGoBrA
@shorts21i,UC8sCizXuW_iXIFi8w4orwoA
@shortsgeneratedai,UC8WEer9UGiL22JmkKOvfKlA
@shortshub-z3c,UCwnVRRktiJlr0v0TgE8AN9Q
@shortsmasti-r8y,UCpfzJKMwPeBqRKfQES5ZaZg
@shortzzz002,UCL677xrJ0OFXdLcsSG-rAnQ
@shriyanshgupta-t3k,UCnhODFArYu3vM1Vk7Q7O9LQ
@shruutoons,UCCWVjdpC_klhGU_ZdNGbowA
@sibuaistory,UCgjmzEBkCeRquM7eVf3ilEA
@siennavideoss,UCdTn5pzSBkzvsV8VLCaNihw
@silentfamilydrama1,UCJ73JTOKffWqhLkBbzFWzYw
@silentmeows-o1r,UCQqzHIbBKOKyFV1SQJmmQ6g
@silentpalaces1,UCxlUBU1Qs13Xg6krUfZLAQA
@silentrestoration-00,UCJIDdE3xReA618b2zXRsZCQ
@silentsanctuary-p4q,UCjf1bWojGOtPKvsBapm6X6Q
@sillyanimals2,UC40Blk4FjaV6CQ0qq9OWyrg
@simpleai-m8r,UCMemSXHOQ-vWxxDoUVmuKKQ
@simpleaichannel4,UC4z6xtAqbk6oFwg5qhq4ODw
@simplemindmap1,UClkguIOi6FX-cYuowcDlSZA
@simplesocialvideo-14,UCbWcxKsuHUYvnjKXZ8fG_kQ
@simplyxplained-h6o,UCUZ005RR2bQAqdsgCucoqWw
@simuiationn,UC4X43RcgsGXO6tMcUeT0TBA
@since1939ww2,UC_O7Bf52Arsu4-w5qnhylUA
@sisterverdict,UCkm6W1_Ig_2gn_zCy9EUz1g
@skaj-eg8ef,UCj9Hz8i_ZYGvrLqpPVmA31Q
@skasmrai,UCn6Wj1PYEmcCa1WkZeU5mDw
@skaspiali,UC8XmPLa7hmGjPYBMVTaemOQ
@sketchocalypse,UC9QeaKy-AXk9yRQ9WqTvvmQ
@skillman1507,UCo2gaKm-zrA37qTf_pwD9tA
@sksaistory1,UCFe1mgXA5frSojFXHCItlrg
@skull-story,UC1uRZjD4Ipkihs3wRodha5A
@skyworld100-9,UCvE6BHnCUYoytUi1XV3HDKg
@sleepyhistorianboring,UCuxfg7lSwfy7RU7tPyC5uLA
@slicebotasmr-c3i,UCYjqMmYDk4L4bKKMiaHIu7g
@slicesyncai,UC2dsQNv9jOW-XVaeFmDpBNA
@slimesoda1375,UCsC_zJou2jL44-hoN1-dVQg
@smartcatai575,UChykTludI9sSQcHcWlasXmQ
@smartfruitasmroffical,UCE7AmVVRXALOpzBvkleiw2A
@smartfusion-c5i,UC4__KEmbjwB7azxuEuOFePg
@smartybuddiesyt,UC4ofBasVF1D6Fhs6524lrtQ
@smilecatstory,UC_Zp3KVrLa4YV0ZZyU-TCeA
@snapasmr1,UCgi86hbcKt5dWbXS_8iiVuA
@snowbaby-sb,UCDisoOfZOCiQhWKN-NMO4dg
@softlynx-u3j,UC8UYlU7YLWRMHiLpXM47r1A
@soothingasmr-j3n,UCUz9LAWowpzWlsj1u0KiZxg
@soothingsliceasmr1,UCr8QlEhUgKCRGYl_IpS_7qA
@sortcartoon,UCtteLyJtYRCfxN6lm1QvE_g
@soulfullstanzas,UCa17pHhMR2BAwNjD4EV_PGA
@soupenterprises2025,UCqPrABMDslvy1esnv8GqRBw
@spacekitten435,UCjiDWVWALeUZ7xUmoYUjq1A
@spi-nal,UCz7BfKMLuG1FGl8xY-8Agww
@spicy-y8g,UCzEJ9TPyRYKfrNaaHmO1oKA
@spill..thrill..repeat,UCwUA2Bk6XpswHAK5Osqg5vQ
@spiritofthewildai,UCprHc6tQHG4VCM2JBAqcaYA
@sportsvn17,UCz9ImpK5JdMkfmF774yIiZQ
@sraivideo0,UCIsGpdCIP--f7aWZj5o7R7Q
@srscatstory,UCkk5VxCaR5zI16uqF_tovWw
@srtanimals,UCudkL3eUZX2n_2wHxFsox8w
@sshycat,UCVWUbDXSGri66uvJLTlzZyg
@starasmr-w6d,UCuLGDytocdoP9V8X4k57r1Q
@starzapasmr,UCRNNNaeTvyqoME-PWeQB2xw
@stor-u3l,UC_CO0_dw9q6WJnPOeeFe0MA
@story_of_ai-h3k8u,UCZEkHhvJ56Nb0n7HNNEPEug
@story_snapaz,UCZXw_AsbJiCKBmn0_tPw0cA
@storyai-films,UCZC1GOAMTCohUwDDE0c6PLg
@storyaikids-s9x,UCFc0CH41qoXcu0Vsr2Wjpvw
@storyforkidstv12,UCrbNRdQh658df6lCPa23nAg
@storys.meowia,UCOtPlGicz3qG7VCHNum8urA
@storyscatai,UC8EyPnYIsbwZ2rYZZP5THHg
@storyteller_ai2.0,UCMOeq6hpONo1wy5gYIxBpug
@storytellinggai,UCmLzaT9W08tBm-bRKl-p6cg
@storytimewithhoakarenstories,UC11umAHCYbdm40qZ4Y_oyUw
@storytimewithshorts-t6p,UCA-HyxEexRa5-0PrK_7lCjQ
@storytimewithvishal,UC-z-Ap_gzXN29h_RILPH5lA
@strangecatk,UCyvQZ7hF8AltSuUEGYIUgHg
@strugglingpaws,UChSXbfJ0hg2e79m-uPyn8wQ
@sumanbhakat-w3y,UCudMsL_68n7CsPeA1ZnrDFA
@supercats-i4j,UCV6e3g8l3dtu9zi1esxdE1Q
@superheroesmultiverse1,UCUQzOuT1ZM0ANIDz_HX5aYg
@sushjha9140,UCPRcA7zJ1i22tnCfTB8oh4A
@sweetfactories,UCe_GH-aHXozaDBN2bfcWIzQ
@sweetstoryindia,UC0bgA9l1rvl3pFvalNDX6WQ
@t_ai_x,UCHYFNOKY1YRvwBWqtgQUvMQ
@taccotv,UCwzmFhITWcP0J28oX6pKYTA
@talking_angela3,UCWzTZ_okpxsmj-D5xOxZWWA
@talkwithaicats,UCkts92w_mBoRIkIDmBN5ndg
@tamim_factz,UCv8uDfLz_AFi-nJ3wKKKOug
@tanimalik-f9q9b,UCyN8TUHRyTZMiS_yl38NvvQ
@tankermedia,UCQ8DPkzQBZC5CRN4dAw28jA
@taraaianimation,UCxQC0hOfa6QJMsxbWZFJN9A
@tasni-999,UClDlVqJ9-GjNy4uSaCEr2Jw
@tatfarmprocesses,UCDJKGqpDsOYdNA2msLf8UAQ
@teamoffgaibandha,UC2SPLrrvoBXz1Jaj_g63U_w
@techanimation4,UCxVn6LgJnb54dleumtwZ7yg
@the-british-past,UCdk-mkC4ghTExaD5lbEfe_g
@the-meowmint,UC-nTCrj92edQkq7WbMR3_xg
@the_four_friends-w5e,UColPrx1bAwvkd7pI6Oio-pg
@theaicatshow247,UCDRI3z0HsOoPu6-iDLkem3A
@theaicatviralshort,UCKwOF7KEMPtH2ehRNdW65YQ
@theaifuture-t9n,UCGwebts_gRgqqUVQ1oRnkFA
@theanimatedstates0,UCTVnpqauSD6SIKsa-UX7iFw
@thebattlenetwork,UC4Yi1YyiEbkxaet_kazonCg
@thebeliefguide,UC1WJtDfdoD0NdHbn_cNJQdg
@thebiblestoryofai,UCq6FJKiRh6OUh8W1Yt8CInA
@thebizarrevault,UCNVUeK6Hk5LrtbUo0tBq27w
@thecatbonds,UCpg52OgmEBfo5apLjlqPsfw
@thecatfamilyworld,UCfF8vFiTNKU6EuryD43nnqQ
@thecatscute97,UCXcGyS9ZGEYHBefUIQofDeg
@thecatsmeow-v9e,UCtaPeXyF41XVj07wS4EuTKw
@thechoicelabtv,UCPE8Iy4Y5wr8u6fM8mbh-Hg
@thechosenone-x5q,UC2CSf2NgpLpD4G1s8B92Isg
@thecuriouscatt,UCcP3cV95w9VAym7RrYcTtAw
@thecutecat129,UCkd7l4AMh3En9w4Ub38yvrw
@thecutestaicats,UC9vJ-VdCdKW0tMSYF7TV_pQ
@thecyberpaws,UCWzywHhjKZh2vbtayTmbmsQ
@thedictatorarchives,UCzJgjLREtDZSutWa-Gv36hg
@theforcearchives66,UC8al7my6qGZiE-fZMI-0ErA
@thegolfhustle,UCBuY7CBLmYq2wPvsXM_NrXQ
@thehiddenfront-ww2,UCOfkUhiTzE09lcXryfAoOsA
@thehoadiariesduf,UCWGkm6uoEpBr1AFZCOg1U1g
@thehoafiles-l6v,UCQOM8KiqTSNgVGchrNYEpFQ
@thehoastorytimemoments,UC4WRZ2JjaF8d6gRyKBJ-ZcA
@thelegacyofpattonww2,UCBJjb-j7XUxp4yeVxwDTCiA
@themeowmonarchy,UC6ppHlYBAZeTwhXUv6iiuYg
@themeowmotions,UCSaHL2Xho_UjC8k-d2a86Fw
@thenatkhattoons,UC45f9gB0m1HR6ZmqE92_KhA
@thenostalgiabritw,UC3QIqG1ji_fpHoht30hLkXQ
@theoopstoons,UCSK3EIuiNd8y6CNEA7SqTMw
@thepattonfiles,UC3c1QWhCrxK3ExLN6_G-YNQ
@thepattonlegacy-s7i,UCjd6W-ORMCxfIYHTRHN7xKQ
@thepawfectaifamily,UCs8Gzc4fVIodZLBnPNzA8PA
@thepigeonai,UChzF-_wmQ_mIy6w-ps1kOjg
@thepovshift-s3w,UCpahZWNT8D6MEvzlRnmsylw
@thepowerofai-00,UCDr05HAMjk23jvHsw-H3lhA
@theroboticsfrontier,UChUfGxwXpmNPZCH4vgxFYOw
@theshorts0322,UCblVUrNLyFfqp-lFnlsReUw
@thesingingtavern,UCziCRQ5KnYAn_RfLOcLyhaA
@thesleepybiologist1,UCRZAOUTfdgv_mPzrc4YXV0w
@thesleepyhistorian-z3l,UCYM46wtM5H-XDIDvAaE3T4A
@theslopfarm,UCOoybDpyudxO3abCkLd08dA
@thesupecat_1,UCQNJYjAJSZN8OTTDrP5PrRw
@thesupernaughtykitten,UC88jH-hIRwer-62cCYK6exQ
@theuntoldchapter-g3u,UCbfiniVExTELqMboL3RzIZg
@theuntoldww2stories,UCHK2n3o4XCDJDrj-dE8o5DQ
@thewarmap,UCXCyxWkA12SSWUgr5ivA1NQ
@thugian2,UCgAJy9b9PqQ-xr58LxE6DHg
@timelineofww2-x5e,UCsfrjgxyJhD9HbmaPJrzNxQ
@timelinesofwar-e4n,UC9z4QUoxe2ZZ_VLm58mEiaA
@timelit-h3e,UClepEHk6CYtQgYdNEmwMQaQ
@tingleverseasmr1,UCiI6OWRdE1K_jHIzC0MhnNw
@tinnytoonstories,UCIqsMx4V3MAoAmO1LcCuvBg
@tinyadventures1996,UCNtqYhtO7eEZds6tZEqBCHw
@tinycreativeai-t1g,UCbvgyC6cfXnjajEWgrvygqA
@tinycreativefood,UChhjme4qEDC2TMQpL4tHa1g
@tinycute1,UCA38rcyfk31zOtfXrpphMlQ
@tinyexplrrs,UCIKcKmp_XWCtajKyk_yrr_w
@tinyhistory-0,UCDtBCePSiquHRJjm8TqD9GA
@tinyhugs-ai,UCK0NZAhzfxFKOiB-LBnCS1Q
@tinymeows8,UChtOzRfkhTSMvWypC43ylow
@tinytotss1415,UCrkebXj_czFnw41k69Nx5pg
@tinytrouble-y9j,UC0JFUMTJ1cEVg8Ex4fEwUog
@tinyworkersstudioyt,UCR16mspU6wW8U8bzBtxdr4w
@titan777-g8m,UC1LKtIKyLcNj83XF02k9hyw
@toddlersstoryworld,UCnd_GmdBe3tkghjM08wg1UQ
@tooncraze_cartoon,UCZbYCFGMOhDGALQO_B5MfOg
@toonfuzz,UC6X6L26BNy3KTkiF7TRXIYQ
@toontales-95,UCo4rweck2ZOXww12piIqgvQ
@toontasti-o1g,UC23J1kpBvSEn7-24_G_kvrg
@toontickles_animate,UCzQChu5bmn_uG2WlrNp9K8A
@topamazinglist9110,UCH7KLL2RE0Nm2vIQvgdkHCg
@totalaiarmy,UCe-FlHnyh-g6VLLLpGUOyDA
@toys_love,UCFNP6Xfd-ODh1m7nTyeDJEw
@trendaiq,UCshog_RR0-J9fHGLgow8PEw
@trendingaiy,UCqDXFJBGZi-_5-1PT1s_TZQ
@trendingupdates12-k8v,UC_HuftKSH5zoLbzqsb6O4BQ
@truebetrayalhfy,UCUL0kwdIL7lC0Wmh46TR4Wg
@truehistory1940,UCSt1e_A-nODRQx88CvQhu8A
@truelifetales001,UC3CZnbpJVw6gKA_PvdtMYHA
@ttinyverse,UCGmW_yzmpB91ZG4UlBhOHCA
@tuhucataishorts,UCGyIIAxap51RcM6uE8dLOxw
@tuktuktv-x3z9i,UCxnpP1cXkHm2yn3wBh_7BZg
@tumtumsaharchannel,UCA2wFpp6PbS7mf6wtLfGYEg
@tungtungtv-u1v,UCO3E3kNXhOYNvaqI2YWfLQg
@tususuASMR,UCHez-c1f_kNAyiFKookMflw
@tv_frame_luxurious_art,UC1a5vg7jq2-XLREGw67-JXQ
@tvstarsbiography,UCV728AidQhBMSFVLh13ORCw
@ud_bilau,UCimhfMElW_9bhgO2cGAMbSw
@ukworl,UC58a29csm-Pb5pu3qWXWYEQ
@uldwifa,UCTRrNjTO0LYtK8FFvmsZknw
@uniqueeditstudio,UCbq9DiLs8E2b4bfrnAGLJmg
@uniquemoveofficial,UCSME6p63M4kzGrX_r8q7WDQ
@uniquevlog-s6c,UCgyKZJNZlW2PtB8ZJ--rC0g
@united.kingdom.7,UC2ZlUMl3oRE1nA7jRHqg93Q
@universeofstories-o9i,UCDa4D6xnLpm7dZp48LwbdtA
@unmarked-casebook,UCvf38izJIDsn0qfb7OtfBiQ
@unreadableai-00,UC91lgOEzNqRRZP6turW8yOA
@unrealistic55,UCGEg9pYodxN6QnbR67SqT1A
@untamedrescuesyt,UCDJ7il8iN3__WatjR6sJlRA
@untoldstoriesweb,UC1og_6xWWMabMuxZ-liEqaA
@upwale-e3p,UCMiyzAdaK7sBtxhyD475LXA
@ur.cowsadstory,UCRoMxXlYvMwWa0gp-6UIwnA
@urmvp-fl1gd,UCsn5oWfKpMfedfsTDtL4D3g
@usachannel01__1,UCw2JX5D-Ky-zjSGgDxg_fyg
@user-jv8xi3tk8i,UC3d1Ljl9IGVUfZ9vhrh6NvQ
@user-ke7xn4dk5x,UCUnVwySh6FJEeWlOVtiZYCg
@user-mrbeas0786,UCGyiP6bWThetmZ0AdMYSzMg
@uswardocumentary,UCD-nXud9aE25gT3Gt_KVtgA
@uuuknowme,UCgXxmghFVcjtetaTYvQGy0g
@vairal-u5h,UC2QZA5SzLhNoFTpcVN5ejuw
@vanshika-p4,UCO0GWyk5spmiVFCSbibgjgw
@vclipspotid,UCXfvomlLmRhOxSq8dIZMf7w
@vegetablescutting-asmr,UCFlywoYhXAmY0W8fvojiS-A
@vellob,UCRYmjTWA-0OOVhRGECFtp7w
@vessiehistory,UCTc60j7HW36jlOyknJSCXwQ
@vfxquest,UCL1i64UMX85z2p_rjqk0rpw
@viarlaishorts,UCgwYrFYMe0mgi6apeZ_Wkag
@videoclip-159,UC8SxFfd0tRN41uLKeT1ccIw
@videos-g3q9r,UCAMO4q_e-hAcMCbLgN9-_Cw
@videos_from_ai,UCOUl1M6Zvn7fdFVPGNFH7jw
@vijidhanuja,UC3fJPgehRXcm5812ZOTJRtQ
@vintagejazzno1,UCHtPiWX_5vefaTVwoUgOI-w
@viral_ai_10,UCiQHbmBtyig-2I_EmcucxhA
@viraljunction-e8w,UCm3Y8rdrQr61ve6Dar3hf5g
@viraltoonai-h1d,UCaovAyKWrsoVSxJUNQ8hm2g
@viraltrendingshorts-786,UCtj7OX63Efwv630kAIAhS0A
@viralwildfeelings,UCR9swXy5QEGOxFj-GN7P6Sg
@virtualminds_ai,UC8gFi9Yb1M87utW-HsOQYDw
@vkn-987,UCmvPDIP8s0Fnht7ppQKDKYw
@vneditor1234-y1s,UCVhCgZ0ipuPfY_9g0UhQfYg
@voicesfromthevoid1970,UCzwQ691oLOEcRx6Jrw1vY3g
@voicesofwar22,UCjCymbhNvB9lglwh55YoQhg
@wangming-x5z,UCfqqWHyWLVjBog-2KlCQikw
@warchronicle1878,UCokuUwoymhRkrZdeNRgkZPg
@warexplained-2005,UC-R7wb305LGE0Pc5TVeS2Vg
@warfrontarchive-z6y,UCiMvqpTBlfOd-1uo8V3LXBQ
@warsofhistory-1,UCj0O3P63pKBoQdXSq38L2nQ
@warsofthepast1,UCFXuldbPwl8Rocj7WHjOkew
@wartalesww2,UC2_g0kkrykM0EMZqbymHlIQ
@wartimememory,UCOaqFP7OGs76CHUEC3Vw_ug
@warxhistory,UCY0zY8d3NyDWv88avWr8x-w
@warzonecodghost,UCgMbBcPneaywHnnohjHeiDw
@warzonesecret1,UCYTAQHZo9YyKRHXyp203Vng
@wealth_wise007,UCmqS13G_ofWMvgxLLUpOmXQ
@welikecutecat,UC_MWrxqkIL6BbttYx0oCYNg
@whiskertales-x8s,UCV16z5pVPn-29ajTpkeYZPw
@whiskerwarss,UCm0Rs5Dbkf58dgAk9X67xOA
@wild-relief,UC3WZjs0qmK2kGBwJJM4VgLw
@wildaiders,UCmdUiI8-bS9HZ5BrZ5VLplg
@wilddominion175,UCVijvc22XQmCVfKi4Bknv4g
@wincatai689,UCgR9cV3xbmkc33L5G5Z81_g
@winkiwinkihk1,UCuNPUMQz9lYPKV_2DmdoERA
@wisdomandstory-tu3ny,UCofm0DLke-gWzHU1or2wfuA
@wisdomtaleshub-m5n,UCZggJMcPlKOdG8d-0u7fFMA
@withaistories,UC2pxRvSDHxh2phSgAiAWXoQ
@wonkymonkeyfun,UCo-DdfNYFBXhBqYiApHCdhw
@worldaicatvideos,UCe8jXp8NgOSRNCLfQ-mBX7w
@worldcoinmystique,UCBmbVRFB6M81rnlbY7QNwwg
@worldlife25,UC1nFrDTOKVu4AjczpuiGWew
@worldofcatai-y3y,UCg4vnlDughH4SjDv0W0RgPQ
@worldwar-2.0,UCnJUW2080ZAR0e8xotPMB-g
@worldwar2-i6k,UCqZO4U5IYXBW3LgucI49oww
@worldwar2archive,UC1m0Y9nU-ShYcVg3DB8f7Lw
@worldwidedeception,UCL5EyxE98dkd3zxTP6EPmFQ
@wraishorts,UCGIUNM534UMGQ0TlRjfCF1g
@ww2-b7o,UC6-usWuaEJDhLYlr6qOMwPA
@ww22442,UCukhUFgxLTLKwyb0iA2lFTw
@ww2_military_history,UCyLyVn1yVufwqwYLYYeaBMA
@ww2_tales_history-1939,UCcA7IsdpRe7dU2wXz9R6fQQ
@ww2armorytales,UCZ_3id1AV88tXiKLSIkxRXw
@ww2battlefieldtales,UC3QoUeN1Hn4JMRo9r8_0MvQ
@ww2chronicles-e1s,UC2JNchzGoXZ9AleB7T5PMPg
@ww2confidential,UCzZZcOKAYhxUTEuzRZZK5MQ
@ww2documentaries90,UCPj4HLj4Xno5f_egANKUcLA
@ww2documentary1,UCVRmdXwxzV9TTZERiZjEgtQ
@ww2documents,UCN54rLWQt8QugIcE18ilm3A
@ww2dust,UCM0-vMQvn1Y-qCCHMDYPpJQ
@ww2dustyarchives,UCpGvwnpobSNb8kmyXGFtMng
@ww2frontlinefiles-j2p,UCKvA3yrUgbqRmSHXT7TV-tg
@ww2frontlineshadow,UCUngVwSRESM1SFE7kHkjxOw
@ww2gear,UC983epNTck4ZAM8FvDsOzBg
@ww2history2005,UC3QyO8OicbvxUBakQqDYQSQ
@ww2historytrack,UCDUSBOjhj6u0OQmoiiyuhqg
@ww2in,UCIcHOffLt_gAGeofVWJ2How
@ww2legacy-g4w,UCnsAk6jHbaVm2IeVrjQwnJg
@ww2legendsvideos,UCF7n8tsPXUS1WdZFWy9H-CQ
@ww2memoir,UCVbZEc91N72glTek7dyTQ4w
@ww2mystery-i5x,UCMQXsXSePXK8yq4V2FnH5Sg
@ww2open,UC6yqJT8pNtJ7wDqLwUZKgqg
@ww2patton1,UC7wvv8CP2y6dtKo7JEz8-Iw
@ww2powarchives,UC2zF4_Ui9Z9Q-Jnh1rkUjFA
@ww2realhistorys,UCNS7ekDE-20ckAvBBkxdg-Q
@ww2rewind5,UCLAd9n1xr1gLu-jvaktw8Dw
@ww2shadowarchives.5,UCgmoa-3FfyDBOnDK7VmoLcw
@ww2storiesz,UCihWmV2whvwXM8nTIn-RH_g
@ww2storyes,UCe1rEVfIMZqdqV3Uuo9DDhA
@ww2storylab,UCcL-v53bvwpyqlDpTFB0-cw
@ww2taleofvalor,UC59Ex7flY2rDgh4lkh9_U8Q
@ww2talessecrets,UC0ktbEnnY_9xssVehKlj-2Q
@ww2talk4u,UCFPnIa-JBiuR-qu-mqnvc7A
@ww2totalarchive,UClboNbfmIcnqt3LB5Et9kcg
@ww2unheard,UCHCXwU-TQUC9U6Vrdphi-cA
@ww2unmasked-r7s,UC5LB0pXR4mD51DD9BG-hAvw
@ww2vaultofsecrets5,UCDOY9NfYBxQ5B4jqagi8egQ
@ww2vaultyt,UCiDBXsYQb_Bzz0Uh8_WuK9w
@ww2warpath,UCtlDnY05MNzCOKm6UdtV3Yw
@wwarhistory-z9n,UCee7Vdszq41fbPeoO9cVyYg
@wwiiarchives-channel,UCYeE3WU6EIcBGsqxPz6xcxw
@wwiichronicles-r2l,UCwT1jV7vx92ke-td6lemTZA
@wwiichronicles_05,UCq8HYUEx2YbDROvUslzwGqg
@wwiiechoes123q,UCkZfnCDpQzS4lpX9-1NPIAw
@wwiiexplored,UCEhUS5XGOa-nJX3p_ApZ2ig
@wwiiheroess,UCK1sxN7nFlx61bhXfMUpVNA
@xcataix,UCYhk_XC_mJnvv3CwCsrM72A
@xiaoxiong-y8z6o,UCgKF-I_-yDzADbD-BjyeCtg
@xyzshortsstories,UCaMXYQHxb2DyBKx2mq9q1_g
@y78.78,UCGd-9KZlL3ia5bwB7B__U4w
@yanapuspita-f3w,UCRzt61gUXcRzj96wiAKDfrg
@yannislo3266,UCPiyEHdLKMNd5cwff_RaLJg
@yapaybrain,UCq5GO43fuQDITgpcL6I9jAQ
@yesterdayuk-1,UCTzyb0vKqGdLQx8gbDCuvWA
@yeteyeuyehehhe2058,UCJsaeGHlyMg7TMsPblIWjAA
@ymar.24-y5e,UCcRgkqc_xRgxsOu90gX5PnA
@yoaiii1411,UCHale0m86tKp1rp8KE4eGWw
@youtubeshortsasmr,UC8xzhfthg3lS6qddEXU5Jqw
@yuliya3k,UCpC_HNyn0P03cyybax-rP9g
@yumyumkawaiipets,UC0SkZ0jYoOUqOEtVTC69YbQ
@yuraraon,UCpCKcs3mAXpLqA7VS_TEhVA
@yurutone,UC_kuK7DRTd4GLGeq2jT6QHw
@zendy.official,UCPchuHbdge4mdqoEutYDqvQ
@zigmeowmama,UCqbpWpXfsV_44a_hO-zmsJw
@zippytunes452,UCl3NO6_8whRtMx-0FyvYotQ
@zoomiesroblox,UCEibz4QLbMmbptM5Cl5g3Xw
@zoorora,UCOE_uTlQTov8nIOEzZG0mHA
@zootopicai,UC1PBo7swT6p0jV_6LlPsxFA
@zoozingstories,UCziPr1yByZMbcjy1TKPaE-w
@zupercats,UC3A_c_4f-NI2CCalSHnkZdg
@博特夫4848,UC4N3Ajn8YnbWDypFQ4dQ_6A
@소소한작업실-z8d,UCU46ob7EWX1aHkM4VZIf1dw
