handle	channel_id	status	current_handle	title
@--N4R1	UCh3wf1D_kJSi8uMb4YAlZHA	ok		NARI
@-ra-bbit	UClFs_Sr0QMSThLaLWx7OJ9g	ok		라비 스튜디오
@0.ultimate	UCVseOim4D78DPpKya0sPLiw	ok		Nohype
@007Facts-k9i	UCONL0CV4vSF3coBr-bErOhQ	ok		@007Facts-k9i
@04SI5	UCElC1RaIU_7L6Bwd3vmMAag	ok		OASI5
@0735-u4w	UCyw-_kzLCo4GneX8oi1molA	ok		MexiGroove
@1-cj4mk	UCWIfh7EpiAsEdZuqiDn6GiQ	ok		Wonderful drama
@100-AI-t6y	UCpryItUaX1IwHg9z6bUntOQ	ok		100% AI
@1001STONED	UCp2yIacx5x7MCn59YiMqnog	ok		1001STONED
@100_Years_Ago_Today	UC9MrRbqAkG4S9bDQsLOEF8w	ok		100 Years Ago Today
@100daysoftransformation	UCnRsh9BI0S3dbd5v1HxiRpA	ok		The Hundred Day Transformation
@100k-views-q6g	UCgrvahB4i2sJleFPBlNUpDQ	ok		AI story 100k
@100PROofficial	UCWNGRbX-bi4x8sAdBG3oB4g	ok		100PRO
@101ciekawy	UC0ANOl7TR-tuX3JEvODlJ4w	ok		101 Ciekawy Fakt
@101designss	UCoAdMaanFB7IDqgLmhV2Akg	ok		101 Designs
@1032Apologetics	UCQst9IXgjSwwlnR8McUHgqg	ok		10:32 Apologetics
@104-NewsLine	UCztMQE_DABVBr8fBZbG53ow	ok		104-NewsLine
@10HManhwaRecap	UCv1GmNQPJPf072HFZlIdhcA	ok		10H Manhwa Recap
@10minexercises	UCIuYCSz0xcXYNlYTu9Sl8lA	ok		10 Minute Exercises
@10MinExplainer	UCYNI0GXry0Y0m8T65CWma_A	ok		10Min Explainer
@10thtopper10	UCOamTE3F8caYiktGyvb4hlg	ok		10th topper
@1111GodSayssss	UCmq1CQK4o5kwrDITgeyX98Q	ok		11:11 God Message Today
@116-Nova	UCfhCjUpofJ01t4j-NBpDCpw	ok		116-Nova
@11starxx	UCAHbAes_4vbwTilZlKPq7eA	ok		11star
@1221Recap	UC4erRQuMzptu9MpkObbknBw	ok		1221 Manhwa Recap
@123Rio-o1s	UCVDUN_yGSR_u-pV0n2kGhkw	ok		祁梧杳沉叙
@12astafara	UCIUxrNgCh3smbymJug7HkBA	ok		RastaFara
@137VibesReggae	UCrxzdKNL7LWVAXUGveU43pg	ok		137 Vibes Reggae
@15MinuteInvestor	UCB600Tbtt4jEAAaI2KbKRcQ	ok		15 Minute Investor
@18CenturyRomanticMovieTrailers	UCI98BP_G_6djMW3MiOUR6YA	ok		18th Century Romantic Movie Trailers
@1950sdreamworld	UChcVihp_WYw7EAQf0pw0Y8w	ok		1950s Dream World
@1980s-Official	UCTr59O3V-l6uHyrN_ea4k6g	ok		1980s
@1AITV-b1r	UCWdliOd7LEeqalaKp_rVk3g	ok		1AITV
@1C3BRE4KER	UC_Er2BmkkoJ9NCf44f3428Q	ok		1C3BRE4KER
@1catpsyche	UCiZlsWiHYWzuuQh4pXvCELQ	ok		CatPsyche
@1hxsx	UC8_SGIeWY9Od9oQmCbEIwDg	ok		1HXSX
@1keaaHistory	UCTp6oI4yxKZOpq-npLlC8Aw	ok		1keaa History
@1MillionWithin5Years	UCHKwo7_qXD8ixLZmpPlIb_w	ok		Tom - Lazy Investor
@1SpaceON	UCsRBPA1lC7f30ZYwCLcfDdw	ok		SpaceOn
@1ThroneTales	UCfB4j5qKgqXpZOA4lWpjs8g	ok		Throne Tales
@1TOUZ	UCwLqv6tQmKmZGFvNYkrw40g	ok		1TOUZ
@2-y3o	UCTAwQb9ZOMAoDbBUSdc2mkg	ok		Anime AI Realism
@2.7Million-d	UCEw3sv3AtF8ImakmK4qMCYg	ok		2,7 Million
@2011boy	UCBgEHdURCVMwZKYPD0jtBTw	ok		Timbakai
@20CentLab	UCt5UaRpOLUEMGlHkJPsSIzQ	ok		20 Cent Lab
@217-Info24	UCqMKOQD54NbSpsM2xs0y99g	ok		217-Info24
@21levelpl	UClcByX5nDOJ0z2CK901Eopg	ok		21LEVEL – Gdzie historia spotyka przyszłość
@2446ization	UCsvqwbBh6b6eY1U9_RcoC4Q	ok		ソングsunoAI 次郎
@251sound	UC9iRbVs4MJ75K_w6D4Y97fw	ok		+251 Sound
@254-j8n	UCxN_CrUcEhNbhFPQXUA-EuQ	ok		Ai cartoon
@25thpage	UCuAGfCBI9SR3JARmukFe5Jw	ok		25th page
@2990Studio	UC_zG5B3gExMYcylVCZWsRpQ	ok		2990 Studio
@2AMHypothesis	UCVtGQsDGLKQVlE5NivziKsg	ok		2 AM Hypothesis
@2dcreatoryoutube	UC1JAaktaCsuWl-d8gELwf3Q	ok		2D
@2ILOVE12	UCwwSihc8XzpYWwVAqA6GF3w	ok		2 ILOVE
@2ndAmendmentInsights	UCOc6Y9VLlErNA4ciEGRCnjg	ok		2nd Amendment Advisor
@2PacRevival	UCXbzkAnOWrf5Ac0oiUvbqnw	ok		2PAC Revival
@2pmaistudio	UC-cN4oFQop_HyT34DvRcsWQ	ok		2PM AI Studio
@2TechiesAI	UCjIpv92KhjY79esecWZI8lw	ok		2Techies
@2zaq0	UCvKo5H3374BJM5eR22eszXg	ok		2zaq
@3-Min-Stories	UCCgL4ntBKIYrYGCNd5IdVwA	ok		3 Minute Stories
@304WivesClub	UCNB8Oqq7y36-vgzjiLYRiww	ok		304 Wives Club
@30MinRecap	UCkjMCgJym9PDBQZ6Hx3ip6g	ok		30Min Recap
@347ramune	UC6YtpQqnH9moZkX-FVSgKew	ok		小夜奈らむね - 347 Ramune
@358いろは	UCTr8PCZxqJ7-adVe5pxE_wA	ok		ちゃんねる168
@360newsroomnews		missing		
@38jaymataji	UC6lU35YJJCtW8WGPI8znzww	ok		@ cat wald official_ 521
@3amdarkstories1	UC0iaR6a6B7gP3pscOtMNyKA	ok		3AM Dark Stories
@3DaizyOfficial	UC9qY-BkWHXjs6AaGLA0iE7g	ok		3DaizyOfficial
@3danimationshorts1214	UCgv5D0Zh9SlYU6k4yMdK5yA	ok		3D animation shorts
@3dcrash	UCGAiy7Po03FjOfwAI9ZvT2g	ok		3DCrash
@3demotoonhub	UCtlI092bbM8CwqNwVcQ7zwQ	ok		Alshnikk FX
@3DLifeSavers		missing		
@3dsurrealhologramart	UCl8oiD-d6VA_c1aW6t-5Mkw	ok		Surreal Hologram Art
@3Dverse786	UC7bw3S9aambmV23lchxET7g	ok		Imran Anwar
@3lenaNavarro	UCyE7cGG6fpgXfOWy1luIorA	ok		Elena Navarro
@3mad-stories	UC0GDBaKYNGUtddvzLGa6HAw	ok		عماد ورفاقه: مغامرات لا تنتهي
@3mex	UCU6Hk1vN7vrymXacUTZyrqw	ok		3-Minute Explanation
@3PolZona	UC2UvZO1hL0WblHff3IoO0VQ	ok		Wykłady pod Księżycem
@3xd1g1tal	UCBkRuon9FwvE2j9-1HpQ4Ag	ok		3xd1g1tal
@4-wm4gv	UCfGGvZkiT0F1ukYg-tkgNow	ok		Coco Drama
@404Breakcore	UCmP7Zo4xw3IjbDl1L3CFz8g	ok		404 Breakcore
@404WL2	UC6IjmBVGHwczz1ame_yUQ4g	ok		WL - (Mostly) English Anime Covers
@40K_Sound	UCcqnXiIS4whcGttdS5KqIeQ	ok		VYROK
@4180scs	UCGs13IamVxRx6dWYwTUN9sg	ok		4180scs
@4aiartists	UCLyyC5d504lk49DbG_grAag	ok		For AI Artists
@4chandiaries	UCyW4-TVkjqXTNZ0_HPD3H8A	ok		The Wiser Man
@4chanInAMinute	UCDPZX_EyMncJYX6Y2kgB_8g	ok		4chan in a Minute
@4KSAGAEDITZ2.0	UCeX5ZMFlsuUc2u9igchqGbw	ok		4KSAGAEDITZ2.0
@4PawsMind	UCeytZOMs3kjxqeVFCaI-O9A	ok		4Paws Mind
@4wheelsfuel	UCtFfmBX3v_Jbh0MJ4cP19PA	ok		4Wheels&Fuel
@500DaysofReddit	UC8Ja1Sdh2B3GuI67-MigJBA	ok		500 Days of Reddit
@50sCinema	UC7R8pXMeZKMRzrtI8bn7iAA	ok		50s Cinema
@50sNight	UCDzG4_ONPYH5kwJiEgCpZHQ	ok		50s Night
@50sRockandRoll	UC4fd5rrrJxwelAZVYnk8C8A	ok		50s Rock and Roll
@5DFrequencies	UC8grkzBOTJx-jbx5qR3Wmrg	ok		5D Frequencies
@5TheBias	UCTjBoIzIuBjOi8eQPnfEZ6A	ok		The Bias
@60secBible-d6z	UCxEBSgSOH6kgCl8-3neXl6A	ok		60sec Bible unlocked.
@60SecHistoryOfficial	UCO9fJcmUP6CIoaTuVIVlgPw	ok		60Sec History
@60secondbiblestories	UCxVyHnwd9oLrGFj3L_cGVbA	ok		60 Second Bible Stories
@60SecondEpisodes	UCwBH7YzvpFzQg9eFg1aWMxQ	ok		60 Second Episodes
@60SecTake	UCjpOb8--OmixNtiXynvSBNQ	ok		60 Sec Take
@60SecTrailer	UCUsR0u6v2HRQSUWxAaxH7Sg	ok		60 Sec Trailer • 991K • views 1 day ago ...
@7-ElevenZ	UC5CMNWLupGXtuVGD00qEWPg	ok		7-ElevenZ
@72Story	UCfUS_kAoS_NXrjImvF11UeA	ok		72 Story
@789-z5b	UCxxwHK3yBEeZEkQ543hLnkA	ok		Tales From the Wild West
@7by7musicstyle	UCZg3Hl8kdYQZ1Qj7kLsLpUQ	ok		7by7 Music Style
@7christianstudio	UCFD3_98gMa2Kn1Qn4nZQh4Q	ok		7 Christian Studio
@7divinelightacademy	UC0Ev7TzJCAVj3h19_K9L1WQ	ok		Divine Light Academy
@7figurebossacademy	UCGfP054fq-V29qWPVbXOnhw	ok		7figureboss Academy
@7MoneyMilestones	UCqumFyQchzWEvndasNmWoKw	ok		Financial Planning 101
@7plaineconomics	UCPB_vkFcQgQNgn45H4ZzXVw	ok		Plain Economics
@7revir	UC1dj3FqVe3LvSzwi2VLIBtQ	ok		7ⱤɆVłⱤ 🥶⃤
@800pgrooted	UCn6Tigt3tK-hP9v1XBrIo2g	ok		800 Pound Gorilla Rooted
@80s_lofi_chill_radio	UCEsEFEjRruouOd9G_EcIpqA	ok		80's Lo-fi Chill Radio
@80sAIReimagined	UClq0FHRZOJbFJvjzu-2X_5A	ok		80sAIReimagined
@80sChartsUntold	UCjbD7oMvihdpKqC-28L4x5w	ok		80’s Charts Untold
@80schillpopclub	UCSZmbk4FCyYszzHdIBRKONg	ok		TOKYO RETRO CLUB🎧
@80sFMMusic	UC4LrtSjybxRa5KJ2nacR6Sg	ok		80s FM Music
@80SITALORADIO	UC4rixA9PJkgQwBdS93f5J0A	ok		80S ITALO RADIO
@80sMusicLegends	UCbAVnMxMGfczq62Hm9tMA4g	ok		80s Music Legends
@80sMusicLegends-v9d	UCS9CT9LCh3uWp_KtvQGJygA	ok		80s Nostalgia Mix
@80sRadioFM-r5u	UCN99yWFuDDkcXLo9oMWBGkA	ok		80s Radio FM
@80sradiostation	UCf0mjaiQIWieRK2BkDnjtXw	ok		80's radio station
@80srocknroll89	UCpL9dvPOAW8l7sruH-3OUMw	ok		80's Rock N Roll
@80sSynthpopHits	UCixmriZiUka6hVR2N46Zw6g	ok		80s Synthpop Hits
@81metalrooster	UCJT_ySzoVvqa0QhhlbTybTA	ok		Metal Rooster
@8bits007	UCsnH8EXGpOjWKQK25FoQctA	ok		8bits
@8HUA	UCvGG4hzmjS7opEt6guVnYEQ	ok		HU SHAOHUA
@8kExploreWorld		missing		
@8KFairyTales	UCVl7mwPltPXD81Drcud-HGQ	ok		8K Fairy Tales
@8kSuperhitGaane	UCIVmU-WUKzcUagCmu9-WxnQ	ok		8K Superhit Gaane
@8minutosTech	UCOwxkE8ZfS1nO6ErQHBDi3g	ok		8 minutos Tech
@9.6.3.STUDIO	UCE_tc9qN5eJHPziLbza3crg	ok		9.6.3.STUDIO
@907motionlab	UCMjg3TZ97uhFgHu7GPQqhQw	ok		907 Motion Lab
@90s-bollywood-k3h	UCdk-mkC4ghTExaD5lbEfe_g	ok		90s Bollywood Music
@90s-EDM-Style-Music-With-AI	UCbSrI9z58II_k_XPOFSMWPA	ok		90s EDM Style Music with AI
@90sNeonSoul	UCedphotbKH2TLgo3QluVVYA	ok		90s Neon Soul
@911PoliceChaseus	UC6TMV-3JqJmfCXKJiy53KCQ	ok		911 Police Chase
@92Stories-003	UCDwROODzZA_dffFp3ssy5Nw	ok		92 Stories
@99piecesmusic	UCHjbHRHxhfljbh07gId-roA	ok		99 Pieces
@9cuteaicat	UCuT-goQd5LHcuWm3DLYqwbQ	ok		9 Cute Ai Cat
@9to5Linux	UCc3L72F_yWWr1V1ft_CDpAA	ok		9to5Linux
@9to5Nemesis	UCsAnTE6ELUhYl_iwHxxh5Bg	ok		9to5Nemesis
@_HNWR	UC1qwIUkiTytsFoOsnC5zyqg	ok		Historia na wyciągnięcie ręki
@A-Gentle-Home	UCi35tuWim1ZC3fmy_bBnKaA	ok		Gentle Home
@a-i-llusion	UCWdIp-CfCxrkBEIqaOil97Q	ok		A-I-llusion
@A-Lofi-Soul	UCinqfJ9-v5-HHqTskU2LlIw	ok		A Lofi Soul
@A-ZMovieFacts	UCReW46mqiGkO_kq8iIaIGKg	ok		A-Z Movie Facts
@a.i-m6e	UCRQg-dCJTMlVzMNoR4OvZEA	ok		A.I video
@A.I.-ART3	UC9igWEj8s61G1mcoGNlPsfg	ok		AI-ART3
@A.I.alienmusicstudio	UCKqKoIzoSMZ9J9KP-YpPIAA	ok		A.I. Alien music studio
@A.I.BandaSL	UC6hdjF1yc0wmWqOUVEVM8CA	ok		A.I. බණ්ඩා Music
@A.I.BoxOffice	UCOH8jFalzWtv6mzL7lxcDCw	ok		A.I. Box Office
@a.i.kittenstories1	UCDRMLn_6z0-T16dhL_vIGDw	ok		Kitten A.I Oliver's Stories
@a.i.madedesigns6465	UCfPZhsWAZ1LMHVwcARSSE6w	ok		A.I. Made Designs
@A.I.Podcasts	UC2uQjb7mIVskOIBhJ0Mek0Q	ok		AI Podcasts
@A.I.VideoStudio	UCJudcZ0LPiqLHVTj3s2H9Mw	ok		AIVS
@a.i_worlds	UC9bR2F2gyigoCCx3lZOfDrQ	ok		A.I WORLD
@a.icatanimationvideos	UCGfsutJIevm0OY8UzH6HUiw	ok		A.I Cat Animation videos
@A.IdelasAlas	UCCxPz4dVk44DygKYDjV08ag	ok		A.I Delas Alas
@a.imusic-sx7fp	UCCZRF_0plGt823H-D9njG7Q	ok		A.I Music
@A.L-Drama-A.L	UCuHEV_tGP1qinzHQZcbDquw	ok		A.L Drama
@A.MeloFi	UCyhXXgt5q0Iqgy56e2k5aZQ	ok		A.MeloFi
@a1catshort	UCudb7NbyOEOgUSickwLylMw	ok		NO🕸️FAIL
@a25productionz	UC-fha_bd0Ia9-z5KjZgjtzA	ok		A25 Productions
@A2MThoughts-12	UCzBdCoKkjvQwBU7PPXfXqkQ	ok		A2M Thoughts
@a3ye	UC-ueexHqC3jAm2mNPCi3Z8w	ok		A- EYE NEWS
@a_creates_2.0	UCU7mEupRY3LaO3a_jFSzSZw	ok		aman singh
@A_R11_12	UCCf2hL3rHDb9aqOeN9ign4g	ok		Akashrajput54r
@A_tale_a_day	UCpYRx3BG9Nh4OJzLhfKbHxg	ok		A Tale a Day
@AA_OSAD	UCt4n4wbwZonQV1a_zpfkX6g	ok		Aa Ojol
@AaAa-pl2wg	UC3Aq22vudGIi7C0uFDgZ_6w	ok		LEGACY VAULT
@Aabid61	UCyfcj68UQz10hPjQxT-PjYQ	ok		Aabid
@Aai_FoodLab	UC2UCx7DVKZJGp6W7A1PyUew	ok		Aai_FoodLab
@Aajob_AI	UCST7l_C5qnrRpZtRsmlh2dA	ok		AJOB AI
@AakAIStudio	UCKk8otSy0m0g5xRJJLVa54A	ok		AAk Ai Studio
@aakararam1212	UCN7E2HSLEudiIguYt9NYq0Q	ok		ai movie trailers Shivas lab
@aakiiToons	UChLFq93WkSs5loy7trA3zoA	ok		Aakii Toons
@AalamAIWorld	UCvPHzZUIYs-IwsGsxzh46wg	ok		Aalam AI World
@aamirfoundation.1	UCogcMAJBlMtNQEwYpVcOrrQ	ok		Aamir Foundation
@aandcmusic	UCmOiYw91qLDLKMr-lnYaKEg	ok		A&C Music
@AanimeListicAI	UCwhSN80UdqCasdzKSSM5KAw	ok		Animelistic AI
@aannstarr	UCnpTeCDhqm07LmjJvtS3-kw	ok		Aann Starr music world
@aanyatoons-p2u	UCAqrIXlF1WGgRdBn649c4jA	ok		AANYA TOONS
@aarkaydesign13	UCImTsRmG6Q-xthWCYhHA7Hg	ok		Aarkay Design
@AaronIndigo	UCt8aPrlkS0MW_eREZd_52vQ	ok		IndigoDreams
@aaronmckinnon6639	UCB8KQTjDqaMVQm5abD8ZYgw	ok		Aaron McKinnon
@aaronrandallart	UCMO_BvvWjbVLbceTA-5nkpg	ok		Aaron Randall
@AaronWolfstone	UCKHzv-2RBTcA7n4SIYrrtQQ	ok		Sly&Fly
@AartiiAiCreations	UCDBTX0_wzZ5g-2MkCMWL-Jg	ok		Aartii Ai Creations
@aashutailgpt	UCiJsgev_CVZALL8rdU0B-9A	ok		AashuTailGPT 🐾🤖
@aasmausama	UC2SjKtY-_ykeAhTilgMcgXA	ok		Drama gamer
@aayushbc3079	UC5JeGVyk6gOqDLEuRg1bNlw	ok		DUI Unlocked
@abaddonia	UCRutlWo11BR81RqyAxTJrWQ	ok		Nova Puppy Princess
@abalaminiai	UCP--k2Fli9f-fXzn7rJBMZw	ok		ABALA Mini AI
@abandonedfilms	UC1R2q_TrFkCJvDBucYdRMPg	ok		Abandoned Films
@abandonedtoexperience	UCkXO3H3eKXPrtrWCwVwB7ag	ok		The Car Pulse USA
@AbbasYousafAIMarketing	UCAD9D_tfCIPeANVhvyO7GNg	ok		Abbas Yousaf | AI Marketing
@abbymusicstudio	UCS4sy2qdGYALZ3XN2EOXtVw	ok		abby studio
@abc_explainer	UCJuCP8oBgs_IpX3COfSfTyA	ok		abc explainer
@abcrimeinterrogation	UCRvoO_uJ3M4mMoSuGBJEQCQ	ok		AB Crime Interrogations
@ABDULJABBAR-k2z2n	UCu_Z1T2p-Lsz2sCIeF_JBCg	ok		ABDUL JABBAR
@AbdulRashed-w4e	UCR3YqcHz9DX-pPRItZGwbTQ	ok		Gul Ai
@abed_adel_3A	UC5JsoD6Eg7cCsV-xvJcuY2w	ok		Abed Adel.3A
@abelmekasha	UCFk4ZxS4VudNMboT-m6US8Q	ok		Abels Filmography
@Abhayurl	UC02tGsbrxI2X1fvq9JCSRPQ	ok		Abhay
@ABHI_AI_STUDIO_S67	UC_dOvaruaXe76XY1zMzwMDQ	ok		ABHI AI STUDIO S67
@abhijitnikam	UCc8jkhe2I4-WtiQtUn_Gpyg	ok		Bhakti Shakti – AI Divine World
@AbhinavNatureWorldYT	UCrGSuNWZuv8BodkOOhP9_6Q	ok		Abhinav Nature World
@abhistravellife	UC2LGmUpMv17Yc1YN3YrTGWQ	ok		Abhi's Travel Life
@AbideWithin	UCpSZAs0Sk2o42adXjq2GT8Q	ok		Abide Within
@abidiyssin	UCvqqUuamUpa84g-ff5etIZw	ok		Yassine Abidi
@ability-ghtv-official	UC0kpZQWkNJtWo6ijhzFVyug	ok		MAK TV ONLINE
@abivyakitadarshvanshi	UC-s6xH7esmgsels3CX3Wp1Q	ok		अभिव्यक्ति आदर्शवंशी
@ABOKAI	UCRz7Cd0AmHnO-xGs4sYCoLw	ok		ABOKAI
@AboutStoriesss	UCJ9EfL6ZiGMCSnjjNad3Mog	ok		About Stories
@abr7edits	UCNXIouk3mE08uP-1hPc1u-g	ok		ABR7EDITS
@AbraaKaaDabraShow	UC_-h6zsPJjqxa-Rb0k60Mxw	ok		Abraa Kaa Dabra Show
@abraham6644	UCYpJPQyQLvRtrAwpTeBlBzA	ok		Abraham
@abrahamdailybliss	UCyEXd8HdO9uDkRQFn497i9Q	ok		Abraham Daily Bliss
@abrahamhickslibrary111	UCjgGdJUqZM2hinM1hKMnBxA	ok		Abraham Hicks Library
@AbrahamHickworld25	UCkA-ZokXL9JQ2ii0zEnofVA	ok		Abraham Hicks World
@AbrahamLincoln-SongAI	UCfsAT1b9XKUZvSb_yLKVjww	ok		Abraham Lincoln - Song AI
@abrahams_wisdom	UC1Z77VuYmdYiDGbTIJy-4Dw	ok		Abraham's Wisdom
@abrokeproducer	UC7a8wh4hkmYPd3S7eVgXMPA	ok		A Broke Producer Experimenting with AI
@abrorjurabaev-b9u	UCQ-gSwYwAie7Qi3cNBLs9Ww	ok		Habiba dancing
@ABSOLUTEDOMINION-l4q	UCNVP5enOdJq1JnNz98k7WAg	ok		ABSOLUTE DOMINION
@AbsolutelyChillMusic	UCal6bX0zz8f2fLvkGiMuq4A	ok		Absolutely Chill Music
@ABSOLVTEMUSIC	UCscIqCX2WANkDiTpGpibCrg	ok		ABSOLVTE MUSIC
@AbsurdAILabs	UCfn8QCvdvgdY8-d6zPplLxg	ok		AbsurdAILabs
@AbsurdStash	UCsz7DdkghqMV-UYbN1-74Pw	ok		AbsurdStash
@abundanceprosperitywealth-x1m	UCTH_ZBMsoLQcpKeihc5bDMA	ok		Abundance Prosperity Wealth
@AbundantsReset	UCCw0thOF1xyjcHDcD9DikFQ	ok		Abundants Reset
@AbwoonChants	UC2mqCiAPJbn-z1vHy16KNZQ	ok		Abwoon Chants
@abyssaimusic	UCCBaBbwkWVatuXCRGqqkhPA	ok		ABYSSAi (AIMusic)
@abyssal-channel	UCEsRYsquHKio-3cS7l7O24w	ok		Abyssal.
@AbyssalLibrary	UCYdn8D7AMl1OLD54KCjNvzw	ok		AbyssalLibrary
@AbyssalTitanFleet	UCoadLnHIUkilh8_0iiDOLtA	ok		Abyssal Titan Fleet
@AbyssArchive-v9f	UCAPjn_clh9rxktGSBntLl_w	ok		Abyss Archive
@AbyssEngineSounds	UC0dQzKdN1ipXcTb6_lAv6vA	ok		Abyss Engine Sounds
@AbyssLabYT	UCQJUiiaxwmevbIjJk-7BGVw	ok		AbyssLab
@Abyssory	UCBZ7MWaxxESqCYp8lMlAU3Q	ok		Abyssory
@AbyssPulse-10	UCbXXCbiPahJXnuMUAFQBHlg	ok		Abyss Pulse
@AbyxCosmosPolski	UCXICn5itmGggM-oDqVgsBLw	ok		Abyx Cosmos Polski
@AcademyofAncientMyths	UCuU-ZAuonP8OoH2AgoZGvWw	ok		Academy of Ancient Myths
@AcapellaJukebox	UC9IeTHweNAtf25rWoZFn_AA	ok		Acapella Jukebox
@Accelerated_Mind		missing		
@accountingsheep	UCTftaFc-ELWmfIaV_cjdkvg	ok		AccountingSheep
@AcEditz-i1g	UCFeupd0Fxxv-VTB7X348pMg	ok		Ac Editz
@AceHoopszn	UCod153MQifMLW_IaLWLMLcg	ok		Ace
@AchillesAIs	UCB_SiTAfXewdLK5VH9geOyw	ok		Achilles AI's
@acidvelvetjazz	UCwm_7Zstvn3UBq3-rt9FBiA	ok		Acid Velvet Jazz
@aclpfilms	UCeTfPzyLKjKVWIjgixPN7Fw	ok		ACLP Films
@AcneVora	UCt6PmsgguyUNWtJMyQBISgA	ok		AcneVora
@Acorn_Studios_official	UCvMabwJRJ6i-ZUcq2Q64t4Q	ok	@psychomanis_official	Psychomanis
@AcornWorld-999	UCattGE5XTC9QIqkFHrqn7Lw	ok		Acorn World
@AcousticGuitarRelaxing	UC6ixO7zXcfl81i7S7xdeQOA	ok		Acoustic Guitar Relaxing
@AcreHunterCanada	UCTLhrjrXl_vzlBoQQJohsHg	ok		Acre Hunter Canada
@AcreStories	UCZ65HCSKHCtyUV7gzQdiqYQ	ok		Acre Stories
@Acronium_Space	UCWHKJfMRxMC5TlMVzZSdhng	ok		Acronium
@Acrosstheglobechannel	UC7nxrwA8qPfe7udQPhxvYkw	ok		Across The Globe
@ACROSSWORLDSAI	UCuUChOCljHkD9Z7snYo9G1Q	ok		ACROSS WORLDS AI
@ACStudioAI-j3k	UC0l2Q0gSrFAf6mDgpV9q60Q	ok		Golden Brown BGM
@actionanimevideo	UC47y34-cV_O7mypnovzAEjg	ok		ACTION ANIME VIDEO
@actiongtv	UC8-rI6NZs7nbcJWlNycjPaA	ok		ACTION G
@ActiorDe	UCzrFEB4MJgEvxb4G8c5zXDw	ok		actior AG
@activatingmusic	UCfQkb6w8WLN2UEzySgYBA1A	ok		activatingmusic
@actormahidarji2349	UCyFshhBeFN1JerOsVvtI33A	ok		Mahi Darji
@actorsexplained	UCFrhidF27zYWrkRh3GChmrw	ok		Actors Explained
@ACU-k3y	UCQ1WB15FE0b955r3W-lPG2g	ok		Ai cinematic universe
@Acure8_Music	UCejuTVqNYYB1P89nGt61HDQ	ok		Acure8 Music
@AD369-n4w	UCr8RrNmCGbWW3Ue7dMgfyJw	ok		AD MOTIVATION
@AD_Visuals_06	UCziewK5CINPd4nhrDdbypPw	ok		AD_Visuals
@AdaezeDrama	UC1DRFgxz6PQOnw7-DR1eV0w	ok		Adaeze Drama
@AdamAdam-xo4zi	UC_qLPTgfggKHblokLh_miqQ	ok		Hot Deals
@AdamaVision2025	UCQW0CauEkyRusvaGsHAHlLw	ok		Adama Vision
@AdamBigFan9		missing		
@AdamBriefing	UCB5L54Z8KikHpAnxd0Gfykg	ok		Adam Briefing
@adamkhandigitaltv	UCSvfMtnhI-S-Rn_SreCqWAQ	ok		Adam Khan
@adamsteen9034	UC74aLTVNNw8fKdcMdxFduCg	ok		Economía Política Crítica
@AdamsVersesReloaded	UCYKt9d-5SIEGh9Dy4CFnXDg	ok		Verses Of Adam
@AdamValecrest	UCnw3-NMs5GzhDPmxA6_DXfg	ok		Adam Valecrest
@AdaobisafricanFolktales	UCwWru7R7Gzvfd2_nNkizdkA	ok		Adaobi's African Folktales
@Adarshbtsedit	UCeO6fr7nOorLuib839U5tTQ	ok		Adarshbtsedit
@adastales	UCg-tBboOy2CQts4VlsUmPoA	ok		Ada’s Tales
@adaywithher-ai	UCZ2OUO8R8ULmzDIVofEYXyA	ok		A Day With Her
@AddictingAds	UCv6keogKOCN9eAdE-zmbHtQ	ok		Addicting Ads | Comedy & Commercials
@AddictiveAIASMR	UCKnogJcRa4ahs73qJm8WRoQ	ok		Addictive AI ASMR
@Addictors_Studios	UCLkMN6TfqadZxS--hb7IYIQ	ok		Addictors Studios
@AddImaginationAI	UCw5tR4k_3a2MKDGBYPt415g	ok		Add Imagination
@Addis-Taem1	UC7KxaenPEmL1ZAyjbKFUi3A	ok		አዲስ ጣዕም - Addis Taem
@AddisZema1	UCqe77yy0dK_SdlP6aaKVKCA	ok		Addis Zema አዲስ ዜማ
@adeebacreator_official	UCTnIj_l33lO_60jIERsA_XA	ok		Musfirah Mudassar
@adeelius	UCmJU2rC-z_0zqDgNjizyzTA	ok		Adeelius
@AdeenReels		missing		
@ademibrhaim	UCqyCj19T6JuYZ15_0bA__Ww	ok		Adem’s Horror Vault
@AdeptusAnthemicus	UClTAdfV33Bp0APH995aRmVw	ok		Adeptus Anthemicus
@AdeptusMusicoInimicus	UCa1Isvy8R5EN2AS3_gzSvxA	ok		Adeptus Musico Inimicus
@aderohidin-j4v	UC3iytv9lbi67DYVg22w5c9w	ok		Dolce Sera
@Adesuwa-canada	UCoB8aEex1uGyklkvpA6ScAA	ok		Amaze AI Stories TV
@AdesuwaAistories	UCX19d49OkNPcCY0e77r1s2g	ok		Adesuwa Ai stories
@adewunmi09007	UChkLQnYskdbkGFGakNz8Euw	ok		𝙴𝙽𝙾𝙲𝙷 亗
@AdexStoryEmpire	UClHeE-TXjqbQbknJtMAVEbA	ok		Adex Story Empire
@Adheyaistorytelling	UC7F5OMwm72oAhF8U99bM7nA	ok		Adhey Ai storytelling
@adiascarter23	UCqTCfLjXLAqXgdx_hAgNN1g	ok		adiascarter23
@adin-d6e	UCns4HLeRCBB0TptI_zTe4gw	ok		SALSA MUSIC
@Adinatinshsh	UCKzIVrAJQ-btEn5cYeHk0kA	ok		A-d_ination
@adiriyantochannel	UC9t-2YpX1TNtP2QB2xt3jnA	ok		AR.Channel
@Aditi_Aadia	UC2d7RPRQ-qFejQxfGTZSIZQ	ok		Aditi Aadia
@adityaladi1	UC6FrYrxDDb2_sIbtwBAL0NQ	ok		Aditya ASMR
@AdityaSkills	UCS4Lup37zE7R4cKG9SDuWKQ	ok		Aditya Skills
@adityo_space	UCX8MtRGDu0VnG-NtcMqW_mg	ok		Deemazt
@adjisonyt	UChLwO3nUL9uJiVo8fy3rqPw	ok		Arthur is ADJ
@AdlyRockabilly	UC2znKw4wUxMgo0Vg8Js1zsg	ok		Adly Rockabilly
@admin_sacredembergospel	UCpwJvlMbDdYp3eUeicVI0Gg	ok		SACRED EMBER GOSPEL
@Admiralprise	UC1I280NDfqyS_hravFX7e3g	ok		AdmiralPrise
@AdmisReggaeHits86	UCpUXyQ8iZUpENzA1xwy7exA	ok		Admis Reggae Hits
@adnksimuilation	UCO3iksTKCB1xwobPkUXeQDw	ok		BIBI KIDS
@AdolescentCommunityHubNigeria	UCtALtMLL9dofC59iHXqrX3g	ok		Adolescent & Community Hub Nigeria (ACHN)
@AdorableAnimalAnimation	UCcd0deplD7yPtBf6DYD_9ZA	ok		Adorable Animal Animation
@adorablegingerkitten	UCHPgQa21rDKhvR2CHM5RU_A	ok		Adorable Ginger kitten
@adorablekittensshorts	UCAiaG7A1neHAaPmvADPFsoQ	ok		Cute Kittens Daily
@AdoreDrama-i	UCqYFFbz3TlaHNO6M8lQ5YcQ	ok		Adore Drama ୨୧
@ADragonNaturally	UCZy0nNzM2dskMiMYswMje3w	ok		NaturallyDragon
@Adriannovoarodriguez	UCR5WpyZNHfez9PqH0oPA-kQ	ok		Musilibros: Animametal
@AdrianViralAIMarketing	UCiNz_V0bWYL2wdUtOzMw6mQ	ok		Adrian Viral AI Marketing
@ADRIXOFFICIAL-c9f	UCp1I7Nst4H1_IMhct87XAHA	ok		ADRIX OFFICIAL
@AdsAdonis	UC8vy47rIMe11KFtD9SFCIHg	ok		AdsAdonis
@ADTales08	UCNh_rxyb2MzJn8kRQE0nMjw	ok		AD Tales
@adukkalaStoriesS-h2g	UCeg6B8tGag1QoOqz3jFZxQA	ok		AI Adukkala&Stories
@Advanced-TV001	UCFem8kWQDxY7eizZ8uso5lw	ok		Advanced Technology Process TV
@Advanced_Indian_Mind	UC2ZbV9JnIzya_CBN4I6Wc_A	ok		Advanced Indian Mind – Study With 3d Animation
@adventisthymnsworship	UC_7kb8sC8E_03jLNl9tWk4w	ok		Adventist Hymns & Worship
@adventureawaitsshow	UCH95adXKpsdEmFt2twymneQ	ok		Adventure awaits
@adventuresofcats-ai	UCBcZVWolV9a6XOYpXEBaSng	ok		Adventure of Cats
@AdventuresWithTez	UCdEyy8Rnz6cVT7_N2TWnmtA	ok		AdventuresWithTez
@adwaarstudio	UCUdGnKFEiiGvHJi6_zwZIKw	ok		Adwaar Studio
@Aeelu-v7q	UC3D1CROjYl76h6ueGwhqIAQ	ok		HFY REDDIT STORIE
@AegisofSol	UC5j1AwL6oj_hbQPoVpqGQ4A	ok		Aegis of Sol
@AEKTrance	UCQi4lerhkyyJPI-_lfKQ25g	ok		AEKTranceMusic
@Aelisyan	UC5a01QC3hN0NLR0QEEkRzow	ok		Aelisyan
@aellis-create	UCWMdglvTgftjab7PvDzc9eg	ok		Aellis
@aelwynmusic	UCwpDbaD8yatoZ9mDV2usXdw	ok		Aelwyn
@aeonchat	UCEstyTtcuJCNmbbwPGpRrYA	ok		AeonChat
@Aeonkeep	UCM66rSz2BFyWaXk476bP_yA	ok		Aeonkeep Mythology
@AerinColette	UC-o3LWd1VWEvNS65sd7AY0Q	ok		Aerin Colette
@aerisofficiel1	UC_eQ8BMXOp9Cu7MHrysD4dA	ok		Cuttlefish Recaps
@AEROCITY-e9z	UC-D1JWLBKd1MqsrIJWQLUHg	ok		AERO CITY
@aerodamn	UCPXNZOKN8b_7L_dZqcj1gJQ	ok		Aerodamn
@aeronomicshq	UCK6Xsk4ztSdd1hOUKpz2CJA	ok		AeronomicsHQ
@aesthetic1-yx	UCBcYy23NUIWBbfTYe3EPYDg	ok		Cute Aesthetic
@Aesthetic_Arrest	UCF6MdQx-1R710JmWidowT5Q	ok		Aesthetic Arrest Studios
@aestheticai-k9c	UCGLPxljevJDy87yAD4C-91A	ok		Aesthetic AI
@aestheticlofimusic1	UCsh-8ZRSB5vfTsIrpoOhClA	ok		Aesthetic Lofi
@AestheticUniverse_AI	UCPTW1IOJZC3CMsWnOzeOx2w	ok		Aesthetic Universe | Dreamy AI Visuals
@aetern_music	UCK8qhX4k77RDo1V3gSLYneQ	ok		Aetern music
@AetherBloom-10	UCKESX9utk_4VqMbRxpdP7lA	ok		Aether Bloom
@AetherDramas	UCP4Tz4AP8a0LXXc9AS1XTcQ	ok		Aether Drama
@AetherFilms-c8c	UCAVESm4LQikV01a6l7umVQw	ok		Aether Films
@AethernalAI		missing		
@aethernalpictures	UCjghl0DE_o66MMof7t7LO-g	ok		Aethernal Pictures
@Aetheron-d4t	UCBpVIpkkHm9tzE2O0dCV2oA	ok		Aetheron
@AetherTrailers	UClRl7iH_LXjGix0ULKHLIXA	ok		AetherTrailers
@AEVE-DEEP	UCV_f3Ujmm7fDhmQNE4Lur7Q	ok		AEVE DEEP
@Aevora-xl	UCbSETlEB_vScmrkfhAGTtzQ	ok		Aevora-xl
@Aevum881	UCrryH7vq9jQXdxqh1zmlfrw	ok		Aevum
@Af-sounds	UCHzIROj-V5H1kIbzZwsudYw	ok		Af sounds
@Afaes11	UCCL5nRErMeP_UMwwzs0IGEQ	ok		Димастик
@afaqcatai	UCk3Ob6KgFbug6OyI8GCbIuA	ok		AFAQ Cat ai
@afaquekiduniyapk	UCrwC-JB5oToGg_5PzkvPayA	ok		Afaque Ki Duniya
@AFathersSilence	UCE4_jwI92FOFDMQBletkgmA	ok		A Father's Silence
@AffectiveCatMind-1996	UCB1L6xRRuCixNHRRHG_njSQ	ok		Affective Cat Mind
@affiliatepathai	UCO1XrD721PF4YgHshpFFxWg	ok		AffiliatePath | AI Income Systems
@affirmwithmusic	UCAC3mVmTAK6zlRgVS6heOeQ	ok		Affirm with Music
@Affordabletinyliving	UC-fTDSFeCn7jtGvDq5acMcA	ok		AFFORDABLE TINY LIVING
@afghanmix1	UCBrErPs10mU2QwTcDiV5UGA	ok		Afghan Mix
@AFIFIAI	UCnaF_iGukC9QIWRRRy4imjA	ok		AFIFI Studio
@afkar_dz	UCUD5rA9lxwUFyCu35F5AWbQ	ok		أفكار وتدابير الجزائرية
@AFKNews01	UCZMRKOys6BW30N5tWpFrWrA	ok		AFK News
@Afraid2Sleep	UCqrWkLKwRKNZRbbJXVEvAjw	ok		Director Dave Clark
@AfricaAitales	UCmShJUqhosHbx6BRhcesP8Q	ok		African Ai stories
@AfricaBuilds	UCrGvFTDEIYbskDgbGVEHspA	ok		Africa Builds
@africafolktalesbysammy	UCwDi-CHAbhEcBr6iZqEkuxw	ok		African folktales by Sammy
@africafolktalez	UC2Hnn7BInUCv5FbG9t6-Vcg	ok		African Folktales
@AfricaGospelStories	UC7DP_p2c80LOOawwLDcIApw	ok		African Gospel Stories
@africamademovies	UCLYwYoU3b-dVzLpO2GYynAQ	ok		Africa Made Movies - AMM TV
@African_Folklore_Tales	UCcEUC6DaAyjjbKibNDugSWA	ok		African Folklore Tales
@African_Folktales3D	UChuPWKnhYo0iiWMFGZTVZ5g	ok		AfricanFolktales3D
@African_Horror_Tales	UCgRypU8__CxFGL_Eh0V1kDg	ok		African Horror Tales
@African_Rhythm_Journeys	UC0FQzRSw4Sg61OoAwERS-cA	ok		African Rhythm Journeys
@african_stories	UCaiGXQt40RfAV-Y0ENjX95A	ok		African Stories African Folktales
@AFRICAN_SUPERSTORY	UC5iVZdPdGhREREliA_oeswA	ok		AFRICAN SUPERSTORY
@African_Tale100	UCRopUe22ReDj00Z07Fdf0Rw	ok		OB Story
@african_tales001	UCi-ukgICK0f8_ek20gZnXbw	ok		African Tales001
@african_talesg3w	UCwH-TcP1cN-X1fbKLwh6JVg	ok		Tale by chinedu
@africanaicinema	UCB1EyfNVHRB7wk8MIX0zs5A	ok		African AI Cinema.
@africanaidrama	UCWAHSlHfXAL67FI-iGYl7yg	ok		African AI Drama
@Africanaidramastories	UCv70aBgk6AmupISZVNoODaA	ok		African AI Drama Stories
@AfricanAIDramaStoriesTV	UCqThMeq5ssDRyqa3cdsOr1g	ok		African AI Drama Stories TV
@africanaifolktale001	UCgKUbogOm8-RcMfCjdjediw	ok		African AI Folktales 001
@AfricanAIKitchen	UCjX8YnwXfBYNlGdDjbWnoEA	ok		African AI Kitchen
@AfricanAIStories-m9v	UCdhOy9ohRuFqiW8rIoeIUog	ok		African Ai Stories
@AfricanAiStories1	UCC6j0MqN-cVio1f8xadrDMw	ok		African AI Stories
@AfricanAIStoryLab	UC9sJbRHaoqR69mJKzOzGjyA	ok		AfricanAIStoryLab
@AFRICANANCIENTLESSON	UCP_UF4RtzhcpPtQUvkxjYJw	ok		African Ancient Lesson
@AfricanAnimalFolktale247	UCSHxwhG5abWH_GABJPATODQ	ok		African Animal Folktales
@AfricanaVoices8	UC9Ottvf5BGBt0EEfQI4pAWA	ok		Africana Voices
@AfricanBreedTV	UCcMHHJchRY2mmExA9x8ELZA	ok		AfricanBreed TV
@Africanchumitales	UC8rE7mZP1ZlynGVAFIKcI-w	ok		African Chumi Tales
@AfricanCoreVideos	UCmydDjS_lZHVWOaPksAUsVw	ok		AfricanCore
@AfricanDiariesZone	UCY76X4kvr-joJzdSLUIU11g	ok		African Diaries Zone
@AfricanDigitalChronicles	UCdCixlYviTiQOpg9tiwQ4yg	ok		African Digital Chronicles by Sheila
@africandramavault1	UCDT3roRUBfzy7p9nNZcIVdw	ok		African Drama Vault
@AfricanDreamscapes-v7d	UCUFnkR66dbQD_mzvr_NmmbA	ok		African Dreamscapes
@AfricanEchoesByEnkay	UCOuGsOTeNDO-d8GC45tTpeA	ok		African Echoes By Enkay
@AfricanFolkloreHub-j3k	UCXLapAiE3Ad_Fx6Y0tBMsDw	ok		African Folklore Hub
@AfricanFolkloreMyths168	UC-LVDA6fjD_MMSprLAdIBiQ	ok		African Folklore & Myths
@AfricanFolkStories	UCPm_GT10gKSQSIODv4uAXHw	ok		African Folk Tales
@AfricanFolkstories_80	UCD9_083iittCj2qCQCFSSXA	ok		AfricanFolkstories
@AfricanFolktaleByJhay	UCo2NzIWhcLLwBuiZDpaoWUA	ok		African Folktale By Jhay
@AfricanFolktalebyNK	UCdHBPfH8yec1nf88G6mIrjw	ok		African Folktales by NK
@AfricanFolktalebyOgoma	UCE5LoX8RBvIwCNPo6ymwMiw	ok		African Folktale by Ogoma
@Africanfolktalebyrichy	UCGiV83i8z-4w-OSjDdtAK8g	ok		African folktale by Richy
@AfricanFolktalebyZoya	UC9zsj4AVsK6KAvn_U4iUhqw	ok		African Folktale by Zoya
@Africanfolktalechronicles-u6k	UCiSC9PLMXllxEahh1fODK0A	ok		Africanfolktalechronicles
@AfricanFolktaleCinema	UCGG_5103B87G5ifq8456bMw	ok		African Folktale Cinema
@AfricanFolktaleNation	UCWRA2e3xuqtVwOxNhImI57g	ok		African Folktale Nation
@Africanfolktales-by-Amara	UCWdJmnQbImemnvsO93ZIcVA	ok		African Folktales By Amara
@Africanfolktales-g7t	UCBrCy7j4CMm5f5quV24pyoQ	ok		African folktales
@Africanfolktales-u6f	UCNS6qpFgJ20fsJ-RNKGcdrg	ok		African Folktales
@AfricanFolktalesAndEpic	UCsxnxeYcDVyxNnZ1xH8Br7Q	ok		African Folktales And Epic
@AfricanFolktalesbyAni	UC_qzRCs8LJEPL_0jeA4DXfA	ok		African Folktales By Ani
@Africanfolktalesbychizi	UCzXySSvTZkuAqHEqxJB5TLg	ok		African Folktales by Chizi
@Africanfolktalesbydaniel	UCrTxI7cRAq7Sq2tWD4z5qMA	ok		AFRICAN FOLKTALES by daniel
@Africanfolktalesbydonkelvin	UCZB2ZdBVyAYmm8lL8qw2eow	ok		African folktales by donkelvin
@AfricanFolktalesbyJimmy-c9j	UCsWFFhq45i16aphH3rYrTrA	ok		African Folktales by Jimmy
@AfricanfolktalesbyJoshua	UCRpXIYC92Iij5BJ59R4l98A	ok		African Folktales by Joshua
@africanfolktalesbykm	UCjkLdXw5SGU72dHTIQM6rmw	ok		African folktales by km
@AfricanFolktalesByMarv	UCw7aGjy6Af_KRr1ar4eTi_w	ok		African Folktales By Marv
@AfricanFolktalesByMidi	UCV3K3QPq6tWE4zKVpM-fRRg	ok		African Folktales By Midi
@AfricanFolktalesbyRay	UCVyW68_4GPdzk55YlmD9d0w	ok		African Folktales by Ray
@africanfolktalesbyV	UContyoTQFipMzrZTGhnnvCA	ok		African folktales By V
@AfricanFolktalesChi	UCvRpWqsPAuNsiYiTTaqsVpA	ok		African FolkTales By Chi
@AfricanFolktaleshome	UC_4bj2k-4ClCMVnP3fHM6gg	ok		African Folktales Hub
@AfricanFolktalesKikuyuLege-m2j	UCi_MY4jXHFA1WJl5_9pYf6w	ok		African Folktales: Kikuyu Legends
@africanfolktalesstories-by-nne	UCOOQBhuaBKA_V5oxARrseyg	ok		african folktales stories
@africanfolktalestv-b8x	UCFXBt6C-FjSquOzrDTwoV4Q	ok		African Folktales-TV
@AfricanFolktalesTVbyProsper	UCtyTNl1PRKi4IFkkreWvq8w	ok		African Folktales TV by Prosper
@AfricanFolktalesWithDee	UCJsyufXthclBnfwHwxX5zUA	ok		African Folktales With Dee
@AfricanfolktaleswithFlo	UCNqxqMfbZ7sqRdvq1-x8kfg	ok		African FolkTales and Stories with Flo
@AfricanFolktaleswithNsinem	UCc3nNk8qWYzz96gwg3uWRUw	ok		African Folktales with Nsinem
@africanfolktaleswithtochi	UCAvHjb0c8I-8ZaYIDr4Fezw	ok		African folktales with Tochi
@AfricanFolktaleVaultp	UCnOPd_cff8LNUSOVMWfeS9w	ok		African Folktale Vault (TV)
@AfricanHeartStories_1	UC_whOx8IFUmjDYTcvQnYO-g	ok		African Heart Stories
@AfricanHeartVault	UCrXxSMZbnzhPe1FZTp-p7NA	ok		African Heart Vault
@AfricanHiddenStorie-g1yAfrican	UCYsxJvMisvMFTcNYm0AsnhQ	ok		African Hidden Stories
@AfricanIgboAIStories	UCYI_Hi4FffTNGiZhwMkaTKA	ok		African igbo AI Stories
@AfricanLegendsUnveiled-j4w	UCXDTm6HXRU4dyHezj657Gjg	ok		African Legends Unveiled
@AfricanLifeStoriesOfficial	UCxdItQxrM2rvS5_302MhBgw	ok		African Life Stories
@africanlovethrillers	UCqVIYVXLH3k3fM2n_WLisvw	ok		African Love Thrillers
@AFRICANMIDNIGHTSTORIESbyMAVE	UC_5VOMTN-9mAtzcD5JQc8wQ	ok		AFRICAN MIDNIGHT STORIES by MAVE
@AfricanMoonierTales	UCzAHDnW0NEn6Mq9Fs7btFnQ	ok		KingVal AI TV ⭐
@Africanmoonlightstories001	UCnvNtIN941Tk7wZUjGDp4Bg	ok		AFRICAN MOONLIGHT STORIES
@africanmoraltalesbyosas	UCMfcNP8yULytUCh6K2jdgSw	ok		African Moral Tales By Osas
@africanmythicmovies	UC758R8ZMVXc940dSWaQc-wg	ok		African Mythic Movies
@Africannigthstales-i7q	UCoIp-GlU8HtMQz7fpzSXXPg	ok		African Night tales
@AfricanProverbFilms	UC9p9qcLZlkwF1_s9xCetsIg	ok		African Proverb Films
@AFRICANS_0543	UCef8CDHskapa36Z2rtI-OGA	ok		INTO THE WILD AND NATURE AT LARGE 🌍
@africansecrets_a	UCMcfgaaW92nceVWMWBYXfiQ	ok		AfricanSecrets
@africanshortstoryhub	UCGbnyKUJAo8tDnPHt3bu_zg	ok		short story hub
@AfricanSoulNarratives	UCYXkffiMMqfVyMjgItTfi6A	ok		African Soul Narratives
@AfricanSoulSecrets	UCZ1RlfhNY17lPZQMcAyJVUw	ok		African Soul Secrets
@Africanspicytales	UCvq-Ok1WG7g5PmyDn357YGQ	ok		African Spicy Tales
@africanstories-by-oma	UCVOeYdrqTjXBFNNrg2h7FYw	ok		Oma Studios - African Animated Stories
@AfricanStories_thattouch	UC5CX69QYWvTJfrwjdVoKLfQ	ok		African Stories That Touch
@AfricanStoriesbyIsaac	UCoR0zRHNzYYEuF-bBCcdFNQ	ok		African Stories by Isaac
@AfricanStoriesbyRuth	UCg3ctkAUNx1yyMyOWOpvBYg	ok		Ruth African Stories
@AFRICANSTORIESbyvee	UCTIn4i-eaSsYw-vvm0-Kmpw	ok		AFRICAN STORIES (BY VEE)
@Africanstoriesbyziqi	UCsqKF6gc_l_HgRmwQn1zHKQ	ok		African Stories By Ziqi
@AfricanStoriesRetold	UCNgGiFEXERhIwgjMZ-oCzew	ok		African Stories Retold
@AfricanStoriesWithTai	UCi0S3hTB3u4RTowoYDa6jCg	ok		African Stories With Tai
@AfricanStoryChannel-1	UCfQRO8ZDC2pteVt873B-how	ok		African Story Channel
@AFRICANSTORYFIRE556	UC9agle-Km0vr6-rg0hWiTkA	ok		AFRICAN STORYFIRE
@Africanstoryhaven-t6h	UCp1cveRyBG5f4hWcAG0zq0g	ok		African Story Haven
@AfricanStoryHouseByOdy	UC-GX7GkH3vq9ieJ3sQJ2NrQ	ok		AFRICAN STORY HOUSE BY ODY
@AfricanStorytelling-x5j	UCIH1e1KqzqvUeKgDDC7gcYg	ok		African Storytelling
@Africanstorytime-d7k	UCw70TO7rxfloV4nehurs_uQ	ok		AFRICAN STORYTIME
@AFRICANSTORYTIME-q2r	UCOthrPm_YhlqJK2XSHyO4Ag	ok		AFRICAN STORY TIME
@africanstoryvault_2	UCxR_7tHpJIGBEJcq8-vxipw	ok		Africanstoryvault_2
@AfricanStoryverse-1	UCKBFH5SL7BFSoCbW8OHnWuQ	ok		African Storyverse
@Africanstoryverse-234	UC1yR26fJdYTCw55cg_NAPJw	ok		African storyverse
@africanstoryversehq	UC2lzuu0YgdqYGXewF9gB9Og	ok		African Storyverse
@africanstoryway	UCNSZOkqPGVLwZowpMeTuUbg	ok		AFRICAN STORY WAY
@Africantale377	UCtFsL4_2lkgArw1YLVtSmIQ	ok		Roots of the African Tales
@AfricanTaleHaven	UCramfnoSxvS4Ivdv6PbRb7w	ok		African Tale Haven
@AfricanTales-t2q	UCx-rXGH-yQQEh6pyndlBGhQ	ok		African Tale
@AfricanTales.ForKids	UCQx4mQsIYyhk1iiwz9khGWg	ok		African Tales For Kids
@AfricanTales_ByAmara	UC-bkKmAVf_8y64EtthlTBrw	ok		African Tales By Amara
@africantalesanimated	UCMReXATgba8t-AHAm66InWg	ok		African Tales Animated
@Africantalesarising	UCaYOn1ceHObDPbGwD74v5pQ	ok		African Tales Arising
@AfricanTalesByBalli	UCBYK2xDGnSN8nOdLCDMcbgQ	ok		African Tales By Balli
@AfricanTalesbyBams	UCULpDW2Ut7q-1kBjPSgTHGA	ok		African Tales by Bams
@Africantalesbybee	UCumKe7WPNxT6Lc2hnPrR_oQ	ok		African tales by Bee
@africantalesbychinma-e3k	UCnwtWwsazxusHg6pn9nRIFA	ok		Tales by chinma
@AfricantalesbyChiNwa	UC-_a7aujFOOLFPMMNM1X6sQ	ok		African tales by ChiNwa
@AfricanTalesbyEbe	UCxLD40P9z8RJauKxhzas4ZA	ok		African Tales by Ebe
@Africantalesbyfavourite	UCSGNZSYdPpwszXR00gtlcgA	ok		African tales by favourite: 2500M views
@AfricanTalesByFloraB	UCMtF9GOSvqy0OniUUpdTtcw	ok		African Tales By Flora B
@AfricanTalesbyHope01	UCTOkTOKRHceXnD5s28wN4VQ	ok		African Tales by Hope
@AfricanTalesByIfunanya	UC9KBQCyUAHoRNoUUuOYJh-g	ok		African Tales By Ifunanya
@AfricanTalesByIMADE200	UCr-9Rmy-F9wkmiqVGP1Nqqw	ok		AFRICAN TALES BY IMADE
@AfricanTalesByJokky1	UC6dPQ2pz7O60r-LXyCfYX4w	ok		Tales By Jokky
@AfricanTalesbyJudith	UCJANrgDjBwBvJpMWyH0PNeQ	ok		African Tales By Judith
@africantalesbykuru	UCiW3bsFOTrZtkyOhFZwqBMg	ok		African Folktales by Kuru
@Africantalesbymamagina	UCw2zV0HGs-JRXxtKcExqKVA	ok		African Tales by MamaGina
@africantalesbymaryy	UCiu8WE6QTvrPzWHobEIx8Fw	ok		African tales by M
@AfricanTalesbyme-o3n	UCRfx0LkZBjbbkB5NwASF5ag	ok		African Tales by me
@africantalesbyneto	UCd7BxRZeQ066KS6C0j0S1Nw	ok		African Tales By Neto
@AfricanTalesByNina	UCBCGJchHjJln3NCiai5Tj-w	ok		African Tales By Nina
@AfricanTalesByOmalicha	UCkC4Jkz5jeSHcBUa2RC3XnQ	ok		African Tales By Omalicha
@AfricantalesByOmon-ju6vn	UChKzl69kKkp5QV_JUd1tMEQ	ok		African tales By Omon
@Africantalesbypopo	UCVWsKsjDt0rAFCdJOJUGP6A	ok		African Tales By Popo
@africantalesbysheerah	UCLdquqevKm8xIrPbylab5IA	ok		African Tales by Sheerah
@africantalesbyVC	UCfEfhiOKFmXqc1QcdyPTRgQ	ok		Mythical African Tales by VÇ
@Africantalesbywisdomite	UC01Ew7kdhy_EF_LcPAkYNyw	ok		AfricanTales by Wisdomite
@AfricantalesbyWura	UC9YFCBZldPFyh4DPsUvw0tg	ok		African Tales By Wura
@AfricantalesbyZara	UCXix_mr5aWmfHvSX7KoSmgA	ok		African Tales by Zara
@AfricanTalesCinematic	UCDefAZw1vN3LIk2AF-eKGVw	ok		African Tales Cinematic
@AfricanTalesforKids	UC6Kx9Znu-gkWo0x8qONAr8Q	ok		African Tales for Kids
@africantalesin3D	UCeN0dl9THm84ya-eRzfvuEA	ok		African Tales in 3D
@AfricanTalesPrince	UCYLPwEBh3BkUQbOiHZBI_-Q	ok		African Tales Prince
@Africantaless	UC1QASJYBArwEdGMyQU4CJOw	ok		African tales
@AfricanTalesStoriesAndFables	UCO9g5Ey1SEO3PnqDEFIOsIQ	ok		African Tales Stories And Fables
@AfricanTalesstudio-w3u	UCjhDbAq_YsaRen0n4wWvk-Q	ok		African Tales Studio
@Africantalesstudios1821	UCIF8mVeD1iHQMBquBseu1NQ	ok		African tales studios
@AfricanTalesStudiosTV	UCP6rjw7qVsoeMhikSaXU1mQ	ok		African Tales Studios
@AfricanTaleStudios	UCfrpcGHFX_V1tjmYNHWspAQ	ok		African Tales Studios
@AfricanVillageLoveStories	UCypdi1Hw29PmFpImntBDrjw	ok		African Village Love Stories
@AfricanwisdomVault-d5e	UCKjz9yNabmVjeaSjl_8zi7A	ok		African wisdom Vault
@Africanwondertales_c	UC_XBVodbf15JYo_AOCNKtVw	ok		African Wonder tales
@africasforgottentales-m9e	UCLh7aleq58-nwry7fr7_1nw	ok		Africa's Forgotten Tales YT
@AFRICASONUS	UCVnv6faOBsring1t_1wmJsw	ok		AFRICA SONUS
@africasoulscape	UCY2_nVDpTYj03A66gOvoEUQ	ok		AFRICA SOULSCAPE
@AfricastoriesbyEsi	UCAB4iLnDeerQFZZMEc0JvVQ	ok		African Folktales by Esi
@AfricastoriesbyOma	UCvOuqtWJgpSB3Fw34eO42QA	ok		Africa stories by Oma
@Africaswildlife-k7e	UCzpo1-6yZL2Ssq0oDqo1ZVA	ok		Africa's wildlife
@Africatalebyoyinrose	UCQ-XANJsJxGE0NK1wuf12Yw	ok		Africa tales by oyinrose
@AfricaTalesbyBornGreat	UCEs8u8iUD3luz8RdXM5gmug	ok		Africa Tales by Born Great
@AfriChronicleUniverse	UCBdqM5TUGnzBNFun4DSvgfA	ok		AfriChronicle Universe
@AfriconProductions	UCKBzomozhx87YSSBl6Bp0AQ	ok		Africon Productions
@AfricTalesByCC	UCKLh-ffVbXW4vcPQyzcB73Q	ok		Afric Tales By CC
@africtalesbyIsbal	UCq43VJkGWZN6JWdbUWEpQ5Q	ok		africtalesbyIsbal
@Afrika_Tales	UCx5NbJHfCjvNUy_Bv2DOtgQ	ok		Afrika_Tales
@AfrikanTalesByChinny	UCS4sNHlMNlrEjUy0c9ftcaw	ok		Afrikan Tales By Chinny
@AfrikanTalez	UCtGBrNi9_NH5frS37cFITSg	ok		Afrikan Talez
@afrilorestudios-x8k	UC8ND3qTaGijwuLJSD9viJRA	ok		AfriLore Studios
@AfriLoreVault-6	UC-tmw_NC2TT8tuIot1SirSw	ok		AfriLore Vault
@AfriSeoulCupid	UCMly2Hbl15XRWLqqNyEs2_g	ok		Afri-Seoul Cupid
@AfriTales-h4f	UCFkACiOnlUwdyfbLsWfCBag	ok		Family Secrets Revealed
@AfriTales-time	UCpZRZ7B8_KLf8Se73715tUw	ok		AfriTales Drama
@AfriTales_official1	UCpNtWGfmEwFa45eHNWnvO2g	ok		🎬 Afri Tales Stories
@AfritalesByUTH	UCgmIexFZzDPN_ozOf98Olwg	ok		AfritalesByUTH
@AfriyieAIStories	UCdPjurHrKywMSQpo1LcgMcw	ok		Afriyie AI Stories
@afro-eurasianhistory	UCGN1KLkk2gG1wRoHXQghFHw	ok		Afro-Eurasian History
@afro-koreanepicstoriestv	UCQGSzocziWvlnGhjUnIN_0w	ok		Afro-Korean Epic Stories TV
@Afro-KoreanSeoulStories-97	UCqgJ-SifEkFiWjMVAit0k6A	ok		Afro-Korean Seoul Stories
@Afro-koreantales-n8m	UCKQ1tyGYaHxhOmp5pSYucmA	ok		Afro-korean tales
@afroasiaempire	UCU83YNTqqfHjZDxojn4evuQ	ok		Afro Asia Empire
@afrobeatmix-africanmusic	UCH6kJauMGMd2EoTBluVkCCg	ok		Afrobeat Mix
@Afrochillhouse-c7s	UCPCzfaymvx5cGad2yD8TcuQ	ok		Afro Chill House Society
@AFROHANTALES123	UC4MIE2TTPb9fDAyljlNidpQ	ok		AFROHAN TALES
@AFROINKA-o3s4t	UCJ98Ispr7zhB1EcCn4b4nVA	ok		AFROINKA
@AfroIzzayBey	UC5fPuPXzbEeyGV7G0bHBq8A	ok		Izzay Bey
@afrojazzhorizon	UCCZRqlN1kl7Sebv0cdQ3zJg	ok		Afro Jazz Horizon
@AfroK-Heartstrings001	UCQycT9dpIZdDXuqSoyzh5aQ	ok		AfroK Heartstrings
@afrok-popstories	UCKUaPGPdfOSFmBSADxDt3bg	ok		AFRO KOREAN TALES WITH MIMIJAH
@Afrokchron	UCXeAQnQd0HSzJSoPcnHR7Jw	ok		StoryPulse Films
@AfroKdramaStories1	UCnjnwmtrhkzoXEDrgd2FZnA	ok		Afro Kdrama Stories
@afrokdramastudio001	UCs9knhkK-GGfNpOPUhWKNCA	ok		AfroK Drama Studio
@AfroKorean-Legends	UCQZoxmhE4pRh672BWYpY6oA	ok		AfroKorean Legends
@AfroKoreanArena	UChjAiS3sJZ2kwkXxII-1F0w	ok		Afro-Korean Story Arena
@afrokoreanchronicles12	UCcysCjtg6xibNXcoXLL3ZPA	ok		Afro-Korean Chronicles
@AfrokoreanCrossroads	UC1HoeMUpHg_dqUoRX-HvPvg	ok		Afrokorean Crossroads
@AfroKoreanDrama	UCaKOydtIv30saVbkfAODN_A	ok		Afro Korean Drama
@AfrokoreanEstories	UCrzMYrXxCbBYtyTEoptedFg	ok		Afrokorean E stories
@AfroKoreanFilm	UCJyZAS8ITzTozLvmWdOMa2w	ok		Afro Korean Film
@AfroKoreanFusiontales	UCECiK_3ugjuGywyKvnOFcNg	ok		Afro-Korean Fusion tales
@AfroKoreanLove-l4d	UCtdUM1ustJsopjn10tYcdEw	ok		Afro Korean Love
@AfroKoreanLoveTalesHub	UChgUq9uh8-YbwdGEIjLtT5w	ok		Afro Korean Love Tales Hub
@AfroKoreanMafiastories-f4	UCh0_MpG0Cp-QUOiorq2IASQ	ok		Afro Korean Mafia
@afrokoreanromancestoriess	UCRxB5d7-rzA0qwduU7ARVLQ	ok		Afrokorean Romance Storiess
@AfroKoreanRomanceTV	UC8GpPOU-W16HhLSW2VN80-w	ok		AfroKorean Romance TV
@AFROKOREANSCRIPTING	UCsodEcDcR9jLWaGZvLwz9lg	ok		AFRO-KOREAN SCRIPTING
@AfroKoreanSeouAffair	UClW9e0jm34_4vaAZQi2U53g	ok		AfroKorean Seoul Affair
@afrokoreanstoriesbyaustin	UCx8eb0uymt0YSw1WZi7iTfA	ok		Austin's stories
@AfroKoreanTales-f2o	UCgLgNFcJ4opzpWjWnKIAniA	ok		Afro Korean Tales
@Afrokoreantv-5	UCTsHnDZAPXobG2F_i75as2Q	ok		Afro Korean Tales
@AfroKStoriesbyAllie	UC9EXNYrqTJ9lsFUhNxCf_Vw	ok		AfroK Stories By Allie
@AfroKStorieswithMama-g6h	UCH_q4UH5Ja0XL2UFy_fAyjQ	ok		Afro K Stories with Mama
@AfroKWaveTv	UCfkiJeOI01PZA15yZ1BxTeg	ok		AfroKWave-Tv
@afrolovediaries	UCjW9yEungM1l_9sidNWLj_g	ok		Afro Love Diaries
@AfrooStoriess	UCv-p1TkJQvdmEZvg31a4RNw	ok		Afro Stories🌸
@AfroRhythmplanet	UCnUXgMI5G-NTwiLG1l2KC3A	ok		Afro Rhythm planet
@AfroSeoulCinemaverse-m6u	UCdxKpMwSjuKWw9HFEASfcqw	ok		AfroSeoul Cinemaverse
@AfroSeoulMates	UCyZzG8cbaSEpwf0z5MqiqRA	ok		Afro Seoul Mates
@AfroSeoulstories1	UCekOwXrS6TZbJUIHzuGSXZA	ok		AfroSeoul stories
@AfroSeoulStories5	UCWjWtcXKkM442nE4vxgzY0w	ok		AfroSeoul Stories
@afroseoulstoriesbybee	UCCUcJs69gJFyrt4SLeFiByQ	ok		Afro Seoul Stories by Bee
@AfroSeoulvalvetdiaries	UCgLcdbuDLFTQO0lLV0X6suQ	ok		AfroSeoul valvet diaries
@AfroSoundLab-d6x6c	UC1zN9CuQyYTf6BD78CcJ5vg	ok		Afro Sound Lab
@AfroSpiritVibes	UC88K2otW1Pmp3HxEuNKr_4g	ok		AfroSpirit Vibes
@Afrostarofficial	UCyRXXyWznWVnjuL16U9OJ8g	ok		Afrostar official
@afrotale360	UCd2lX9X1xH2DgwX38CEo09Q	ok		AfroTale360
@Afrotales1	UCCm-YIT_fJIbOao0KhkHBOg	ok		Afrotales
@afrotalescinema	UC9WgIUBDLyLyUP_yl5f6p0A	ok		AfroTales Cinema
@AfroTalesTV01	UC3wxXajJwpOXE8YX0R7AhTg	ok		AfroTales TV
@AfroVibeNation-j7z	UCqHjRWWigeqW8YwjTQWG7OQ	ok		Afro Vibe Nation
@AfroWireAI	UCIFJr36jhaqddPER40zlM2A	ok		AfroWire AI
@AfrozKhan.2	UCfygDobB256Q_k-a1SDQ0UA	ok		Legendds Of WW2
@After._.2AM-g9p	UCkEZW3d64hV4c532AP2ehlQ	ok		After 2AM
@After1000Years	UCJfTTFzh7mbSp1HkN46dyYg	ok		After 1000 Years
@AfterAutomation	UCpekFTxfMpz8nZZL0ZOifjQ	ok		After Automation
@AfterDarkBluesLounge	UCxYPN_jz3Uuf27imifEi1Pg	ok		After Dark Blues Lounge
@AfterDarkTalesbyBun	UC1b9xQoMtQxlLuzrxaWqD_Q	ok		Tales by Bun 🌒
@AfterglowofDoom	UCQH89XYKHtMZgqpSQtlig5g	ok		Afterglow of Doom
@AfterHoursRadioFM	UCUp0jxHfAjRxt6ECwqLGXsA	ok		After Hours Radio
@afterimage_music	UC4VZMmAOSMPXyMaBQxHir9Q	ok		Afterimage Music【ハイトーン女性ボーカル AI Cover】
@AfterMidnightStudio	UCWdNf7A-Iv7fDpl3lJn7zeQ	ok		After midnight studio
@AfterRockSong	UCpZo_RNLHxJLQUro1t_RPSA	ok		After Rock Song
@afterschoolgirlsband	UC4uIAbOLgAKCnINCPKB0uJw	ok		放課後軽音部【エモいガールズバンド AIカバー】
@afterthehuntstories	UC3Fjk-rPkfWy7kRXTlDrz0w	ok		After the Hunt
@AfterThePrime	UCdaAJ_hJW-SOHEoRW3lo-Xw	ok		After The Prime
@afterworldcinema	UCcvIC7S5ozsEPrpwrxDi-7w	ok		AfterWorld@Cinema
@afteryou87	UCb02VIYv0TLlHJE-fdLtB0A	ok		afteryou87
@AfzalAthalla-u4e	UCv_4U-l5oA2dXVsEOUVoHhQ	ok		Afzal Moto3GP
@AG_Chronicle	UC6sY4AfPhzCv1Y1JCyXiJ_g	ok		AG Chronicle
@AgainstAllOdds-d6y	UCiMTkG4Mv3oxB5R3R_njThw	ok		Against All Odds
@againstallodds11	UCqNxeqsQIZVdyMX5kxLOIjg	ok		HFY Odds
@againsttheoddsarchive	UC5kBEnn3qsElQOJif5RfBEA	ok	@alinewithin	A Line Within
@agapiselogia	UCibnZvsXQMtpfQyDfBGCaTg	ok		Αγάπη σε Λόγια
@agarchive-n5m	UCoVvmq_cPtqFbmkV1Xhmtpw	ok		THE AG Era
@Agastyamuni5551	UCYZ7-IQT1Yhab8oVIPbCGRg	ok		Agastya Muni
@ageborne	UCS8Ozf-0axU5j7kMOt_fpFA	ok		Ageborne Studio
@AgEconomy	UCqsSDFqpRXYOpqsL9e9jWyA	ok		AgEconomy
@Ageless_Alpha	UCAxky2rQKG4EwGyMOdNbOxg	ok		Ageless Alpha
@agelessebonyover50	UC_sLO0uvAIF-TgqE0eZTQnQ	ok		Ageless Ebony 50+
@AgelessHealthGuide-s1e	UCigIs0l14y1-d4uY3zcgZnA	ok		Ageless Health Guide
@agentadventuresdaily	UCruUgyOAxRQAn79fRJBIgNA	ok		Agent Adventures
@AgentAndyYT	UCNFUV62GWMsOrZZfogERuwA	ok		Agent Andy
@agenticorange	UCus1DYX1FvivhnD-rTAcLFQ	ok		Agentic Orange
@AgeOfPOV	UChZw0oanIAMKzNDXKTxZreg	ok		Age Of POV
@AgeOlsama	UCynUjZyE423x90YoP5AIqug	ok		SMAX TV
@agewithstyle	UCsiBzifgu6vwRubtmdIcOzA	ok		Age with Style
@AGGGAIChurch	UCC4dWa7ZBD_F6Ryt2C2kP-w	ok		AGGGAIChurch | AI Bible Films
@Aghapy23	UCtKhSbUtqu3bPJcYZ5oZpiA	ok		Aghapy
@agiera	UCeycjBdVxehsAo6EdDStjcw	ok		AGI Era
@AGILearningHub	UCDfNY03pA2FEBGTXWAxwY3A	ok		AGI Learning Hub
@AGiSeries	UClUtipwEL_-h0_q3TanXPQw	ok		AGiSeries
@AgniVerseAI	UC3oo6x3z5xiy1X19hA5m43Q	ok		AgniVerse AI
@agonestudioth	UCXKYAZIL6EUK5rSIr0joRqg	ok		AGONE Studio
@AGONHISTORY	UCWq0Wf9Eiwc08edUzve1xSg	ok		AGON
@AgonyAI	UCHwQvgo3eCEoW4ObS9rD_ow	ok		Agony Lich
@AgricultureFlow	UCVs-LNzoAxEyONv8ueSJEWQ	ok		Agriculture Flow
@AgricultureInsightusa	UCzsHYjHL1dZ4_3-DxgrOQOw	ok		Agriculture Insight
@AgriTechSmart	UChaTMLTWOV_aq81BOsPTvKQ	ok		AgriTech Smart
@AgroFactorySecrets	UCXk6q5VLTPd13ovtG2mMnqg	ok		AGRO FACTORY SECRETS
@AGTears	UC5Vow9eO1690ecncwXpurRA	ok		America's Got Tears
@agtfailsss	UCmpjEpYbJoFi0xSmCZKFHmA	ok		AGT Fails
@aguswarsitomusic	UC-OS2DQGdHOi7llhx7g9E3w	ok		AGUS WARSITO MUSIC
@AH-AI-CREATIONS	UCiD_eHtWFauVUuUD9vYHrVw	ok		AH AI Creations
@Ahaaztainment	UC1pvYPVfLuTTgvblSctymUw	ok		Ahaaztainment
@AhadCreativeWorld	UCw4-Rtq5xumH8ChwyoiDGhQ	ok		Ahads World
@Ahahocat	UCPRa3EYaVpgaVeeAJXc2uKw	ok		AHAHO CAT
@AHDStudiosOfficial	UCtT-zJanajE9_R5uBUFasDQ	ok		AHD Studios
@AHGRID1	UC0hA56w8RwSVianwFzg7y2A	ok		AH GRID
@ahhilmi78	UCfDDwCVCoPqySZiCcwalPfw	ok		AH HILMI
@AhjinAnimeRecaps	UCwnB7Y_8h1tQXp5W2De5GWw	ok		Ahjin Anime Recaps
@AhmedKhaliq-i4b	UC2b_N_wXLgVjz5qrv-QjJEQ	ok		ehoes_of_AGES
@AHPAIU	UC5Ojh136E1jwxfkJYguwoNA	ok		AHP AI Universe
@AHPrompt	UC0m_LQy_U5s31I8jeaRLPEQ	ok		AH Prompt
@ahrevi-o3v	UC0QMfio2XpT1s9a67cyaoWQ	ok		Pulse Review
@ahsanurdustudio7299	UCmZDoL5RzAfO6IB5oF6dXbA	ok		AHSAN Urdu Studio
@ahstudio8	UCSAapqqPrju-XV3ln5EN-Hg	ok		A_H_Studio
@ai-306official	UCS6DuMIMYcO4vvv2SSGFrmg	ok		Ai-306
@ai-aassmmrr	UCvKqzdWsokQS4J74Rpr81TQ	ok		AI ASMR
@ai-agent-studio	UCI2LD1AclsdXluJiJZTWKAQ	ok		Isaac
@AI-Angela	UCoFQrg1Q28w3zAmyCSxTqIQ	ok		AI Angela
@ai-animal222	UCsUriQpDyHj38BcgBmlGtUQ	ok		ai-animal
@Ai-Anime-M	UC3R2BobO5o1QGGmgDEadMiw	ok		Ai Anime
@AI-Art-Guy	UCy7DGQHu1gYYLdZJXuJNSxA	ok		AIArtGuy
@AI-ASAMR13	UCQFgAbTZMgDHQWRh87FQadg	ok		Yum My Baby
@ai-asmr-ytvids	UC3nxDnRvM8F3c3Zp2EsGXJA	ok		AI ASMR
@ai-asmrbang	UCLU6cZXIDXaPl1XA0apbLCw	ok		AI-ASMRbang
@ai-babies-art	UCz1Pz-g8R-yEO22EH-TLZgA	ok		Trending AI
@ai-blog	UCtzNd-vpNe_VY6ub4ZIMRbg	ok		The AI Blog
@ai-cat-e	UCA0j5EDhlvlQSaaQljxVHHA	ok		AI CATZ
@ai-cat-producer	UCm3oCX4erCHURkcEoBtGwHw	ok		Ai cat
@ai-cat-x5f	UCzA9PX1Cfr1wGqPBJ-If5FQ	ok		Ai Cat 😺
@ai-cat168	UCDieTds47MAehHCAIIFIcVQ	ok		AI Cat
@ai-cats777	UCESKCQUxkvw2e-NhLMua9qA	ok		ai cats ai cat
@AI-CHAN_Playground	UCAAXCUkJ-BYcX2iJpgVdMIw	ok		AI-CHAN
@Ai-Chemy	UCrZz9gRX_pKaGbZOAOmj_2Q	ok		Ai Chemy
@Ai-Cinema-Adda	UCYRvskcQKuz5XXy1YGzRKhg	ok		Ai-Cinema-Adda
@AI-Cinematic-q5n	UCa2dczjUqjbDvWgIV4RuOHA	ok		AI CINEMATIC
@AI-CINEMATIC-UNIVERSE-y9p	UC2qtG4PR71iIlcXEiUMNbWg	ok		AI Cinematic Universe
@ai-co.ai-music	UCkkuN8u9En70vKROIcHPfag	ok		AI-co's Music Channel
@Ai-Cover-f3g	UCFY_CxKOT04Qo14fdbpWe5w	ok		Ai-Cover
@AI-DramaReel	UCcrX7oYO_BB2zL3zn-Zaq-Q	ok		AI Drama
@AI-dream-machines	UCuTQe4Lg7N_M_km4jOQJpXw	ok		AI Dream Machine
@AI-Dude-369	UC3izJubW4x0uhO80qLsAW5w	ok		AI DUDE
@Ai-duniya-4u	UChb0uBWMypq_CAaohiXY1VQ	ok		Ai Life story
@AI-FilmBytes	UCcIDFa4kfmrffv4fUrNyvCA	ok		AI Film Bytes
@AI-Films-Hub	UCcYoHgbViKJNSkFMUN_cG6w	ok		AI-Films-Hub
@Ai-Flow-1	UCw609cl9lm47TmxpLWqfJ4Q	ok		Flow Ai
@AI-FRUIT-ISLAND		pending		
@Ai-Fun-Story66	UC3BTFeHmdlB5oxWRHQ_1cxQ	ok		Ai Fun Story 66
@AI-Future-AF	UCZOw9_FR-2MOu7ooxSBCWwQ	ok		AI-FutureLore-AF
@AI-GEN-XI	UCJYfuQW1Ju-zPrI2ZuVwTDQ	ok		AI-gen-XI
@ai-generated-slop	UCbS7ohDlt6ndXFwFlP0jrdA	ok		Slop Parodies
@AI-GeneratedMusic-jon	UCD_2vi_Lu_d9XHe_5fOG-0g	ok		AI-Generated Music
@ai-girlsband	UC0AhU0K55nEg0gvztGEY4CA	ok		AI Girl's Band MIX
@AI-GoneWild00	UCrZRnMTxFINi-JhHmeXC4Fg	ok		AI Gone Wild
@AI-GPTWorkshop	UC2b2wgxm0vFjQfJJ0iRcFRw	ok		Zubair Trabzada | AI Workshop
@AI-Heaven-66	UCbCarymgD7wSl1GWjvw5-Fw	ok		AI Heaven
@AI-HomeChef	UCKODSPiQnx0c-fUtz580PdQ	ok		AI Home Chef
@ai-humanoid-robot	UCJ9r-3upif9Q_YmH8CsjgyQ	ok		AI Robot Creator
@Ai-i017	UC_Wup7Z6SzfqG26uC6ef7QQ	ok		Ai Mini Chef
@AI-Iris-Universe	UCA6iP1HHttqs5VFgnMJXfKQ	ok		AI Iris Universe
@AI-Jazz-Playlist	UCDcMmd100i-kmZoCbirCpzA	ok		AI 재즈 플리
@AI-KidsVideo	UCid_34aJUp41gxTMxh34Qmw	ok		AI Kids Video
@Ai-King-Memes	UChiwWl-kS-RlWcI3ED3be9Q	ok		Ai King Memes
@ai-lab.indonesia	UC2Q7GWr2HXysKrlNozhF0KA	ok		Ai-Lab
@ai-laughlab	UCbILBOK6xEgRbp2JuT1RYjA	ok		AI Laugh Lab
@AI-Life22	UCAMU4Bw7Hnbie6fXlRx_CZA	ok		AI Life Stories
@AI-LifeStories	UCe_5bXmQjZzb1ChnqOld7Cg	ok		AI Life Stories
@ai-lifestory-videos	UCovsJA2ark66g-2HPimGoTQ	ok		AI Life story
@AI-lig	UCrhcSN_RAJQ5evLU25dxLhA	ok		AI-lig music
@ai-master2000	UCPES2jbRjGWO6i3Y7tkE6pQ	ok		Ai Master
@Ai-Movie-Universe	UCKIBCMA8r3zKg1OZy5sJ1-Q	ok		Ai movie universe
@AI-MovieMagic	UC-kOW7Sq4gbPwxrkGdXhncw	ok		AI Movie Magic
@AI-MUSIC-BOX-d4s6x	UCJBO8ErPYKzrqj8lQfv8NFw	ok		AI Music Box
@ai-naive	UCl0X4-FTMCBf2RTujFvBtMQ	ok		Tetiana Shevtsova
@AI-Naser	UC74IXWR2Omlxx53pAgSW85g	ok		🥈 AI Naser
@AI-NextGenTrailers	UC9o6m7xpGKo105qIAttfTPw	ok		NextGen Trailers
@ai-nimator-bob	UCoh8-8WV3rccUJwukwhQa4A	ok		AI-Nimator-BOB
@ai-nimator-studio		missing		
@ai-non-stop	UCj9VwwYuk1Fn6pUocPM0Zgw	ok		Ai Non Stop
@AI-OddlySatisfying1		missing		
@ai-p6m	UCvsDpzvhyv55vdiL-dzPkew	ok		Ai marvel
@ai-pawcast	UCUVLyzEwzjDvWloAz10BHLg	ok		AI Pawcast
@ai-pawtopia	UC-XKg6onUtTrWGQBs3KKA4A	ok		AI Pawtopia
@ai-podex	UCT0YHDxZ9f6W4SgIfP0wucA	ok		ai-podex
@AI-POV4u	UCe29rlQWj0Wg3IhzJ7zuI7Q	ok		AI POV channel
@AI-Random-c1t	UCAt9k1TuY0iqqSnmzf_ErDQ	ok		AI-Random
@AI-RecoLab	UCsrk7ng3woItUFgS9Z29aJQ	ok		AI-Reco
@ai-robot-a	UCO4XDFSFr0GVomGR7ogvV9A	ok		AI Robot A
@ai-shorts-videos-ai	UCMGcRV6KgPIXAI4k1eTrtSQ	ok		AI shorts
@ai-slop-channel	UCVCChG7u3py6o3Rg13uk0hg	ok		AI Slop
@ai-song-book	UCIlm6IiStaQvKNwPpaZ7UPQ	ok		AI Song Book
@ai-soundscape-nakanohito	UC31rhHK5QwmKVn7OTI1n-Qg	ok		AI Sound&Game Scape - AI導入の中の人
@ai-stories50	UCTcck-GGCuhIIJrWLrlHPbg	ok		Ai. stories
@Ai-storiesgenerator	UCP9J3MEnLv1RCuqZqcQkFvQ	ok		Aistories
@AI-Story-Houses	UCCLtKgMsAqLA02Gx7NPxbPw	ok		AI Story House
@ai-sunil-2001	UCq0LxcNRGBPckDntD5QuIJg	ok		Ai Sunil 2001
@AI-Tingles-Factory	UCyOoeHAj1b584roEuqpUSTA	ok		AI Tingles Factory
@AI-TINY-BABY	UCjUvj2YkI5EJmM_2ZdoL_0A	ok		AI-BABY
@ai-toonmonkeys	UCbFF6uSsGRpUe8aXckbks3w	ok		AI-Toon Monkeys 🎬
@AI-Value-Investor	UCW-znWU_xrED8edgBltMWqQ	ok		AI Value Investor
@ai-video1211	UCZJzjn37Kprr7nCfJ-iv7bg	ok		ai shorts
@Ai-VideosforKids	UCuIqQZeg0o8G-dAoXmodhVA	ok		Ai-Videos for Kids
@ai-vito	UCZ_Wr0zR6BNxs9Yc9WqA34Q	ok		Ai Vito
@ai-with-ms	UCvRRRRw6wQiL0CBufGHjy-g	ok		AI WITH MS
@ai-worker2026	UCYwPTKCMuYlJT99na3ZuGNA	ok		AI WORKER
@AI-YamadaStudio	UClW-N6li-M1Is1z1xd5-flA	ok		AI山田制作所
@AI-YETIVLOG	UCfJkOXYD75czOwYmzrrrL0Q	ok		AI-YETI VLOG
@AI.00-47	UCP54MJJeWL52NMRZqP0ljcA	ok		AI.00
@ai.100k-k2v	UCnSdESHOfwddq5123_iwhDw	ok		ai.100k
@AI.1FANTASIA	UCWqObV-UaKMm5_UiJZzGXUw	ok		AI FANTASIA
@AI.5.	UCrN2H4wZy4nbSJFS7pT7f8g	ok		Travel AI
@AI.AIVISIONStudio	UCGPARUlqneQA2AHIodDUrVw	ok		AIVISION Studio
@ai.akshuu	UCklTTJbZRpt2JKakqipopLw	ok		Akshay bhatti | Web & AI Tools
@ai.AlexSandoval	UCnwOHtM4N70OpBROy-FTeRQ	ok		Alex Sandoval
@Ai.Arai-Story	UCu-nXbtjcYTGHxqB2ca-lSA	ok		Ai.Arai-Story
@ai.art.fantasy.	UCI24iDjIp7MZmG9dAVsICOQ	ok		ai.art.fantasy
@ai.asmrworld.studio	UC3uTOAMPYDFSOOZNjNxEbLg	ok		AI ASMR WORLD STUDIO
@ai.atmaxx	UCwNOkVAqFPUIfmbdS6qvSJQ	ok		Art at Max
@AI.BibleStudies	UCZUlHnW-wguYPthU6O_clyA	ok		AI Bible Studies
@ai.cartoon-y5b	UCVuhO1CwIa7jlU2YDcjYpQA	ok		ai cartoon 2.0
@ai.cartoonshorts-d5z	UCSbamwZmsIPAxKAQOXjwP8w	ok		AI. CARTOON Shorts
@ai.cat.shorts2026	UC4wRFtK8F1f1FfG7Bkc2Jmg	ok		AI Cat Shorts
@ai.cats.1	UCzgTYfGeQzbOaJvz4DocmAg	ok		Ai Cats
@ai.chillmix	UC0uduEduoUnH5tF9b6r768g	ok		AI Chill Mix Music
@ai.cinematic.universe1	UCJsvbOW0DzcDjktu4fvfwGQ	ok		Ai Cinematic Universe
@AI.CinemaUniverse	UCYgVFg4kGpMV1yJmQC6zUug	ok		AI Cinema Universe
@ai.dark.romance	UCc3tUSxS16ZkACciIRbC3hA	ok		ai.dark.romance
@ai.darkhorizon	UC3rDPl6UOSVo-7W426w2qIQ	ok		3D Video Edit
@AI.Doorbell	UCB-AVbncLw1K6_gABvM0BfA	ok		Who’s There?
@AI.Doorbells	UCaXAiJo4XY5njCNsQ2VusFg	ok		AI Doorbell Vids
@AI.fantasy.26	UCXYcP6HCZSRePgi4PyVueyw	ok		Runeheart Studios
@ai.fruits-z2q	UCcldyyT1y9x90Aal25ZKgmQ	ok		ai.fruits
@ai.fruits.storiess		pending		
@AI.Impressio	UCBJqPC9gAlFH7Ur2nQuT0Vw	ok		AImpressio 🥸
@AI.lyricsSongs	UCB8IzXLdP6Y5eTrnKXjL37A	ok		AI lyrics songs
@Ai.m4n14	UCZ9bFjTxQ81xBuKRY5tnf-g	ok		Epic_AI_M4n14
@ai.madamee	UCNa-2eEXUdWiYkPF7o7SRVw	ok		AI Madame
@AI.maginary0	UC4nMuKFHnWTHG1vT0b7CyTQ	ok		AImaginary
@ai.mariaa	UCdvtHInXVZj8466FKJJPELQ	ok		AI MarIA
@Ai.Melodi.studio	UCpa3m75BmP0TmgVPlUroz8g	ok		AI Melodi
@Ai.Music.Erim.1	UCFJzCrejLmDkdPbI7eBHefg	ok		Ali Erim
@ai.music.matrix	UC4eEg9prJU6ApDrfsRwV1bw	ok		AI MUSIC MATRIX
@Ai.Music.Videos	UCsak15nQvOCyNw2cK2ZDRRA	ok		AI Music Videos - AMV
@Ai.nueramix	UCUjO3C37ScQ24FU2wLRNUcw	ok		Ai.Nueramix
@AI.R.Y	UCZ-pZm9QDOJbMmojGZii3SA	ok		AI.R.Y
@ai.recreates.history	UCbULyirfEJBRcbYj6XHLSdg	ok		AI Recreates History
@ai.rfloww	UCf5DZwqUOy-k3WrFC8JP2AQ	ok		ai.rfloww
@AI.Snippets-ART	UC9EbQFd-HdR21XBBafyVQ-A	ok		AI Snippets
@ai.storyfilmmaker77	UCZM99Fe9AWRaaDg_4GsYs-A	ok		North Horizon Studio (Hawk&son77)
@ai.storypk	UCsNE12twlTuTH5j54evkhIQ	ok		Ai. Story pk
@AI.Toons1122	UCMN3V9CsAaTKnnq5Za2ydYA	ok		AI Toons
@AI.UNIVERSALPICTURES	UCh3ncrCskUlMSJgq7W5DgLg	ok		AI Universal Pictures
@AI.Universe-TV	UCUCY7Rpv5Q_aygXXKpP5xnw	ok		AI Universe
@ai.videos.ronaldo	UCaEuwLNwaEO6zyYEI-vsZ7Q	ok		AI Videos Ronaldo
@ai.with.marvel	UCN0YOuVwXcQl0GRykkGetsQ	ok		ai.with.marvel
@ai.withphil	UCKMx7ACJXVZXRP0qZ8xZgOQ	ok		Phil Franco
@AI07-e7y	UC8yUXM6zTpa0n7ZjFYTjA4A	ok		傾聽故事會
@AI2Relax	UC5ypOZHZkSszQnW8G65GApw	ok		AI for Relax
@ai4films	UCFIsff8xpy143sRpXsFuRnQ	ok		AI 4 Films
@Ai4K-x7x	UCkDBTI4z4uFCXtI55M-9jPQ	ok		Ai 4K
@ai4techies	UCciTP3DtQ3fHlt3weNKsUhg	ok		AI4Techies
@Ai4TheGood	UCLT95bjKNVZcFidzNTgQHzA	ok		The AI Life Coach
@ai67030	UCNlkT_m_B6X8hndOMBUxvaw	ok		AI猫にゃんこちん Official
@ai___cartoon___0786	UCl4wwuWqrGLfbhcxQEh_lug	ok		AI___CARTOON
@AI__ASMR-Lab-e	UCf31WJm93QnQ4sZAciSqj1g	ok		AI ASMR Love
@Ai_Adda17	UCO94eV6DjyFMrbYTvoUliSA	ok		Ai_Adda
@ai_adventures_xo	UCu8N-XlutgX2Brg25eSHkQg	ok		Ai adventures
@Ai_Alpha_1	UC-4qpzVRls8kos4ywHDjEqA	ok		Ai Alpha
@ai_altered	UChR0BsIa1uBjaixz-T2Mztw	ok		AI Altered
@ai_animal_world-h4c	UCLxHH6mQRBqaxdwaX7I4SYQ	ok		animal ai world
@ai_animation_ideos	UCCkvT9HAriRL9F_OSgYv5Ew	ok		AI ANIMATION VIDEOS
@Ai_anime11	UCRQ5F4rbDYglk3r1cGAXinQ	ok		AI ANIME
@ai_anime_and_music	UCDCbz-7-lv57eed_FuAX2vw	ok		Ai_anime_and_music
@ai_art5	UCOhPDOlhfuatph93GklslWQ	ok		Ai__art5
@ai_artist8879	UCIQM9wldrWtSOOar9UbeFiA	ok		ai 아티스트(artist)
@ai_asmr-c6x	UCPwK7Mv2BmYFLGuP8qTdwPA	ok		AI ASMR
@ai_asmr-n8	UCp_-FMA9i3OgpbmpFTl9OSA	ok		ASMR AI
@ai_asmr-p2r	UC23p3HFLMPLPejTav34xCvw	ok		Ai ASMR VIDEO
@ai_asmr_anime	UCkaE2MXiXVDagHb94Ud3iYQ	ok		AI ANIMATION
@ai_asmr_hub09	UCAU5ZcHW3ulLvqR9b25WktQ	ok		Ai Asmr Hub
@ai_asmr_lab_ch	UCi6NmdbB1PzLK1GiZPwX71Q	ok		AI ASMR Lab
@ai_asmr_usa	UC97wm63L23NTtGmoWcvb-lA	ok		AI ASMR USA
@ai_asmr_videosss	UCnN2htydsXE69wG0w0rV4eA	ok		AI ASMR FRUIT CUTTING
@ai_baby-9	UC6lDFIOmpPPlYtzJl3tZsCA	ok		Ai baby podcast
@ai_babyclips	UCXCm5gKkDp5k93zboLpz08Q	ok		AI Baby Clips
@AI_BIBLE_ANIME_STORIES	UC0cr-6w0Ss-_Tgy1oCatZyA	ok		AI BIBLE ANIME STORIES
@AI_Bible_Songs	UCBfZOmFSTw46GOtWZ7KAcBA	ok		AI Bible Songs
@ai_bolt_ipublic	UC6kSZw4tyoXuj3ARqpDUqiw	ok		ai bolti public
@AI_BotRoss	UC5om5XTdOlot6EPA-twos5g	ok		Bot Ross
@Ai_by_tee	UCngNxHdhRXD2Gzvy0y0SB9w	ok		Ai by tee
@ai_cartoon_animation-sj	UCzqnz5aQWl9NjdC2xAxVqgw	ok	@free_fire_pb07	Sanju short ff
@ai_cartoon_shorts-13	UCOtcZ1u7qrsqGd_Kg_LGATA	ok		Avengers Kids Fun
@ai_cat_funny_307	UCGyf5tKHHbQE-F-HzW16AOQ	ok		Ai cat funny shorts
@AI_Cats_cook	UCde0W9JUJZi-vRUI8yGXXEg	ok		AI猫が料理する【AI Cats cook】
@ai_cinematic_lab	UCejjgZIhp-KYnviFOkhf1-w	ok		AI Cinematic Lab
@AI_CinematicMultiverse	UCyO2teybQRb_Whchowl4U_w	ok		SUNKARA STUDIO'S
@AI_content_pro	UCSKbCJN5Xf58iyI6ibbAp_A	ok		AI_content_pro
@AI_CreationsTV	UCEtgf5Qc80Xi4bzCu-GHVuA	ok		AI_CreationsTV
@AI_Creator_IA	UCYDd1tcNtwAxpVeqnGuhXJA	ok		AIcreatorIA
@AI_Cute_pig	UC_gbso4GdbxVq_oXDKWMWfQ	ok		Cute pig Ai Animation
@ai_dance_09	UC2wzOsdtwpf-a4wUVlgZRAw	ok		AI Cat
@ai_de_asmr	UCM3aHGYq--j7sDJaTw98NfA	ok		AI de ASMR
@ai_doorbellvideos	UC1fxTuunXgGYyCru6iOG2TA	ok		ai _doorbellvideos
@ai_drama-ghibali	UCbgJL-0lJuVYGBFzdU0UIlQ	ok		Ghibli _drama
@ai_drama-mk	UCbgJL-0lJuVYGBFzdU0UIlQ	ok		Ghibli _drama
@AI_Dripp	UC1OhWRly7_P8qaDfLJ79aVg	ok		AI_Dripp
@AI_ESteem	UCnnngC3UajPXbnrQZqecUwA	ok		AI ESteem
@ai_eternal_chapters	UCeMtostq9Re1yIOkqAWcwQw	ok		AI Eternal Chapters
@AI_FakeFever	UCbHJkJK-SjxWTwaRekRkxOQ	ok		Piggy AI
@ai_family_1	UC-7PF8xYCzAH1ElsVXJWqYA	ok		AI FAMILY
@Ai_Fi	UCqzECUt9zbX-NYKQ-4LvOYg	ok		Ai Fiction
@AI_Film_Forge	UCYEOgRj8NRDrTHWEO-HNLxg	ok		A.I. Film Forge
@AI_Filmss	UCb8L6vvKJlg12NukdW1FXzg	ok		AI Films
@Ai_Food-1	UCpkJVFoy2bpIeZbtaV9XGNg	ok		Ai Food
@AI_Food.Magic0	UCuaYdGXM_HSJQ6klVi0ADdw	ok		Ai foods
@AI_Frenzy	UC2MjrKZgro_YCwtsThDbgTw	ok		AI Frenzy
@ai_fruit_drama243	UCPr3EFil9yQQ4lKAj9SUPrQ	ok		Ai Fruit Drama
@Ai_Fruit_Vidz	UCFMwYe-f4dwoC206I2ZoSFQ	ok		Ai Fruit Videos
@Ai_Fruits_99	UC1Iq4BBnpWIlHVbE4Y9rpcA	ok		Ai Fruits
@ai_fun1.5	UCZnTdCW5WUOaGXMrOKkdHYg	ok		AI fun
@ai_funny_catworld	UCsEsV8bdkSukqcTVuyrqfiA	ok		AI Funny Cat World
@ai_funnytoons-n4n	UCROr4u2nmZaC5U5-DYNBL3g	ok		ai_funnytoons
@ai_future_engineering	UCJ0__DeKSddUIPCnWtUzYdw	ok		AI Future Engineering
@AI_HighSchoolBand	UCkn7CHnvRtNOzDFHyELQ3DA	ok		永愛高校軽音部
@Ai_hybrid_animal-kk1qv	UC_ODFuDvEZi2su9Hk4LOHvw	ok		Ai hybrid animal
@ai_immersive	UC1OGS6wu9AZCuxn1aK6IFTQ	ok		AI Immersive
@ai_journey_station	UCfON2ISN_yD3MqliZ8vqjjw	ok		Ai Journey Station
@AI_kagekidan	UCCf087m5_AKGtrWRYZPGvlw	ok		AI 歌劇団
@ai_kartoons	UCS0SiaIX7jmlkIse-Tk2GJA	ok		AI KARTOONS
@Ai_kids120	UCvByLozO0GdFiA3qYlGxROA	ok		Ai Kids stories
@AI_Kids_Academy	UCEXs-yXWJOOvLS0x_3fU2fQ	ok		AI Kids Academy
@Ai_Lense	UC18uKYAJLqQ63yVwiLX5gng	ok		Ai Lense
@ai_life1956	UCVDiEanDiIUBsCKu_miqvLg	ok		Ai Life 1956
@Ai_Life_Snap	UCuLTJ-gkP-sTCG8NlUs53NQ	ok		Ai Life Snap
@AI_lithic	UCX0eEvwLCHwkxReqwRY0fLw	ok		AIlithic
@ai_littlechef	UCOfNYk7QP625W0zwuWJF77Q	ok		ai_littlechef
@AI_M-U-S-I-C_AI	UCYBqg-o7JEZWK229kCsylAA	ok		AI-MUSIC
@AI_Magic_Hindi_05	UCslOIyZRUVulEFdwVnbuUwA	ok		AI Magic Hindi
@ai_magic_hub-n8q	UChb6AHLeMhH-Wdo8z-Iwcbw	ok		AI generator video
@AI_maginary	UC5Lbfn6eXvOaJfXLjoTR5Ng	ok		AImaginary
@Ai_Marvel9	UCOVcYNJ1nqBhlnjEycoFMCA	ok		Ai Marvel
@ai_marvel_01	UCZ88M8FLX9nT9p5Uy3vL6gA	ok		Ai Marvel
@Ai_MarvelHulku	UCsooJMg1mECZL3-e9po3bQQ	ok		Marvel Hulk
@Ai_Master-wh9bg	UCtei_7E9_Xd6AywxY3-sVAQ	ok		Ai_Master
@ai_mini_food	UCvcrt0LlYiMWnyZTdVTEn4A	ok		Ai Mini Foods
@ai_mini_vlogs-hk	UCZGIZgLLI1mjMJescoC6DWw	ok		Ai Mini Vlog's
@Ai_Motivation4u	UCQH3C3l5f4bwj5YK0k8nHSQ	ok		AI Motivation
@ai_movies_and_hanuman_ai_vlogs	UC9Sdti3UL5vgAdo9uQvSqJA	ok		Ai Movies And Hanuman Ai Vlogs
@ai_mushuk	UCXAOvEVs6xuaEDUpzJ7t-Ag	ok		Ai Cat
@Ai_music7077	UC4rfP668RUSd1xVis3Rewbg	ok		Ai music-UZ
@Ai_Music_Akram	UCgCwGW21PcvYZHdjcOSSFQw	ok		Ai Music Akram
@AI_Music_Aria	UCldDxdqF_4Pn6QLlbuyYRLw	ok		AI Music Aria
@AI_Music_channel2024	UCbjixZ2nupAWMdQ9iL1Y4rA	ok		【AI Music】音楽チャンネル
@ai_music_official	UCFNy0ERBB7aGPvxmu_ApyOQ	ok		AI Music
@AI_music_Studio_labo	UCVVPcmTd3rqGwOKG9NTIqCw	ok		AI Music 工房
@AI_MusicLyrics	UCo9rIPN9-fDVIYl3SyA5jKQ	ok		AI Music Lyrics
@AI_Nitesh1	UCEqZZfkGffJcAKrUULbzZ5Q	ok		AI_Nitesh
@ai_omnitales	UCDP_Viaxf-P9FYE0JJ-tgZQ	ok		Ai Omni Tales
@ai_oracle-i5i	UCGw8uwzXUhGlZ5iqIhEBuLg	ok		Oracle Ai
@AI_Outlet	UCZmZy30TB8ZCPqR_vwi5Zew	ok		AI Outlet
@AI_perfect_fantasy	UCHuikWQ4r7rHHrezzXtkh8Q	ok		AI perfect fantasy
@ai_pigeon	UCjE6eFkJDm19L8RdBzuEYaQ	ok		ai pigeon
@AI_PIXEL_STUDIOS	UCeqZooh8GSXbNL52STi8U4Q	ok		AI PIXEL STUDIOS
@AI_Playground2	UCufT5L3v-9DPD66cZqULQjA	ok		AI Playground🤖
@Ai_podcast2	UCsGeDkbVhObPRiBaq98AjVw	ok		knight_of_Kildare
@Ai_pro_mind	UCNsS5xEmVcFZOl90ojSJnYg	ok		Ai Pro Mind
@AI_RandJalues	UCuWc9BAsXdormaHGnNDugGQ	ok		AI R &Jalues
@AI_Re_Sound	UCsChGwJwFxI2wcXi9bJOf-Q	ok		AI Re:Sound
@ai_reborn_music	UCVcbbnXHYIisU8BqjlLscfQ	ok		Ai Reborn
@AI_Reconstructor	UCbFuu4y2m0O6jVeDN1fcYHQ	ok		AI Reconstructor
@ai_reveal_tech	UCHn5qn7oLDMxR5q8VMQqnVQ	ok		AI Reveal
@AI_SatisfyingRealm	UCGtAR5GuGlLjLPCZcU7Z2aQ	ok		AI Satisfying Realm
@ai_short_91	UCHAiJoR8aWEPrgy8yn_jv1w	ok		Ai Short
@Ai_short_Story06	UCnBmQlWDVGEWDasnK29woKw	ok		Ai Short Story
@ai_shortdrama001	UCSBxwT3gOFjlESI4aV-ueHw	ok		ai_shortdrama001
@ai_shorts222	UCzogHCQLV11AcoOB9-QDtJg	ok		AI_SHORTS
@ai_shorts7_nvg	UCAvcFqZjkF6hPGzRFQlMyLw	ok		Ai Shorts
@ai_shorts_pr	UCfQwT4CgQq6J7AerDRPiUZQ	ok		Ai shorts
@AI_Showcase	UCEYPbjFqIQ4tLPDfdCOW6Cw	ok		AI Showcase
@ai_song_bangla	UCkgQvgvS4aRVCrMsHp2YkeQ	ok		AI SONG BANGLA
@AI_SOUL_ASMR	UCYWXJAxr8wLZWn0Zvyz1HVw	ok		AI SOUL ASMR
@Ai_Spiro_YOUnivers	UCOfpNKPW0ev5FXLIIs3VPAg	ok		Ai Spiro YOUnivers
@ai_story-s-n5g	UC36rlOJOC84crREfovj0prA	ok		Ai story
@Ai_Story-z7d	UCDn2DeRipGKdy05nQ6E3Mzg	ok		AI_Story
@ai_story8486	UCV96MD9YF0KzAK6xNf9DIcg	ok		ai_short_story
@Ai_story999k	UCdXpfMgzLasDI3Kds8uNKkQ	ok		Ai life Story
@Ai_story_2.0_uxt	UCG-rKxVnT9HYZBjZQD6UrIg	ok		Ai story 2.0
@Ai_story_creator09	UCgJyfioxe_NQ3Ay2V_flMPg	ok		ai Stories
@Ai_Story_Verse_101	UCndqZheqkbLHmknVM0wJU9A	ok		Ai Story Verse
@ai_sujoy-w7y	UCXEeV2PAcBN0FsQRD82uN_A	ok		Ai Poor Puppy
@Ai_SunaMusic	UCw5QkKnwdkuuFgGRqiyRinA	ok		Ai Suno Music
@ai_tech_pro1	UC6-xI88JazkFnvGLQ-_kYQg	ok		AI Tech Pro
@AI_tools2024	UCEMAPO42ko8QTBluN__X35A	ok		AI TOOLS
@Ai_Topia7	UChnR6l1XsezPxoEJYx0HhSA	ok		AITopia
@AI_Trailers_YT	UCEA9uwC-b3a64PfwL2n2RDQ	ok		AI Trailers
@ai_tunnel	UCUWu2rqZWlNzRAMjjaW1WWw	ok		Ai Tunnel
@ai_tunnel-u6l	UCRi7tqYK3ZzEcS8A1A74RWQ	ok		𝗔𝗜 𝗧𝗨𝗡𝗡𝗘𝗟
@Ai_turnedanime	UCtDzbvqjGya05myjum2eTYQ	ok		AI Turn Anime
@AI_Universe999	UChjwsDlUZ3Z62588iaQfquQ	ok		AI Universe
@ai_user_top1	UCzWWy9TkhmMS7AJga7sqXRw	ok		Ai__user__top1
@AI_Verse_Music	UCnUToSwMDdbtPOqvOs7vIng	ok		AIVerse Music
@Ai_vibes-h	UCI2_dGxYr-MygW5oL6aaBPQ	ok		Ai Vibes
@Ai_Video-d7f	UCOWVk7dwd2Qt_vveAmDsUSA	ok		Ai_Video_By_Uvaish
@AI_VIDEO_CHANNEL_AVC	UCPni1pvo4vuS2xWFcSbFJew	ok		Ai Video Channel (AVC)
@ai_video_official_11	UCFZVPBjnRwkjBQWk2fFesdg	ok		ai video 😁
@ai_video_shop	UCR0RfYB_uTk-YYOy5Cd2ISg	ok		AI ANIMATION
@AI_videos_short2	UCmZ3K98lZiEklA42g7CjOug	ok		AI life
@AI_Vision807	UC3HLBGhIyn02qFGbsiLw2gg	ok		AI Vision
@Ai_vlog.21	UCbBYwxsmPT8GTkFtMMNqXpw	ok		SakshiAi
@AI_WILD_Wonders	UCUJJMadsFUXSG7JjfqdOZDQ	ok		AI Wild & Wonders
@ai_with_gary	UCBH8K4CGLlawdLMQsCS86xg	ok		Ai with Gary
@AI_with_Kusum	UCnCOY9v1Jqjs9Uaa632i5Fg	ok		AI magical world
@AI_WorldClips	UC95zsTJfUPdpefz-P1osxoA	ok		AIWorldClips
@AI_Zayan	UCL-3BI_PcNYEmAf11Qwx01g	ok		AI Zayan
@ai_zombieFish_ai	UCYcDWszY37ZrcZvMI-o2kJg	ok		zombieFish
@AIAA-Lab	UCpL57Gk1eVoaTvAGxEUHyqg	ok		AI Arrangement Archive
@AIAbigailAdams	UCGKEkS6oQQsnSmfTokMAULQ	ok		Abigail Adams
@aiactuallyhq	UCjzcf1TM0CFcnZmsLVdeEvg	ok		AI, Actually
@AiAdda-98	UCbiEhjiwMBYmWhkI6a_InUg	ok		Ai Adda Animation
@AIAdventures-9000	UC9TWv_7nmp6q8djFFFWgtpA	ok		A.I. Adventures
@AIAdventures4	UC8X2YMBhMwaahDBRudHdbJA	ok		Future & Past Vlogs | AI Adventures
@AIAesthetics-t2h	UCvhHWNfjob5BXhkl5jZUvJQ	ok		AI Aesthetics
@AIAfricanStories	UC0HF9YEWT6VwsLB_WuhABtA	ok		AI African Stories
@AiAfsanneh	UCG72Ata4MtiP2JyGiK5I7Dg	ok		Ai Afsanneh
@AIAfterlife93	UChLgoTMxzhZyU9-2uOB0Iqw	ok		AI Afterlife
@AIAfterparty25	UCVU8bjfqnbPPO8vg781nsyg	ok		AI AfterParty
@aiagent45	UCwB-WBT3Ms83aW4-TUj7Leg	ok		Ai Agent
@AIAgentsPods	UCohIxrtXHaIbgWvJW4lI26w	ok		AI Agents Podcast
@AIAI-Ai	UCCOjK-Afx5PfbYadk5ay78Q	ok		AI
@AiAi_BGMRoom	UClJhOx1Bw403CplQRsDxeug	ok		AiAi BGM Room
@aiaiq	UCONj5EnLy4JGEGTBqDNsX_w	ok		AIAIQ
@aiakhalesh	UCkFs4rKgh9vDFempAQPLsRg	ok		AI AKHALESH
@AiAlternateUniverse1984	UC-mm2_gKoTgCxnd61sM1prQ	ok		AI Alternate Universe
@AIAltVerse	UCyDZGwMipwd8N1N28HJpGrw	ok		AI AltVerse
@AiAmai-o6q	UCeDNVQi6Nc0Q6MLo_03xkgA	ok		AiAmai
@aiamajedi	UCKzWKFEBpJU5zv9ji-rCypg	ok		ai am a jedi
@AiAmazingdialogue	UCuX9oo2QZHa2OrQn_LKbs7Q	ok		Ai Amazing dialogue
@AiAnabia	UChlr1Sgxii-66XUxNVmTzfw	ok		Ai Anabia
@AIandChips	UCiDMiU0JwZNPRbGL4GBgVHA	ok		AI and Chips
@aiandcivilization	UCgXgDbjpCzo2F-5wmHA-JwA	ok		AI And Civilization
@AIandIYT	UCqhzF4yfrAoEPzf9UN7tiJQ	ok		AI & I
@aianimal0s	UCqra-44sQWdLDObVze-iBPw	ok		AI Animal
@aianimal296	UCfEgs8I2G543AU-JVUcLSxw	ok		Ai animal
@aianimal878	UC1JtRC1snqOKRXR4j1uYRRg	ok		Ai Animal
@aianimal972	UCJfAd9ELfLxCz5MwTpHwXnw	ok		Ai Animals
@aianimaladventures-4	UC5mf6ZLRW2fON0mVi9ZAymQ	ok		AI Animal Adventures
@aianimalanimation-s10	UCqgluM46FHnChimCjw5GZ8g	ok		Ai animal Animation1
@aIanimalcartoons0	UC8T0fAiwIEdZivdZmQQ42-g	ok		Animal Cartoons
@aianimalclips-y5t	UCG5E-zZqnf-wPFStO1nGynw	ok		AI Animal clips
@aianimalhospital	UCptqz4V98PB2fIWoiAxIW5w	ok		AI ANIMAL HOSPITAL
@aianimalkingdom31	UCsUdbO_qWOhUF43BIcMnmcw	ok		Aianimalkingdom
@aianimalrescue00	UCb69t9Nc-t8peYovm3BZzow	ok		AI Animal Rescue
@aianimals-stories	UCmgN-F_zklOdyqONza849cg	ok		Animals shorts
@aianimals1311	UCVXSxLYn8W5gJVrEutCFjMg	ok		AI Animals
@AiAnimalscooking	UCXsLxdcj_rDBVqfmIMQh0gQ	ok		Ai Animals cooking
@aianimalsgod	UCjzZm0dqOnbTeEY717ZBuvg	ok		Ai animals
@aianimalshort_100	UCFQdl8hMGXoYv0gX5u600Iw	ok		@Ai Animal short
@aianimalshorts-animalshorts	UCBKMUrsWgeK4Y0JUZTo8Kzw	ok		AI Animal Shorts
@aianimalshorts-q2f	UCLC5rzG-E4KmGboelySoftQ	ok		Ai Animal Shorts
@aianimalshorts2.0	UCk6aG1CrD5TJ7akbJi57vSw	ok		AI Animal Shorts
@aianimalshshort	UCii0R9lKLdY5qGh4u8_SWog	ok		Ai animalshshort
@AIAnimaLsHub_7	UCOrCei2QCasK3AjmG_yNedQ	ok		AI AnimaLs
@aianimalskingdom-f4t	UCN5V_EFuvWkeoG9MPWULInQ	ok		AI animals kingdom
@aianimalsshorts_viral	UClNnCca8LRpR8phBMkqaXJg	ok		AI ANIMAL SHORTS
@aianimalssworld	UCU6lP-IIM85lYJMsKpFGzsA	ok		AI Animals World
@AIanimalstorie	UCU6yO8B6e_Y3XVj0P-Te7pQ	ok		AI Animal Stories
@aianimalstories5	UCflmgPqdvHYOgmoefF9kVPw	ok		Ai Animal Stories
@AiAnimalstoriesAI	UCRX5e3CNTUFM1eFtweXDeaw	ok		AiAnimalstoriesAI
@AIAnimalUniverse-b1r	UCMtlplVkJAXVdHPFoOImdeQ	ok		AI Animal Universe
@aianimalvideo090	UCASHRn1ElHSMCqVxr3VJEpw	ok		AI Animal Video
@AIAnimalWorld-j7m	UCtcKyBjE5OIIUPqf0Tvud_Q	ok		AI Animal World
@aianimated-l6g	UCqesR7ZQLZK7qbVwtWXqiEQ	ok		AI animated
@aianimatedshorts07	UCXvSUP3ZJ6q8Pe0zA68N5TQ	ok		Ai Animated Shorts
@AIAnimatedStory-r5w	UCHn8WEc4wMMIWj54vLlOg_Q	ok		AI Animated Story 1M
@aianimatedvideo_to	UC3IunvE_77iCQ0tFe7e0sDA	ok		ai animated video
@AIAnimatics18	UCsRS_6S6nHfzTKed1sFWAwQ	ok		AI Animatics
@aianimation-shorts123	UCW11b39zqs5TKs-Xtw4T0cQ	ok		Ai Animation Shorts
@AiAnimation-u2v	UCJ9-nmf-iWXZWgwwPXGlrfQ	ok		Ai Animation
@aianimation-x1-d1p	UCE8aIQ2y54mrbMLw87Rf10w	ok		Story Of Cats
@AIanimation-z5s	UCrWluODLejEde2fq1zTmD3w	ok		AI animation
@aianimation-z8t	UCUVTaPrLRx7FchYGq8pZoUQ	ok		Ai Animation
@Aianimation00__7	UC24g0UFOM5hT5uL041PXudQ	ok		Ai animation
@aianimation123-w3s	UCa-mQ2WqqNKXdOLyit-9ojw	ok		Ai Animation
@AiAnimation2k26	UCYoIFgeOE7xIzm10v4-uBnA	ok		AiAnimation2k26
@aianimation32	UCJKDmfQA0DkmSFRHibcpdWA	ok		ai animation
@aianimationbysanoj	UChjVi877puj-1vHZlAnfzXg	ok		Ai Animation By Sanoj
@aianimationcartoonshorts-m3z	UC-U51XbmRnvwMlLZdXopVrg	ok		Aianimationcartoon shorts
@aianimationcartoonworld-b1c	UCkP29JQ5HTr3kJmw2yvRbpw	ok		Ai Animation Cartoon World
@aianimationfluffycats	UCHnISBMNJ4fVpk8Yr3elMJA	ok		AI FLUFFY CATS
@AIAnimationHub-007a	UC6WjbPLMRJXqqEWhWR_8OBA	ok		AI Animation Hub
@AIAnimationHub-23	UChaUJywWPBiLFvG6sJF2bew	ok		Ai Animation Hub
@AIAnimationHub-d3i	UCQ4wd17HsMGxS_2fwVoVrjw	ok		AI Animation Hub
@AIAnimationHub-t4s	UCQ4sJiig4_TY2LgRHGtqaGQ	ok		AI Animation Hub
@aianimationoffcial	UCvOAnGMQxAiVPRLKRNgSQ-w	ok		Ai Animation
@aianimationpictures	UCjrxX-lsNUj36ZbLqcqw8OA	ok		AI Animation Pictures
@aianimationscenesiuy	UC_N1u0NVxEuSMwyL3YBNURw	ok		*AI animation scenes*
@aianimationstories-z2s	UCqUnAbh5JtFLlYuyF7SCYtQ	ok		AI Animation Stories
@aianimationvideo-z2j	UCcbAO8aZxOkYX65V1MPMcSg	ok		AI animation Video
@aianimationvideo2.0	UCXmlQPhhD0Axrhmi8CdaRww	ok		Ai Animation Video
@aianimationviral1	UCL_xnzj1N88RlWVIkMeEuBg	ok		Ai animation viral
@Aianime-q3o	UC7VKAQEGWQJAtAnqhTsQ0_A	ok		Aianime Recap
@AIAnime_Verse	UCoYqO0PBd2C9cbRRCoIIkeQ	ok		AI AnimeVerse
@AIAnimeAestheticoffical	UCHtkbamCgm_ScLuNjNszwtQ	ok		AI Anime Aesthetic
@AIAnimebyTGAMES	UC9QyxcBB30i410jQxoo1DkA	ok		AI Anime by T GAMES
@AIANIMECARTOON34	UCMEAXS3k31WjBSLwFSUBr7Q	ok		AI ANIME CARTOON
@aianimemaker	UCwRexUYNW-U0XSdmHiphQQw	ok		AI Anime Maker
@AIAnimeMangaStories	UCj7lv6Jqru8qHpxlSMt4H5w	ok		AI Anime and Manga
@AIAnimeRealm	UCwv5RxDV5AedteBiOYdEfkQ	ok		AI Anime Realm
@aianimes-o8i	UCaOqwDCXscsse_z1nDmuyUg	ok		ai animes
@AIAnimeStudio-h9iofficer	UCsCOJQ6B3zSelGY78kDiNYA	ok		AI Anime Studio
@AIAnimeStudio11	UCfI6-5NYyKjTMknaWCx8p_g	ok		AI Anime Studio
@AIANIMESTUDIO2025	UCbU8_vBGyhm6bNlxhJz3OWQ	ok		AI ANIME STUDIO
@AIAnimeVisuals	UC8iRlqVm2uTOlIstdO1mJOg	ok		AI Anime & Game Visuals | アニメ・ゲーム実写化
@aianimewaifu-g	UCTm5O9qp7MUwxqUpCAUbV-g	ok		Ai Anime Waifu
@AIAnimeZoneX	UC3XyOrCYEVI5fVBIFjW7bPg	ok		AI Anime Zone
@AIAnimiyo	UC0EGLV3QTkA4cRdsjGn9_oQ	ok		AIAnimiyo
@Aianimtion-n7x	UCvsFpEVZ89gAQiw7-6JBpRw	ok		Ai animtion
@aianistudio	UC62_D5MPUReGPZDDs3LMmNg	ok		AI Ani Studio
@aianonymous9	UCfHDRoZmb6EumjjxRw6r4qg	ok		ANONYMOUS AI
@Aianyvideoforkids	UCfhFNYlfnx1jhVx4ggHJ40A	ok		Ai animation video for kids
@AIApostle	UCoNBSzjm8kijVocSNujSM5Q	ok		AI apostle
@aiapps360	UCqdeOl-AqliTVondv-kqHew	ok		AI Apps 360
@AiArt-l5v	UC1QdDC5HPXSxRn9if-CTT4g	ok		Ai Art Hub
@AiArt10	UCQ-dO-EV-jeVCovwXC4rgGw	ok		AiArt
@AiArt4M	UC-AT-yrUsPYUUM62SgreqeA	ok		AI ART | 4M
@aiartandmythology	UCS1YxSSm8o8o-Luj3o2nW6w	ok		AI Art And Mythology - Legends Reimagined
@AIArtAnime21	UCTlOICtBQGU4WttFsBfRBMg	ok		AI Art Anime
@aiartbeauty		missing		
@AiArtCreations	UC1sHLq_CGnd5CJITiZRnG7A	ok		Ai Art Creations
@AIartfail	UC0ttu9mZfoul8kYXCJkhQTA	ok		How Not To AI Art
@aiartingme	UCPnuM3ZgYcm3HzHTplsP03A	ok		AI ARTing ME
@Aiartistprem1845	UCo4HLRdbA6VK_gxiEqjcHDA	ok		AI Artish Boy
@AIARTRAMY	UCyXMeXFhH_uzid7_5ildIEQ	ok		AIARTRAMY
@aiartstudio786	UC1ecsMzhvrzQ8MU0ZU5unFw	ok		AI Art Studio 🗿
@aiasamar	UCNpepCfrxt_TWZW3iSMN0GA	ok		AI ASMR
@AIASKSEVERYONE	UCSTIHR_oyvDslHe8pvRSCuQ	ok		AI ASKS EVERYONE
@aiasmr-dev	UCU1DLJ8RZ4Uyzzq38x0gLzQ	ok		AI ASMR
@AIASMR-i5v	UCAAcnzkvg8UTtI9RdXE2q7g	ok		Ai
@aiasmr-r7z	UCP1HG3B5BYXiGW4hanYCpkQ	ok		AI Asmr
@aiasmr-s5x	UCb7pmaaBkRlTTDdJBEoiekg	ok		AI ASMR
@aiAsmr-Studios	UCXI_0CqNp_ebCxaj2OcBljA	ok		Ai ASMR
@AiASMR-v8m	UC0jyJltnYsXJYb4dgYXrjHg	ok		Ai ASMR
@aiasmr_78	UCTl7VusV6URt9mm2MyTwgOw	ok		ai shorts
@aiasmr_cute	UCKnQYOpIxxlmmIiUfhqIzxg	ok		AI ASMR
@Aiasmr_official_101	UCK5yMjl2A9662SpVEsVx5dA	ok		AI asmr
@aiasmrandcutting	UC4o1ffbPCpzswhvQNYJxsOg	ok		Ai asmr
@aiasmrbyfarhan	UCpF_Ify0KyVP8T89ELdyleQ	ok		AI ASMR BY FARHAN
@aiasmrcreationsbyiva	UCxiILhKD48BGPRtiYrEr7Tg	ok		AI ASMR Creations
@AIASMRCUTTING-h2q	UCZSI2N3RFf_O4LDXCp-qwJQ	ok		AI ASMR CUTTING
@AIASMRFlow	UCJcRapmA-s8Wpd476BvRL2w	ok		AI ASMR Flow
@aiasmrgem	UCixGUssMa8Oq01P7Yj5sxVg	ok		AI ASMR
@aiasmrglasscutting301	UC8kaNenLF2BGaCagZfQLbCg	ok		Ai-AsmrGlasscutting
@AiAsmrMagic	UCvmQ2AykMZ16qa3fxd7bkkA	ok		Ai Asmr Magic
@AIASMRRealms	UCm7j73TXXx3fWHaPiDJUnZQ	ok		AI ASMR Realms
@aiasmrrelaxing5	UClNEthLi5geO9TsTfi1uqYQ	ok		AI ASMR Relaxing5
@aiasmrsatisfying0009	UC8l6MJinI6b8ZvmgRoTCWNA	ok		Ai ASMR satisfying
@AIASMRTherapy	UCRVY0rHcbUStTfWHzM_qUBQ	ok		AI ASMR Therapy
@AIASMRUSAUSA	UCIpBO9G-7gv3tQtMRFUoMkw	ok		AI ASMR USA USA
@aiasmrvibes-12	UCMvmVNsa5P4AwwAeIL30C8Q	ok		AI ASMR VIBES
@aiasmrvideos-l1r	UCdxeEwahPW8GjcQZvftuVvw	ok		Ai asmr videos
@aiasmrvideos-v6d	UCptbK5Wi9kxs2HunzHwbPqA	ok		ASMR, MOTIVATIONAL VIDEOS
@aiasmrvideos1	UC0Na4D3eMyXOrcBk6vGC2WA	ok		AI ASMR Videos
@aiasmrviralaiasmrvideos	UCbgtF6VukORjkhw9sRbfGww	ok		AI ASMR -Viral ASMR AI Videos & Shorts
@AIAssemblyLine	UCoxH5V6ducPyCgwl4BQtgnw	ok		AI Assembly Line
@aiAsYu	UCDLKLRC-5u6w5QLAYawD2gg	ok		AIクリエイターあしゅ | AsYu
@aiauditions101	UCZQfrXBjwssam4XZA-jv3Ww	ok		AI Auditions
@AIAura-d6f	UCfCrloHArz1WASq8dzQzRaA	ok		AI-Aura
@aiaura_official-i2z	UCA1BYxQADFrljMcjOoGNp1Q	ok		AI Aura
@aiaurhum12	UCnwsWJ0Uv628wIpflEq2CaQ	ok		Ai aur hum
@aiautomationlabs	UC7epYXoxGQlErIpBOYoCj9A	ok		AI Automation Labs
@Aiautomotivejj		missing		
@aiaxan	UCfxKUnUxsiHHV5_uPFrQ7NQ	ok		AI Axan
@aibaba-t3k	UCwpxLF83h0LF2LSG5g7L1Lw	ok		AI VALA Baba JI
@AIBabiesandmore	UCPqCgIeqBHYAzzGObnWrWgQ	ok		AI Babies and more
@AIbabybites-009	UCf2IR5YjeODvRiJmvSs5L9w	ok		BabyBites AI ⭐
@AIBabyEats	UCBgGNXY1MdsZr2py0ehfdLg	ok		AI Baby Eats
@aibabyland-v6b	UCn9b6YcjCOraRCoe1ACUnFA	ok		Ai Babyland
@Aibabypodcast-b1k	UCK5UFo7LQuK834wBuLkdx8w	ok		Ai baby podcast
@Aibabypodcastusa-w4i	UCYSKnH5qBZRwMEJOaJ3rQuw	ok		Ai podcast usa
@aibabyworld-b6p	UCE6pUGNgX5VZyN2wedcnP-g	ok		Ai Baby World
@aibabyworld-n9l	UChxrJ28LHvHR1SkITNUY4-w	ok		AI Baby World
@aibabyzone07	UC5p7pFh4JxbkguITOISKjLw	ok		Ai Baby Zone
@Aibaseline	UCjfQlDJlF4XsnHDWi7NJxxQ	ok		AI Baseline
@aibataye	UCoalgQC15lP_M4b1V6pBKaQ	ok		AI Bataye
@aibazanimation	UCz6wYsiUDeL0awuN6B8K3ig	ok		AI BAZ ANIMATION
@aibeatsandflow	UCHZAAebzQWrJdCnB2_bnCiw	ok		AI Beats & Flow
@AiBeautyTales	UC2BH6sugDTioaep6BN27S1A	ok		AI Beauty Tales
@aibeyondreality26	UCUl8TQnsUFcrOrTta4_4HLg	ok		AI Beyond Reality
@Aibeyondthepages	UC6F9e8Noi1w8FVo9ywSQUZw	ok		Beyond the Pages
@Aibholublog	UCw4n0ECkoF1BnEc2fKQ2oPw	ok		Ai Bholu Blog
@aibibel	UCOQ_Z3ZFQK5cb5OS-2Uwk3w	ok		ai bible
@AiBible--Cinema	UC5lZIO2Vdlew6buGK0AYOAA	ok		Ai Bible Cinema
@aibible-7	UCbZtSPcVIkcNj4vNkfrdZyg	ok		Ai Bible 7
@AIBible-s3d	UCfYh6tHHhuMBBPp5iZVsQYw	ok		AI Bible
@AIBible12	UCMCNp3R4H8PpvqnRfY0sEYA	ok		AI Bible
@AIBibleChannel_2025	UClZKVn4kktEX8cMMdhfn50Q	ok		AI Bible Channel
@AIBibleCinematics	UCkRUgD1exm1QLwKvBHs4A8Q	ok		AI Bible Films
@AIBibleEpics	UCHszPlhBb7yUW_d7Adih0Ug	ok		AI Bible Epics
@aiBiblehubstudios	UCFZ5oH8AsNwbRVHn8i-CJGQ	ok		AI Bible Hub Studios
@AIBibleJourney-o1b	UCe2_DxGJoarvSpQSr6azFLg	ok		AI Bible Journey
@AIBibleJourneys	UCVhHwMKDamFBWwSWT1nHhEA	ok		AI Bible Journeys
@aibiblemedia2226	UC0go2Jx12IICRbeG4eY1nog	ok		AI BIBLE MEDIA
@AIBIBLEMOVIES	UClVafIIH0HcERcYj9Zv0C3Q	ok		AI BIBLE MOVIES
@AIBIBLEMUSIC	UC-1coQOPEfQ1HHkr8GmWf1Q	ok		AI BIBLE MUSIC
@aibiblemysteriestamil	UCGsVmEupGZdVW_-cfJ4FQHQ	ok		AI Bible Mysteries Tamil
@aibiblenest100	UCoIUanqCp1EVPssb3zhAh7Q	ok		AI BIBLE NEST
@aibibleproject	UCaF-impNESyVz19W92A-MCA	ok		AI Bible Project
@AIBibleProject2023	UCDBt-oHEGxtDSS5DHYxixNw	ok		AI Bible Project
@AIBibleRender	UC0tMD3kanuSWL_bklpcevTA	ok		AI Bible Render
@aibiblereport	UCkkrxy013I19mo9mvUTwgyA	ok		The Brew Report: AI Bible
@AIBIBLESAGAS	UCnd83h3FE0xzFMWHcvmhsjQ	ok		AI BIBLE SAGAS
@aibiblestore	UC62Q8iL4BhDZ5Jh7YDxNRVA	ok		Ai Bible Store
@AiBiblestories01	UCa9uVQ9qy6b8uPSNyC98lgA	ok		AI Bible Stories Daily
@AiBibleStoriesDaily	UCKFutp83TQk_fzVNYpTT3nw	ok		Ai Bible stories Daily
@AIBibleStoryPodcasts	UCOZC77VA9fymY1DNX_oLdeg	ok		AI Bible Story Podcasts
@aibiblestudiosyt	UCx2BUUYgqYquTEcUujisrew	ok		AI BIBLE STUDIOS
@aibibletamil	UCfGFG_4TjkwbXeMXdKHmCpQ	ok		AI Bible Tamil
@AiBibleTestament	UC4dFykwm8cwDh9M_lEJIphA	ok		Ai Bible Testament
@AIBibleTimeWithSam	UCq1OBdfguj3owpRHrqzE-rw	ok		AI Bible Time With Sam
@AIBIBLEUNIVERSE_66	UCRjZsoMH_nTz9xkr1UBKY9Q	ok		AI BIBLE UNIVERSE
@AIBIBLEWORLD	UCDjfNkEmLGAlqRL4hqtaGFg	ok		AI BIBLE WORLD
@Aibient	UCo0jbvIx4hn-fHHXozO6zhw	ok		Aibient
@aibilllu	UC5sbIeoo-YIZ6grZLZyf6AA	ok		AI Billlu
@AIBiz-d2l	UCKIW2vCd39RNf12dmgJXQtg	ok		AIBiz
@AIBlockbusterTrailers	UCB76m1JV7oWH2wYFt5q1byA	ok		AI Blockbuster Trailers
@aiblogger2909	UCM-4HyCQ8eRlkVNstomfiaA	ok		Ai Blogger Pro
@AIBluesNepal	UCHt6s5Fu8fMCIjlJ6ZIilGA	ok		AI Blues Nepal
@AIBodySwapShorts	UC2PlwsUJaqB7ifLONXL8cFA	ok		AI Body Swap Shorts
@Aiboombox-e4k	UCRfgPkKLNp8rKXOih43QTRA	ok		Aiboombox
@aiborder	UCf3QVNDkwNWqLq4mebbdL8w	ok		AI BORDER
@aibot_00	UCipjLwnXhtcquH9JA1ltDhg	ok		Ai bot
@AIBoy-05	UCW7tgggCPHoW6ASjwBjXBuw	ok		AI Boy (podcast ,music video)
@aiboy-v4d	UC36q2b6thhvW7I5bfv4FhOQ	ok		Ai Cartoon Video
@aibrainbot-r4j	UCH8D32gNDXcHiXsPRYo4NPA	ok		Ai BrainBot
@AIbricks_s	UC89sVjZfIQ0oM_qeKzdIpTg	ok		AI BRICKS
@AIBrink-d5d		missing		
@AIBubble-World	UCGqIrPUGakIhePmieIvZtLQ	ok		Bubble AI Shop
@AIBubbleShop	UCccVeZgFjOcUZgyU-brZsbw	ok		AI Bubble Shop
@aibuble	UCZr3egclL8kdXsdzrFIk5kw	ok		AI Bubble
@AIbugUSA-OM	UCfl3tchYahr4T65OYNs0QFQ	ok		AI bug USA
@AIBurger-01	UCphORUD92hZBM77TDQeBS1g	ok		AI Burger
@AiBurger5	UCYjxp6JfTdZ6ZyNRBI3EZjg	ok		Ai Burger
@AIBurgersz	UCtrexlHp45Lz9INrBS_Z8VA	ok		AI Burgers
@aiburst79	UC8c0gnvxGzQiz6GNjQNsUQA	ok		Aiburst79
@aibyMae	UC3wlr7XbVHUebEkmiKaKrkQ	ok		Ai by Mae
@aibysky	UCMlJgwRG4gP3XaOM-_hkjMw	ok		Aicinema
@AibySomm	UCjNQgnvNcfowa6VbqaNcR9A	ok		AI by Somm
@AiByteStudio-572	UCpQp3-NNGQ6jnzODcmka5Gw	ok		Ai Byte Studio
@AiByTony	UCGEuUkCBn8r0HR-eF_9-Cmg	ok		Ai Film School by Tony D'souza
@aicadni	UCTFzbOqQXsnJPtzykcSFUxQ	ok		Ai Cadni
@AICalorie	UCJYjwlMqE4phv65Z44fVVCQ	ok		AI Calorie
@AICamChronicles	UCu5xrb4MCtpCI-yuUi35t-w	ok		AI Cam Chronicles
@aicandream2025	UCqK5d20ASdywBCR3PlnJlWg	ok		AI Cat Universe - ASMR
@aicanvasbyeun	UCQv8-SgdT_WIRdnUbeB-Wzg	ok		AI Canvas By EUN
@AICanvasOfficial	UC-krIt7pYjNBcAcnF90ZnUw	ok		AI Canvas
@aicanvasshorts13	UCNKvyS__de6wGcg56gdp1Ig	ok		​AI Canvas Shorts
@AIcaptainYT	UCa8gb-5_5IWWVCjOF1z5c0Q	ok		Captain AI
@aicartoon-95	UCPxvSzmKHfZAvV7cK0BQvaQ	ok		Ai Cartoon Animation 2.0
@AiCartoon-i1u7d	UC5TFqMlQm2A3Bg4jQaYCfwg	ok		Ai Cartoon
@aicartoon-l4c2k	UCDsXegLotQodRWBOBCza14A	ok		Ai cartoon
@aicartoon-q8v	UCsqmXpYzEZmcZBeh65Ec7LA	ok		Ai cartoon
@aicartoon-v25	UC272EjpWWIiJPkGn3LmFLlg	ok		AI cartoon Hindi
@aicartoon-z3l	UCF59ZRmgo6CTfXKcJ1iYM0g	ok		Ai cartoon
@aicartoon0.2-k3n	UC_vy9c8wCQ-Rlqdkpi3IflQ	ok		@Ai cartoon 0.2
@aicartoon111w	UC2q19_F1m1VyI53FIX3bJSg	ok		Ai Cartoon111
@aicartoon1971	UCYZwJhtyxuTu64XRFhuCc6Q	ok		Ai Cartoon
@aicartoon1m-yt	UCDpkRF9-l5cKCVoLpNX6ujA	ok		AI Cartoon 1M
@aicartoon769	UC33XcTQria_9l_rxdQg9ERw	ok		Ai Cartoon toon
@AICARTOONAISHORTS	UCIyS2Mhx8YDe87LKTe831Wg	ok		Al Story Shorts
@aicartoonbygolu	UCqwRMZUQBY9ZnpUr_odfnQg	ok		Ai cartoon by Golu
@aicartooncat-p8t	UCT4DpYnyZpdKGq9EDf-2thA	ok		AI CARTOON CAT
@aicartoonchannel750	UCpe6tLjtmDtAYVcIGqZXHow	ok		ai cartoon channel
@AICartoonCreationWithDani	UC-9h2ACPl8zy3-Kfw9O4Jow	ok		Ai Cartoon Creation With Dani
@aicartoonh5121	UCPJmguZscPXcc-6Rk6lxXRg	ok		Ai cartoon toons
@aicartoonlab-99	UC4KtqdYG_dWY0ph2XgVSPsg	ok		Ai Cartoon Lab
@aicartoons-j9o	UCIrg0-FDl6lUHj__yIsZYlg	ok		Ai cartoons
@aicartoons_ai2	UCDCCWIwtiS7S5x2wai39D1g	ok		AiCartoons
@aicartoonshort-00	UCWUbYGvHZAN9u5JRF6AUQ2g	ok		AI cartoon short-00
@aicartoonshorts-k8x	UCpFxAynx-UxdJZMObABxxiw	ok		AI CARTOON SHORTS
@aicartoonshorts-x5m	UC8mWKALnUW0on-4zd7OV3mg	ok	@toonduniya100m	ToonDuniya100m
@aicartoonshorts55	UC80s9fWnqRsA6HW1LAVNjJg	ok		Ai cartoon shorts
@aicartoonshortsindia	UCLi57w59XQAVMs24Qf1I0UQ	ok		Cartoon short ai
@aicartoonstories-98k	UCwzjfloUTMVZQ-Iaa-qe8zQ	ok		Ai cartoon stories
@AICartoonTV_0k	UCZRwvcA2-_O0RhD3eXanbNQ	ok		AI Cartoon Shorts
@AICartoonuniverse-o7k	UCnWYjw28ACUXu8xud8opVGA	ok		AI Cartoon Universe
@aicartoonvideo-15	UCR7aGkDXTDG0C4PP5CurKwg	ok		AI CARTOON VIDEO
@aicartoonvideo-j1i	UCVHbx6ppuAbX4JwzCl7lwSQ	ok		ai cartoon video
@aicartoonvideo-x3p	UCST76sq-JlBJ4HvZXsLFLQQ	ok		Ai cartoon video
@aicartoonvideos24	UCAyri5zxxl-6DsVHGDMjHEw	ok		Ai Cartoon Video
@aicarttonwold-q8q	UCeSVTx1SOEPxMLByNJEwlXA	ok		Ai cartoon vlogs
@AICARTUNSTORIES	UC5vzWWPmuF2yMHJvXPvOB9Q	ok		AICARTUN STORIES
@AICashBen	UC227uNLwIulIBKeHyCWzMBQ	ok		AI Cash Ben
@AICashEngine-j6k	UCFwPi1Dinwo1yv-6jC-CFKA	ok		AI Cash Engine
@AICashForge-c3u	UCt9AeYp1fueFssKwJMZMx0Q	ok		AICashForge
@aicashking	UCzczNbSL7cLHTOzMRngsOEQ	ok		AI Cash King
@AICashTom0	UC7fmAPpkLm2oBdOg-YPt1Iw	ok		AI Cash Tom
@aicat-123-cat	UCU9M4bCrDh-zvH2KaL2eUhg	ok		Ai Cat
@aicat-ff6dc	UCNEvmZmS5jcNs4mZ5iFCA8g	ok		Ai Cat
@aicat-g6w	UCjV1EowiMd3kRNX1T2ZtKBw	ok		AI CAT
@aicat-g9t	UCG-TWkpCCBSAnyEcWKYb3UQ	ok		AI CAT
@aicat-movie	UCbO5ezl2ukROmggQr9g7l7w	ok		Ai Cat-Movie
@aicat-n5b	UC0Ab69vVSCj1LYmdtAoyniQ	ok		AI CAT
@aicat-n5k	UC8-JgvXFiLwKJWTTa1gR7-Q	ok		Ai cat
@aicat-s3y	UCnW5sbedlPIXtiwbjh3Zj7Q	ok		AI Cat 3 😻
@aicat-story21	UCpBnOwZyzqPzmBYjfvLm7Rw	ok		Ai Cat Story
@aicat-tisoy	UCmlLbaXNMwHUat73iuFBrGw	ok		AI Cats
@aicat-w1y	UCkmVOTmMdpD9Fweav2Qo2pg	ok		Funny Cat
@aicat-x8s	UCSz_P7F9fW1UaBrKF18cp0g	ok		Ai Cat
@aicat12.3	UCzk8dICnkuvaHlqGLefJNPw	ok		Ai cat
@aicat785	UCQ6fH8CgHJUMavg77w0euhQ	ok		Ai cat story
@aicat8-mf2kp	UCzXolUH_6FtwtJTX1RahK2A	ok		Ai Cat8
@aicat810	UC_1hI5bgbsrv0AtWOMYo4Lg	ok		Aicat
@aicat_story_u	UCU3EA_j3uZPI-rEcP7d7jWA	ok		Aicat&story
@aicatadventures-u6j	UCjNpU4VyaT9fwbZiLcA-p8Q	ok		AICat Adventures
@aicataicat92	UCSc5gDiIMVHmdyag69WsAVQ	ok		Ai Cat
@AICatAmbersKitchen	UCTuERIqd1b8r_RAou6MvM_w	ok		AI Cat Amber's Kitchen
@aicatani	UCeLEllyi8OQweEJQLhxyIwQ	ok		Ai Kitty Shorts
@aicatanimatedshort32	UCeMXzQKiwuayHsahhyRyx3Q	ok		AI Cat Animated Short
@AICatastrophe	UCoSack2NxUAGB_O3r90P0TA	ok		AI CATASTROPHE
@aicatc123	UCCTsG7XO_TnEBxJBgnl7eww	ok		Orang Cat🐱
@AIcatcanvas	UCuscjKxp-iOZ5vFfEm3y4nQ	ok		AI cat canvas
@aicatcharm	UCubKJ0qiRBNIsSvR7CXUwWg	ok		AI캣 매력
@AICatChef-u4y	UCAamimgxxBxJZskyWk1PQDA	ok		AI Cat Chef
@AICatChef11	UCvpGro_oV1sT3927BTeC_FA	ok		AI Cat Chef
@AICatChefFelix	UCtageJqSCqcvmJCYAjJbDtA	ok		AI Cat Chef
@aicatchronicles-nb3kp	UC-9CBEN91AQzwKJzqK4Cefw	ok		AI Cat Chronicles
@AICatCooking-0	UCp71JE_-jjrYxeiX87H5OQg	ok		AI Cat Cooking
@aicatcute-nx3kz	UCpOR8QKCwwvh4isne4QyDNQ	ok		AiCat cute
@aicatcuteanimals	UCiRlrWHoSTT1j35ox2D_imA	ok		aicat & cuteanimals
@aicatcutestory1	UC_ry1kR6fLXdJXd7sIP34Jw	ok		Ai Cat Cute Story
@aicatcuties888	UC7fYGvJJPxqd8H4iw0LRXjQ	ok		AI Cat Cuties
@aicatdaily22	UC3E5xzayXhuNazFTXRKpW5Q	ok		Ai Cat Daily22
@aicatdancekittys	UCEXlRXwXmWGEhybpI2i4AZg	ok		Cat dance channel
@aicatdraw	UC__b3rv5WqA6xsxBZB0iR3w	ok		ai cat
@aicatfamil	UC7x1G_dMr7CfsKSXDYSuYzg	ok		AI Cat Family
@aicatfamily-b9z	UCTp4wTN-hThVeVFEePcKNtA	ok		Ai Cat Family
@aicatfamily-p6e	UCI2-uk5V60Aswkqa4FqVMcA	ok		AI CAT FAMILY STORY
@aicatfunnydancevideos	UCIh0h2iEmL6hrYEWix7fgLA	ok		AI CAT Funny Dance Videos
@aicatgroup	UCx5ANXTHxzPmBPUjSrqIs3w	ok		Ai Cat Group
@aicathulkoo	UCCA3Zvntzcew-kSx0_tq3Mw	ok		AI Cat Hulkoo
@aicatkittenakr	UCZBmVFYx3maRq-9yHgcD3Cw	ok		ai cat kitten akr
@AICatLife888	UCoN23RtcVo6LZowI1vZi7wQ	ok		AI Cat Life
@aicatlover	UCPu6Xi3v_2bpZoZ4t7WVbqA	ok		Ai cat lovers
@aicatlover-360	UCyVOnsjmtXVhC3sOtXAWSGg	ok		Ai Cat Lover
@aicatlover.	UCWrg0Lj1KJQZ0W2ndAxNrBQ	ok		AI CAT LOVER
@aicatlover11k	UCQpjnM-3j2y9p1d4c9-TyeQ	ok		AI CAT LOVERS
@aicatlover2.0-y	UC387I6jKlK9UfeYZVvHN2nA	ok		AI Cat Lover 😍
@aicatlovers-8	UCUQQ884ah59ANwJ5D8DhQ5A	ok		Ai Cat Lovers
@aicatlovers1176	UCZgpD5PecLU1Cz4aoXosU1Q	ok		Ai Cat Lovers
@aicatmadness	UCiLfd79IlMYIMiFSiIV7I9Q	ok		AI CAT MADNESS
@aicatmagics	UCBbNGJqrCGuXPeqbx5c9h2A	ok		AI Cat Magic
@aicatmeow-shorts	UCBcFzGjBx1ivTA8k3QCZxlQ	ok		Ai Cat Meow Short
@aicatmeowmotion	UCz65dtUqUaNc6MwqgSV0YOw	ok		Ai Cat Meow Motion
@aicatmilli	UC-wGjcdEGbpfW9xXQ1cp8KQ	ok		AI Cat Milli
@AICatPlaytamil	UCsqicPsHj4Q1jQedNdykFYw	ok		AICatPlay
@AiCats-30	UCU_2yHB6ueEVTzZ9FByvT8g	ok		Ai Cats
@aicats-e2k	UCK93RAZHk4XVXy_O3WQEz-w	ok		Ai Cats
@AICats-e8k	UCU6K03-6HXWiFihJy4V8BCA	ok		AI Cats
@aicats-ee2eg	UCtUEKTX10xyxydptOaMvwiA	ok		AI Cats
@AiCats-h9y	UC6Ptsww0DQ0UbNThlxhiulQ	ok		Cats Ai
@AiCats-k4y	UCWONMBpUsZt6zLPlFpK7xGw	ok		Ai Cats
@AiCats-k5r	UCJL_6kw-XAaNuA7HMALxuMw	ok		Ai Cats
@aicats-r8l	UC31wewbEX-IvFjvFE0S0uQw	ok		AI Cats
@aicats-u4g	UCWGQtmJEca2l9Hvp5YVR4dQ	ok		Ai Cats
@AiCats-v3h	UCIWw8DJn4eAEtVW01H-qBYg	ok		Ai Cats
@aicats1_1	UCwUHMtt_rmhWOrf3Fo4Xr0Q	ok		Ai Cats
@aicats736	UCvZown6TIloCDwJj1HV18zw	ok		Ai Cats
@aicats855	UCD8tNv65Od4H0zxi9YUP3xg	ok		AI Cats
@aicats87	UCxEwA9XZMHL54g-FKoBE_9A	ok		Ai Cats
@aicatsaga1982	UCwHdokRtFJk22M0p9rj5Nbw	ok		AICat Saga
@aicatsanimationvideo	UCb85PkhpHXIZQHVPn1eChSw	ok		𝐀𝐈 𝐂𝐀𝐓𝐒 𝐀𝐍𝐈𝐌𝐀𝐓𝐈𝐎𝐍 𝐕𝐈𝐃𝐄𝐎
@Aicatsforu	UCXpjYlNsR2UAx0oGbo-jHHw	ok		Ai Cats
@aicatshinu	UCs0NB1-Vq5mXzYAUNdMYBpQ	ok		Ai cat shinu
@aicatshort-c5u	UC46ig16gimpkwIQvMuRgbcA	ok		Ai cat Shorts
@aicatshort2	UC6s1j_h-bMpub1da7Uu5s3Q	ok		AI Cat Short 2
@aicatshorts-9f	UCEPzUKpVZAg6m14-asMSdxQ	ok		Ai Cat Shorts
@aicatshorts-k9w	UCiXjNHS_uDwGCKTj3eDWdGQ	ok		AI Cat shorts
@aicatshorts-l2r	UC4byWQRbeK9zZ1Cd6fMGS4g	ok		🐱AI CAT SHORTS 🐱
@aicatshorts-l9c	UCM_9mJbghHmM9Y6UHFolkpQ	ok		Ai Cat Shorts
@aicatshorts38	UCakz2nH62jwMyviwEMIuRpA	ok		AI Cats shorts
@aicatshorts420	UCE62FcTXbcysGRv8u251THw	ok		Ai Cat Shorts
@aicatshorts5-k2u	UC3PMYV__XiyshJ5Qc4ni_mw	ok		AI CAT SHORTS
@aicatshow1	UCFxMqcSKBrpjJiYnpHDMhnA	ok		Ai Cat Show
@AIcatsLab-12	UC7nSWUPMbkIgjvvzTnnLCRA	ok		AI cats lab
@aicatsmeow-dg2xo	UCALXNtsY8MNu8vG-lXQ3_FA	ok		ai cats meow
@aicatsmeowstor	UCF-HeabHPDwj4b0VLDmeLHQ	ok		Ai Cats Meow
@aicatsstory-5	UCIs7w6KO6hZdbf8R8KCKWvw	ok		Ai cats story
@aicatsstory02	UCIn3Rwdmryi3UqOwcwzApyw	ok		Cats story AI
@aicatsstory842	UCeC3AdAW2OqweU8ykt5D4hg	ok		Ai cats story
@aicatsstorys	UC03d26j4BEH4BTduIoXDHag	ok		Ai Cats Stories
@aicatsstorys41	UC7rz4DbkIFS6Ozi0w0Qvrvw	ok		AI cats Story's
@AIcatsstudio-h1l	UCVzctyXd-ljTjKbBBduwopg	ok		AI cats studio.
@aicatsstudio-w1w	UClkCSjtrP2VUTZ4He5MHYNA	ok		Ai cats studio
@aicatstoory	UC_oaXHqFhOxwH97BYYDG5Mw	ok		Ai cat stories
@aicatstoriees	UCDmne7ObGZhj8Uv6J0yEVNQ	ok		Ai Cat Stories
@aicatstories-p9x	UC9svSjqxENEVDFP7CPcJRiA	ok		AI Cat Stories
@aicatstories-s9e	UCL9xHhvTc5N64YThck1Jdxg	ok		AI Cat Stories
@aicatstories00	UCbdEN5zFtaFAQZbeng3sUfg	ok		AI Cat Stories
@aicatstories03	UC2PBeBqZmwQdvN1IpZYOK8Q	ok		AI Cat Stories
@aicatstories955	UCbjqFnt_JCCLe4vQ1MjX-Mg	ok		Ai•CAT•stories
@aicatstoriess	UC1zPxZCqjQcxD9mT-8XdjTQ	ok		Ai Cat Stories
@aicatstoriesu	UCYEGFUnbz2JVAQmi2CNXbBg	ok		Ai Cat Stories
@aicatstory-e6f	UC0uprGk-WOxNvCzO6bDgBxQ	ok		Ai Cat Story
@aiCatstory-j6y	UCZ_zMGBJIkzKRENf1U64-Cw	ok		ai Cat story
@AIcatstory-r3g	UClnVTXEceK0zt9J0PRKt1SQ	ok		AIcatstory
@aicatstory-v4b	UCA7Bn2qYlLw8Caib3BuqIZg	ok		Ai cat story
@aicatstory-w9f	UCH4l22_-R41rzDy3-VH_FzA	ok		AI Cat Story
@aicatstory-x1n	UCTOAO1kD997S-vHi7XlSiQw	ok		Ai Cat Story
@aicatstory-y1h	UC40DacwcIEqrsYM46b9ts8Q	ok		Ai Cat Story
@aicatstory-y6k	UCwYhcybRWL62au9fcfyHb-Q	ok		AI Cat Story
@aicatstory.no1	UC-C2Xe0JoHamrNFotxQudJQ	ok		Ai cat story
@aicatstory50	UCCLxMG6sqsHHpj1rTU04XRw	ok		Ai Cat Story 50
@aicatstory64	UCfILTUfLAL4Ink0Y9igbGpQ	ok		Ai Cats story
@Aicatstory8z	UCbCAVaxpkRhOa_EUG1NhbNg	ok		AI Cat Story 8
@aicatstory991	UCTGUBNOUpyS9ErZyoBa5DSw	ok		Ai Cat story 99
@aicatstory_3d	UC6hcfrS4BIdotVfiEOTCBJA	ok		AI Cat Story
@aicatstoryshorts	UC2TVhlLkdc0JYc-OUxu6pDg	ok		Ai Cat Story Shorts
@aicatstoryz	UCh1FUyVM-4djln0t5baiB7Q	ok		Ai Cat Story Z
@AICatStudio007	UCNZmGfDVvOSEgAyLpq8MQOg	ok		🥉 AI Cat Studio007
@aicatsvideoytshorts	UCN6bgC4OED5UGWGeolzptAQ	ok		Ai Cats Video Ytshorts
@aicatsworld-r9x	UCEr6Hl26H6kPmdeCDyLjwNQ	ok		AI Cats
@aicattale	UC-cYUy9jcP2JkTWJaZhn0Mw	ok		Ai Cat Tale
@AICatTales-q4f	UCX32HfO9OD7aY5vVoaO-fvw	ok		AI Cat Tales 🐾
@AICatTales12	UCYt4UFhS1YXMumiU_UM_wig	ok		AI Cat Tales 🐾
@aicattalesx	UCCKJC3NU_06fjGCqBP1ewtA	ok		AI CatTales
@aicattoon-2002	UCGWzam80FU8_EzNyVc08Xww	ok		Ai Cat-toon
@AICattoons-c2f	UC8lpd1XtBOvktQx4CDqzxAA	ok		AI Cattoons
@aicatunivers	UCv2xEmN39jOmm8T2wHlHuag	ok		AI Cat Universe
@aicatvedio	UCaTXEOr5mZlWeRB2xWEpT_w	ok		Ai Cat video
@aicatverse7	UCun4oe6za5cvE6f1cyvmHPg	ok		AI Catverse
@aicatvideo-09	UCY4nLQfOaJD_l2v66_rPKmw	ok		Ai Cat video
@aicatvideo-d8k	UClhVnE3mEyulxbjeFS2ukgQ	ok		ai cat video
@aicatvideo-i2g	UCJKs8j_TITBnBuEL1TUXW_w	ok		Ai Cat Video HM
@aicatvideo-v3l	UC7ZOUt-8E7ccoNrJOnWe19g	ok		Ai cat video
@aicatvideo.e7i	UCuU4MdAfV1G0kcRhAuUg6WQ	ok		Ai Cat Video
@aicatvideo16	UC6xwC04QkNN_yv_JiJ9uOww	ok		Ai video
@aicatvideo2026	UCvnbo61Thy-odND2N-LmAow	ok		ai cat video
@aicatvideos-10	UCWpVeiS7SRE6oOC7XYfgH9g	ok		Ai Cat Videos
@aicatvideos.12	UC-GCzVxUniLJGzeCEY-R64g	ok		AiCat videos
@aicatvideos33	UCkkSZW-j0_X5aJDo7sVS2FQ	ok		Ai cat Video's
@aicatvideos_official	UCtxPEsEp8OYFyHgUO4SLNuQ	ok		ai cat videos
@aicatvideoss	UCoYm12_mzXJasupwYqkVWxA	ok		AI CAT VIDEOS
@AICATVLOG-v4	UC-qcH5jwZRIki94fX7ohCgw	ok		AI CAT VLOG
@AICatWorld12-h8e	UCGbwaRZoQY5b5afjjeweW7A	ok		AI Cat cut
@AiCaughtIt4U	UCA9ak6eBWFn8UsaTakYRpCQ	ok		AI Caught It 4 U
@AIcctv-donz	UCHHQMfMYIsj9TCxUPWFTs3g	ok		AI VISION CCTV
@AIcentury	UCLWQ0CtWrmHHvkUuDREIgYw	ok		AI Century
@aichakkara	UCObcGwKEtySB5xoC6PjBXXA	ok		Ai CHAKKARA
@AIChatNews	UCM4ItzTL1xD-flmdb3un1tw	ok		AI聊
@Aichef-w2r	UCtE4HVOopN1_zbGXqBj7xVw	ok		Ai chef
@AIChef0.2		missing		
@AIChefCat	UCAiQ8ER2tA0wMaIzAuRch4Q	ok		AI Chef Cat
@AIchefly	UCpZ8UzuBPdweTZ0Qv8Z8tlw	ok		AIchefly
@AIChildrenEducation	UCuoc0b5hH3Rsf2bwqhyTq0A	ok		AI Children Education
@AiChroniclesforhistory	UCcuIN-J7WIkxZmoCVvKJV_g	ok		Ai Chronicles
@aichroniclesofficial0	UCjZCiHCD13Wi4K9QSs8R7mg	ok		AI Chronicles : ECHOES OF THE LOST
@AiChunes	UC1DpnXefUbCzmVg5vVTrDyg	ok		AiChunes
@AiCHUNK	UCi7UXnGkoeGSUuyWWeDUY-w	ok		Ai CHUNK
@AICinecraft-2024	UCpj6tOfOysI_bSQZL2vnEwQ	ok		AI Cinecraft
@aicinema-y4e	UCHQTk2xzNCZcs959JXGfAbQ	ok		AI Cinema House
@Aicinema21		pending		
@AICinemaCats	UCQQJ71QQJoqGj7sfgWQGV1Q	ok		AI Cinema Cats
@AiCinemaChronicles	UC4i4Lnk2u7WaUt4QoGGDjXA	ok		Ai Cinema Chronicles
@AICinemaCuts	UCUMpkDjmhAPV-zdolRQbAnA	ok		AI Cinema Cuts
@aicinemaof	UCG2onpwo_Y19Rv2TfP7HScw	ok		AI Cinema
@AICinemaReels	UCG68uQXfZ0bDAa4P-_bo2bA	ok		AI Cinema Reels
@aicinemastory-e3s	UCoccjIN82lz5dTrUImP4cWA	ok		AI Cinema Stories
@AICinematic.Universes	UCkcnMzwXPFc_mx_9ZkmXBlA	ok		AICinematic Universes
@AICinematic3		pending		
@AiCinematic_Universe	UCJFVmQZ6Uj_Fdb8_r8lWrmQ	ok		Ai Cinematic Universe
@AICinematicCinema-x5n	UCyaZA4mVvFODsH9UWDuSJyA	ok		AI Cinematic Cinema
@AiCinematicHouse	UCPuiHXfYfCd5Kt-MgLNwUaw	ok		Ai Cinematic House
@AICinematicHub7	UCCvSAF4c5FswDH9hIjWRrlw	ok		AI Cinematic Hub
@Aicinematiclover	UCwcQQhGmyKmfgFJsfHt9CNQ	ok		Ai Cinematic Lover
@AICinematics360	UCfPGcRb4MZW_S-8EzD2m3Tg	ok		AI Cinematics 360
@AICinematicsNexus	UCCSH4hI4iTfSMR44OJu5I4A	ok		AI Cinematics Nexus
@AICinematicUniverse	UCFqoNjDYbLU8KdKDsGzyV4A	ok		AI Cinematic Universe
@Aicinematicuniverse-38	UCb-PyQhJUVmXWrD0zvlXcvQ	ok		Ai cinematic universe
@AiCinematicUniverse-KYT	UCi7IwxdKo6KEHag6vA4GyUw	ok		Ai Cinematic Universe
@AICinematicUniverse-n5b	UCGRWRS-_6qo6_3lXPtpCJhw	ok		AI Cinematic Universe
@AiCinematicUniverse-o6w	UCV5T0s2seGocuDXhGUXQkgw	ok		Ai Cinematic Universe
@AICinematicUniverse-t3z	UCzNMuRZcG3m36vg5o0JE8mQ	ok		AI Cinematic Universe
@aicinematicuniverse26	UC9X1VpPWOCgGDo9NgRhKsqg	ok		AI Cinematic Universe
@AICinematicUniverse47	UCBt2LLHzkJrN2emMxD_CzVA	ok		AI Cinematic Universe 47
@AICinematicUniverse5	UCICB2kGW_GmJPpQJhLEYc0Q	ok		AI Cinematic Universe
@AICinematicUniverse93	UCiLBpwnZ0gsaR7GUaWeO9Ug	ok		AI Cinematic Universe
@AICINEMATICUNIVERSE_7	UCYpyAiIfAfwcE1GVW_vO0Pg	ok		AI CINEMATIC UNIVERSE
@AICinematicUniverseYT-t2g	UCwyt7mXb0i7O0VDVZNbaiuQ	ok		AI Cinematic Universe YT
@AICinematicWorld-i5p	UCyKfiVS6rsfN6z6f20P_0TQ	ok		AI Cinematic World
@AICinematisctories	UCP29_DaTfG_sf8aozH6kPlA	ok		AI Cinematic Stories
@AICinematrailer	UCBtMP9y7ij9I02Q-H-fIohw	ok		AI Cinema trailer
@AICinemaVerse-s5g	UCUZzN8D-i_vQjoVNoUTvtKQ	ok		AI CinemaVerse
@Aicinemeticuniverse	UCrwaiJBYG9mkBl4svLxCf5g	ok		AiCinemeticUniverse
@aicinemind12	UCeW_lck_OrrU-FF3l1ZBV_w	ok		CineMind
@AICineReview	UCL_wHMff2SMT_7tww60EUSg	ok		AI Cinema Review
@AiCineTrailer	UC38qZTeWW47kAh5kuzhPdXg	ok		Ai Cine Trailer
@AICineTrailers	UCwKR-8XRfPg2t8NVBnSTuMg	ok		AI Cine Trailers
@AICineVerseTrailers	UCHNvGA8NWH25KzuTgmUORfg	ok		AI CineVerse Trailers
@AICineVerseYT	UCQM9qHlJU-AtRtFTRUfBM4w	ok		AI Cinematic Universe
@aicircle-x7r	UCYizGA9oE5uFJtXMO-1uh0w	ok		The Juss
@AIclassick	UCAx6Ung7mjG_Lz0wpyiRQrw	ok		AI Marvel Studio
@AiClipEmpire	UChxsUXCaqK4dei5JU1tY3pg	ok		Ai Clip Empire
@AIClipp-Shorts	UCuCnKxsiPedlcwSDAlXRhpg	ok		AI Clipp
@aiclipzforyou	UCXZ5RvZdlV08_-Puk7kKkBQ	ok		aiclipsforyou
@AiClouds-g9m	UCA8GtXCBVsrG0K_dtx16GVw	ok		Ai Clouds
@aiclub-111	UC0CQgkfIt7_eCM3XIb9brPQ	ok		ai club
@AIclutch001	UC1L2tXrBDnIhtNVxrQ1o9jg	ok		AI clutch
@AICodeKing	UC0m81bQuthaQZmFbXEY9QSw	ok		AICodeKing
@AICodingDaily	UCIuDdCJXnKZb4CUzhVO-DcQ	ok		AI Coding Daily
@Aicokkingworld	UC6zqGHPooNouuXXvw0vJN4Q	ok		AI Cooking World
@aicolortooncartoon	UCllm45aSGhQufGpld5XhPYQ	ok		AI Color Toon Cartoon
@AIcom-amama	UCWdnlqTUqrnoLIsFhc6DmbQ	ok		AIcom
@AiCOMBO-1	UC1xGOqwUjIUqDBQJJZgfNMA	ok		Ai COMBO MARVEL
@aicomedypd	UCzSJpNKPK9IHDx8q_Q49tKA	ok		Ai comedy pd
@aicomedyshorts-b9y	UCl3C62k1so5V5xOaIfXC-lA	ok		AI Comedy shorts
@AiContencreation2025-pnx	UCq8Ygr5mCTgYXRf-Wpfq6sQ	ok		CuteAi’sLife
@AICONTENT-47-09	UCt7ncB6iZhKXWp8a0F2UrNg	ok		AI CONTENT
@aicontent-i6r	UCJCb5wbREBCFTJ2n6662eug	ok		Ai content kids
@AIContentArchitects		pending		
@aicontentking	UCqcmMkrLwTTqoCKXIMz-eHw	ok		AI Content King
@AIConvoCast	UC4XNEf_PqASttKyFx7PYHAQ	ok		AI Convo Cast
@aicook09	UCzswrASF5PB_LAlHC6a9JHw	ok		AI COOK
@AICooking-e1g	UCu3uhxZZWxz-tj4edkdJKxw	ok		AI Cooking
@AiCooking-u6b	UCWl630Ghd-8Cds7vxfFyZ2g	ok		Ai Cooking🍳🍽️
@AICookingCat-z2v	UCdfmfLKl7fg_HFzcJ7Huymg	ok		AI Cooking Cat
@Aicookingchannel_2	UCVYQ9Bq58fPoW3zqKAl8fIw	ok		Ai...cooking...channel
@aicookingworld01	UCQdemJxRWNNsggJzL6cahEA	ok		AI Cooking World
@aicookingworld7	UCNGyqC41gx8uuSCR8cX5OzA	ok		AI Cooking World
@Aicookkng	UCA9r2exjo-4ccqr8Pj0g-gA	ok		Cooking AI
@aicoreanime	UCH3xeQm0XcQsxNMS7lY7Kxw	ok		ai core anime
@AIcornvilla	UCFba0Yl5mdDTm2R60Yj2-sg	ok		AI cornvilla
@aicortoonhistory	UCQLPR--Wtyy9eegr2zS5bwQ	ok		Ai Cartoon history
@aicova	UCj0ONxhFgF8kY0PC_1zDkfw	ok		AIカバー部
@AICoverLab	UC_jrVt4io77bZvs9bdJhB7w	ok		AIカバー研究所
@aicowstory6	UC7FV9htIfsijShW5TXEY_-g	ok		Ai Cow Story
@aicparadise	UCOVqf4Get3rgpLYPcaqEbJw	ok		AI Cat Paradise
@Aicr-u7w	UCO83M4088BxEp49Q6is9oXA	ok		AI Cinema Studio
@AICraftCinema-m5i	UCpQQ3rs1pV-xGkPJEviXF3A	ok		AICraft Cinema
@Aicraftstudioss	UC3eSwQN7H8LQIl7HJtr7d9w	ok		Aicraft Studios
@AiCreatesNostalgia	UCKumqT7fdkSuyCz7uIlBcTw	ok		AI Creates Nostalgia
@aicreation-d4v	UCBymMHrnhBeoq-S0wPlHrNQ	ok		ai videos
@aicreation-y8c	UCvMBhXFeG8hnetyA3oJb2EQ	ok		HUB Creations AI
@aicreationasmr	UC7GvIqjmEa1eaVXdALRG7Gg	ok		aicreationasmr
@AICreationHub_2	UChPlHxxCdvr0c_pYTDceTbw	ok		AI Creation Hub
@AICreationsHub22	UC2IJR7a6iaD8I4w_4mMALhA	ok		AI Creations Hub
@AICreationWorld-g4z	UC7jq2LB8kTpZeiJ4_ixw4RQ	ok		AI Creation World
@AICreative-AI	UCM5dzw--bxw-ROkuOQByH6g	ok		AI Creative
@AICreativesMadeSimple	UCm7jr-mWjYxODTi6hBFUhSA	ok		AI Creatives Made Simple
@Aicreator-93v		missing		
@aicreator-l9z	UC2lomVjBcQ2EQd0AsJRYFBw	ok		Ai Creator
@AIcreator-Ngd	UClzdQLiKZ3isRKWYjr9WTGQ	ok		AI creator Ngd
@aicreator.0047	UC6VCvTr-TFDVJ3NCVKY6oig	ok		AICreator5555
@aicreator.05555	UC6VCvTr-TFDVJ3NCVKY6oig	ok		AICreator5555
@aicreatorabdullah	UCaExnjW_uZqjrNwer63lrMQ	ok		Ai creator Abdullah
@AICreatorHindi.1	UCpItnSXncvJ_WbEfkKLhDYg	ok		AI Creator Hindi
@aicreatorlab-sv	UC9NcJKyUlfHwD2w63VStIMw	ok		aicreatorlab
@AiCreatorM-y9s	UCCfc6sfMq9wOWMtVpm7hT1w	ok		Ai Creator
@AICreatorsArea	UCdh_LzpHZr8NlSAMHaD8AaA	ok		AI Creators Area
@aicreatorshorts-g3r	UCcqp5XPNMXP5E_XyGO5EMRg	ok		Ai creator Shorts
@AiCreatorStudio912	UCMS1R2pGEZ2PJKZb7vWlTGA	ok		Ai Creator
@aicreatures12	UC-SYDBhAkkjWe4EGGF9XRnw	ok		Ai creatures
@Aicrimepodcast-u1b	UCZvKkPPZJOetiGejoZAnA-Q	ok		Ai crime podcast 2.0
@aicrinology	UCUBdMYvVWhnvG4dZ_fKLFNQ	ok		aicrinology
@AIcrossoversAI	UCaYgIOUwL48w84bem0cY6ZQ	ok		AIcrossovers
@AiCrowdOfficials	UCRMYOiLOp2fymYsgq9EbNDw	ok		Ai Crowd
@AICS3345	UCo9CVrRe-6YInZJYcQSDreg	ok		Tg Ai videos
@aicut-pro	UClmxtAeYRkz3hAj1Y1VXy7Q	ok		aicut
@aicute56	UClG2-6bOl-zJX5rsFlKzY8Q	ok		AI cute cat 😺
@aicutecat-d4k	UCs1w7MJxBVfxwl6Zk852tbQ	ok		Cute Cat of AI 😍
@aicutecat-f4s	UCaHBDV71tKX0AVeIcFziCCA	ok		Ai cute cats
@aicutecat-g7w	UC-NNsV3h-61hYyqiSeIUJMA	ok		Ai cute cat
@aicutecat-w8k	UC-kjVi1naj-sQ_eCFjlyD7A	ok		Ai Cute Cat
@aicutecat_fun	UCFEgMQTA1q1vzn10kBJirVA	ok		Ai cute cat 😺 fun comedy show
@AICuteCatFamily	UCMiDyP9hhvrbWxILTYZ1BqA	ok		AI Cute Cat Family
@aicutecatman-fp2ws	UC8kLumSh-bJyQPUQEeQnYHA	ok		AI CUTE CAT MAN
@aicutecats_98	UCC-cSoUQWYbpqnMB5UJzLIQ	ok		AI cute cats
@aicutecatsstory	UCQg8y-vPlwsYcmrvh7rIU8g	ok		Ai Cute Cats Story
@aicutecatstory-o8l	UCTSdqk8jc0EjpkzRS6tOInQ	ok		Ai cute cat story
@AICUTEKICHEN	UCGAT49rc3VSQFs96AHMyh-A	ok		AI CUTE KITCHEN
@aicutekitten22	UC0KSaS2iH4GirIWkEPFpqAg	ok		Ai Cute kitten story
@aicutekitty-w7f	UCp3X_i6XiCnTFboai4nzMKQ	ok		Ai cute Kitty
@aicutevid	UCNMHdR7J1NTU2VdtzdxyRfA	ok		ai cute vid
@AICutiez	UC0P-z2JcaQvaTd05Mm2bFng	ok		AI Cutiez
@Aicutter-17z	UCx2Gk8ElR7tVCtZ7AoXlnGQ	ok		Ai cutter
@aicuttingvideo06	UCcQrOqatKPUk1NFSq1ruCpQ	ok		Ai cutting video
@AICYBERWORLD07	UC3ohjAKiJ1F5jud-psosQnA	ok		AI CYBERWORLD
@aidacati	UCVWiioD3xt9Tc7Bi4U6097A	ok		Aida Cati
@AIdaCode	UCE_tBvwLYYQqDFWeJgoJRDg	ok		AI da Code
@aidadi-4	UCA3fP0cwv072GIuRzhdoc3w	ok		Ai dadi
@AIDailyNews-s9h	UCyCZ6vBzY2uSZ6Eyrbgrtnw	ok		AI Daily News
@AIDailyYT-d2u	UCFMQ_vXKCeAaB8455ASvuGQ	ok		AI Daily YT
@AIDancingAnimals	UCtsSHOCwfYvHfdmYy15ncYA	ok		AI Dancing Animals
@AIDanielMedia	UC_RgcCzdtQ3R8dFERWxCUlQ	ok		AI Daniel
@AIDARBO	UC6O30VlAyW1P-U7geEnOBJA	ok		AIDARBO
@aidavemusic	UCRV1ecgDpn0hT_X7I8RSi5Q	ok		ai dave
@aideep-p1f	UCbTF-CwzoFILSTnqYLtzZZg	ok		AI Deep
@Aiden-AITA	UC398WsaBt6n57NzktKhPZXg	ok		Aiden🎙️AITA
@AIDENKAI-c7f	UCcSNpA76WhRtCmQoKyI0Gqg	ok		AI DENKAI
@AIDeutschland	UC5LTm52VaiV-5Q3C-txWVGQ	ok		AI Revolution Deutschland
@AIDevtaa	UC9d_LYblSj5z3yES0xqjulA	ok		AI Devta
@Aidhamaka_123	UC0FFnBgwjoQIHgzSEReyqsQ	ok		AI DHAMAKA
@aidigital-101	UC93SVutQXwOCXH--mriTs3A	ok		AIvideo _sigma
@AIDigitalMarketingAgency-u7f	UCPKltbeLHCyIpk_DxwvNecw	ok		AI Digital Marketing Agency
@AiDigitalZone-e6v	UCsD-BhDaQz3eNod7iEIWyFw	ok		Ai Digital Zone
@aidigtllife	UCMmncma78Y_hxelf3fkzu0g	ok		Digital AI Life
@AIDimension-tm6yk	UCekTTKwmAnr3jEvHBy_4AlQ	ok		AI Dimension
@AIDisasterFilms	UCfAEYmoFqt0raQz2hGAtWjw	ok		AI Disaster Films
@AIDiscoveryOfficial	UCMdDfYB8ceTFpptV24crIsg	ok		AI Discovery
@AIDivineTalks	UCquRkieofjpyL-XKNCbplwg	ok		AI Divine Talks
@AIDJ-t3t	UCAnNlHsx2IM6pFv5HneQUjQ	ok		AI DJ
@aidjmusic	UC8PygoMQIFLaPSoGkNIKEWA	ok		Ai DJ
@AIDJsoul	UCXrLCwhYOdDlmq1Vo0tcHTQ	ok		AI DJ SOUL
@AiDNAmix	UCe2HDJ5P8nu37MCBG7AHKvA	ok		Ai DNA
@AIDoesHuman-s1b	UC5amwbVB5SucRfcCpZoPLzA	ok		AI Does Human
@aidog-f3k	UCkNvfP0d73C-nmKQg6Fxy8A	ok		Ai Dog
@aidog202	UCE9vmCojoaA_cut6bOpWj5w	ok		AiDog
@AIDOG7-h3h	UCflXVct2GYnScFf6rQWH8tw	ok		AI DOG 7
@aidoglife7	UCeX2jcSQwdqEnAX52mXEG1g	ok		AiDoglife7
@aidogtiles	UCHWtSIBLrG-A6BE-QSk46ZQ	ok		Dog Tiles AI
@AIDOGTV-sk	UCZJQw21EHWKwnKA8k-OIy3Q	ok		AI DOG TV
@aidogwoof	UCqQ11n4viS7Q3z5KgRdSvkQ	ok		AI Dog
@AIDoorbellClips-u5d	UCrvtC0X_gGF6tEidKVmp91w	ok		AIDoorbell Clips
@AiDoorbellStudios	UCxt_u1iCZzw1BVBmYGU7rRg	ok		Ai Doorbell Studios
@AIDOUGA-k1f	UCIiBrWol626QhkZO96dYRhw	ok		LaughBot Studio
@AIDramaShortWin	UCZcGNq-25yMNey10qXgNpoQ	ok		AI Drama Short
@AIDramaStudio03		pending		
@Aidramavideos_2026		pending		
@AIDramaWorld-f9v	UC_ttzaC7PAYNQvD2ZclGtNQ	ok		AI Drama World
@AIDream-736	UCE6eXsERJ31jg62dIKS0W2w	ok		AI Dream
@aidream-v2w	UCqp3xf_cXKoVv9N0TpIsvVA	ok		AI Dream
@AIDreamArtStudio-j7j	UCbSCYEUKDmiYrRNMj7FqCeg	ok		AI Dream Art Studio
@AiDreamAsmrai	UCYjab97Q0O9Sxq9YGQ4DMPw	ok		Ai Dream Asmr
@AiDreamBirds	UC7ql8tZShrXmkV0qhdOEB0Q	ok		Ai Dream Birds
@AIDreamCartoonKids	UCHETY5orScXgxQ8aEciM_ag	ok		AI Dream Cartoon Kids
@AIDreamCreations	UC8siIRkloU6xa3IH_7grbKA	ok		AI DreamCreations
@AiDreamerOfficial	UCPj0IgJI0f9FaRdogcvULEQ	ok		AI Dreamer
@AIDreamfactory66	UCeqknThzpF5A5kueAHoOzeA	ok		AI Dream factory 66
@AIDreamLab-r2s	UCVREpe8YzsqWjQK8h1lMXbg	ok		𝑨𝑰 𝑫𝒓𝒆𝒂𝒎𝑳𝒂𝒃
@AiDreamMaker	UC1DbwWLN227jLinflItAusg	ok		fantasyAi
@AiDreamMindStory	UC8e4Q6D5u9uh597VVWJQcpw	ok		Ai Dream Mind Story
@aidreamScape-aq	UCVn2hPoLYuutIfpLkawgZfA	ok		aidream-Scape
@AIDreamscapesStudioTV	UCc57_e9ndw-9bMXdiWSGXMg	ok		AI DREAMSCAPES STUDIO ⟡
@AIDreamsForever	UCyNg91yMhfDUGCMck009wwA	ok		AI Dreams Forever
@AIDreamsGalleryNeuR	UCQkwwPU14uqBB7E9C45IkkQ	ok		AI Dreams Gallery NeuR.
@AiDreamTwistOfficial	UCPJMCrkxMWGbd-hYImU4UXQ	ok		Ai DreamTwist
@AIDreamVisions	UCgUd6sBUYWy1mI1MLcCAvOw	ok		AI Dream Visions
@AIDroneTravel-sky	UCOa5LVF7zqbyFgNndHh67rA	ok		AI Drone Travel
@aiduanjuxing-i8d	UClu3SR11DLHLAzhPHfAhw3g	ok		Ai短剧星
@aidungeon1	UCM9zPTZljJbQOwRAQeioPSg	ok		AI Dungeon
@AIEasy111	UC8xODAd-V8PqAJLBkdCjCYw	ok		Ai Educational Videos free
@aieditpro	UCFgYxRwDx-P3d1nwJ4XnuMQ	ok		Ai Edit Pro
@Aieditswithsiddhu	UCcSMnnkB8uf-j3sBF51Q0rA	ok		Ai Edits with Siddhu
@AiEffect4	UCnVrvibmQpqeSyf8dv8-wYg	ok		ts hunting
@AIEMPIRE-f5h	UCdaSw7nAK4HxLcePpZrdg8A	ok		AI EMPIRE
@AIempire19	UCfNewyYOEU1HtZP-a53Rsjw	ok		AI empire
@AiEnergySupercycle	UCkODM4IZ36TDRgmhQJHMbOw	ok		Jacqueline | AI Energy Supercycle
@AIEnglishStories17	UCOkw7RtbpoGkMIfeeeHPkjg	ok		AI English Stories
@AiEnglishstory-j2k	UCO0pwuBshlMnb_pbt3BahDA	ok		Ai English story
@AiEntertainer101	UC_gfMd-Gkfjah0G68H-nsTg	ok		AiEntertainer
@AIEntertainment1111	UCxQYkQ6mIliRKD0MxWm1wXw	ok		AI Entertainment
@AiEntertainmentDistrict	UCe49b09GzNeZ5OP25p0kIBw	ok		Ai Entertainment District
@aientertainmentshorts-o6k	UComT_9IAypFjEWwyoj-177Q	ok		catclips143
@aiepictrailer	UCjb7ooOxZeA9Czh2-3nLzHw	ok		AI Epic Trailer
@aiersalat	UCqQca07B4CBRo4jde16Z1KQ	ok		aiersalat
@AIEvolutionVisions	UCilWJeFvINPHV_t1v0bS37g	ok		AI Evolution Visions
@AIExpedition03	UC4v5YsLpdv0-ckDMrI-tAZA	ok		AI Expedition
@AIExplainedSimply-t4x		missing		
@aiexplorer1417	UC6LLZV5wykOKAGqB6ixZSgQ	ok		Ai explorer
@aiexplorewithus	UCngsw5LjW2ii7OPFPhcvm_A	ok		AI Explore With Us
@aif360	UCZAXBfLYJlxPM7bxEsG7dhw	ok		AI Fantasy 360
@AiFableMedia	UCUALX8v-TMtOHK-IDwXJK2g	ok		AiFable Media
@aifactory77	UCHxUteoFDOlWh87aF2ZjkrA	ok		AI Factory
@aifactory_ahanhaniaahad	UC-GGn9mqpr6Jqi9gVILKssw	ok		The Ai Factory
@AIFailsFun-lol	UCxuqUPC3KJTA33-S6W3m7xQ	ok		AI Fails & Fun
@AiFairyToon	UCHZF5CzUhNuaPlE_2l48AJg	ok		Ai FairyToon
@AIFaithJourney	UCrf1syVmkfHv_-TUORtoJMw	ok		AI Faith Journey
@aifaithrecords	UCXGyO9I0cB5u8kEPmNiBiKw	ok		Ai Faith Records
@AIFamiliar	UCTCwAP96_Qh8dQ6R972Ds0w	ok		AI Familiar
@AIFantasy94	UCFubiqGXv3i-N6sEd0r5lxw	ok		Ai Fantasy
@aifantasyart	UCcEnYBEAwqZDTdqRHyUduQw	ok		AI Fantasy Art
@AIfantasylifestory	UCmOkZSvja1POj61ojHJXGYA	ok		StoryAI
@AIFantasyVillage00	UCNqHqnc4Gw43cD6ohvP18Mg	ok		AI Fantasy Village . 60K views . 1 hours ago .
@AIFantasyWorld-07	UChcwuHSRPAmh5srr8R71Wpg	ok		😈 AI Fantasy world 🌍
@AiFantasyWorldi	UC1Ue2kgzC_1UwKXzbBEafRg	ok		AI Fantasy World
@AIFantory	UCjJA2zCA_PbqgzMOhxPPWjQ	ok		AI Fantasy Stories
@aifascinated	UCI2vARfnxD-rl5KefxRH_GA	ok		Ai Fascinated
@AIFeedHQ	UCLbDfrWSWsA9h0W8jYP74Pg	ok		AI Feed HQ
@aificovers	UC5D9jx48l7TSl3fFyKHhxqQ	ok		Ai-Fi Covers
@AIfilm-i6o	UC3H7F1flOUbxgST8-ZnhzAw	ok		AI-generated film
@AiFilmAcademyOfficial	UC1zRjoLJcN4cuMLs_A7kIMg	ok		Ai Film Academy
@aifilmcreativity	UCJujE46hW2_iAAYZo3FHIow	ok		A.I FILM
@AiFilmDirectors	UCoD8MJWwSmdlvVC-p82gPFg	ok		Ai Film Director
@AIFilmHaus	UCOyreVG4PgRXQSuDXiJiqoQ	ok		AI Film Haus 🇵🇬
@AIfilmPL	UCfK-vkCIrV21PM8RkOHiWuA	ok		AI film PL
@AiFilms-ee7ec	UCwya1kTxA8xHM6Yg2LaePhw	ok		Ai Films
@AIFilmsMagic	UC01mWWScyIUKzYuKFpyVKLQ	ok		AI Films
@AIFilmStudio-z9h	UC90uu8MqQ1y8MfZqX47-daQ	ok		AI Film Studio 🎬
@aifilmtrailerstudio	UCe_yPEj8UFV5U4XlqN1k6BQ	ok		AI Film Trailer Studio
@AIFilmtuhin	UC7MkxlmfUdx0z89s2aoCTlA	ok		AI Film
@AiFilmUniverse	UCxkyL1Z1rNSH4VP7Yi4ozNg	ok		Ai Film Universe
@AIFireMusicMedia	UCZSdYn4YcygzoJIlnbQAVIw	ok		Fire Music Media
@AiFiveZone	UCjdylNvq7sbwR1qxMHuK7Cg	ok		AIFiveZone
@Aiflashbacks-0	UCvfnowF1vRyt44MYwtd2rYA	ok		Ai Flashbacks
@aiflashversex	UCv8Ym37mT8ApyWrdmGUONOg	ok		AIFlashVerseX
@aiflavorlab0	UCTpTtIoo9UGU_HQJzzHANGg	ok		ai flavor lab
@aiflavors1	UC6TU-7mu-mKKg9mKKSRCXog	ok		AI Flavors
@AIFlickNips	UCMPhW_GRdbV-nIzVgUR0Igg	ok		AI FlickNips
@aiflicks-v5k	UC1IJojBzaFNcDWWXNgzLauQ	ok		AI Flicks
@AiFlicks786	UCqv3ftgbIs_oOYvHnxj7sRQ	ok		Ai Flicks
@AIFlicksOfficialTV	UC1A8ihHeGX4_K2ACexgQeSg	ok		AI Flicks
@AIflixhub	UCA0hFzDfYOGy77VnuAtFWxw	ok		AIflixhub
@AiFlixMovies	UCDstJ7XeYUtm1RvLrRb8J0Q	ok		AI FLIX
@AIFlowLab1	UCrzWGL4t8Fk7Un9J-URTS8w	ok		AI Flow Lab 1
@AIFlowScape	UC5HJRsk_TiUKLG4pb1cTF0w	ok		AI FlowScape
@AIFLUFFYPANIC	UC4qAa0DGJnc8Atbik9kkMQg	ok		AI FLUFFY PANIC
@AIFlux_1	UC-bSSAcElJVW5leC99ZwEUA	ok		AI Flux
@AiFoodCat	UCrg-cvz_rnnwRbyevh99lFA	ok		Ai Food Cat
@AiFoodChannel-p2m	UCDrnein7VStUJC70K8Vdo3Q	ok		Ai Food Channel
@Aifoodecodes	UCcjvdkmjooB-8vMvSVwgCfA	ok		AI Food Decode
@aifoodfacts-x8m	UCGElcrip6VTXxpYSqu_jVqw	ok		AI Food Facts | Healthy Eating Simplified
@AIFoodGems	UCw6isvV_MkOFimkJjB3MY8w	ok		The AI Food Gems
@aifoods224	UCBst3ZnQNNzLtAhV69PakyA	ok		ai Foodie
@AIFOODSTUDIO-2010	UC68dzv5BqqgyP_15sjlKqHg	ok		AI FOOD STUDIO
@AIFooleryy	UCWNCrmatN9GdcM7amrq-IOQ	ok		AI foolery
@AiForAnimes	UCVTCfQ8A-VDuoA1rzIi9mNg	ok		Ai Animes
@AiForch	UC4BkniC5w48MbHQu074w70A	ok		Ai Forch Studio
@AIForFun34	UCvneRNI_u7oE7TV9q4_ppAg	ok		AI For Fun
@AIforGood	UC4e35vN3-tSBZMNLE-wm45A	ok		AI for Good
@AIForIdiotslol	UCJ_vCNag7FYjCFXhFOicTSw	ok		AI For Idiots
@AiForKidsOfficial	UC-1CLAWcQoBq4csub11Bl7g	ok		Ai For Kids Official
@aiframes28	UCVg5xDcK4fsBPYMAlE2W8FQ	ok		Ai Frames
@aifreak_ch	UCLapF_KiSMKFWcVdXytOLgA	ok		AI FREAK - 最新のAIツールをご紹介
@aifruitcutasmr	UC16Zb-GYn9MKikhw4ePz8Pg	ok		Ai fruit cut
@aifruitdrama-07	UCbAfNYAYr36ANzmTS5t0QGg	ok		AI Fruit Drama
@AIFruitExperiments	UCa_ub5iOKqb5u1wLzgmu7Pg	ok		AI Fruit Drama
@Aifruitfairytale		pending		
@aifruitguy-c9n	UCdG7DfyfKY7IuPQtBbuUKiw	ok		Ai Fruit Stories
@AIFruitMasters		pending		
@Aifruits-o7m	UCm3toZ8erqTqtfZQbz20wqQ	ok		Ai Fruit World
@aifruits_stories1		pending		
@AifruitsLovem	UClU9zQhB0eKkbS75aMH6T7Q	ok		Ai fruits
@AIFruitsss	UCY5lMZe58xSbACZp2FR10HA	ok		AI Fruits
@aifruitstoreroom65		pending		
@aifruitstories-333	UCXRsqdcK73YIWgp3Qet2MmQ	ok		AI Fruit Stories
@AIFruitStories-c1f		pending		
@AiFruitStories-k7j	UCLp3O_2Wei4rexT0Hs2h1jA	ok		imranfruitstories
@AIFruitStories-q6x	UC02yFRBqd5W6ogsT95p-jug	ok		AI Fruit Stories
@Aifruitstories-u5l	UC3B6NSks2CUwOSZRRwg8XJg	ok		Ai Fruit Stories
@AIFruitStory-e6e	UCfSZZdXa7-_Ci11lxrXiVSQ	ok		AI Fruit Story
@AIfruitstoryYT	UCVFQNOrWLvUGRN_T46A_tBA	ok		AI fruit story
@AIFruitTales-c8c		pending		
@AIFruitTalesx		pending		
@AiFruittt123		pending		
@AIFRUITVIDEOS-j4k	UCVgnsnQ3J4Hz7BxGJpGBpCw	ok		AI FRUIT VIDEOS
@Aifruitvideos-u7j	UC2QLGWjFgtNRFMB1YW-9TmA	ok		Ai fruit videos
@Aifruitvideos06		pending		
@AiFruityDrama1		pending		
@aifruitystorys	UCknIycjy_wKGA18B9-vUU0A	ok		Frutti AI
@Aifruvion		pending		
@AIFunKids-e8e	UCvlATemV8JVKR927vh8dnVQ	ok		AI Fun Kids
@aifunnycat44	UCykgbjn4KAmUhvW1tGt1Nyw	ok		ai funny cat
@aifunnycat4u	UCgIkX-6E0_gMb49Ed13Wlsg	ok		AI Funny Cat
@AIFunnyDoorbellCamVideos	UCSYnLWf3-xAYRwIEwjR8-mg	ok		Funny Doorbell Cam Videos
@AiFunnyTales666	UCbTF-lrMqyeoBuOybQQyAnw	ok		AI Funny Tales
@Aifunnytalkwithobject555	UCQqowigc0pWUBlodqeWw9lw	ok		Funny talk with objects AI | Food | Kids
@Aifunnyvideos-official-r3h	UCr7mFT6-HimuXlH7-HeHh3Q	ok		AI brainrotvideo
@aifunologia	UCg1dbsZ0OOdCn0Enl18uyWw	ok		Ai Funologia
@AIFunPodcast	UCEMOkkKf8AeI1mHKV1mziAA	ok		AI Fun Podcast
@aifurrystory	UCia0Fwd_Oy9Bs6oefw8kfCA	ok		AI Furry Stories
@aifusionlab888	UCZgRNDL55vZAsp2mXOhic0A	ok		Ai Fusion Lab
@aifussionhub	UCgJdiS-BNn9qGqJiqTyUktg	ok		AI Fusion Hub
@aifuturedrama	UCJoZWdf6rFEY2x1Tz87vJ9Q	ok		AI Future Drama
@AiFutureFramebyAsim	UCxLrAexGRt1m6mZ12jtV29Q	ok		Ai Future Frame by Asim
@AIFutureFunkCannery	UCuM6-gmlCFbkCM10jniBz4w	ok		AI FutureFunk Cannery
@aifuturehits	UChe1bM-ZohX4q7-PaQgjx_Q	ok		Aifuture Hits
@AIFuturistictrailers	UC46jXmyXhUx9EJz4QAPN_LQ	ok		AI Futuristic trailer's
@AIFuturistOfficial	UCvEhsDxOJpZKE3EO3HcbI3w	ok		The AI Futurist
@AIFuzzyMoments	UC1sIoTwbwhzfFrNfXQG1RVw	ok		AI Fuzzy Moments
@aifytunestudio	UCjJorToIeGaOywlm2j-0Npw	ok		AiFy Tune Studio
@AIGalaxyTales	UCdND2DE7F7J2OVHAcmUFCXw	ok		AI Galaxy Tales
@AiGaonTalksAi	UCYNFRVIpKONkrj47a4AUzpg	ok		Ai Gaon Talks Ai
@aigeneratedanimals89	UCwdxWWwkSGA9Kz1BSs6rl1A	ok		ai gaming animals
@AIGeneratedPeacefulWorlds	UCB7XK6ft4-k1Qq6C7CemB2g	ok		AI Generated Peaceful Worlds
@AIGeneratedVideos-Kids	UC2-04UI4FuLUZUVKViaDBrg	ok		AI Generated Videos - Kids.
@AIGenerates	UClfh-2PRVVf99LxYRCCnxyA	ok		AI Generates It!
@aigenerationnew	UCvPMd5BHMwJgblsdIxPPELQ	ok		AI Generation
@aigeneratore	UCNKuN9LXdFIWenBpBqZiuLg	ok		aigeneratore
@aigeneter-e3q	UCKr7_wVJlxWLPnhtBLzrMmg	ok		loving мє55
@Aigeniu	UCgHWUD0102IPpRCyM17VRBg	ok		Ai genius
@aigenix-c9x	UC6cPPhP93mPcFRb51hTyISQ	ok		AIGenix
@AIGeniy	UCNptVg1AvxwdXZJ6bVP2Z6Q	ok		Штучний Геній
@aigent	UCz-C57CYzXUS0AxbBOorELg	ok		AiGENT
@AiGenworld-b1g	UCUjZ_psrURe62UryW0Qq9iQ	ok		Ai Genworld
@aigigglecats-g8r	UCT5N0A7PQcOSgImyeLBb0sg	ok		AI GiggleCats
@aigirlandcatfunny9696	UC3jOQKNTIEf_MJR22Ao7ACw	ok		AI girl and cat Video s
@AIgirlnoor-00	UCXEKBA4ARiFD5uAWxd7Kzmg	ok		AI Girl Noor
@AIGirlsFantasyWorld	UC2YQaxUopNC5VIDPTxNvH-A	ok		AI Girls Fantasy World
@Aigirlvideo-z7o	UCZAKmG1TC4wa8fqTL64NeNw	ok		Ai girl video
@AIGIRLVLOG32	UCOiWtDOTYpD-6RoUcEZ_-hA	ok		AI GIRL VLOG
@AIGlamourFree	UCPy_i0U_6287Xcl9yD_-Xiw	ok		AI LOOKBOOK Free
@AIGlamUniverse	UCWaQK-1y-5WPZKwNt-kZS6g	ok		AI Glam Universe
@aiglassfruitcoating	UCEuIjejlWv5MJ-G6qoc2wPg	ok		ai glass fruit coating
@AIglessStories	UCqn056xKQ5oMlSXkCm4lDwA	ok		AIgless Stories
@AIGlitchTrailers	UCC4xt9F_rf--z64UBwBuatg	ok		AI Glitch Trailers
@AIGlobalEntertainment	UCcJq0wvaXeZpzWtxfS1HMDQ	ok		AI Global Entertainment (AGE)
@AIgniteStory	UCtn_1dFw35MSRf-jlnu8S1w	ok		AIgniteStory
@aigoduniverse	UCVA6vvTi042zCD3k9VlJrxA	ok		AI GOD UNIVERSE
@AIGoldenAgeStudios	UCj2hJrt9NWJh7u7CcYN2JNw	ok		AI Golden Age Studios
@Aigoldmine-Ns	UCR0UvXoJG6OaO5JAzsfleYA	ok		Ai Goldmine
@AIGoneWrong-x7b	UCcoF7ju1RrVXALljvjl9c5Q	ok		AI Gone wrong
@AiGospelWorshipMusic	UCfZHyMHO2sHKskJpo6gqUWA	ok		Ai Gospel Worship Music
@aigr0w	UCwFj-NpLKEU7SAISDb0q2AQ	ok		AiGrow
@AIGrabbing	UCALvx82gsCmhPMPVhktEokw	ok		AIGrabbing
@AIGrowthLabOffeacial	UC3obkwpcmAdqrkVszTEIwSw	ok		TheAIGrowthLab
@AiGuideus	UCvEqHQ6yYcSoWyy3xOErdHQ	ok		Ai Guide
@AIGurukul-India	UCdKQ7NFEuwKo7RHv2f1-OiQ	ok		AI Gurukul
@AiGuruMusic	UCPx58_rZxbENe2fsFPKHfNA	ok		AiGuru
@Aiguy_huzi	UCThNf5u95tW1ssG48mZmUvQ	ok		Ai Guy
@aigyaan.by.khushik2483	UCaLoGQv9qjdc6an_P1SAekQ	ok		@Ai Gyaan.By.Khushik 2483
@AIhaiBABU	UC3K7t5qqzfJlGwAlg4pbXNw	ok		AI hai Babu
@AIHappyKidsWorld	UCxZJXLyzQliaOFvLV59hOzw	ok		Happy Kids AI
@aiharmonies946	UC_xLv82LM59bpYf7XAhdAtA	ok		AI HARMONIES CRAFTING MELODIES FROM CODE
@aiharmonixup	UCR3tmf_eA2ogEaid9bECW1A	ok		AI Harmonix
@AIHarmony-k4x	UCSjcDeKrliWyqWxZIDrqBFg	ok		AI Harmony
@Aihatdoc	UCrCFdFIz5JiaZWBqrZyw51Q	ok		AI Hát Dốc
@aihaven345	UCZVl6S2gc8giC1yDsxQGXAg	ok		AI HAVEN
@aiheroml	UCLilXC7I0C-ORSRhsxG-rXg	ok		aiheroml
@aihindinutrition	UCZLRZrqqy8tOAeJeXrbCJiw	ok		AI Hindi Nutrition
@aihindistories-m9b	UCyZl0hug-yJfRj64OgxXlSA	ok		Ai Hindi Stories
@aihindistory1.0t	UCxZRK4J2CL9KjowW-FlnRbw	ok		AI HINDI STORY1.0t
@AIHipHopMix	UC6IpPnFlZWQ4DxqbTcRH1qw	ok		AI Hip Hop Mix
@AIHistoryExplorer.G	UCByFKY0R1NKvytjviD_xbyw	ok		AI History Explorer
@AIHistoryLegends	UCoWh2UABfFLTSt1dnUMzr2A	ok		AI History Legends
@AiHistoryMan-w7k	UChxKTMjyREMOZ9VNyh3vw9w	ok		Tartaria History
@AIHistoryMovies	UC9RfzvGf1Gx54Ve-XTpoalQ	ok		AIHistoryMovies
@AIHistoryStoriesExplained	UC_P2GGxSXN9-8IgepVwfsGw	ok		AI History Stories Explained
@AIHistoryTale	UCHMpmNv_FGCgag0uL2Mh5yQ	ok		AI History Tales
@AIHistoryUnheard	UCxuosHxLSttRBMXLr8XJStw	ok		AI History Unheard
@AIHISTORYWITHREX	UC0EED3OdSGctHGY6Gi4i2cQ	ok		AI_History_With_Rex
@aihit2026	UCI_BVpl3MDXuIvhZN1kAuVw	ok		Aihıt2026
@AIHoldMyBeer	UCo6xUl1W_aqKFBO5KuUwtGw	ok		AI Hold My Beer
@Aihomegeniuss	UC2Az9m0qCn6Ftvkrk4kPGUA	ok		AI Home Geniuss
@AIHStudio	UCCsv7tzSevn_jxAK3tFax7Q	ok		AI.Heaven.Studio
@Aihub3-c4d	UC4ydOvg1a1feyNZs_RdsVIQ	ok		Ai Hub3
@Aihubpd	UCf9JXTBHP-OXqiHKgbU5ImQ	ok		Ai hub
@aihubstories-y6t	UCbNFH6Sd3fwLCCPbGd4gJYg	ok		ai hub stories
@aihumorfactory	UC15fKZdqPqc68Kj3J74V0hA	ok		AI Humor Factory
@aihungama-w	UCet-sVbplhFvUtVof7dbPGQ	ok		AI Hungama
@aihuntermotion	UCXxQA6xETOAy5bvlfq4GYWA	ok		Ai Hunter Motion
@AiHustleHouse	UCvKHArFJP1bkcd3LpaH6hDw	ok		AiHustleHouse
@AIHystoryPOV	UCnck4g9ZTqzsB7hSbQpVzXg	ok		AIHystoryPOV
@Aihıt2026	UCI_BVpl3MDXuIvhZN1kAuVw	ok		Aihıt2026
@Aii.diaries	UCYKXm9alaeM89UiSRAxz1LA	ok		AiDiaries
@aiii.storywave	UCl4OtVyRrX9Ayq_Yurof_NA	ok		kiwi
@AiImaginationsfyp	UCUmu-PEcfKnbSry7RQ5wFeg	ok		AI Imaginations
@AIimagine-l9q	UCpYpHQlMrNggSFBTJnpjrig	ok		AI imagine
@aiimpactus	UCOouDqKAZVHMaOc2lbzNQYg	ok		AI Impactus
@AIInayatStudios	UCsNDl4SdvxczVyMjV6ZfmBQ	ok		AI Inayat Studios
@aiindianarmy-j9j	UCmU0kHVcGf4sig6tsea8MkA	ok		Ai Indian Army
@Aiinkitchen	UCrby3A-gFasqpuma2ImiSUA	ok		Aikitchen
@AIInsiderTalk	UCaWejLymSHYIdycp6-aQHWg	ok		AI Insider Talk
@AiInsight9	UCQLOcVPQlDInYYWCSlpRqEg	ok		AiInsight
@AIinsighthub001	UCiGc3BQElJ2s2VuTMvKRKRA	ok		AI Insights Hub
@AIInsights-i8c	UC4PDHDq3n6hmwl5eEu66cow	ok		AIInsights-i8c
@AIInternational-w8n	UCBIYpSOeaCiOWHm77-YOqfg	ok		AI International
@aiinterviewspk-j5z	UC7z_Ib3FzsU2R7QuP3rjgBQ	ok		AI Interviews
@AIintervieww	UCLlxAYL0lLVbUx8GG9qBqWQ	ok		Ai interview
@Aiiscursed-q4q	UCdV6mqyBeXXgaOAK795PXHw	ok		Ai is cursed
@aiisliphe	UC6zVNE4MSusCDNcfztSpOHg	ok		AI-NATION
@AIITHEMOVIE	UCZeTmJKZIEMtINJ3HBj-uEg	ok		AI & I
@AIItihaasX	UC_bwkq0HtIf4obhIlWZ1xbQ	ok		AI Itihaas
@AIIVOICECOVER	UCJdjgRo7qYtX25uQEkX-4uQ	ok		AI Musiccom cover
@aijadoostory	UCJAYA0N0aCUUs_XdgrRZx1g	ok		Ai Jadoo kahani
@Aijaikystory	UC4FEcBzuhIQAOSrpGv8CGAg	ok		Ai jaiky story
@AIJapaneseKitchen	UC_J5ihlbIfo1JwjJOpQqQ7w	ok		AI Japanese Kitchen
@AIJASMINEVIOG	UC__fESNN7QvroYtwFkKYV5g	ok		AI JASMINE VIOG
@AiJesus.	UChKWCNFyvdk6IjhI0Nbwjnw	ok		AiJesus.
@AIJet1	UC9d_fPNfr1wDinSttcUBzWQ	ok		AI Jet
@Aijojoasmr	UC2Iprmi49BMl3Xlk8EipITA	ok		Aijojoasmr
@AijuicyTales	UCEwvlUXa0jRzi0SI8WfqxiA	ok		Ai juicy Tales
@AIJungleTales-n2y	UC2e7YLs5r6cZi5zQefUbavg	ok		AI Cartoon Duniya
@aijunkfoodstories	UCVMFl0pTYEdiuD4iDXAyoSw	ok		AI junkfood
@aika_inkaz	UCEr3zrGg4CiQxmu_3kDo-_Q	ok		INKAZ MUSIC STUDIO ©
@AIKaChakkar09	UCzUuuyqfOVh4jXPuyBwcqDg	ok		AI Ka Chakkar Hai Bhai
@aikahani-e8e	UCxMHb2XKtdfzUKy5MTmGcgw	ok		Ai Khani
@aikahaniyan-y1d	UCA0fqu6YA4vitSyLhOw1jog	ok		Aikahaniyan
@AIkaJALWAA	UCAFVfFEbwDmCa_iM6mDI0gA	ok		Ai ka JALWAA
@aikarrie	UCwXKwJ1t_BV5lZyhFu-ujkg	ok		Aikarrie
@aikazo-official	UCQYnvW-t4LZrcVzJNav71jw	ok		AIKΛZØ
@AIkeymanUS	UCHfWEfYgxYfLwIBJWWuppAw	ok		AIkeyman
@aikichenmania	UCjylusD-0LyazlTBSmxNZNA	ok		AI KITCHEN MANIA
@aikid-o5f	UCToLXVkDxD1wbTLAjbv6d8g	ok		AI Kids World
@aikidduniya	UCgsKBE4hnGHI80AjPuvzO4Q	ok		AI Ka Safar
@AiKids-A2z	UCuBMYA3a0Ixe90ANM0qjwRA	ok		Ai Kids
@aikids.cartoons	UCo-l6tA4muguenB526P_QIw	ok		Ai Kids Cartoons
@AiKidsCartoons2	UCykhWQIeGnBY7T4pkb_2XQw	ok		Ai Kids Cartoons
@AIKIDSCARTOONS_336	UC2T3x21eCLN2L96qOV1YKkQ	ok		AI KIDS CARTOONS
@AIKidsCartoonWorld1	UCDQTx-zyo3vTZ4X-FW6H_Rg	ok		AI Kids Cartoon
@AIKidsFunWorld	UC603DcaiDtr5TAQgF-Wv-4g	ok		AI Kids Fun World
@aikidsmelody	UCYdpJjYplaM00Yo0tXLz9Eg	ok		AI Kids Melody
@AIKidsNetworkshow	UCNSuR1jnn47Ugnt6m0UaqrQ	ok		AI Kids Network
@AIKidsPathshala1912	UCzO3F_Kz1eTwXsbYl5Ym3UQ	ok		AI Kids Pathshala
@AIKidsPlanet08	UCJho4vY1dSEUDoqZz9UX3fQ	ok		AI Kids Planet
@AIKidsStoriesLearningbyAK	UCXGDvU1FAqIhWeAP51fGncA	ok		AI Kids Stories & Learning by AK
@aikidsstory-s5m	UC3s_EK5g1wpKk4ntlDBEWRg	ok		Ai kids story
@aikidsvideo-d2o	UCgYSCqS_7MMJ_CeD0xPmlfQ	ok		AI KIDS VIDEO
@aikidsvideo-r3c	UCsL34t76qqxZNZM6QeGLGNw	ok		ai kids video
@AiKidsWorld-b9r	UCuIejBOk3mwPNvn19d4YNew	ok		Ai Kids World
@AIKidsWorld-d1h	UCbongnY-iglC5x8P_LE-3pw	ok		AI Kids World
@AIKidsWorld-r3k	UCMiSRckepdiMaBLrg1hzq_Q	ok		AI Kids World
@AIKIDSWORLD55	UCDFRvB9c39exEq-7Gclcp1Q	ok		AI KIDS WORLD
@aikidszoneUS	UCRDlk_n4-VpuBG565s4dXMw	ok		Ai Kids Zone
@AiKiDuniya-e3d	UCczpPTEdYRt7yjUq__Acp6w	ok		AiKiDuniya
@aikiduniya-s5m	UCsy6sh_Du1c4FTtVu0Em-7Q	ok		Ai ki Duniya
@AIKilledTheArtist	UCaN2BEXi62boZJKh41AnATg	ok		AI Killed The Artist
@AIKing888	UC-tfp6YuPHLKcyEICnVm1gQ	ok		AI King
@AiKitchen-h1i	UClZm7w7WmVeLYyOoWtbdKIw	ok		Ai Kitchen
@aikitten-0	UC8SL1G6lnvs_n3AGVcSlkrQ	ok		AI kitten
@aikitten-09	UCQMgXKhcxu9zY-dWkXfMHXw	ok		Ai Kitten
@aikitten-e1l	UCMMEC3Yh6rdKCQ_vJtlLs1Q	ok		ai kitten
@aikittencatc	UC7dS2FI_Sn_S59G9ffnHcFg	ok		Ai kitten cat c
@aikittensaii	UCucOmVtbCtRM6N2iK1X6hLA	ok		AI Kittens
@aikittensclub	UCfNNP3v7uqSyHdVCYz4lvMg	ok		AI Kittens Club
@aikittentales0346	UCIZqOUp9yQjxshq5HUinDlw	ok		Ai Kitten Tales
@aikittydrama	UCz4x3STUtkI6MnTrRe_ztjQ	ok		AI kitty Drama
@AIKittyMamas	UCKY9WqGEqqclJYGiJ0En5Qw	ok		AI Kitty Mama
@aikittymeow91	UCdI7D1lQwMCWkCQjESKMw4A	ok		AI Kitty Meow
@aikittystore	UCeaTXEMVT7fOAnzGR05YYPg	ok		AiKittyStore
@aikittyvideo	UCu4TxuGOwl6vy4TRDMOhx3Q	ok		Ai kitty video
@aiknowsitall	UCBerB1L5LMwYRPLGWr90EEQ	ok		AI Explains It All
@AikoKarate	UC54uGBmgbwQERPsRDfS2OiQ	ok		Aiko Karate
@AIKON-g8g	UCsNiZgXAEp-dmEhxJXDZZgw	ok		AIKON
@aikoni-music	UCmmKVyZ6yH4t-WPqX7OUa-Q	ok		アイコニーの音楽室(ハスキーハイトーンボイス☻)
@AIKonovalov	UCJYbwehSAXa2Yk6mLkpEBmg	ok		AI KONOVALOV
@aikosdiaryofficial	UCmsaFvupbMLFuP38IZKJ-4A	ok		Aiko's Diary
@aikpopuniverse	UCnJeahg05gwT6BvKQb6V04g	ok		AI K-pop Universe
@AIladyindia	UCtxhQhURcwnESriiWhUukrw	ok		AI Lady
@ailanbeats677	UCMtdxZEpCzV-9ZE6uK86PJQ	ok		ai-lan beats
@ailaray.aiinfluencerelite	UC9p09Vc9z0fNwJg4Ybl-BVA	ok		Aila Ray
@AILearningStudio_1	UCk5-Tmg1yW54wFktrJCf8Rw	ok		AI Learning Studio
@ailfilm	UC1j0rSGGfT9ErjVaicw2rCw	ok		AI FILM
@Ailife-2-z	UCD9qQhBCJ7_raGbtajbzVog	ok		Ai Life
@AiLife-e	UCSxFA2JqvhvWowL7sCTD1xA	ok		Ai Life
@AIlife-g9n		missing		
@Ailife-h8t	UCaaZVdAiuDQKsn7wzzRSYrw	ok		Ai life
@ailife_official	UCs7nEnRLcglm4aoTmqMM1Kg	ok		Ai Life
@Ailifeanimation	UCCrwWPa4Urf1lLNvCRmNc7A	ok		Ai life animation
@AiLifeBangla	UCoYl_OXLW01cZQH2A48bUPQ	ok		Ai Life Bangla
@ailifediaries	UCfoUJL2zpvLopN9vw8qhsOg	ok		AI Life Diaries
@AILifeDiaries-j2m	UCKSSrYHpFWqvnn3JtqLy3FQ	ok		AI Life Diaries
@AILifeJourneyFilms	UC7dtFg5AFVZATrbGnly8UhQ	ok		Legacy Revive Studio
@ailifelab-v7k	UCLltJFSfuVcY-qxb9oJh6wQ	ok		AI LIFE LAB
@AIlifeLesson7	UCixGGhw90dMBDg4ZjiqDrQw	ok		AI LIFE LESSON
@AILifeLessons-t7c	UCdEyD50ZAhil9oxxp6Zofnw	ok		AI Life Lessons
@AiLIFEofficial2025	UCjNm7PBZRucOOssiqFvC2lQ	ok		AI LIFE
@Ailiferoutine	UCjTawa8WwLfEC03HkzUzZAw	ok		Ai life routine
@AILifeShorts93	UC0V7b7auB5CYxSvcfysWzdQ	ok		AI Life Shorts
@Ailifestore	UCii4IrvZlFEhoWNI1B471ag	ok		Ai life store
@ailifestories-c3i	UCeldF-ydkNkUnpTIxdeGfgw	ok		ai life stores
@AILifeStories-t2c	UCGbctEgCA4M2-KECVuDq2GQ	ok		AI Life Stories
@AILifeStories.2	UC-VYCT_BeMwkxLdNrk-SYNw	ok		AI_Life_Stories.2
@AiLifeStories2025	UCe_0SEqAVxUlvDycJtuSZdw	ok		Ai Life Stories
@AILifeStories9590	UCdd7nxGMs-u8ER4p0GRdAGw	ok		AI Life Stories
@AILifeStoriesnansingh69	UCBphF1gKjdp6Yt8oH3IX7pQ	ok		AI Life Stories nansingh
@AILifeStoriesShorts	UCqUaLQ07YuSJLR0Q_1ufYAg	ok		AI Life Stories
@AILIFESTORY-f3x	UC0A1eTBN9HybS6HvG1kmvlA	ok		AI coordinator
@AILifeStory-n3e	UCgo3FTZ5K5j0dp7o5PS8vyQ	ok		AI Story
@ailifestory1	UCrUQmQLgWeHYiBympTVpajw	ok		AI Life Story
@ailifestory1.2	UCx0f3wh3sAEC6FCcn7hSNKA	ok		ai life story 1.2
@ailifestory786	UC_yN4VIopSf3XN9N0w3Nr3g	ok		AI LIFE STORY
@AILifeSwaps	UCHhVow-zNYp8tA9CyABDqkQ	ok		AI Life Swaps
@Ailifetales-01	UC0Pb4hcAhABI-OukGjGqUgw	ok		Ai life tales
@AILIFEUSA612	UCkKArleOhPi_Ftl6X7dY2og	ok		AI LIFE USA
@AILifeVerseStories	UCjm0om_j94AGBKDvsH7LYNA	ok		AI LifeVerse Stories
@AILIFEWITHDIVYA	UCVZfhbHtklRD2p5qi_oD_IQ	ok		AI LIFE WITH DIVYA
@AILifewithme03	UCrXflIdOLRtYibwdUJL3yyA	ok		AI Life with Me
@AILifeWorld	UCjdW3lkroqX6Z1MQxfYQwSA	ok		AI Life
@AILimiLimi	UCJqdJIWuL4JyUL1NUJRfKcQ	ok		BunBun Cat
@AIllusions-d7o	UCG6j4EeJ7s_-8Xe_5Tv2xjQ	ok		AIllusions
@Aillusory	UCST6wdsdw0tQsgxNVOVYz8g	ok		Aillusory
@ailofimelody	UCivIkekDQOKKGbptFW-gBlQ	ok		AI LofiMelody
@AILOGIC2023	UCUVDBghLcmj1L-Kj_WoUCWw	ok		AI Logic
@AILokMantra	UCg3EBehY30v1Sm4_u6nirMw	ok		AI Lok Mantra
@AILOLgorithm2333	UCX2BXQc8uE3iYFR-2I2u5cw	ok		AILOLgorithm
@AiLooksWan	UCJW0wEZqwjsenRzisC1EmPw	ok		AiLooksWan
@AILoop-p3k	UCJ_HofXJoy_DdPIEZiqWNiQ	ok		AILoop
@AiLootBox	UCSCEqiyK8M8uaE6wTHL0KjA	ok		AiLootBox
@ailorecinematics	UCpAlY3z3hyP_-sagpe_sswQ	ok		Ai Lore Cinematics
@AILostMedia	UCEnrFYsSEcR1UmJp9TandHA	ok		AI Lost Media
@AILoveStories-d7g	UCyw02wRjooTr7h252drToFQ	ok		AI Love Stories
@ailuna_official	UC-tVndqOf0Ue5Og_u48TG7w	ok		AiLUNA🌕旧THE AI COVERS
@AIM-MediaPro	UCdjx530TfbEBB2932AGpiZw	ok		AIM Media Pro
@AIMachMusic	UCNe9vwvqvzyK4lTcnFnJZOw	ok		AIMach
@AIMacroVideo	UCIznRI9ThcHK4Pp1KSXI69Q	ok		AI Macro Video
@AIMadeEasy-c5t	UCmM4obpuHJ9egnyZ_1ehfSg	ok		Tabahi Vlogs
@AIMadeEasy-r3e	UCxTDwuqVqY4OYlRzPHZkvJA	ok		AI Made Easy
@AIMadnessOfficial	UCQg62ozp4CH22i6P-CU-HYQ	ok		AI Madness
@AIMagic-rr	UCmoT4GlI_bkFltS_wy4tzEw	ok		DISPO-HR
@AIMagicalFamily	UCXmKPMGxKrtV1pFSj35ySwg	ok		Ai magical family
@AiMagicalTunes	UCvUhUEqhWZanIYOfAIhWgSQ	ok		AI Magical Tunes
@AIMagicBox18	UCO0z51frDybgJADP3GEE9aQ	ok		AI Magic Box
@AIMagicCreationss-p7j	UC-t0t7EKthphuxqKdMy5tNQ	ok		AI Magic Creations
@AIMagicHubX-q4l	UCee6k6pAh9oHreVQUpnjzdA	ok		AI Magic Hub
@AiMagiclq	UCNwCuk1KkmsEJvdfmuYaVGQ	ok		Ai Magic
@aimagicshorts-r2k	UCEWCUgTn60vjrOGDRe--5ng	ok		AI Magic Shorts
@aimagicstudio11	UC60ihUdj1VEm8cYeokBUc5w	ok		Ai Magic Studio
@AIMagicTrees	UCwbfTPbH2v2kBQCKGG518Lw	ok		AI Magic Trees
@Aimagicworldhq	UCP8UsXS1WaGWWTYZ3MJ-FfA	ok		Ai Magic world
@AImaginary87	UCUBaTpo6BvrpIENs6yrUbmg	ok		AImaginary87
@AImagination-f7h	UCEZ7cLFWMwuOB6D2Berckpw	ok		AImagination
@AImagine-q8g	UCoSilgcfJ6-MvAw5raghQOA	ok		AImagine
@AImagine_AImagine	UCOts_dtjscWvQGO7rcdFv2Q	ok		AImagine
@AIMAGINEDMOVIES-fg1ts	UCQhhfYDPjH-NMpp-o7UKcJQ	ok		AIMAGINED MOVIES
@Aimaginereal	UCgM1i9lOqbof6r2cc8JZAHg	ok		Aimagine
@aImagix_studioss	UCIAiG2-B-v4DVHkdww1ggCA	ok		AImagix Studioss
@aimahal24	UC1XOvuzPVuso006tQ1bTk5Q	ok		suresh choudhary
@AImaker-c3g	UCfyAY_e-dJcjuFlrN8rUKlA	ok		AI maker
@AIMakingFood	UCNeku0vdted1WHtb_HOKkJw	ok		Making Food AI
@aiman.creator	UCvYwNRKm57bGLLjuIwV-vcg	ok		AI Man
@Aiman_0619	UCCOjerJGdT88-yDzvZbniRw	ok		Ai rot reels
@AIMangaCat	UCUKUHrLbnBoewRutyr6BhNg	ok		AI Manga Cat
@aimarval_yt	UCsA2cmUwCLRjRlv6CCjrmTQ	ok		AI MARVEL
@AiMarvel-dec2025	UC7UnfYu_vdE60JEbdmJ15OQ	ok		Ai Marvel
@AiMarvel-s2u	UCcCjJ59cSkRGsZe_ufHlAMQ	ok		Ai Marvel
@AiMarvel-y5j	UCYUr-XND155tHSiUwFxnOnQ	ok		Ai Marvel
@aimarvel.0	UCEcDQhj-urGDE_T0HUs3SsQ	ok		ai marvel
@AIMarvel3	UCoDyCjhMBNrhbCMlaPXZjlA	ok		AI Marvel
@aimarvel6	UCCiP9XP4geoTGiiDaBvrSnQ	ok		Ai Marvel 0
@Aimarvelanimations	UCOUQLdHA1zD6P9bbh92Oxdw	ok		AI Marvel Animations
@AIMarvelBattles	UCirviJUvY1LKzkuapypyelw	ok		AI Marvel Battles
@AiMarvelCartoon	UC887gSEVEhMYg0SyiJEp2-A	ok		AI Marvel Cartoon
@AiMarvelCinematic	UCHh2L0orL4gV3n9127kJdow	ok		Ai Marvel Cinematic
@AiMarvelCreation-k7l	UC-2axfTvy-LPr42jG4Pnxkw	ok		Ai Marvel Creation
@aimarveldc	UCZtu_D3yhLBj8W9RJTFp8yQ	ok		AI Marvel DC
@AiMarvelDc30	UCBvV1jxYHvBCmk-guQReDSw	ok		Ai Marvel Dc
@aimarvelfilm	UCBS82pWOQ4BsMDRTjfiLREw	ok		Ai Marvel Films
@AImarvelflow	UCdjaMYssKTLoyPSooWc8jcQ	ok		AI marvel flow
@aimarveljunction	UCHRbFGRFmxYZSntm0lt_L7w	ok		AI MARVEL JUNCTION
@AiMarvelLafda	UCfVlrpj3Er5_Ct3cbqYBQow	ok		Ai Marvel Lafda
@AIMarvelMayhem	UC8oIeu1ZBVmHOENIv4OW40Q	ok		AI Marvel Mayhem
@aimarvelshortz	UC9oVr1-RVjKU7t9X5UN-8rw	ok		Ai marvel shortz
@AIMarvelStudios	UCCeXq7dODIVknJ2tjeMwWOA	ok		AI Marvel Studios
@AIMarvelSuperheroes	UC00dxyd4Sby2hIx0ID4vBcA	ok		A.I. Marvel Superheroes
@AiMarvelTeam	UCZc700y63wHvkX7IrAqo5Zg	ok		Ai Marvel Team
@AIMarveltones12	UCET5G9K1jDHyEteIq5WFXRQ	ok		AI MARVEL TONES
@Aimarveltoons-f8d	UC1iWC-WTvk5Ybup_4a3CGYQ	ok		Ai marvel toons
@AIMARVELTV	UCAI8dE92ehelULo7MIw-epg	ok		AI MARVEL TV
@AIMarvelUniverse	UCQZPq7EmWf4QfwhG6GcXRkw	ok		AI Marvel Universe
@AIMARVELUNIVERSE-v2z	UCs3aLI_KfwLPOyPCd5gnxRw	ok		AI MARVEL UNIVERSE
@AIMarvelworlds	UCJ0gaxTH3T1CkTOGQpPcB_Q	ok		AI Marvel
@aiMarvelZ	UC22G-48EUvVNiW04oHJZvwQ	ok		Marvel AI
@AIMARYLIFESTORY	UCIG-AXnBsn0ZHdGHs5tqUvw	ok		AI MARY LIFE STORY
@aimashupvideos	UCdcTffW1IumHeWRrXhP6A9Q	ok		Ai Mashup videos
@AImaskman	UCL3qeRIeV_4MNkbmVdaEAyQ	ok		AI Maskman
@Aimaster_2026	UCekQ9P3RGJ2uzbrTHocOldw	ok		All Ai Master
@aimasterman49	UCaL1wkMS-JjIwrr6xdwnbZQ	ok		breaking news center
@aimastersofart	UCbi0nh9VZkfqiq_3IlmWjig	ok		AI Masters of Art
@AImasterTAKUMI	UCcFOFnRnBJARxiLUB1zSsPQ	ok		AImasterTAKUMI
@AImastervideos67	UCq1fABNM77F1JTKEwmJD1Jw	ok		ChatGPT
@AIMasteryTutorial	UClsHhopJHYiKDHsL7AZ5khw	ok		AI Mastery Tutorial
@AiMastiDrama	UCP1oNrsoD2bU4SOLGQ8kL2Q	ok		Ai Masti Drama
@aimationai-1k	UCY5z5pYwC7UvggGx7Df_CjQ	ok		AImation AI
@AImationWorld-e4i	UC9wCRD1rHBhV4Fe6y4AnaHA	ok		AImation World
@AImazonas	UC_Y7dO5zktpUc6JaP09aGkw	ok		AImazonas
@AIMBW01	UCpOHcZrmnkh-TjebmqwQ8zQ	ok		AI MBW
@aimechanic0101	UCpQ-AT3f-i29vgnKDwEjQQA	ok		Ai mechanic
@AIMEETSANIME	UCu6yfGCgdnEE64h7ZP4pfIQ	ok		AI MEETS ANIME
@AIMeetstheBible	UCcdrPBQjTBxQHVtf7WKJS6Q	ok		Reading the Bible with AI ( AI와 성경 QT)
@AiMegaVault	UCA1XEbpgIcieDubVpZ0iPMg	ok		AI MEGA VAULT
@AIMelodies-f8e	UC8n7Wg5Or2GEIkfHXrlVkhg	ok		AI Melodies
@AIMelunniraFriends	UCiYJXjeI4FWadiKPvNuaeQw	ok		AI Melunnira Friends
@aimemeify	UCPHw6nhs9diURRVJOX_A1pQ	ok		Ai Memeify
@AImemeplanet	UC-b_YmmsYa9jN1Pk20t0Nwg	ok		Ai Meme Planet
@AIMemoryCover	UCCCso1MgGLluVwfSadsc8_g	ok		AI Memory Cover
@aimeow-h5k	UC_F7um_3YciaoYaJDxOC0KQ	ok		Ai Meow Cat
@aimeow-h8b	UCsA39gP4sh-0wge0UFbeHgA	ok		AI MEOW CATS
@AIMeow-kitten	UCyrsDtJuPrAcYffYMFq2EqQ	ok		AI Meow
@AIMeow1.0	UCIcvXIwzEyznffhOrxSv2sw	ok		AI Meow
@aimeow6	UCvTytqM6iTxi39i8QzraxIg	ok		ai meow
@aimeowcutecat	UCs92dCue_4KpS38Np1TzxEA	ok		AI Meow Cute Cat
@aimeowerstory	UCdgn0QFSkmy-4KRpvL05K5g	ok		Ai meower story
@aimeowjamz12	UCcT_HaTofhN3rhrugng0N4g	ok		AiMeow Jamz
@AiMeowMagic	UCqoWjt_DA1-lDTXdrCxr1ZA	ok		Ai Meow Magic
@aimeowmomentsf	UCKpEN1b9wgUH99yLFA_qwWg	ok		AI MeowMoments
@AiMeowMotion11	UC91rKqDYSJWNj12XpySWiRQ	ok		Ai Meow Motion
@aimeoworld	UCcic9qGfbaRiC43KCwcWrKg	ok		ai meow
@aimeowshort52	UC3QTG0iROGIu5CbmZoavFEA	ok		Ai Meow Short
@aimeowtv25	UC_tp_QkUr5_zONgH1unl_Jw	ok		MeowTv
@AiMeowZone	UCWkppikjdHa9yGHmogQIb6g	ok		Ai Meow Zone
@aimetalforge1	UCS7Ke7mAeAQbPj7rlAZV9QQ	ok		AI Metal Forge
@AIMethodla	UCfdYXs-sdxJZaCqY59kKIsQ	ok		AI Method
@AiMew-n9y	UCuAWe7IUQ5afgXamoey5cig	ok		AiMew
@Aimewmind00	UCpKzIeAMWBHg2ku-HWic76g	ok		Ai mewmind
@AiMewStory	UC_vGpzWzvMGDgOe1UHYrvbw	ok		AiMew
@AIMikeLabs	UC1ke7K9j1TtnjhlQpbv7Hpg	ok		AI Mike Labs
@aimillionavatar	UC3Roau7n9jG_KF1AYz4sY1A	ok		AI Million Avatar
@AiMinds26	UCrScpbggRLaKM5oLe3R1cQg	ok		AiMinds
@aimini000	UC6tJoqSIm2TpiAHBoL-dOeg	ok		Aimini
@aiminiature1204	UCaWul5xviIKa2NWkrr0qpew	ok		Ai Miniature
@AIMiniatureFoodVideo	UCPRztzHB6fY1ihIJUDYeIHg	ok		AI Miniature Food Video
@AIMiniatureKitchen-1	UCeR07jjZXaclDTEbDhyaWYQ	ok		AI Miniature Kitchen
@aiminiaturevideos00	UCsvAGgqNeAbrG3Qgp7VMMFw	ok		aiminiaturevideos
@aiminiatureworld-786		missing		
@AiMiniChef21	UCsdTH9NdnbwELOK45A94mLg	ok		AI Mini Chef
@AIMiniCraftStudio	UCQ8WKW9uwM41AvuztiNYW8Q	ok		AI MiniCraft Studio
@AIMiniKitchen091	UC3LDeA79V7E-UogehLYR7fQ	ok		AI Mini Kitchen
@AIminimeals	UCSw0P5J6P-Vtkp-x9sHBLHA	ok		AI Mini Meals
@AIMiniRasoi11	UChB-6omsSYaL5hrT4QiWtAg	ok		AI Mini Rasoi
@Aiminitureworld	UCSt8F3_t-1WX25K2ASVllyw	ok		Ai miniture world
@aiminiworker2006	UCfB95y2HZQE--kw20Xi7rNQ	ok		AI Mini Worker
@aiminiworld	UCBvNGUWJX1ZKMlD20dHBT9g	ok		Miniature AI World
@aiminiworld-n1m	UC3ToZhmeEzgZycd8ivL425A	ok		AI MiniWorld
@AIMistASMR-1	UCyItmfp1WdP_tgzl8zt7x1Q	ok		AI Mist ASMR
@AIMixturex5n	UCueGmTRwE09X4w76Vw6XgfA	ok		AI Mixture
@aimlhouse	UChG8HA7xNLFhjq5X_I20yOg	ok		AI Music Lakehouse
@AIMomentsHQ	UCkkkWTbz3gF_pjwtWPtDklA	ok		AI Moments HQ
@AiMoneyMine	UCj9bTvpLUQhZgU3zxBPcAKg	ok		Ai MoneyMine
@Aimonkeyoffical	UCEgtA0cWqXymnk3o7sWdpAQ	ok		AI Monkey Comedy
@Aimonkeyyyy	UC4TnqLN6yTOhz_2psGaG_HA	ok		Ai doorbell daily
@aimoralshorts	UCH40yZsddR_HjmXrk5O136Q	ok		ai moral shorts
@Aimoralstories-Ab1	UC8xPHZ7n9avPyDFema0K2Hw	ok		Ai moral stories
@aimorisien	UC8Gsq5iMgVie03uDOUBRLzA	ok		AI Morisien
@AIMORPHOTAKU	UCtHSPcfniVxwSot_2hJwwfA	ok		AI MORPH OTAKU
@AImostHuman	UCG26oFz3qJXdRQmQdFseP2w	ok		AI & I
@AIMotion-am	UCTD_HOS8kblG69aoxoRRBuw	ok		AI Motion
@AIMotion0AI	UC91w4i_QKYnMQzV1Ojgy-pw	ok		AI Motion
@AIMotionLab-p5o6p	UCXjQALOlqOtZts-IPma7lVQ	ok		AI Motion Lab
@Aimotionpictures-f4i	UCUO5dBRL2Ri8jVhYxL-7ciA	ok		Ai motion pictures
@aimotionstudio	UC4a-8irBWIkrEUk5h_C-c5A	ok		AI Motion Studio
@AIMoveReel	UCF8Wt6yAPO6X3ANIs6bgOaQ	ok		AI MoveReel
@AiMovieArt	UC9L1M773ppu7y6mCo7o5meQ	ok		AI Movies: Art of Tomorrow
@AIMovieHQ	UCIj7E8QP-krYw9e64xaEJMg	ok		AI Movie Studio
@AIMovieMashupLab	UCJrpshmLp7FnWfFnkJFaydQ	ok		AI Movie Mashup Lab
@AIMoviePodcast	UCHqGV93W7ErhDQge_4oiDhA	ok		AI Movie Podcast
@AIMOVIEPREDICTION	UC4ZRheVy0RhUjWbnvdJb6Ow	ok		AIMOVIEPREDICTION
@AImovierealm	UCHExZq-Li7a8yAXoKMPvckA	ok		AI Movie Realm
@aimovies-films	UCOTm_vOhgQ_kc1YK9-NlDAg	ok		BD Original AI Movies
@AIMovies-patchess	UCNq-xeq2_fZEEoMND9MPTfg	ok		AI Cinema Studio
@AiMovies011	UCTxNywQ3-36ihUApUubp7pA	ok		Ai Movies Production
@AiMoviesandmore	UCS709JQfQwr2S4V0d_ifjjw	ok		Ai Movies and more
@AIMoviesBySharon	UCw4n7BRRZm3ZEVoJdcud8og	ok		SHARON AI MOVIES
@AIMovieSnap-NetShortOfficial	UC8QVXfjZG8d8JpmMwEkwSCQ	ok		AI Movie Snap-NetShort Official
@AImoviesofficialy	UCADGoSyoLkrsttc_JkVaawA	ok		AI Movies
@AiMovieStoriesIzu	UC8IHeN6NKCf7ZWHXB3V7FRQ	ok		Ai Movie Stories with Izu
@AiMoviesTrailers	UCuuQqH1tA0gRW1ezPZ52XXw	ok		Ai Movies & Trailers
@AIMovieStudio-h9o	UCVsTmiYv_PrLIqp6EH55_aQ	ok		AI Movie Studio
@aimoviestudio-o3g	UCNeX_VTt4UGb8F_s4wkw6xw	ok		ai movie studio
@AIMovieStudioSTD	UCSoITqZvfJtTRGyCAEmQDIw	ok		AI Movie Studio
@AIMovieStudioYT	UC6WlZPT3LKfe9QCIgsR3qxw	ok		AI Movie Studio
@AIMovieTrail3rs	UCRcVKuqc4Ug4Xg09BTUDWIA	ok		AI Movie Trailers
@aimovietrailer007	UCmKOU7uLH7ar6DkEUdihBqg	ok		AI MOVIE TRAILERS
@AIMovieTrailerAi	UCN7xdAiDQ4TJ2P4hkOwWnTQ	ok		AI- Movie Trailer
@AiMovieTrailers	UCy2DTDql2jeRLHpxGB2Bvkw	ok		AiMovieTrailers
@AIMovieTrailers-f6f	UCb-aM8S9MFfnudKTNHwpW0w	ok		AI Movie Trailers
@AIMovieTrailers1995	UC0eRphwlerLa8qTIVnD_jWA	ok		AI MovieTrailers
@AiMovieTrailerz	UCfq7AKUfkj2FItIFYwjkZfg	ok		Movies Trailers
@Aimovieuniverse-d4b	UClA3TxO_1EN-a2q04_V4SNA	ok		Ai movie universe
@AIMovieUniverse-v3b	UC59fXOC9RD_Zjxki3vyorcw	ok		AI Cinematic Movie Universe
@aimpressionart	UC9JtbNCfLOWMizPVnv39PMw	ok		AImpression
@aimthsora	UCivto_q7orAQEP0q8hsHMYg	ok		aisra
@aimusic-v8d	UCYsvsGXEh8WD8foCAKbOr_g	ok		Soul & Rhythm AI 🎵
@AIMusic101	UC9Y6SLuXq6_Hbzu2iD6pcuQ	ok		🎵 Artificial Intelligence Music 🎵
@aimusic220	UCxVCjfH2wS6603yitfyEwTg	ok		AiMusic
@Aimusic_legends	UCUKhb2ba_FXByuYsNo12K1Q	ok		Ai music legends
@AIMUSICAIS	UCEX4TVSspYs1yYmO5l-hw8A	ok		AIMUSICAIS
@AIMusicBomb	UCQVZyePUGXv-6UCGeOovjCw	ok		AI Music Bomb | oda∞ai
@AIMusicByLek	UCDV2ic7Nr2Erwdm49Xx8BFQ	ok		AiMusicByLek
@aimusicchannel-168	UCj8OgEgO3KtWjxlruN2-cVw	ok		AI Music Channel
@AIMusicGlobalMusic	UCH1-unlYvldGoN6nJkbKmHw	ok		AI Music Global
@AIMUSICHUB-u6g	UC-zsolY_QLxO1-sPJX359tA	ok		AI MUSIC HUB
@AIMusicJen	UCdtryRsvGStNgtks5mE51kg	ok		AI Music Jen
@aimusicjourneyeveryday	UCESZ0_V1bnFm0BEDeFvZ-3g	ok		AI Music Journey
@AIMusicKyra	UCglPam2nlIdSmeDUOUTGpkQ	ok		Kyra Music
@aimusiclaw	UC4X5ej6wHiqJJ4r0TMJIwJQ	ok		AI Creatives Connect
@AimusicMT-w6o	UCtIYiCZZ5J-SnDKTBfL5jyw	ok		Aimusic MT
@aimusicnepal-pc	UC19dSLt875oSgDOPPGC5LCg	ok		AI Music Nepal
@aimusicnepalii	UCzQQ7ihc0_PjnuMFgVSI8Aw	ok		aimusicnepalii
@AiMusicSerbia31	UCSIb2D1iHpvigUcGBC8Mrug	ok		AI music Serbia
@AImusicsoup	UCmGPhY21LVN3oirApAhBDRA	ok		Music Soup
@AiMusicSunny	UC1PxozqXaxAZxyoCVfkkReA	ok		Ai Music Sunny
@aimusictune-i3	UCtfngxZbmHknlS5zZ-nmRpQ	ok		Ai Music Tune
@AIMusicVibes01	UCO192huVWIE2nFu7FSJyRvw	ok		AIMusicVibes
@Aimusic倶楽部	UCj3W_VdYG-t6T59FbGgIX4A	ok		Aimusic倶楽部
@AimusMetal	UC_X87RYFnNe_rMVun3rEC9w	ok		AI mus
@AIMutation-universe	UCVt0rOCDeLsaVb5UZe9ph1A	ok		AI Mutation Universe
@AimXRange_Official	UCgVC_jF0IQTtVrkDiUOk0pw	ok		AimX Range
@AIMyanmarMusic966	UCbN3XDkiKTCCOnmuqpb_Zvg	ok		AI Myanmar Music,,
@AIMythbusters1	UCz4kUWMDSb-J-aiOpTgHttw	ok		AI Mythbusters
@AINAMETREE	UCt8_fMPIzcXla397icAnTEA	ok		AI NAME TREE
@ainarainaction	UCwppJs0jxAc2MHbblpRfOWw	ok		AinaraInAction
@AINarutoStudio	UCV2eSD2g6du4BtBJ4UAdeYg	ok		AI Naruto Studio
@AinasLoveStoryLibrary	UCwJV0nLNxBmomAOERy9FCcQ	ok		Aina's Love Story Library
@Ainasromancelibrary3-c8d	UC2KESCpJQMViP8Cge5ae8_A	ok		Aina's Romance Library
@AINationForce	UCBk86fcD9RRgDZEvvFVGXxw	ok		AI Nation Force
@AINationUSA-i2e	UCOZFNPAAMTnz6u_3yxDyscw	ok		AI Nation USA
@AINatureASMR-i8b	UCuOb2w94XtBX1jpRivU7u_Q	ok		AI Nature ASMR
@AINatureGrow-l5p	UC8PFYrbiduiB1tw84vOpGAQ	ok		AI Nature Grow🤑🤑
@AINCMZone	UCGnBaw2dytQy4SUGMVRtKJw	ok		AI NCM Zone
@aineo69	UCJYBLuwBcsJE2di8Jo3NoZQ	ok		JPOP リスペクト ai
@AINepaliBlues	UCB_ll0Y2mQnJdtFfHVw5qtA	ok		AI Nepali Blues
@ainerdstudios	UCWI1JKF1TWgm3RD1uvdxsbQ	ok		AI Nerd
@AINewsDailyHub	UCfhOb1fHwQFFrxmdswbH2Gw	ok		AI News Daily
@AINewsTheHiddenStructure	UCJr48HS77d8KNSXRAbFJBGQ	ok		AI News | The Hidden Structure
@AiNewStory2.0-10k	UCc6rIRVsGFcIpgwlM6sB9Qg	ok		Ai New Story 2.0
@AiNewVibes	UCfdmbCFYeUIf4JD8zGb0Ggw	ok		Ai New Vibes
@AINexLayer	UCFkg5Fa0z2TYy7FdYLLHw4Q	ok		AINexLayer
@AiNexoraUSA	UCfBhcRV5EoShBsd2hvuM8zw	ok		Ai NexoraUSA
@ainextgenfactory	UCZnfOa7WVa20efqD3w5MFxw	ok		NextGen Factory
@AINightmaresTV	UCtrAS3batqZFK8c6IUwpNJQ	ok		AI Nightmares
@ainimal-rescue-ai	UCaB16rJtKVO0W5X1lCVSHOA	ok		ainimal-rescue-ai
@ainimal_song	UCmxlGa0tbKPvzyVbSVkMVZg	ok		ainimal_song
@ainimalrescue	UCS_Zb52k9w_-ZZfzsdBuCIA	ok		Ainimal Rescue
@AINIMALWORLD	UCKoB9g0YqqSmJvEMa32VLbg	ok		AINIMALWORLD
@ainimationcave	UCOxHL9csaoc_9P9AkHp8gIA	ok		AinimationCave
@AInime-y27	UCtW29lZovnZ94UwqWtUwlHA	ok		AInime
@ainime.eloong	UCx8P9CXH8v3F7R2z1A8MyGg	ok		Ainime AI anime
@AInimeAdventures	UC7WdC2Dmc5ErYO5ocn3l5XQ	ok		(AI)nime Adventures
@AINimeRealism	UCsMAy0DFNtp4TcY4Dcrhrrg	ok		AI•Nime Realism
@AINomNom1	UCPMIN9FUgRWskzsPb9dFCMw	ok		AI NomNom
@AINONSENSE-444	UCJ6p9cs6GhuX1MLI3-9zbvA	ok		AINONSENSE
@ainoodlez	UCGZE_riUsgZyB6F4pIEuEiA	ok		Satisfying and relaxing content ฅ^•ﻌ•^ฅ
@AINostalgiaStudio	UCkjCcDPpn-uyia4ZNtrL78A	ok		AI Nostalgia Studio
@AINova_Vision	UC5gnuPkLLkvquEmHC0MjwXQ	ok		AI Nova
@AINOWMEDIA	UCLjW3IBOzbhmbfWNpVA3Byg	ok		AI NOW
@Aintelligencepodcast	UCTsR8rwW0p9mtZqnXbv8gBQ	ok		A intelligence Podcast
@AInymous-b3p	UCH_OZRn6W47fD7SS6TDcztA	ok		AInymous
@AinzAnimation	UCnBibsrorzKoAkE7to2irCw	ok		AinzAnimation
@AIObjectHub_1M	UCEPg_x4b_Z5VfrNUM-t9reQ	ok		AIObjectHub_1M
@AIObjectLife	UCDy5-bRitQGFwnwvnfX82aQ	ok		AI life of random objects
@AiofEuphoria	UCgUJFc5H20IXwAkr1ltrDDg	ok		Ai of Euphoria
@Aioldskoolrap	UCK-_fRPf9UqiQaIE9TOv4iA	ok		Ai Old Skool rap
@AIOneMore	UCCQTWaFkseQKbHNAei9cZvA	ok		AI One More
@aiopenzen	UCdauxVOP57F6FQljTuZc_EQ	ok		Aizen
@aiorangecat-ai	UCl3YUiAcuivKxSZFAAp2Fug	ok		ai orange cat
@aiordieshow	UCSJIICjGEntHu1W9I6daS_Q	ok		AI OR DIE
@AIOverlords	UCpX7DEWriRZeHersYGh3FJQ	ok		AI Overlords
@AiOverTime	UC-JA0WrRCGtjxGzVp29QIiw	ok		AI Over Time
@aip.almetallic	UCm_XMGq5_InteI4C_95TOhw	ok		Aip Almetallic
@AIPalette-CuteCreatures	UCldrSaTYnKUT1log9DaxvMg	ok		AI Palette-Cute Creatures
@aipaltanmasti	UCRVE5kvWBKQ8XkloNNGFcHw	ok		AI Paltan Masti
@AIPalukulu	UCRBrjahljHXyK_3gEL-Vj1g	ok		AI Palukulu
@aipandavlogs	UCiCCBcfec77SMVK4J954OdQ	ok		AI Panda Vlogs
@aipapamania	UChMYR3tQBeDNTjaMfEHkAwg	ok		AI papa Mania
@AIPaperSlop	UCsu3qhpz41jedtNU_du1d0A	ok		AI Paper Slop
@aiparentingclub	UCNKo2McvUL3NCdQlLt9X-Mw	ok		AI Parenting Club
@AIParody-d5	UC746StZhRB_QAPOsPGyleRA	ok		AI Parody
@aipasha5115	UCOweL5YUo1IW9kYAhB8TMEQ	ok		Ai Pasha
@aipasindu_10m	UCLco0SwIEEO3vl2thMrxTxw	ok		AI PASINDU
@aipassion_earn	UCsm5IknEHF5GrN6rqmF4psw	ok		AI Passion Earn
@AiPaulseDaily	UClTlpc7Bqxh68qVlUgKv4FQ	ok		Ai Pulse Daily
@AIPaws-c6o	UC3uR4ruM0a8FyxI2MCK5a4Q	ok		AIPaws
@AIPawss	UC1nktP6RCumx2-aiAKAEoOw	ok		AIPaws
@AIPAWSYT	UCr9dh35N234C6Rmbzr1lAOw	ok		AIPAWS
@Aipayyou	UCiMf8agDYjmswSw73B7GyMQ	ok		Ai pay you
@AiPeedika	UCxjfgTuZeb0he0kzyxnQTiQ	ok		Ai Peedika
@aipenguinchannel-w5u	UCO298J4hB_rJK1X0e7YZMCw	ok		AI penguin channel
@aiperfectdreams	UCLCKKHw9-_naO9xk3Q4wHSQ	ok		AI Perfect Dreams
@AiPerson-g	UCOb4gdLgnVRorDDDHQiOl4Q	ok		AiPerson
@AIPetPlayground	UCKzhCRdhFSwaXWKwhkEJL5w	ok		AI Pet Playground
@aipetsshorts-d7w	UCUy4wY0njKNv1AbjUeZoZ0A	ok		Ai pets shorts
@aipetstales	UChnn-ucEdyY0OmjPB3maKpA	ok		AI pets tales
@AiPic	UCMEPasdlVP0KXU9KwyauHcg	ok		Ai-Pic
@AIPictionAIry	UCCSDhLuopT7N1boSY0lXEkw	ok		AI PictionAIry
@aipictureslab	UC_G75UYKmJbmvyEVyVb3i2A	ok		aipictureslab
@aipigeon11	UCv4fj4qXyhiGZK8pHvND5sQ	ok		Ai Pigeon
@aipigeonanimation	UCO_S2iTBJdqQ4WCtJ79mSwg	ok		AI pigeon animation
@aipigeonanimation123	UCz4lCWyQT2MX6lotAY_7Vyw	ok		Ai pigeon animaton
@aipilot13	UCTEcFpuHysVth8j_uy7IcWA	ok		AI Pilot
@aipipline	UCVBYY4ht8KcczTNX2suSerg	ok		AI PIPELINE
@AIPixZentra	UCuzg30iIPIM4lCT8dd2UiNA	ok		AI PixZentra
@AIPlantWorldOfficial	UCI92BY-oZSU1UhjHyq3TP6Q	ok		AI Plant World ⭐
@AIPlayground-o9e	UCfed5dtRt1w2YdG8Esqr0WA	ok		AI Playground
@Aipodcast_85	UC4WI3uqiM836YOdoaK6IDNQ	ok		Ai podcast
@AIPodcastChaos	UC68mYVlRjFpZOSAInfm0xig	ok		AI Podcast Chaos
@AIPodcastStudio1	UCCKHDespfoUpzB3YdBKUSmA	ok		AI Podcast Studio
@aipointwithmonarul	UC46pFXP2OGERs6m_ocmWO9w	ok		Ai Point
@AIPratibhaStories	UCLxA-aFGvPg493gAivhjYMQ	ok		AI Pratibha Stories
@AiPresidentChats	UCFYqGpP3EqVkteXP41JFPmg	ok		Ai President Chats
@AIPrimeFilms	UCZZCPb2vwHAW4V9s1R1z9QA	ok		AI Prime Films
@aipro867	UC4T6sxSbEEVxvmxQ0l2Otdw	ok		ai pro 867
@AIProductionStories	UCoZJ20pO943Tb0fIOcTkFkw	ok		AI Production Stories
@AIProgrammingHardware	UCnH9oul8LcJ6aNYXcBCl5Kg	ok		AIProgrammingHardware
@AIProject-r3s	UCUWkTbSWi7iNNi5oEquUFPQ	ok		AI Project
@aiprompt007	UCXv--V10zOD3nQyh5-fbaFw	ok		AI With Prompt
@aiprompt19	UCTEzBGL6Iewfs1O4SBaWDOA	ok		Mayank Saini
@AIPromptHub-m2e	UCZNeHrYWigOsQUTTQoULm4Q	ok		AI Prompt Hub
@AIPulse-l3i	UC3T3AGB_mEd-hQ87Qd7kgPg	ok		AI Pulse
@aipuppies-u1e	UCMD5TuKh3OsIraOKffub3mA	ok		Ai Puppies
@aipuppy1	UCF0T43PMq0RwrUs8EdQ_h5g	ok		AI Puppy
@aipuppyemotions	UCBPZ7nQAmqQPozGuMQPAaBA	ok		Ai Puppy Emotions
@Aipuppystory-t8v	UC9I9xWenFDgtEu6f29hT_eA	ok		Ai puppy story
@aipuppystoryes	UC40t_mjv86fI6xU3b9rX2_g	ok		AI PUPPY STORYES
@aipuppytales2	UCP33rG4kuXM1dO7OPF_w0qQ	ok		AI Puppy Tales
@aipuppyvideo-12	UCFOoTFL0E46FUAnwX9HIOsQ	ok		AI PUPPY VIDEO
@AIQuantoma	UCJyvwXcUg3zayJ9oDQa-aMw	ok		Quantoma AI
@AiQueenx	UC9XXjHlx8wqVU1FCWjbGGSA	ok		Ai Queen
@AIQuestAcademy	UCdFRvwde9cmdVm_Q-ODZTZg	ok		AIQUEST
@AIRacing	UCbuH5qzJ72f00KAQewXNwXQ	ok		AI Racing
@AIRandomizer1	UCUoXXeg-8OcNvqvHkAVF35Q	ok		AI Randomizer
@AIRantVids	UCRdCAg0yp10vo6fYfHdeOCg	ok		AI Rants Videos
@airaproject-AI	UC8r-opSWpRkvZEwXOdfASiA	ok		AiRa Project - AI Anime & Storytelling
@AIRareVisions	UCqacKtO0rbfVBvgOK1Delzw	ok		AI Rare Visions
@AIrchitect1111	UC1-bRrrwA1ceweCfQLjVaDw	ok		AI rchitect
@AiReads-y1j	UCBEES8cFu0bfJ3z49fXb5LQ	ok		Ai Reads
@AIreallife77777	UCs_9hQdOumctmWaXebBj0Ag	ok		AI life
@AIRealShortTV	UC--aZtoUXrxBN747biA83GQ	ok		AI Real ShortTV
@AiRealVideos67	UCbH0AWJf8dhhMe1iQE1nt3w	ok		Real Videos
@AiRecipes-lz3xx	UCZHjMw9zzGR88C7LyC7idXA	ok		Ai Recipes
@aireelscape-t7v	UCvrQNFlOsCzuTzpZHRaZP2A	ok		AI Reelscape
@Aireelsverse	UCkpfV-enfEYHz1uDlSXGzxw	ok		Ai Reels Verse
@AiReign-1212	UCChOBoMGPSk_XwoyXXr0UMA	ok		Ai Reign
@AIReimagining-o7z	UC6_HCoB-BqQSwp4ViL7JNQw	ok		AI Reimagining
@AIRenderedImpressions	UClRIGGJNoV1pvegdu9spZVg	ok		AI Rendered Impressions
@AIRenderPulse	UC7Fy-XTg-UGg5x55aV5zAQw	ok		AI RenderPulse
@airescue-k1t	UCKiWrw_js8xCEjocC3Q_Xtw	ok		Ai rescue
@airetrofuture1	UCMhd1L4ezCr7fSoWHfQHu0g	ok		Ai Retro Future
@AIRetroRecords	UCEicq2iWRUQ9kY21wbbULyA	ok		AI Retro Records
@airetrorewind	UCAy62uLUTjBE4ImQMTCjpHw	ok		AI Retro Rewind
@AIRetroStudio	UCdQNzrNHnNel5Nn-4AoCPUg	ok		AI Retro Studio
@AIRetroVision	UC3TVlYWrYZ0sk6rvuTCQgrw	ok		AI Retro Vision
@AIRevealASMR	UC7xjl9da_vQF5UbVe1pAjLw	ok		AI Reveal ASMR
@AIRevealShorts	UCgfdx0PpLjn6ILFOBjYUUSw	ok		AI Reveal Shorts
@AiRevolutionaryArt	UC4hS0Wc05kvY-hpiN_iykFA	ok		Revolutionary Ai Art
@airevolutionx	UC5l7RouTQ60oUjLjt1Nh-UQ	ok		AI Revolution
@airevolutionx_es	UCRFuzruip1bPnw2wmBcmFLg	ok		AI Revolution en Español
@airevolutionx_fr	UC92vtIxo1ZoXyF_yqJWFiJQ	ok		AI Revolution en Français
@airevolutionx_pt	UCdiFiJU5LQl_vGr0B56fcqw	ok		AI Revolution em Português
@Airewrite00	UC3YMh8t1cyzmpIzfK9RtCsw	ok		Ai Rewrite
@AIRI-AIJapaneseRock	UCx0Cmzwpbdu22KyN0uiZ0ZQ	ok		AIRI - AI Japanese Rock
@airic.z	UCwRviE81Q7gBLoAV--9sCvw	ok		Airic
@AIRiddimLab	UCO0vcJOtZht5D8DUyAVFICA	ok		AI Riddim Lab
@airilistic	UCpbCYS6XmnYC-ApzG72pdtg	ok		AIRILISTIC
@Airingdoorbell-u4i	UCtPlY8_Mw7CpLLT0mtFdHmA	ok		AI ring doorbell
@airippleshorts1	UCz-Wy2ySQw37SSNlhiyMMlQ	ok		AiRiPPLE SHORTS
@Airline-o1p	UCDZoiqaE3ijpuWWuz-JZIlQ	ok		Airline Power Reveal Stories
@airlstudio	UCl3beb6pfXUTMp2MIEG8qQA	ok		AI RL Studio
@AIRobotic_s	UC5dDglQ_sZugXQu_84wWpqg	ok		AI & Robotics
@airobotlabhidden	UCW82AfldGFigzZCpemLCnhw	ok		AI Robot Lab Hidden
@aironic_music	UC63oOxwTJrTqYC31LGySqsg	ok		AiroNic
@airotale	UCGdfl7YVY2qb-Ake4H5vRow	ok		Ai roTale
@airoyaltyfreesongs	UCv-JpQ_3Y6llUvvQFoFIH6w	ok		AI Royalty Free Songs
@AirportUnderbelly	UCokSEe9l4i1kfUS2_7v1CjQ	ok		Airport Underbelly
@AirpowerDecodedusa	UCttBk6NWX0xceGn6fODMIlA	ok		Airpower Decoded
@AIrtVids	UCrbGywm1EPeldWCnRv-ne5Q	ok		Airt
@AiRuinedReality	UCU_HQkmd-Rh-dKxRDLf_aUQ	ok		NES | AI Gaming Reality
@AiRumors-s5e	UC-Em2fw3u0vx6ctGWC8Q0hQ	ok		Ai Rumors
@airushhour	UC5o-sATfgW8YW7IH4yxIh7Q	ok		AI Rush Hour
@airwaxxmusic	UCRObObj2Zlr2I1EpfIZdsOg	ok		Airwaxxmusic
@AiSabzii_Studio	UCIM40EMwS2nVqM6CqGpMvKw	ok		Ai Sabzi Studio
@AiSado.Official	UCt5aFIqzjOr2r59xZlaixRA	ok		AiSado
@aisagar-c1v	UCY8lruGoP_U9Lx1AgO1zYHg	ok		AI SAGAR
@AISamVlogs	UCsaOouuT_l895hU46dnCj_A	ok		AI Sam Vlogs
@aisanipro	UCANUsHpNfl-e85Ua6Ki_eJw	ok		Ai Sani pro
@AISantalibro	UCps4dkLadoHLooLdhITgCCA	ok		AI Santali bro
@AISatisfyASMR		missing		
@aisavi-z1b	UC43cosvF_UxXFBcPFmAbXiA	ok		Ai savi 😊
@AiSavvy0	UC6f1iFEqSA8W6gUTi_4L41Q	ok		Ai Savvy
@aiscene.official	UCt0Cn_rYujga4Fr_BR98ocQ	ok		AI Scene
@aiscenes1.0	UCsMianxD8r45HPt66AOnI9Q	ok		Ai Science 1.0
@AiScienceStoriesLK	UCO0xB7MeHy77zX9Q72Wzryg	ok		AI SCIENCE STORIES LK
@AIScopebreb	UC5XM5jOL-f_SZMe2YpvInuw	ok		AI Scope
@AIsGenerations	UCPwmb3bmY9MLBHCuGcQc6lg	ok		AI's Generation
@Aishastoryhouse	UCpm4mQmsPqHOhCHPN5y9NIw	ok		Aisha story house
@AishatAbdulazeez-h6j	UCzPshe1C5_dZ6Xl6lXw2ffQ	ok		K&A
@aiSheva	UCI8iJhE_xIP3okyOL0La_vA	ok		AIMusic house
@AiShivam099	UCZlVtLo5ch5M-XapnUV7Rcg	ok		Ai Shivam
@AiShleby0666	UCJBUoaGGgSX316ZboRDXE5g	ok		Ai Shelby
@aishort-1235	UCXNwsHQdLvQQ9ePuiSHIfhg	ok		Ai Short
@aishort-only	UCj2OEv1imhRhvhegMnVdgcg	ok		Ai short video
@aishort095	UC8tq6-J8l4fpGoMpc8MqAOg	ok		Ai Short Animation
@aishort30k	UClbC57G18kh0R3iReL_UNxg	ok		AI SHORT 30k
@aishort_prompt	UC1BqkNW0Jj7HVmQtoVINLpQ	ok		aishort_prompt
@aishortlab-2334	UCnidu3_u3MFTjlwUHvaaI5g	ok		Ai Shorts Lab Hamxi
@AIShortMovie-p7c	UCLfcAWsv4-_8tQWjo9FpqqQ	ok		AI Short Movie
@aishorts-1434	UCY_j9IQ-rSSWDxHjVowAgBg	ok		Ai Shorts
@aishorts-321-v6u	UCgGgg1n7KBJZ9y4RMOmVkOg	ok		Ai Shorts
@aishorts-734	UCfbhb24YomKfWfBGz-XZXdQ	ok		Ai Shorts -734
@aishorts-f9	UCgyjg3jgrMlktUA0Zc22LCg	ok		Ai shorts
@aishorts-h4o	UC5w-jxqII22CjnEMwFaRyFg	ok		Ai-Shorts
@aishorts-i3w	UCN0pwRN24ezp_AOD6zT8qDw	ok		ai fun zone
@aishorts-i5k	UCTdGH2B-qD56N4Bk7ywSrww	ok		Ai
@aishorts-j6b	UCRYpE43o6_V4KkIvymbhbUQ	ok		Ai shorts
@aishorts-j9m	UC3eatj0iCAp9zGdMuRP-rzA	ok		AI Shorts
@aishorts-k7m	UCae_Omfs-jYAFQ8v2A-6MDw	ok		AI Shorts
@AIShorts-l2e3c	UCmovWOUKxWUcnp8qhCU8BNQ	ok		UAMGaming
@aishorts-l9x9z	UC76vTuIn9FKvT6BN0xd8iog	ok		Ai shorts
@AIshorts-moments	UCkCN66jkJ5KCLcocC7ieHAg	ok		AIshorts-Moments
@aishorts-u5f	UCCC5tOx3Uy0bYdw-st7Rd7g	ok		Ai Shorts
@aishorts-y5f	UCmhCvlS5w7-0GAyua7zeFBA	ok		Ai Shorts
@aishorts4k-j6n	UC7g1k9_ppzvLq_QIjbxpcRA	ok		Ai Shorts 4K
@AiShorts60s	UChw-THD-dl7QNw--myGzZcg	ok		AI world
@aishorts712	UCcrwlLn1tBamy1lyTVztzlg	ok		ai shorts
@AiShorts_111K	UC6h8GCmaLt_-VokLOPfyNhw	ok		ai viral
@aishorts_70	UC6jAlAX4hososR9I-xd5Cvg	ok		AI Shorts
@aishorts_779	UCZjRGSf59jWzs6iAWKI2z9g	ok		AI Shorts
@aishortscartoanimation	UCH715ZJCEKEGNsTlGmze2aQ	ok		Ai shorts Cartoanimation
@AiShortsDude	UCFOspgPX5v2cgyvn1_7Fn3Q	ok		Ai Shorts Dude🤖
@AIShortsFilms-y6m	UCwkSNTEyPW2aa_89s0OoXow	ok		AI Shorts Films
@AIShortsHub28	UCc_rJc_ip1flWdHp6Agp67Q	ok		AI Football Hub
@aishortsking-99	UCy_w9lMaZu6L9Wch8uthaNg	ok		Ai shorts king
@aishortsstory-rk	UC_OZScAVa-BhiNwNxxKL3pA	ok		Ai Shorts Story
@aishortsstudio-v1p	UCk7iz7qpGngisXNJZQ7q-qA	ok		Ai Shorts studio
@AIShortStory05	UCDALHcvxpsozv4coKr0xIEg	ok		AI Short Story
@aishortstory_2	UCdXDdGe1S6brRkb8ks8QwjA	ok		Ai Short Story
@aishortstv-u7w	UCSgOR4OUVfrq18OLWbsJOgw	ok		AiShortsTV
@aishortsvideo-as05	UCREJ9bb19B0bgDKmZNpYIAQ	ok		AI Shorts Video
@aishortsvideo-q3p	UC-FKoUsmXPda-G-LUTo3hIQ	ok		Ai Shorts Video
@aishortsvideo2251	UCbrWhsQ35i9iSCBl9G6SwzA	ok		Ai shorts video . 10m views. 2day ago.
@aishortsyoutube-o2l	UCoOBK4_OVgNuyfBrz_j9hNQ	ok		Ai shorts YouTube
@aishortvideo-o3	UCNHIw0SiaZavCA9w9SqyuWQ	ok		Ai short video
@aishortvideo-t5q	UC7YPx7099j4ZHayadewNE8g	ok		ai short video
@aishortvideoa4i	UCKr_9a9YmUCalrgqpemVBvQ	ok		Ai shortvideo
@AIShotStudios	UCLuBeUnwKg9mMfVxYIPpnmg	ok		AI Shot Studio
@aishotsunique	UCoOgfV1NJy0Jw9AdtPDjz8Q	ok		AIShots
@AISimplified69	UCBKkcHQ9RXIZNoz4T5QsTsA	ok		AI Simplified
@aisimpsonUS	UC37WotYoEsew07XiOVevycw	ok		AI Simpson
@AISimStudio	UCGxebriqYFM-Det8TKsW5SQ	ok		AI Stdio
@AISingsHardJ-POP	UCZn6NIkSotvonI9BRZwf77g	ok		AI Sings Hard J-POP
@AISleepsatisfyasmr	UCxgBKKOyyYITtR0OTNgEZyw	ok		AI Sleep satisfy asmr
@AIslop-s4l	UCHqn378ds5cWr5KO9LljaFw	ok		AIslop
@aislumber	UCtYesNhph705__b-8QvJ57A	ok		AI Slumber
@AISmartStudio	UClHSbV3TfZE1Yfe0roAyxeg	ok		AI • Smart Studio
@AISMR-BY-ANUJ	UCZ04XrUfUh2pJABSICDD6lw	ok		AI-SMR BY ANUJ
@aismr-nys	UCErcgb0NTRxuYnXmVLGsq-w	ok		FAISMR
@AIsmr-y9s	UC1v4tewZ0ZovUOwQblD_26A	ok		AIsmr
@AISMR.therapy1	UChF0b1_PSipglY4qwrI4vUw	ok		AISMR.therapy1
@aismr_satvid	UCCVWpYECAFN4K3g6pdfBERA	ok		AiSMR Satisfying Videos
@aismrcoree	UCBKsHRAvlBEtenJ8utZMtQw	ok		AI ASMR VIDEOS🤏🏻
@aismrfusion	UCTpCF-dkD2JeSPbzudIM5ug	ok		AiSMR Fusion
@aismrglow	UCnO3rUV5NfSTMnckggI8k3Q	ok		Aismr glow
@AiSMRmp4	UC8Daxn1A8Mw41oE4mvVe9pA	ok		AiSMR
@AISnackCrimes-g8q	UCYu7QNmb2RQ9wPj2kyeBsyg	ok		AI Snack Crimes
@AIsoldiers	UCIPOgIc_GddQeweg1OQsdWQ	ok		AIsoldier
@aisong20100	UCOynrh1ouSQao0-Y0Mrs7QQ	ok		AiSong l GEN
@AiSongChannel-j6m	UCTrUDFv8gp_3fHgvTyByIOw	ok		Ai Song Channel
@aisongfoge	UCtrmBQRClqyV-5VFWQN_Oag	ok		AI SONG FORGE
@Aisonghub7	UChkDtVei3_v_Y33MupeTeZQ	ok		Ai Song Hub
@AISongMama	UCrRLVZSi_sZkFO4OgjlRhjQ	ok		AI Song Mama
@AiSongMan	UCYb4KBlz8f2WhJYF5k0CJXA	ok		AISongMan
@aisonicstudio-q5	UCrOCd6TBK5z1MnC9csb3xMQ	ok		AI Sonic Studio
@aisortschanal	UC4mefEAW-aG_QIQbgw4py4w	ok		Ai sorts
@AISoundCreateT	UCi7HUdRfyUii61eJceE8tkQ	ok		AI Sound Create T
@aisoundmax	UCVMKU2dVlV3lMT3mS0WeMXQ	ok		AISOUNDMAX
@AISoundStudioX	UCHW8tWQBrNgM5VurQoxV8dw	ok		AI SOUND STUDIO Karol
@AISpaceStudios	UC-vI8HgSBXbw6anU4cMlLYQ	ok		AI Space Studios
@AIspacetimetraveller	UCgHippbZL3R3Xr4p_EdJrJQ	ok		AI SpaceTime Traveller
@AiSpark-h2c	UCYQIgfA-EETwcSPvXlK7vLQ	ok		Urdu Ai Song Gul
@AISPARK-q8k	UCnOL5ZWJGa0ABAhVzypJweA	ok		AI SPARK
@aisparkytofficial	UCKtEfvgHqRglnelqrU-6Htw	ok		AI Spark Anime
@Aispecialfood	UCgRXjaxO7Ch3KWZf967HqyQ	ok		Ai special food
@AIspireStudios	UCbQw8nnH7Rm8uytBibr4BWg	ok		AIspire Studios
@AiSponge2	UCzRIh3GmrChGwUmnNxHBf1A	ok		Ai Cartoon2
@AISponge3	UCsKWE9frgzdA5hHGGbA9pDQ	ok		AI Sponge Rehydrated
@aissuo	UC_T3i6ZrRFJ9QruEFU4p4yQ	ok		Aissu YT
@AiStoopid	UCzZ-RIP4u3dR7XpGnwLGWGg	ok		Ai Stoopid
@AIStories-b7p1j	UC0mO9evUdvWqzqjT4QFIDoA	ok		AI Fruits Studio
@Aistories-f9b	UCJGMpsN6KMde-DNWIqX5r_g	ok		Ai Stories
@AIstories-g3n	UCY0_ObUCosYmddHymV3U79w	ok		AI stories
@aistories-v9o	UCUPJfqgddK49JD6v4Q6Y7kA	ok		AI Stories
@AiStories123-i2z	UC_yPGh0W5hnvkCwg5bEVwfQ	ok		Ai Stories 123
@AIstories51214	UCYkZeRr4ECJL0YesvUEbgVA	ok		AI Stories . 1 Million Views.........
@aistories_and_adventures	UC9cSlw3cIJzwKTMDJV0CG2g	ok		AI-Stories
@AistoriesbyNimo	UCnynsTE70izQTkwLT-VsdzQ	ok		Ai stories by Nimo
@aistoriesworld07	UCV49-KQ3YMCQiEM2ZzLg3UA	ok		AI STORIES WORLD
@aistory-388	UCth3Q7CwMm4Uaht_SbBD_5w	ok		Ai Story
@aistory-f6j	UCMFWqgwCez_gQYGYt6LnoBQ	ok		AI STORY
@aistory-g1n	UCUM9qy8zce5rU_Vkk5sfaiQ	ok		Aistory
@aistory-w6g	UCcCwpVimShqcJBLJ1SkuZFA	ok		ai story
@aistory.reel1	UCQWM1R-M8x9b7iCYZ1Wkjjg	ok		Ai Story Reel
@aistory1.4-r9z	UC-HSgGESkESqrlywo6Gu7FA	ok		AI STORY 1.4
@aistory2.0u8k	UCzJ6P-bE-5WnM8mcrmWV2Ww	ok		Ai STORY 2.0
@aistory2.0vasu	UCXctPR7lvLyo5MRF4y6AuRg	ok		AI Story 2.0
@aistory4you-d2i	UCZ-ukg2ngHNd8kupC6xqEEQ	ok		Ai story
@Aistory785-86	UCw_ro30XpaodTfsv0drsWBw	ok		Ai story 786
@aistory_609	UCyy8AWOObujz5CTuFvDKaOA	ok		AI story
@aistory_9798	UCXSLl88gXyjLXWklLjJ2NfQ	ok		AIStory
@AISTORYADVENTURE	UCFQfJG-L4AMBr42znOF6JsQ	ok		AI STORY ADVENTURE
@aistoryanimation78	UCAkH_xIVQnQrmnf9FdXOpVQ	ok		AI STORY ANIMATION
@AiStoryArc-m1l	UC__FjNzGAPV7P02SJwvONJQ	ok		Ai Story Arc
@AiStoryBlast	UC0JKXc755VQVYzEJPRG86HA	ok		Ai Story Blast
@aistorycatlovers	UCz2Fi4p0LPSeKf9kan-qqfw	ok		SnowyVerse
@AiStorycinema_01	UCH8uUWLoo02Qf0x3kYhOLNg	ok		Ai Story Cinema
@aistorycinematics	UCmA1CK9vb6jItXxK_KXXcuA	ok		AI Story Cinematics
@aistoryfactor13	UCUZf3JI29KkMKJWdhvVyC8Q	ok		AIStoryFactor
@AiStoryfruits73		missing		
@AIStoryFunda	UCTR2HlyZF-5d6U_QAzHbdRQ	ok		AI Story Funda
@AIStoryGardenbd	UCUsbwIMLS8CYqficM5yYHxA	ok		AI Story Garden
@AIStoryGardenYT	UCuT4ObzzKX0GwWfhGMgVZiQ	ok		AI Story Garden
@AIStoryHindi-y5j	UCS48FiZqf0-Kvr0T-TGCSug	ok		AI Story Hindi ⭐
@AIStoryHub1992	UCbcY3JwMC4zwASgdkK23V1A	ok		AI STORY
@aistoryhungama	UChWydL7k1cMyCWkQWYR1EWQ	ok		Ai story Hungama
@AIstorykingdom-s8n	UCVQ4PVG98l08IGcCUEx5HgQ	ok		AI story kingdom
@AIStoryLab-nn	UCn44LAScrulGe1zJHO2kBCw	ok		AI Story Lab
@AiStoryLabSinhala		pending		
@AistoryMOTIONs	UCj2k9RmU08YBZcKOraTlOjQ	ok		Ai storyMOTION
@AiStoryMrIndia	UCv-9PPER4oB-21icBlizmaw	ok		Ai Story Mr India
@AIStoryPrinsh	UCh0khG08jT4ClgSri5fA-tw	ok		AI STORY PRINCE
@Aistorypro1	UCgCa72zD_srkr2q88EaQHlQ	ok		Ai story pro
@aistoryr.k-5.0	UCyUt9UtSqICT6QSUAKQHnew	ok		Ai Story R.K-5.0
@aistoryshortszone	UChPenPRUrQ2FIuKKu8vscPg	ok		AI STORY
@AistorysPets	UCM_gH40f9TdzfEMgKYDEv_g	ok		AiStorysKids
@AiStorytelling19	UCXrZh0qTuwktlYfdzZpI5SQ	ok		Ai Storytelling
@AIStoryUniverse-h4f	UCFq1eYSn3xtdGUE1_aRU6Wg	ok		AI Story Universe
@AiStoryUniverse-y3n	UCthKRRT_WcB6bvMWERY7bzA	ok		Ai Story Universe
@Aistoryverse-as	UCHfMMyMWyKdNvdV45p42WOQ	ok		AI STORYVERSE🌟
@AIStoryVerse-q2y	UCjabtQaD6QFznTVoGar-Wrw	ok		AI StoryVerse
@AISTORYVERSE-u1h	UCWiV77aZe0nElGH_-yaBaeQ	ok		AI STORY VERSE
@AIStoryverse_3d	UCKNWCerfXAxpp27c7xsb0ng	ok		AI Storyverse
@AiStoryVersen	UClxBYrG5rP4PeAVu1hQf4Kw	ok		AI StoryVerse
@AIStoryVerseusax	UC00-LAI7fEX-_y4eIO-D-0A	ok		AI Reality Hub
@AIStoryVerseWL	UCAueUxy4mtPBzybF4omfQyQ	ok		Soul AI K-pop
@AiStoryVideos-5656	UCQ5cg_t2PAsF-jtyQMNXYrw	ok		Ai Story Videos
@aistoryworld-f9i	UCpIV1b8MhTkNTu9X_Ol_UAw	ok		AI Story World
@AIStoryWorld-g5s	UCkKZxF4F6X6RKdjEWoIyp2g	ok		AI Story World 🌍
@AiStoryWorld-HUB	UCPTasD38d4P3DDpn9IqqniA	ok		AiStoryWorld
@AIStoryWorld1-t	UCzeu4THYirPAI_BdQ9y28Fg	ok		AI Story World
@AIStoryWorld111	UCUp3JiTH_DOJSDpjPoC42Bw	ok		AI Story World
@AISTUDIO-1-l1r	UCi0W7Ok78W5QPKIO1dGPdhQ	ok		AI STUDIO
@AISTUDIO-c7s	UCKsONfdZMKWeiIhrICVl5iA	ok		AICOVER
@AISTUDIO30-s6k	UC70p1YCKt-egjoP34YkJBAg	ok		AI STUDIO 30
@AiStudio48	UClmfcxBZ9iVVuO_11hJ0G7g	ok		Ai Studio 48
@AISTUDIOREX	UC8ZKKjaptLPkfrIC4rDWfyA	ok		AI Studio REX
@aistudios-r7		pending		
@AiStudiosTamil	UCTPPAmruCIExHQjrDIGr4YA	ok		Ai Studios Tamil
@AIstudioZtoon	UCOiPeVy5_zs53q0IKaxAy3A	ok		AIstudioZtoon
@AIStudyHub.18197	UC2Vaw2oBCNDpvnhy0wkOVuw	ok		AI Study Hub
@AIStuff777	UC6B188Yfp9zc8YDXwjyJD0w	ok		科学饮食指南
@aisubha1	UCaAOWxdOgLjMo21LZVOGwfw	ok		Ai Subha
@AISunoKahani	UCLomP8toZ1ruNOjAGGE2Y3g	ok		AI Suno Kahani
@AISuperheroFails	UCr485OQd8aANnJbps0Ceocg	ok		AI Superhero Fails
@aisurreal1	UCW2PbGY4wK7T3Jnkm2KhUHw	ok		aisurreal1
@AISurrealCinemaCreator	UC4RjjE1om-0y7EpeGrB7VSg	ok		AndyVo Surreal AI Studio
@aiswara.eniqma	UCknuhnxHs5ZEbrpnt-zPHvw	ok		Ai Swara Music
@AITAHConfessions-d8h	UC4SRLHqgPqRIJBZf8ZYGX-Q	ok		AITAH Confessions
@Aitalesart	UCly09a6kfGcLmrWpx0jd8yA	ok		Ai tales art
@aitalesbyemily	UCVFtCAoZV-jZypJiD3HNOwQ	ok		AI TALES BY EMILY
@AItalesbyminah	UCvQYkXyvdaiFcfBvN8jGRpg	ok		AI Tales by Minah
@AITalesDogTale	UCM_dcjlog8LbIzooCJb_KcQ	ok		AI Tales & Dog Tales
@aitalespoweredbyai	UCIfLBCSOargntFbRifMaIng	ok		AI Tales
@aitaletoon	UCu1cBOvMj261iyD9Da8isvg	ok		ai tale toon
@AITaleVerse-q4u	UCvqyMknnkt0DyecmVeEqFdA	ok		AI TaleVerse
@Aitalewithlovelyn	UCeKCfK3c1zhjAUnaLFV-eug	ok		Lovelyn Chiamaka
@AITalk4	UCEC4_kBaGfVicaAEPuzfq-A	ok		AI Talk
@AITalkingVideos	UCksy0_esLdjNDCgEzQZFAkg	ok		AI Talking Videos
@AITalks-1-1	UCOny8Rp4EuTpJyOLbh33INw	ok		AI Talks
@AITamilUniverse	UCNKO3H3kgxrespT6csOOZLA	ok		AI Tamil Universe [Official]
@AITammudutelugu	UCs3-FLseJXzd2ueIRdze_XQ	ok		AI Tammudu Telugu
@AITandooriBeats	UCWb3x-Ubnedb1u-SajNid8A	ok		AI Tandoori Beats
@aitchy-z9z	UC5v85JfmjEdKwKe_VCfnsVA	ok		AI music専門チャンネル aitchy
@Aiteacherin	UC6GRh37cEy1aeGa9mQHnk-g	ok		The Ai teacher
@AITeaching.Network	UCmRlVpnu9CfMgIa7ZN2hkyQ	ok		AI Teaching Network
@aitecharivu	UCho_aVgKVAgB2djmSGC9Pog	ok		Ai Tech Arivu
@aitechnologywithme	UCnF2vk4GB6YCbU2XBSn3Ylw	ok		AI foundation 2.0
@aitechoding	UC9APIlL9YTUUF9PLRMIzgrw	ok		dost pappu
@aitechtools1	UC1EvEDHGq5O1kPRUlLgF4IQ	ok		Render Realities
@AiTeja2k6	UCjrIqhhswaVb-8ZfW_axL8g	ok		AiTeja
@AITeluguCreations	UCWPVL5IF3qyTYrrfQ1e10eQ	ok		AI Telugu Creations
@Aithatgoesharder	UCnuVncjULDX6kp3a9-n90Ig	ok		BLG Productions
@AITheArtificialIncontinence	UCcZvC78fKTww2ujqTdQyr_w	ok		AI: The Artificial Incontinence
@AiTheater-9	UCQDkhhMMaDtonIfBCnlDRiw	ok		AI THEATER
@AIThings94	UCLGx5ZqoQxU0bQRQJWi_reQ	ok		AI Things
@Aithronesounds	UC64M7CsN2xrZJcOcqbMrrFg	ok		Ai throne sounds
@AITimelapse1	UC1xuw676n8t7aSkotAp-IxA	ok		AI Timelapse
@AITimeMachine369	UCdLuU7DPyliBmMyMkjw-uCg	ok		AI Time Machine
@AITimeMachineTales	UCpjVw-fjOedIdW7hBqSpHkA	ok		AI Time Machine Tales
@AITimeTravelers42	UC12W9r6rcncrrr3aumvOmRQ	ok		AI Time Travelers
@AITimeTravelerSkyler	UCjipLUygUcqx9sasfJza90Q	ok		AI Time Traveler: Skyler
@AITimeTravelStories	UCFJiJ8bqJGBWedGAEdm2a8g	ok		AI Time Travel Stories
@AITimeTravelTrends	UC09mElXaSK0dtZHdAZqhhog	ok		AITimeTravel
@AITimeVoyage39	UC-BrZoHa_Qan7Rhl3yrGqow	ok		AI Time Voyage
@aitingletube	UC5nyUANdchzBYCvxExFp1hA	ok		AI tingle-tube ASMR
@AITinyASMR	UC8T3nkfWsE_3VJMEbeZzKTg	ok		AI Tiny ASMR
@aitinycooking	UCDIaUyfzcdINDY37qJBwQdw	ok		ai tiny cooking
@AITinyKitchen	UCEHiWvQC_k-_A1TkY_dWWlg	ok		AI Tiny Kitchen
@AITinyWorld-111	UCwnYerbQWtbkh5uG2jSYwlw	ok		AI Tiny World
@aitipsoffical09	UCVMh2Zp0YlSMrSqn-C9RMAg	ok		AI TIPS
@AITLDR	UC8vD5DvNTh03eID8iOl07XQ	ok		AiTLDR
@AITMV	UCAzpqpKXg6xlH0JJkiE2e-Q	ok		AI Trailers and Music Videos
@aitoaivideos	UC1muzFUBTKw66SC8WwCifwQ	ok		Cat Funny Videos
@AiTonyTales-09	UCFBDgwMW2dDL2WJQVPd_QNA	ok		Ai Tony Tales
@AIToolkitPro-g6c	UC-3Oyz5lPcydb7ARmF_qwHw	ok		AI Toolkit Pro
@AIToolsQuest	UC709hclecm3T8_3jkRWhG1Q	ok		AI Tools Quest
@AItooncreations-k5e	UCRd5rIYKyTyrWJE4WZwxv7Q	ok		Ai toon creations
@Aitoons100-m8h	UCBZ1o8Uu-lQ8zwm4d2g1HVA	ok		Ai Toons 100
@aitoons_kidscrt	UC4dlTBHTFNQTucIYKUEYnNA	ok		aitoons_kidscrt
@AIToonVerse.0	UCRjbl1FhVywZ6VLL1_H0IwA	ok		AI ToonVerse
@AIToonZest	UCH-V5Thhp4E-fyimdqC-NQQ	ok		AI Toon Zest
@AItopia-v5d	UCkt7yJc8-I1pogVtV8bMU5Q	ok		AItopia
@aiTopia101	UCah-q00P7-mFwlD7Ehg-t9g	ok		aiTopia
@AItopiaLabs	UCgGCCZTg-7TLZS25xSFvaKw	ok		AItopia
@AiTopiaTv	UCpp1kSxzSep1z5DXhCjYJAA	ok		AiTopiaTv
@AITopMoments	UCCMx__X7d_Qtp66DKcd6Lgw	ok		AI Top Moments
@Aitopmovies	UCiSXMVPQOmZpvlnTKOWYpSQ	ok		Ai Top Movies
@AiTopTales	UCGN67uh_xgnlBhW1zyXGHyw	ok		Ai Top Tales
@AiTrackzforu	UCvl3Yg8390mLH-itl5itWRA	ok		AiTrackz
@AITrailerBlazers	UCuzdb7xj-rdg8dssX0TVXlA	ok		AI Trailer Blazers
@AItrailercinema	UC6gf2t9dKojAJcAFaFZFHuw	ok		AI Trailer Cinema
@Aitrailerg	UClZNsrEaBzxytG7urgh4ajA	ok		Ai trailer studio
@AITrailerPro	UCy27thUD9p9aHkXvflkE4Rg	ok		AI Trailer
@aitrailers-t9n	UCQhtqGyzabG3NmI8TPe2Whg	ok		ai trailer ° 178k views ° 8 hour ago .....
@aitrailers3	UCIyPhH6diyo23QKG_qbGA4A	ok		best AI trailers
@AItrailersMovies	UC5hOz4JwJBbFyEjx64DwXOg	ok		AI trailers Movies & Something else!
@AiTrailerStudio10	UCxuTsYwaExrucAlcZz2-8mQ	ok		Ai Trailer Studio
@AItrailerstudio2M.5houragao	UCr8EYCFm4lV0GB0jctCKUrw	ok		AI trailer studio 2M. 5hour agao
@AITrailerTrash	UCNgOUXjv_2c_NLsa0KOpxwA	ok		AI Trailer Trash
@aitrailor	UCuIeM9EZsV2emDSmZsndhjQ	ok		AI Trailors
@AITranceVault	UCuPh1MhJTKoywEX9HYFtm4g	ok		AI Trance Vault
@AiTransform4	UCsf_xBUCXOl2qxCslcymXww	ok		Ai Transform
@aitransformx-p4m	UCk2W547mzb2cdhPgmKNi2pw	ok		AI TRANSFORM X
@AiTrashFactory	UCKdGfsCmyhBS3r9kwnd2Hiw	ok		Ai Trash Factory
@aitravel0820	UCNdwoc84gQ0A7jheQAvGyZA	ok		AI TRAVEL
@AITravelDiaries	UCFNLK5HVn_ChF3gDFiW0rFQ	ok		AITravelDiaries
@Aitravelnomad	UCJmF6hWQTkGZ8qvm-NlFH0g	ok		Ai Travel Nomad
@aitraveltales2131	UCi5ZnfM2F9K9lrmXKJqvjlg	ok		AI Travel Tales
@Aitraveltreasures	UCz0ASxrUMdYlRFM7Dk35nJg	ok		AI Travel Treasures
@aitravelvideo123	UChLfMwNqkUX6K08s_P3IJOQ	ok		AI TRAVEL VIDEO 123
@aitrendingvideo_29	UCxbti9yNSHV9J31UU8p6Qbw	ok		Ai Trending Video
@aiTrends-channel	UC77KKj6zstoEywqNny_QMRA	ok		aiTrends
@AITrendZone-l7j	UCKm1FEFIVC8i8FP1OfHc5hw	ok		AI Trend Zone
@aitrindingshort	UCI-u7OgNpyCPZL0kxVResww	ok		Ai Trinding Short
@aitrocity	UC2lVCocA52n7nP3PzIYkg6g	ok		𝐀𝐈𝐓𝐑𝐎𝐂𝐈𝐓𝐘
@Aitruelifestories	UChVbsjbaZyQXuUc2F2fLdRw	ok		Ai True Life Stories
@AITuneee	UCj-Wz97RPMUVg18vgXZZ8mw	ok		A ITunee
@aitunes-a	UCkSzths8b0SCC5Kzcu4OWmQ	ok		AI Tunes 🎶
@AITunesIn	UCDPHro0X_zo1M-i0e5CPUTA	ok		AI Tunes In
@AiTuneStar	UCwXndab_Nr4c7VjiowA9J5g	ok		Ai TuneStar
@aitunezmusic	UC9yLN4_gIwaA3xxuAubb2tg	ok		AITunez Music
@AiTunnel-v9i	UC6w4TnBbWc5x53pMLHbe8Vg	ok		Ai Tunnel
@Aitunnelcomedy	UCSGnM1tfMc-aMbrBEmG42kg	ok		Ai Comedy tunnel
@Aitv0786	UCzjybOMuaewCCYhBeHBfrcA	ok		Aitv
@aiuniknepal	UCSMfLLa1Z4rM5Yv7lm-JCUg	ok		AI Unik Nepal
@AIUniversAI	UCVQk69GpXdOvrj9oE6siEyA	ok		AI Universe
@AIUniversalStories	UCj6rW246lkiRnl2Gy59r63g	ok		AI Universal Stories
@AiUniverse-w8u	UCMEZlyqn-80rLn2qFtSc94w	ok		Ai Universe
@AIUniverse-z7k	UC-JdSYUs66jO8biWMsmPTgw	ok		AI Universe
@AIUNIVERSE111-d4l	UC-5FuklOgfxmsS6N9lfBzcw	ok		AiLTverse" (AI Life Theater Universe)
@aiuniverse41	UCryCLTVhNv1AZ9pWxpH1aeA	ok		ai universe 41
@Aiuniverseee01	UCMIckpNiz_c9t2GWydo89eA	ok		Ai Universe
@AIUniverseOfficial09	UClSw1JUnylSjUExLFgL806g	ok		AI Universe
@AIUNIVERSESTUDIO-97	UCsjg-nMHxQVbeU-bKoMSO9Q	ok		AI UNIVERSE STUDIO
@AiUniversityfreetool237	UCAv0cbOaFUDBtpuDygVlmLA	ok		Ai University
@AIUnlocked-r3f	UCUrrITmqQ4i_0nI4hvknMvg	ok		AI Unlocked
@AIUnpluggedindian	UCmLWpvvIulGEFqvTS08FwSA	ok		AI Unplugged
@Aiupdatehub-0	UCQ32dpNsQdwwsdPgIbph2_A	ok		Ai update hub
@aiuseLife	UCREQcuhcvdVHkyJLDWd9QpQ	ok		ai use Life
@aiusta-w1t	UCdObETqPp0sIr7Bmuu2iYDA	ok		ai usta
@AIUttamMohanty	UCUIP5d0ImfZ7yN95yug39ig	ok		Uttam Mohanty
@aiv-series	UC_e-lCarHmzj-_6vbYQtCfQ	ok		AI-V-Series
@aivanzzang	UCtT100rbrmNwWAWId-338gg	ok		AI반장
@AIVault2026	UCOJsYg5asaxxIgJsD8AuYIw	ok		AI-Vault
@aiveggieverse1	UCgPZddKwpU1Ne45yOnXolqw	ok		AI VeggieVerse
@aiVelvetRomance	UCpizx5k3N-KfXV0Eihm0-NQ	ok		Velvet Romance
@Aiventrra	UCh0Wxyf25hjv6SP3yQhsaBw	ok		AI VENTRRA
@AiVerse-b1l	UCRkPJF6a-JdAuMZP1sgOagA	ok		Ai Verse
@Aiverse-n5e	UCgDuofYSiXr_H7lB-Nih1mw	ok		Ai-verse
@aiverse0000	UCFZMyCke4QOESuRr-DQuJjw	ok		Ai Verse
@aiverse011	UChmx4TcwDxgF6fcRvMKUJyw	ok		AIVerse
@AIVerseHindi-11m	UCswQyEQYuucAxjRgbrq4rkg	ok		ai_ creator_11
@AIVerseStudio02	UCgH4DZ1OFTYOimXl2Xp_EaQ	ok		vikash kumar
@AIVerseTrailers	UCN8KsWJjIQ7irm8bdDGYzsA	ok		AIVerse Trailers
@Aivibe35	UCSXtyLEe8mHO5DkqjgVQMXQ	ok		AIVIBE⚡
@AIVibeASMR	UC0UpmG3Eo1AoEaEJqVt_TdQ	ok		AI Vibe ASMR
@aivibes-x5c	UChV0-OIpDWPJxOzcGeoQeQw	ok		Ai vibes
@AiVibeStudio_2	UCgD-qlLxMRJNChcyU_Wye7w	ok		AI Vibe Studio
@Aivibesuniverse	UC1xnUo1S2eBW2KavPnwARgA	ok		AI VIBES
@aiviceversa	UCAYYtmphGewre0eSPda_E7g	ok		AI ViceVersa
@aivideo-f2t7x	UCsvAiIZeMPMOBFpF0LtGR-A	ok		AI Cutie Kitchen
@aivideo-forchild	UC-Rgjs4Lt0JvVJrii3uC8kQ	ok		AI video for children
@aivideo-q3v	UCrQvGHB-z2oG7a-3Se3yFtw	ok		@aivideo
@aivideo-s1w8u	UC6rBpAzqyDrYBu3HsviGH8g	ok		AI Video
@aivideo-svgo	UCBofifFb_7bpvSFZ6y-kjig	ok		Ai videos cats and dogs
@AIVIDEO.FORKIDS	UCee6cq0REQRUCZC0AP5qUIA	ok		AI VIDEO FOR KIDS
@aivideo94-i7o	UC_f_kzEQV43qQdM52qPDjEw	ok		AI Video 94
@aivideo9822	UCaRZA0lPxR39yqquiINu1sw	ok		Ai Video 0.2
@aivideo_14yal	UCPdJgv2dQrPTEdaG45RX_qQ	ok		Vk Shorts
@aivideoanimation-s5c6v	UCc5Mt4SxzqxLvC-oo4qeV_Q	ok		Ai video Animation
@aivideoasmr-n2k	UCwI7o0GV3z_Q7uDIwzmR8Hg	ok		AI ASMR VIDEOS
@aivideobyfaim	UC5tex_JSHrLa1SwBjMUUj7w	ok		ai video by faim
@aivideocartoon-4	UC2rirfXT_jwzPYumTXLuYdA	ok		Ai video cartoon
@aivideocartoon20	UClFua4z2hLawEKu3SNim_Jw	ok		ai video cartoon
@AiVideoClubYT	UCsMOlZiwocvv2tnd1jRCOqg	ok		AiVideoClub
@aivideocreation93	UC1BAP7kY-cRNQuEYJtc0JzA	ok		AI ART POONAM..
@AIVideoCreativator	UC1z0N7tGG0g7bQOkdudWMyg	ok		AIVideoCreativator
@aivideoforkids1.0	UCTmGmvGCNyaIvkDBJoZUbQA	ok		Ai video for kids
@aivideogenerate9829	UCcYt5inrNtG63p-4OoextcA	ok		AI Mims9829
@aivideogenerator_official	UCPIQ8RkdmnYHrkFT0HgAuXA	ok		Ai Video Generator video
@Aivideokids5	UCRA-5nq5GV5SsQ8EVfyOONA	ok		Ai video kids
@aivideolabx1	UCPNmrLZCv0hLbxNS6oZDs7A	ok		AI Video Lab
@AIVideoMusicArt	UCW5qEyxhW43_1d894YoGiSQ	ok		AI Video Music Art
@aivideos-22-y9s	UCAdDc3eU4sOzEHIXM4abZwg	ok		ai marvel characters
@AIVIDEOS-743	UCNAgg7TIWPGaVbEyLk2xY0g	ok		AIvideos743
@AIVideos-hw1yo	UCq4UQgcIMxwSPc35cXUAMFA	ok		ai is wild for this 💀 ai video
@aivideos-r6i	UCnpJyu1GFwFayWfwD5kJzKQ	ok		AI ANIMAL PAK
@aivideos1.1a	UCQF5LzjbXfO1mTbKinij07w	ok		Ai video's 1.1
@AiVideos980	UCOZ52RI0E4M2yE8273oXxOA	ok		AiVideos980
@aivideos_26	UCZEVSb5hKyhNKJaxK9RisJw	ok		AI VIDEOS
@Aivideos_channel	UCcdXLOzQXSUzCt-MBWQRTiQ	ok		AIVIDEOS
@aivideosby_mishi	UCwl6PV1hjVpdWOP0uPmfMLQ	ok		Mishi
@aivideoschool	UCUb7KwmlVSSCnPu5KEhym8A	ok		AI Video School
@AIVideoscooking	UCaZ2yt095zq_vpHpkipI-yA	ok		AI Videos cooking
@AiVideosForEveryonAndYou	UC1a5cWxrqJuKGNTrzAOosUw	ok		AiFruits
@aivideosforkids-h2b	UC4uhyJKHNpRo5gvkXRiF99A	ok		Kids Ai
@AiVideosForKids-m6o	UCbfsYr36YVsM1nApDxN0QCw	ok		Ai Videos For Kids
@aivideosfuns	UCGnwePu89W-WVuG0Ka_sKUQ	ok		Ai Videos Fun!
@aivideoshort-p2k	UCcw7W8BwJhJ68Q-U7toOEdQ	ok		ai video short
@aivideoshorts-f5u	UCnsydLdq2xdGJ20Cfmnr-fg	ok		Ai video shorts
@AiVideosHub2026official	UCTn2VQFcMWBmSC21UWYqFFQ	ok		AI Videos Hub
@aivideospecial044	UCfEiJN_L0vvrKnHc0cToDuA	ok		ai video special.
@aivideostorydaily	UCDJ2ZZPanBddDHSux8TMsZg	ok		Ai Video Shorts
@aivideostou	UCJTk9xzPzqiFLUai9qlpGPA	ok		AI CARTOON VIDEOS
@aivideosyt-p2m	UCtjGaPNxsTCnmJbx9UE1t7Q	ok		ASMR AI VIDEOS
@AIvideotales	UCm9FkLsSk05m0x6g8yCobaA	ok		AI Tales
@aivideotales2official	UCxC1NUf2q8XlgPm8PMe2G9A	ok		Ai video tales
@aivideotoo-d4w	UCJ95oKsa9VI9LA67rm2uBtw	ok		AI kitten
@aivideotoon01	UCcgId4bimNvlaEkStfBCzNQ	ok		ai toon
@aivideotv02	UCtiA6s83KUqqJZTjVz0X1GA	ok		AiVideo Tv02
@aividioanimation	UCqg7hKoEt5wz2OsHjNrZ52g	ok		Ai video animation
@aiview-e10	UC4_PRJRvlvXWVEZmj-EV_qg	ok		Ai View
@AIVillageStories-i9z	UCecdmc7WCRxzfJqda5S7ypQ	ok		AI Village Stories
@aiviloger-g4y	UCDBUsbTdeY8pm9Mw7AOynXg	ok		ai viloger
@aiviral_dd	UCgEW5g6iwF4haZv_galktGg	ok		aiviral
@AIViralPlayz	UCf6I6R97-Nr8r6NhcKtAxBA	ok		AIViralPlayz
@AIVirals-n3q	UCvKE3vwUMOlU13zbF0tY4Hw	ok		AI Virals
@aiviralshorts-official	UCL3f_jGdpdMXFbnHKt_ceCA	ok		AI Viral Shorts
@AIVirtus	UCBTEG3AB1BY1nWZJ8VYd-sQ	ok		AIVirtus
@AIVisFilms	UCFcuRLwcSeEQwX-_1pA0xpg	ok		Ai Visionary Films
@AIVision-h5t	UCuzdpWK1z6VKHYEWCDssoNQ	ok		AI Vision
@AIVision05	UCrIxt93cpZSCcflzvBIjJ_g	ok		AI Vision
@AIVisionaryPH	UC3jgmCO23yz9vVkYsPJKoDg	ok		AI VisionaryPH
@AIVisionaryStudio-h7z	UC6wDbxaxYo4f8Zi61PINgrg	ok		AI Visionary Studio
@AIvisionero	UClaRdmWu4-Ypn2pMNpybyzA	ok		AI Visions
@AIVisionForge	UCZKprXn4KeMnQatXSWTcLxw	ok		AIVisionForge
@AIVisions2024	UCKUfA1lVLVFM5ZHp9v-IF0w	ok		**AI Visions**
@aivisionsandvideos	UCrjpAvTaepnt5ftKU4kiOPA	ok		AI Visions and Videos
@AIVisionStation	UCycgjyYSU5pmHjpYslJfRiA	ok		AI Vision Station
@AIVISIONSTUDIO-5151	UCumvDPP-kVmRmpp-Bn9fPvg	ok		AI VISION STUDIO
@AIVisionStudio-f7y	UCv_LDVvGaRCgoGb3f9Kd3yQ	ok		AI Vision Studio
@AIVisionstudioYT-HQ	UCt2hUC5BykBv08wSaDuIZPA	ok		AI Vision Studio
@Aivisualsmotion	UCHQuR1eXeWk9w2Pg-7_aL7g	ok		Ai visuals motion
@Aivlog19	UCSHTShis1Qkc47d0CC3vHgA	ok		Ai vlog special
@AiVlogEna	UChvyxo8G1JWvM44jK32EIdg	ok		AI VLOG WITH ENA
@AiVlogging-s5h	UCH9PlNQQ3nAxcLzgAAxXmew	ok		Ai Vlogging
@aivlogmonkey	UCqeX1VaIATf1r4yqkWUHqww	ok		AI Vlog Comedy
@AivlogsAnand	UCT-BVFlr2it4f_IErGsQLow	ok		Ai vlogs Anand
@Aivlogstory16	UCy14xQzzDG0c49rzl_ZGmRA	ok		Ai vlog story
@AivlogsVlogsuper	UCv60zE81xQr5wjLT5kPgAQw	ok		Ai vlogs super
@Aivlogszoo	UCI69joKxlu9KVYQ1F5-0CDw	ok		Aivlogszoo
@Aivlogverse-b8y	UCOpas-pyMS11c_PvkFrQjjg	ok		Ai vlog verse
@aivmusicstudio	UC3qAbgD0-LNS_9hFq74Ycrg	ok		AI V Music Studio
@AIVOICESTUDIO-07	UCv9WqqFihhemb-7k9A9q43A	ok		AI VOICE STUDIO
@AIVoltShorts	UC7hToAQr1v2u-Y2tVikBseQ	ok		AIVolt
@AIVoTriAnimation	UCXxQ8uYgHHQwBsXhGjud90g	ok		AI Vo Tri Animation
@AiVoxFlow	UCa5jGOxodGMEzd2YfOCT9Fg	ok		AiVoxFlow
@aivoxy	UC4VpM2gtTxbXSiyL1ODl9uQ	ok		Aivoxy
@AIVU_tv	UCPiYgdd5nvxwKNZwpP9iQ0g	ok		AI Visuals Universe
@aiwala8.0	UCfPzwCZlh5vvDsFmXOzve6w	ok		AI WALA 8.0
@aiwalalaugher	UCudu31RPrxBgRX7yL-x22wg	ok		Ai Wala Laugher
@aiwalksthroughtime	UCIpehMKlfBJ6x75nONI2r2Q	ok		Ai Walks Through Time
@Aiwander-7	UClwbQ79oXoWNIUS62sMLycg	ok		AiWander
@AIWatch0211	UCJJNgRQ_pnVFqW5jlUq3brA	ok		AI WATCH
@aiwavers	UCNwsr9LlpdIa55ulNPMpPRQ	ok		AIWavers
@aiweaver	UCW07WujOjLk7T1INidROE1Q	ok		AI Weaver
@AIWildTales-u8b	UCoax54ah5Yx8hdpmyK-hdIQ	ok		AI Wild Tales
@aiwillsend	UC22RjUsUcnscTHXSl_DXpyQ	ok		ai story shorts
@AIWisdoMind	UChCoC9I7yGyi_J5ilQpcKhA	ok		AI WisdoMind
@aiwith_aakash	UCsk4TQWNbVndJdZWm0JasMQ	ok		AIWith_Aakash
@aiwithanimals-e1d	UCHlDLV5DOTn_l9Jkr7ebGRA	ok		AI with ANIMALS
@AIwithFries	UCmVbaGw1l6urDR0q4zFsQgg	ok		A.I. with Fries
@AIWITHFUMZY	UCOdHYnyGKcG7uP7IeUCisWQ	ok		AI WITH FUMZY
@aiwithgurung	UC_W3C-YD01VJ9rHRMFu8DlQ	ok		AIwithgurung
@aiwithilyas7622	UC4PnsUS-xpmnvTuevGeLEAQ	ok		AI WITH ILYAS
@aiwithjelly	UC3ExcffGrqA2maOCWWeR7LQ	ok		Jelly AI
@Aiwithmeer26	UCknOrdZH77Dsyai0dbnTvPw	ok		Ai with Meer
@AIWithNihar	UCF47ygKDJQIKQxF8nXRkPKw	ok		AI with Nihar
@aiwithoutsupervision	UCKkr2RmS8E6GFBF8ye-uA-g	ok		AI Without Supervision
@AIWithSora-y2u	UC92kPAMGk2VYE-3_abf6VNA	ok		AI With Sora
@AIWithTechZnap	UCNFrPN8weVeh4vUM3vCuS5Q	ok		AI With TechZnap
@aiwithurooj-e8p	UCtpWHNzhaIn_vxfzGynwUtw	ok		Ai with urooj
@AiwithVishall	UC9Xeoh0mfch3Gy2raWNp82g	ok		Ai with Vishal
@aiwithyuna	UCneejnMQsu-KPazUNQCR_3w	ok		Yuna AI
@aiwolf2k29	UCfn9FXLT-feiKKloUKIMn0Q	ok		ai wolf
@AiWonderLab_eu	UCP4ci30XD-IC8evxTzw847A	ok		AiWonderLab
@AiWonderStudio-o7i	UC4hqJf6dVFoeAcBPQPte1vg	ok		Ai Wonder Studio
@AIWonderTales-zm	UCfev0DGHn2C8RJtr-RcOD7A	ok		AIWonderTales
@AIWonderWorld-h9k	UCQGrO_ZzxsHC83Xh7nLXgUQ	ok		AI Wonder World
@AIWORLD-32-j1k	UC8emdeY_p3BiiZLTKM6sWLQ	ok		AI WORLD
@AIWorld-g8b	UCj4RqffKqHTnA1bPBMllCaw	ok		AI World
@AIWORLD-j7x-c5j	UClpOZ4aTJQSauXoNTH9Z9jQ	ok		AI HEAVEN
@AIWorld-omg	UC2_Dy7HQCzA6egCzi5QwxFg	ok		AI World
@AiWorld-z1i	UC3pQkrHpS0INqzyYIcEQkVw	ok		Ai World
@Aiworld053	UC8bqrpi1Fyv1WV8l08yAYIA	ok		Ai world 053
@aiworld3.2	UCzwZYPFopxTPR409soC5Slw	ok		Ai World3.2
@aiworld6.7	UCRUtfbq6ZylgH7R4MZPWlBQ	ok		ai world
@aiworldazyno	UCV658qxU-NKgfSXbGa87Tng	ok		GOLD AI
@AiworldbyAnjali	UCKU6FFFzeyQiglG9mgBbWIw	ok		Anjali Ai world
@aiworldpodcast	UCii1gr-kb9G7eKl-6rdFg2Q	ok		AI World Podcast
@aiworlds-mht	UCc8FM8lxdcuVlDIuSqfcwSA	ok		AI Worlds
@AIWorldSudha	UC_zwTqhjK57xb6pQhS4FPXQ	ok		AI World Sudha
@AIWorldUnseen	UCCCsBpfWcpZBd_69vzt35OA	ok		AI World Unseen
@AIWorx99	UC5zjiY_qAR1LcggVEZOYI3Q	ok		AI@Worx
@aixindong	UCpzk7_VCsOCpHyx6guE0z-g	ok		AI心動工坊
@aixjen	UC6dCgdZtapKUpARNFhLDyPg	ok		AiXjen
@AIXplore_N1	UC5FYhYYen-NRyLO5yXrVDpg	ok		AIXplore
@AiyanaLoveTales	UCu5adcTw6bjXhZIWF_avVlA	ok		Aiyana Love Tales
@AiymOtepova	UCUilUnPFRj8Jfndq8PLG4hw	ok		English Podcast
@aiyourshorts	UC-SrsrY9WEXedWwlG-ltYuA	ok		Ai your Shorts
@AIYTPoops	UCHvnUO-xX2gnm21SJEqSsTQ	ok		AI YTPoops
@AIYums	UCJ0hBXIgxfKIwktAI8748sQ	ok		AIYums
@AiyunMusic	UCENgm_VduV3UxaSfSEGtGgQ	ok		Aiyun
@AiZeesh	UC9xLiV4aRc2pwtbLmKVvRKg	ok		Ai Zeesh
@Aizen9236		missing		
@AIZenLoops	UC4vsBYWjyHTx8R8nDeQy44Q	ok		AI Zen Loops
@AIZenStudios	UCMCSp47uYfVTa0ayBqEbpJw	ok		AI ZenStudios
@aizero8787	UCdp0Vj5JRNfA0YSQUzheJDQ	ok		ai marvel
@AIZHUIGUANG	UCoKb_3ceiATK6aNZUrv77RQ	ok		AI追光
@aizizuu	UCCBYIOSJw-qkBaeopgfhI0g	ok		ZIZU AI
@aizone-03f	UC8YNniW43XDQfBqw9r_PG1Q	ok		Ai_Zone_Yt
@aizone2222	UCdO5ldpPtX6HqOu2wgJVo-A	ok		Aizone
@AIZXWN	UCkOzQkMwY6MyYuZR32LT9xA	ok		AI ZXWN
@AiZyko	UCovbajkSMbOal7dfwwQL8Tw	ok		Zyko Ai
@AIちゅーん	UCOkeVPCTe6WCy1rn4YLAE8g	ok		ネオ艶歌NEON
@AIアメリア	UCZy7LUFZ1OoCb6C9YEDdOxQ	ok		アメリアと奏とルナ
@AIソング製作所	UCg-7DxbeJWab-eVbG7tDBmg	ok		AIソング製作所
@AI动漫频道	UCGxvRi8Z9CYYQi-XDWw_iDA	ok		AI动漫频道
@AI戏精剧场	UCHxMlovV6qsMHI-BZje1paA	ok		AI戏精剧场
@AI漫剧WongXin	UC0Mn7N3sXOCf5mI0eni3gjQ	ok		AI漫剧WongXin
@ai煥樂	UCZt-FsIYxBfV5IEwY3oLNsg	ok		AI煥樂 [AI Wun Music]
@AI爽劇場	UCEJJS_oCA3Yg8l-KDwarZbA	ok		AI爽劇場
@AI荒诞小剧场	UC12ebma3s-ReMbdwRBJa32g	ok		AI荒诞小剧场
@AI音楽-c1b	UCE137PgNBrDTV-vj6hAAYZw	ok		AI音楽
@ajairaai_2.0	UC-tiNsbfzQa8Za_gNTnP71Q	ok		Ajaira AI 2.0
@ajambelestories	UCBEQhE47MPqlsZ3ax1UNB4A	ok		Ajambele
@Ajanimalking	UCbhR8ODK4ZIJWaF3Rb7fZPg	ok		AJanimalking
@AjayFamilyVlogsy	UCmH4FnC4ebuu6cc9rgsF0Gg	ok		Ajay vlogs
@ajayFTA	UCpH1FvDuX9QLrGSNpsFP4TA	ok		Future Tech AI
@ajayroster-78	UCPRBz4NrCJb1MzUDdn436kg	ok		garo-hut87
@ajenetvofficial	UChrLV6-cEAUOIcbeIn5htOA	ok		Ajene Tv
@AJFactoryFlow	UCXgGze7JwYMuaFt8fJb6K9Q	ok		AJFactoryFlow • 131k views • 1 day ago
@ajibolammt	UCKVDzBpA0bzT71ryKJUQBiA	ok		Ajibola & Co. mmt
@AjiphaMusic	UCAu42JjW_0Bp5Y-Bdwt55pA	ok		Ajipha Music
@ajiska-funs	UCfS5ZDRs0g57SEp_lQgxamw	ok		AJISKA
@ajmeeromari-n9n	UCukyIhpcG7MQqLPNrcgTswQ	ok		AI Legends Podcast
@ajmoneysimplified	UCiQX23zOFTYG5Iw1Ij7Uq4A	ok		Money Simplified
@Ajntales	UCnFaTXPCrI9Lsm6tEWI_KDg	ok		AJN TALES
@AJourneyIntoHistory	UCWZ3RIZfkFWUatnW0Ru5puA	ok		Journey into History
@Ajpodcasts88	UCEizMuWtFVT_uGMDtj4eBVw	ok		Aj Podcast
@AJShorts-x8m	UCFUfC0fiJSJUjMJbXRk825Q	ok		Freefire Wallah
@AK___AI___Song-a	UC1X_vXNfz1YElQqq5B7HmcA	ok		AK_AI_Song..
@Ak_stories-51	UCJRmLj5GuKkSQbujM498F5g	ok		AK STORIES
@akanaportal	UCORlzVBihrqqVtL3VQfa-OQ	ok		AkanaPortal
@akariochannel	UCnv0bGyWExw7fcOIe341wEQ	ok		AKARIO
@akashkumarissimpleboy125	UCRqOCTLYn1mhFpgA7WB9f2g	ok		orc tribe story
@AkatsukiAoi_virtualsinger	UCg-c4O0Yisgq8w_zYXamqsg	ok		暁月 蒼依
@AKAUTOUSA-l7k	UCUQZSZc4ZYgflHKyA1DEGRw	ok		AK AUTO USA
@akbarshaikh98760	UC_eRKjwAh8gretY5_8dThCQ	ok		Marvel Toons Universe Ai
@Akbhai-zx	UCkuNqlTmuVcGQ40LmRHiBGA	ok		A K bhai
@AKDesperterInterior	UCWmFIwrBSE0Pj1d0M4prt9g	ok		AK Desperter Interior
@akfictionhouse	UCKrntLXf-JXzsZH40cb2R0Q	ok		AK Fiction House
@AkhazeAI		pending		
@akilkhan-o1t	UC4b55qlDwcfgyap2y_XTjAQ	ok		cartoonai25
@akiyama-design	UCF5RGS0Nk1iS3d5epKDagig	ok		KATSU-DON MUSIC
@Akka-Asmr	UCYgVWQDyx9l2qGcOjA1VT1Q	ok		akka ASMR 1.5M
@akkadashur	UC784k2svaW2XZeoOlDEkoww	ok		Akkad Ashur
@akov.official	UCg-tvsP0m0mGVaO1MLbCEIw	ok		AKOV
@Aksjomat-pol	UCjdwEAHRZs6Umv24dm0pFUg	ok		Aksjomat
@AksStories-r7s	UCNBKyr7Ro6we6-FQABOcTJA	ok		Aks Stories
@AKSStudios.A	UCR45g-fMyNz_NjbRrXIfz8g	ok		AKS.Studios
@aktanarodow	UCSFYg9-pfwVEdglGtZP-MeQ	ok		Akta Narodów
@AktaNarodów	UCSFYg9-pfwVEdglGtZP-MeQ	ok		Akta Narodów
@AktuelleBerichte-u5b	UCe0X7G4GSYtkSgsweFx-WTg	ok		Aktuelle Berichte
@Al.Marvel.Legends	UCo3o1YLphlVHkpvMOar_kJQ	ok		AI Marvel Legends
@AlaamAlnoblaa	UCX9DJ_UBZDvDmUejpoDICww	ok		اعلام النبلاء-Alaam Al Nobalaa
@AlakaztraWorld	UCVToQN30-Nmyt0qa9Soo0ow	ok		Alakaztra Fairy Folktales
@Alan-pp5jo	UCBDSzINbQ4gAc0nQ3KQD5Cg	ok		MARVEL AI
@alanimals05	UCg7J8hZSjoebEN6G6Nu9zmQ	ok		AI Animals
@Alanmellow-e2q	UCtrNMLNkhqWuR3VaOSxUrUw	ok		Alan Melloz
@alanthewag-songwriter	UCnmaeJs5-v0CYGHRi5yWhHQ	ok		Alan Wagstaff-songwriter
@alapatales1	UCMkvEZV18SD502wHMd58JPw	ok		Alapa Tales
@alapenguin	UCuCUpenRjEpSsVNBCp4lRaw	ok		alapenguin
@alasanderscelticsongs	UC5Mx03BKot_ugRaTntRcUqA	ok		Alasander's Celtic Lore & Lament Songs
@alashhistory	UC8Rha6uucCqHRvK5ynssHtw	ok		Alash History | Қазақ Тарихы
@Alayotech	UCd0KXBQv72cExL6b4v6_pzw	ok		Alayotech
@alba-romance-library	UCCrpq2zv-w5QBKVLuj8n_SQ	ok		Alba Romance Library
@AlbumMusicAI	UCVvarpGJgfG3FUVkMTMXezg	ok		Album Music AI
@alcats.1	UCSEu-5kyxpDlQRECwZGJ6Tw	ok		Al Cats
@AlchemicJoker	UC8Dxn5CX4jR6K0fiWRYV_ZA	ok		ALCHEMIC JOKER
@Alchemmmiy	UCv-3AubG6z1K8I3XgFppCWQ	ok		Alchemy-
@Alchemy-of-The-Mind	UChqi7z-4qD0rKzoLzqZpFrg	ok		Alchemy of The Mind
@AlchemySoundsvibe	UCEgP5tMjQ8i0KJmH-r5BhIg	ok		Alchemy Sounds
@Aleco_official	UCST5NVt_nqYcHF8Dsnes8Iw	ok		ALECO
@AlejandroBro4	UCc9QQTmap8HZvgrSU7M9Y0Q	ok		The best ailen
@AleksLied	UCGFs2hmVyzmtwUJIEGuBmug	ok		Cyber Bard & Neuro Voice
@AlertPrivacy	UCgxZzy9sm1dv_aTyMaOT5bQ	ok		Privacyalert
@AlessiaFontana-info	UCphKV4Cglnae60i971qhcaA	ok		Alessia Fontana
@Alex-nex-tech	UC1OKZiz-RgfvcFYTU475KgA	ok		Alex Nex
@Alex.MDMoney_Deadline	UC4_G27ErltFJ3YBtAnlHXbw	ok		Alex.MD0
@Alex.Petkov	UCMOpBEMPXBv3VOF9RAt2Xhg	ok		Alexander Petkov
@alex_lastclimb	UCEOWFVbnM2lSwOtTm3o_JYA	ok		The Last Climb
@alex_nex_tech	UC1OKZiz-RgfvcFYTU475KgA	ok		Alex Nex
@AlexaBlissAICreatorCoach	UCiTmKyqvGFO9n19dRh2w6aA	ok		Alexa Bliss
@alexander-hitt	UCKhKnxp8JhHu1FsbyZYxqwg	ok		Alex Hitt
@AlexanderOvdiy	UCgVorAvAiSiySRv2v9AoPaQ	ok		Alexander Ovdiy
@AlexandriaMusik	UCZDHmT0sz7ktpYuytdPO2XQ	ok		Alexandria Musik
@AlexAutoRevews	UCHVcjxrS-nDyKhMuDO05JhA	ok		Alex Auto Revews
@AlexBej-vk3ss	UCfeMhcQP30sDtQ1cZt6Dzaw	ok		Wild Promise
@AlexBestDigital	UC2wUTmjFacOeGWxM6ijR0LA	ok		Alex Best Digital
@alexeditz-e8j	UCFKrvFeZSq0rR4L4Lb2GRoA	ok		Alex Editz
@AlexeyNordWeb3	UCmPLbNbpnnf_tYBRlkPz4nw	ok		Alex Nord Ai
@Alexfinance99	UCqBiaKRno1kc_sBRs-GWPLQ	ok		Alex talks about finance
@AlexGrantPodcast	UCCi7LtFCYjlGqSqD0uoHVgw	ok		Alex Grant Podcast
@AlexHeartfeltStories	UCPY9pmuywxYPcKzyz_N5bRA	ok		Alex Heartfelt Stories
@alexiaadana	UCVbSrkSJ1Lsh2tkvD-_Z38g	ok		Alexia Adána
@ALEXIANIEVES-MTL		missing		
@Alexis_memesyt	UCBHUKDU9ToVDD61Po0x09jw	ok		Alexis Memes
@AlexJivotis	UCS6xqCAPJnysfNYgB6YGT0A	ok		Alex Jivotis
@AlexKrainerOfficial	UCuzE9KGUOAffrtuBDK4c6hA	ok		Alex Krainer Official
@AlexMagh10	UCfc1QIRVjS_yWmd315L4Ojg	ok		Alex Magh AniSong IA
@ALEXSOUND500	UC21to1ScN9_vZQsMyK7WKjg	ok		ALEXSOUND
@AlexsRevengeDramaine	UCAwpcNPEohgfcYi95qeL8Ww	ok		Alex's Revenge Dramaine
@AlexsRevengeDramainee	UCa-SmbR9YcjAFgUstUNucqQ	ok		Alex's Revenge Dramainee
@AlexsRevengeOffice	UCBK1K3irk3PLrsSfDXWptAw	ok		Alex's Revenge Office
@AlexStorieess	UCHrwlKiPge9cbNRRf4yovOA	ok		Alex Stories
@alextavy_ai	UCD_ih1_S3rY3GE_lCq7mX-A	ok		Alex Tavi
@AlexThroughTime-c8k	UC3H7vHwH2pNobPAghNH2dqw	ok		Alex Through Time
@alexutopia	UC-6NcD-qhi8hm-C5fFFXl8w	ok		Alex Utopia
@alexvdp01	UC3vqvTGdkT1WpDJKhXp-X4g	ok		TIME SCAR History PL
@AlexWhitner-d5h	UC0HX9OIZ4Bwx3HKFGt0qERQ	ok		Alex Whitner
@alexxelaa	UCIYltNwT2eOMKfTGWHKvGSw	ok		Alex
@ALF-n4x	UCL3xzUH1kC0LIwr1m_lKq4w	ok		AI Fruit World
@alffx123	UCr8g9KvTEldBBnxDq9swXBA	ok		ALFfx Visual DJ
@Alfred45-j6v	UCpMx7HSBd81fpA0n4-pLeKQ	ok		UrB Files
@alfredrentxz6589	UC8SxZNNFYzxTpx6UiRbzvpg	ok		HOA Storytime
@AlHumaira99	UCBbKMrxCAjJ4JiFDterBZkQ	ok		Al Humaira
@Ali82922	UCVyMamNMbZTxJrVcZ0OKblg	ok		Ali82922
@aliabdul5654	UCJMkPDoZIHN0Ar_0KuiG-7A	ok		ali abdul
@aliaboutine	UCzUd-QhIoYgrSjmq4yaHYeg	ok		Ali Aboutine
@AliAF-i1d	UCW9RzwKma3Gjn_LVz0wZalA	ok		HOA TALES HUB
@AliAkbar-u9l1u	UCa-t0w_vYbcAY-cn5x7IxsQ	ok		Ali Akbar
@AliAref	UCtEYYEkDN5cg_FqLDGA05gQ	ok		Ali Aref
@AliBabaAicreator	UCG5YvFpgWy47smJi6pum8AA	ok		Ali Baba Ai creator
@alibalouch-d1g	UCV3o4ueOyQEkyRmGph5IToQ	ok		ali balouch
@alibirraremix	UCWV-8oXczuiPNTocuwc0KvA	ok		Ali birra Remix
@AliCatAI1	UCKEUEkvUuCmHoiv_KC96ElQ	ok		AliCat AI
@Alice_and_AI	UCGoKXe-XzORFXvtpoXNRkAw	ok		Alice and AI
@AliceLoveStories	UC8AG8M1jHWjRQ0qRFhXnY9w	ok		Alice’s Love Stories
@AlicesTavern	UC95wQ1WCR4N6awbDmSl7UVQ	ok		Alice's Tavern
@AliciaInvestsUS	UCFPfloFwa6X2UddqRH83rAA	ok		Alicia Invests
@Alien4556-x1x	UCJgpIyVgxfVIdMrriGW-Oog	ok		The Aliens
@alienaioverlord	UCM1IlSSrDjgvw3yu24rX3DA	ok		Alien AI Overlord
@AlienFrontierStories	UC5UJlkIPS9Tu51MVJHrQ9pg	ok		Alien Frontier Stories
@AlienHumanChronicles	UCAtYsf6ZEcYsBphh2hHRQdw	ok		Alien & Human Chronicles
@ALIENMEGAFACTORY	UCevSlkBZmje9abZxfB2LsJg	ok		ALIEN MEGA FACTORY
@AlienNightStories	UC8mxBUQocBEUmpQlMLqA-XQ	ok		Alien Night Stories
@AlienTalesofHumanity	UC74Y9kNH4_q4jIOKBauVDSA	ok		Alien Tales of Humanity
@AlienZombieMovies	UCTrNmaQayjMZSeZZXCu0qiQ	ok		Alien Zombie Movies
@AlifaDjideal	UC63ugCf0Bt0CXvveho90qPg	ok		Ai storytelling
@ALifeBefore	UC4qdixld_unFfnCyUj2UmNw	ok		A Life Before
@AlinaCastevera	UCfNlpYFF4patSk3KnsEu6cA	ok		Alina Castevera
@AlinaRatho	UC36vnG0LOctrevG1BgIye3A	ok		Alina Ratho
@Aliraza_1150	UCsirYnyU_AQY8Ei0B4eVrcA	ok		AliRazaexplains
@AlisaASMRai	UCbDMJBK2w3wDyY2mTcLVyJw	ok		Alisa ASMR
@AliSabit-h5l	UChVAlz6A-nmB0edn2dXSYrw	ok		Ai video funny
@alisahasmr1274	UCA5Pda5WDHQCrIzuUMdKKiA	ok		ALISA.H ASMR
@AlissonReacts-v7i4v	UC_Pk6e5MCTG4T1cJeunXE5w	ok		Alisson Reacts
@ALittleMaybe335	UCCssYYE_EvpnKRMYB99aFkw	ok		A Little Maybe
@Alkitchenmagic	UCblp0k9xq7udkoZFaoMVm8w	ok		Al kitchen magic
@AlkrishnasTales	UCWu-kCr2GInL-4Nk42D4jXg	ok		Alkrishna's Tales
@All_Mighty_Rankingz	UCMeHJEXtw501lamT3Rf2r3w	ok		All Mighty Rankingz
@AllAbout_YourMoney		missing		
@allaboutbikes1	UCPLwywOli2hiPswK8qtTF0Q	ok		All About Bikes
@AllAIToolsTech	UCivuaL4kndgS5uIU2R5yELA	ok		AITechGuru
@AllanArizaMusic	UC9aY0LS2SI9E9q-dc_b7IfA	ok		Allan Ariza
@allcartalk	UCbUIlOI7Fhi4QMdtMEwAwhw	ok		All Car Talk
@AllenArtificial	UCiXFozWYaJ8shjtXJz47Yrw	ok		Allen Artificial
@AllenDobrovolsky	UCVuRG9VRWoodTFB1cF_efrQ	ok		Dr Allen Dobrovolsky
@AllenExplains-g8g	UCNkDuje8OQNuCrBt_3lytFw	ok		Allen Explains
@AllExplaineddaily	UCuV-hdfBFS3UjcORvorWyiA	ok		AllExplained
@AlleyCatsGroove	UCmFyeOi3cm2uNHPQdlxydXQ	ok		Alley Cats Groove
@alleywayaudioatelier	UCwFc3M4iY5l5PfkSHuQJJYA	ok		路地裏の音楽書庫
@AllFactoryItems	UCeYEfqUVD8bDF0m5kZx_QHA	ok		All Factory Items
@Allfootball156	UCj_9R3dJQ3wx4xzNkI6Mf7w	ok		ALL FOOTBALL
@allfunnyclips-g1g	UCiJhy7hoDJ-MJlM1p4v3kOw	ok		All Funny Clips
@allg-nd2	UCnUa7R5CYpVePW905VTVmpA	ok		All.G
@allgenfactory	UCex4VLs3oeOrE_zDZ7q9tEQ	ok		AllGen Factory
@alliedarsenal	UCHg_t8vELj4rICJjJo1X28A	ok		Allied Arsenal
@alliedhonor	UCiXp-XttINSyU7izemJXYmg	ok		Allied Honor
@Allilife2025	UCVy9VPjRbQpKpJaCE8OBGzw	ok		Ai life
@allinone_vibes	UC-3Z0tYBMs5112COsljOTYg	ok		Cat__worldd
@ALLINONEAI-p5d	UCj4txFFQghGJHdGrTInTamQ	ok		All In One Ai
@AllIsPosible2026	UCiK0eGJxNURIlPS8fZiAFYg	ok		AllIsPosible
@allneedknow	UC7a0UVRkUkD1ApOc3O0jyCA	ok		All you need to know about
@AllNewClassics	UC7AMsd2Rkspk9kbr83Z4cTw	ok		All New Classics
@Allright_DE	UCrtofDIsUskwqDUfJqn7v-Q	ok		Allright
@allstarsportsx	UCuXgEtDOK20Ec1lYlXzoPOw	ok		AllStar Sports X
@allstoryhub-01	UC6XM-lWLqFsu0I1nqmIATzA	ok		All story Hub
@AllThingsFlow2	UCqeFGrWHD3Ed9HAXmKx0Ohw	ok		AllThingsFlow
@AllThingsFromBlurrytoBaptist	UClIg4O4JK1-3KJmMvMOPcvA	ok		All Things From Blurry to Baptist
@Alluring_T4les	UCin3I2u8ab1QGU6Yv6p0RIQ	ok		Alluring_T4les
@AllVisionsMedia	UCoMj4ulJi618ga1ACu-b5-g	ok		All Visions Media
@AllZayTV		missing		
@AlmaErrante-c7z	UClEDyXkhibZOJF7hS5CkK0w	ok		Alma Errante
@AlmaFemenina-h7g	UCD5dRjwVHwtDd5LOWAOM2FQ	ok		Alma Femenina
@AlmaFlamencoVibes	UCNv7A6KUIMT8qKQbklr6yog	ok		Alma Flamenco Vibes
@AlmaMexicanaYT	UCEZDwHS6nIufLXeGLClS7tQ	ok		Alma Mexicana
@AlmaSerena-p3k	UCelucUyEkLtVdry9pIivQ-g	ok		Alma Serena
@AlMETALFORGE	UCFzFoHmq8lxgYogZfodW7ew	ok		AI METAL FORGE
@almost1950s	UCPWT20ah9XWDKv1-ZNXQJNw	ok		almost 1950s
@AlmostGonzoYT	UCEEHw9AAhZmv4VYVZFaqO2w	ok		Almost Gonzo
@Almostkiwi	UCrN4kdp84iToobtGcXmvFLg	ok		Almostkiwi
@almostmetal	UCBryXKiFfCxXdweTqdE59lQ	ok		Almost Metal
@AlmostReal27	UCON4XzxJnXizZyx0atYYbZQ	ok		Almost Real
@ALMOVIETRAILERS	UCzt5noL77lxVBz9fRxbOypA	ok		Al Movie Trailers
@AlmusiXx	UCfnqkmxg9S1NdkXEHRd9RQQ	ok		AlmusiXx
@AloGobiAIToons	UCEhVnv3d59US43VoWikDhYA	ok		Allu Gobi AI Toons
@AlohaVibes-888	UCvQq3MfB38cSh2YXX850P4A	ok		Aloha Vibes
@alok_mp40	UCFJ2w8qB2o9E7EJqSGuDeqA	ok		storys__443
@Alone-movie-d8x	UClX4on9Trs_gM0_IQkyyWyA	ok		AloneMovies
@aloneboytinku78	UCt4D6w2DzTUivk17y0TXrxA	ok		Aʟᴏɴᴇ Bᴏʏ Tɪɴᴋᴜ 💔🔥
@aloocartoonworldofficial34	UCBom6KKvvEYkVcR7cNQEy9A	ok		Aloo Cartoon World 🌎
@AloraSaraii	UC5_B1LfxTRF2mKL2ETKzolw	ok		Alora Saraii
@aloshiaෆ	UCe9avfFKW-ZxVip0NxpnSiw	ok		Zarah-lee ♡🧋
@AlosTales	UCWlBK7GGz6Q7aItJgc3Oyjw	ok		Alo's Tales
@ALOtone25	UCQfahuxUQtFv4HHrgMRqlLw	ok		ALOtone
@Alpacinostories	UCpBmifuZCuU8o8bwi1zxUZg	ok		Al pacino stories
@alpha.bionics	UCZFfRG2uGxbcOhNWqunrJng	ok		alpha bionics
@alpha_kidsai	UCXG_zkhWMygJRDqUVqdr3DQ	ok		Alpha Kids AI
@Alpha_Sisters	UCL7BluAyLDscPLKbbMURPfg	ok		Alpha Sisters
@ALPHAALGOFINANCE		missing		
@AlphaDestinyStories	UCXE9tdIvbc1BYSB43rkGfMg	ok		Alpha Destiny Stories
@alphadramavideos	UChHjjSVC5Gqb8BAzZU2bEiQ	ok		alpha drama videos
@ALPHAESTATE-x7z	UC-Irkqq4ReEv-jCfgqIQBOA	ok		ALPHA ESTATE
@AlphaFateStories	UCybCJllZVdThFkUbxkyHnHg	ok		Alpha Fate Stories
@AlphaGunReview	UC04ujvSfNNm20B3lpt4eycw	ok		Alpha GunReview
@AlphaKingChronicles-e6v	UCeOSpgGjsSlyAtelEwdJXwA	ok		Alpha King Chronicles
@AlphaKingdomStories-r7u	UCwUrUY6z8JLmHuW1qOBRNBA	ok		Alpha Kingdom Stories
@alphakingstorytelling	UCzuaCjBLdA1lCIBpwYqJxDA	ok		AlphaKing Storytelling
@AlphaLayerTV	UC_7lrqxT0FAp7w74oeM3x7g	ok		Alpha Layer
@AlphaLoveTales	UCQXPV1JVxVWIjPIdbvc0sWg	ok		Alpha Love Tales
@AlphaLuna-x8m	UCMxZxxKxUz8SdYRl3jRDAaQ	ok		Alpha Luna
@AlphaMaxDrama	UCyDAzQB5XKDZ9buf4s5ol0Q	ok		AlphaMax Drama
@AlphaMindFinance-1	UCzzV1WNrSWuM8_3SeOnhoMA	ok		Alpha Mind Finance
@AlphaMoonStories-US	UCFyxdy8a7DaBhXjnuuxouJA	ok		Alpha Moon Stories
@AlphaObsession1	UC_BTUZCSx9TF97By0v9MilQ	ok		Alpha Obsession 18
@ALPHAOMEGA-US	UCO9crvf16Z0XFJfhClqZxUw	ok		ALPHA LESS
@AlphaOmegaGeotech	UCAad5EPlB7ETDhSdoJ0rNAA	ok		Alpha-Omega Geotech
@AlphaOmegaTales26	UCkNr1vPzbEMNbhc8p-cwNnA	ok		Alpha Omega Tales
@alphaONEcars	UCLf0lb0PFj1ci-Stb5mveZA	ok		AlphaONEcars
@AlphaPathX	UCkuC0GtLw8OTmzN2loC-Htg	ok		Alpha Path X ai
@AlphaPulseAI-j4o	UC55kFJbMIKMCO4non9DsWjw	ok		Alpha Pulse AI
@alpharise0305	UCHuISO4CufNGVNFvv4PzCWQ	ok		ALPHA RISE
@AlphaRomanceStudio	UCfw2qpySam-DB1Oh9qFNIjw	ok		Alpha Romance Studio
@AlphaSurvivalProtocol	UCFf6agDJMSReMhhnIgOqh7w	ok		Alpha Survival Protocol
@alphatales-aistories	UCweesvIntHtBsOXncVM7x1g	ok		🐺 Alpha Tales-AI Stories
@alphatester-ai-slop	UCNNk1DBvcBTwqIk2OBWC0yw	ok		YOUR DAILY AI SLOP
@alphawave-j2z	UCB26MbjwjdND3RrvrB9WoeQ	ok		AlphaWave
@AlphaWealthSociety	UCkMDJNeUT_Yzh0Nae2SrXww	ok		Alpha Wealth Society
@AlphaxEnigma	UCNLyWkStS_Dk_uatoahXNtg	ok		Alpha x Enigma (Dark BL Stories)
@AlpiFlix	UC8qZRYFreLHy2yOaEawq44Q	ok		AlpiFlix
@alpssstudio	UCN0zxdSxqsSHH13w4slegWg	ok		alpssstudio
@AlquimiaMental3	UCtDxXciDNHndPhgViW5IU9g	ok		Alquimia Mental
@AlRashidAIMusic	UCQ9FM38-oy1p8oJPUW7CKwQ	ok		Al Rashid Music
@altafaiofficial	UC_6l92Va-sslF92h1OKcC-w	ok		ALTAF AI
@Altcoinsinsider	UCaas8hIH8XazZ9fhUrWnrGQ	ok		Altcoin Insider
@alter.anime7	UCjeNh2S8cG9tHjBpBKN5Z_w	ok		alter.anime7
@alternateara	UCFKf00YYVmY_Bat44nH3Ibg	ok		Alternate Era
@AlternateCinema-b6j	UC1GqgvmZjzh4BY_LcvmC7BQ	ok		Alternate Cinema
@Alternatejournals	UCQKbVee4r215SpAG8NLp-gQ	ok		Alternate Journals
@Alternatepop	UCFHeBoVIEZCNkmyndLWkVkQ	ok		Alternate Pop
@AlternateUniverseAU	UC0suW2QIT78k_kTXKQl9_bw	ok		Alternate Universe
@AlternativeAIPodcast	UCwb56LJApRBq1UFbLZRnAgw	ok		The Alternative AI Podcast
@AlternativeRealityWorld	UCDX21jbhB58nrzrwaeDckrw	ok		Alternative Reality
@altosrox	UCm0Z7PPc7NUngQOvjwLfwlg	ok		AltosRox
@AlTricksYT	UCtVVU5bUojsOubXl-lG8NMg	ok		AlTricksYT
@ALTVStudio	UCOGmU3dr3Usy1LC5v3SNasQ	ok		ALTV Studio
@Alvaro_1912	UC_aZUHYFDvlmumBt-zOBBZg	ok		Myths of the Galaxy
@AlviCrushFauna	UCPpvuP35yHPpUo7pXfH7KAg	ok		Alvi Fairy tales
@AlwaysKind71	UCIt568xJG0us_1KpOrEdcpQ	ok		Always Kind
@AM_AI_Multiverse	UC1AfnTJRQiwgg8UMGFX3BHg	ok		A.M. AI Multiverse | Ruined by AI
@AM_Digital_AI	UCHrjZQr6Z5c2anPYTj6SkLg	ok		Synapse Stories Lab AI
@amahsbags	UCsfm5PzBb3WnrCsh22I0ziw	ok		Amah's channel
@amahschannel	UCsfm5PzBb3WnrCsh22I0ziw	ok		Amah's channel
@Amaia02-w2g	UCnbT9RyH5LyKH_3oRpF2hlw	ok		AI Dream Theater
@AmakasFolktales_stories	UC4OTROb5PZR_A2dCtzOMfOw	ok		Amaka's Folktales
@AMALA_Afro-Soul	UCsSA0Dq9xQgM3lelLWVhFDw	ok		AMALA Roho
@AmalfiRetroSongs	UCHfaBElR4EiJwtkhTy32JdA	ok		Amalfi Retro Songs
@amanda_ai_life	UCum4hWU8YqE2KkNFP9yOxgQ	ok		あまんだ AIチート生活
@amandarasulova	UCMLKR9qyYMO60G-xP6FfIQg	ok		Amanda Rasulova
@AmanSharma-gx1zm	UCkefEBKFHHhN9aaqlveqdQw	ok		Aman Sharma
@amapianogospelmix	UCG33LhXWQXQP4kKBZJvRe7w	ok		Amapiano Gospel Mix
@AmaraPictures	UCM_ykqLrtM_EUB5AN135e_w	ok		Amara Pictures
@amargvibes	UCVapu0rOWryJTxef3vtCtcw	ok		Amarg Vibes
@amarlunkar	UCsyf7jqsoSY-K0HcxwRE80A	ok		Amar Lunkar
@amaze_gen_ai	UCA3qA8K9aITDJdjrwAoPrVA	ok		Amaze Gen Ai
@amazedwitme	UCpVGlkfuHriE9q30cZd8_iA	ok		Amazed with me
@amazing-7077	UCJIwMG6-uWWQtUE0tr8EG-Q	ok		AMAZING YOUTUBER
@amazing5951	UCJeNfdYxGxLvbudZsGPm3Yw	ok		فِكرة كده - Fikrah Keda
@amazingcatkitten	UCtD0Eggbrj94NHk1FhhmVyg	ok		Amazing Cat Kitten
@amazingdiscoveriesus	UCFusdkRdGWlYMjSfH2DHxWA	ok		Amazing Discoveries US
@Amazingfacts24560	UCpR4MTRXO2650L1YBmxbJaw	ok		AMAZING FACTS 24
@AMAZINGFULLDrama	UC1_jIoa5tfZFZ7t-9UkbjFA	ok		Amazing Short Films 🐼 Drama 🌸
@amazingfunnycatdance	UC4G0nywUbVzxtei1Ku1UvMQ	ok		Amazing funny cat dance
@amazinggoldenhistory	UCOaYd_oH2JSabEtY6PpsMXA	ok		Market Wise
@AmazingHistory1_en	UCXlEeCjmEiObqpNhwWtAwFQ	ok		Amazing History in English
@AmazingMoralStoriesUrdu	UCs1cXAW9720ZdwtlU6Bh9Yg	ok		Amazing Moral Stories Urdu
@AmazingOurEarth	UCSt_gMX5PjbLNrRAvqpuUDA	ok		Amazing Earth
@AmazingStoriesJustForYou	UCQ-kHhmVE9Sb2SMNggYPJQQ	ok		ASJFU
@amazingtruth6	UCEMYCZc7ZvySV_QSos5VtBQ	ok		Amazing Truth
@AMAZINGWORLD9T9	UCa_y-gCGDWR3wZzv7-uHM9A	ok		AMAZING WORLD 9T9
@Amber_Halo	UCpNS-jhohAizAOFFWr5c9qw	ok		Amber Halo
@amberandoakmusic	UC8Js90sG9yhALQm7feHit6g	ok		AMBER&OAK
@AmberChords-p6c	UC-S6YPfF3ii4aqrEMWQ6m5g	ok		Amber Chords
@AmberCoastLounge	UCY5zIusEI5tk8tauryQicyQ	ok		Amber Coast Lounge
@AmberLoungeBGM	UCUFH1-EUb-O5MUgmz8OpwvQ	ok		Amber Lounge
@Ambertonee	UCeIigin3OVSAfcqgjLYSXcg	ok		Ambertone
@AmberVinyl-b3h	UCCDLzGoQkWGnCil_iV-cdzA	ok		Amber Vinyl
@ambiancast	UCmjUUjNR8Yn_yvkRLRVSz9A	ok		Ambian
@AmbienceDreamscape	UCFkeHRTUFvvIZZV7MnlUhow	ok		Ambience Dreamscape
@AmbientalPlanet	UCBeKy0q4NVRKT41zP7kstcg	ok		Ambiental Planet
@AmbientDub	UCmmIl53VBev7fLr1IGoA05w	ok		Ambient Dub
@AmbientGrimoire	UCmArnAa7GR79XOLHQVD5PMg	ok		Ambient Grimoire
@ambienthut	UCC9il2VwOU1-VZoVlElFAwQ	ok		Ambient Hut
@AmbientNightscapes	UCcKeTbUZa34td1DfziJid8g	ok		Ambient Nightscapes
@AmbientNites	UCpvUuF05jelfcE5qNKxF5ow	ok		Ambient Nites
@AmbientPuls	UCTYsTendvjRZLv4ib9OV7QA	ok		Ambient Pulse
@ambientstudio9867	UCTATkMXIJ9oRhZMEVw4ywVw	ok		Ambient Studio
@ambienttechnomixes	UC_NxR8MSiTPgZmnEOMZsyxw	ok		ambient techno mixes
@AmbientWorldRadio	UCbG3LSHghtL2pEsoNbdsroQ	ok		Ambient World Radio
@AmbroseWild	UC4SXZZiDbu91CYa76GHMYyw	ok		Ambrose Wild
@Amelia.Revenge.Stories	UChPjVSuTHiCpSdCSs3D17TA	ok		Amelia Revenge Stories
@AmeliaDoesAI	UC0uFm5zAZAEgbDjZwG1q1Nw	ok		Amelia Does AI Video Portfolio
@AmeliaPathway	UCpiuZXH1owPBLSj2ZAipUpg	ok		Amelia Pathway
@AmenJesusChrist-j8z	UCzgIN_dEyXpFGI6vOtQpZWQ	ok		Amen Jesus Christ🙏
@AmeRecap	UCnnyJrHMQ_Nh278i0yLwYuw	ok		Ame Recap
@AmericaAfterHoursChannel		missing		
@AmericaBehindtheCurtain86	UCKTw88X5Y_9_Cxl1N78swcQ	ok		America Behind the Curtain
@AmericaFacticity	UCKyLXkGPVi_WFpf4tPaWOZg	ok		America Facticity
@americagrows	UCN9yVT-obazXRK19-AusONw	ok		America Grows
@American_Shield	UCxxSSgDDho3N-dLd72G5Uyw	ok		American Shield
@americanafterimage	UCINIK8ixul-otZPR36ud80w	ok		American Afterimage
@AmericanBloodlines	UCmDGDxymffcDdv_u06Ada2w	ok		American Bloodlines
@americancarexcellence	UCAkagEKJeCgbk5r_JfR2hzg	ok		American Car Excellence
@AmericanCrimeLedger-v3f	UCdbwmfixYrFA8vqF3KLwU-w	ok		American Crime Ledger
@AmericanDarklands	UCsAoihfAPhvsbRhXfb-oYpA	ok		American Darklands
@americanduskstories	UCLyJkQkbXdc1njq2Z6kjdrQ	ok		American Dusk Stories
@americanewsdesk-d7y	UCtJYnOXaB8BaRR_AWcI_ZUQ	ok		America News Desk
@AmericanFallout	UCkVKeD0eFZiWBPi_ee3D9YQ	ok		American Fallout
@Americanfarmstories	UCPfhkvR6SW-fOwUtayb6I0g	ok		American Farm Stories
@americanfinanceliam	UC4DC_ZnnhmXTBFBMPmm_Q_A	ok		American Finance with Liam
@AmericanFoodHistory	UCyCSbQ8ycQFpptUz5k6nltw	ok		American Food History
@AmericanFrontierChannel	UCaYk-zR0NMxfWjv_qtQelxA	ok		American Frontier Channel
@AmericanHearth	UCOdI5Nx-QNNsDy590nBLnlg	ok		American Hearth
@AmericanHomeVoices	UCOJQOQS9Za01dwkHjBaTyZA	ok		American Home Voices
@AmericanIronTVS	UCnEUBNQnbHFPQ-u2N5kBVjw	ok		American Iron
@AmericanIronworks_1	UC4_71Fpwff5QjGP0LaX_04A	ok		American Ironworks
@AmericanLegacy-v4j	UC_dQ13suLGDlLxT22f_0HAw	ok		American Legacy
@AmericanLoveTales-h7n	UCZFqADQmOAxoGycJbtQoZOA	ok		American Love Tales
@AmericanMarketDesk	UCPCvXgrwydbut6ZRUsJ0hXA	ok		American Market Desk
@AmericanMuscleCar	UCxMVlllNbdMJRLiUjYkmrIA	ok		American Muscle
@AmericanMuscleCars1	UC_bb3Os9Q5hAjYck9OoLztw	ok		American Classics
@AmericanRetirementWithDiane	UCxjHUB6bD2ILHJuM_tsTwYA	ok		American Retirement With Diane
@AmericanRewindChannel	UC8mYpngIuqIVxJAtFdteQxw	ok		Vintage America Rewind
@americanstories111	UCIyrs11wZmHPU0N0ebo46FA	ok		American Stories
@AmericanStory2.0	UCh3j9bPGiqLwYLGx75CYIWQ	ok		American Story 2.0
@AmericanVerseHub98	UC6VCGKCjeNq_KU7trHk8W5w	ok		American Verse Hub
@AmericanWarFacts	UCCVEySoBANjfzZEvPH8uh8A	ok		American War Facts
@AmericaPawarshow	UC7dWRF5navgcSb5vqxwafPA	ok		US channel
@AmericaPending	UCBDZvbj_gz7K5RqJWzzjKXg	ok		America, Pending
@AmericasGlory1	UC3JSJKjorMj_nuUcgSzehlQ	ok		America’s Glory
@Americasportsfail	UCkH7wZlokQlcIJYx1ZIoWRA	ok		DOSE OF INTERNET
@americo9999	UCJURv0ghxlcPTglSQHxKwDA	ok		Americo D
@AmeriScope1921	UCYyA5lJ2_ohOIlq-Lq0sduA	ok		AmeriScope1
@Ametricism	UCIIGk9CzsCGchkv2HYcsYgg	ok		Ametric
@AmharaForumTimesአማራ	UCy4EGhOaWp5GnaBnfdFIWfQ	ok		Amhara Forum Times - አማራ ፎረም
@ami.explains	UCccudwYFW6rM3YRsiXXK2ow	ok		Ami
@amiai16	UCQoH1qv_zQzkFBsN8rYW9jA	ok		Am I AI?
@amigoshouse1026	UCwASLxqwqd6eGEbcQJ-JeTQ	ok		amigos house
@Aminaamish257	UC7WstD81Qv6Jxh49hZVBT-w	ok		Lumiere ai story
@aminascozykitchen	UCUcjf3lJhmf9whYo7PTr7lg	ok		Amina’s Cozy Kitchen 🏡
@aminuteterror	UCFZ6yVCrK7bEdbZuvCJ5FUg	ok		a minute of terror
@AmiraRomancelibrary	UCmEP-q10uGM4GNmDA16U8XA	ok		Amira Romance library
@amirrajput-t6z	UC76LRKp7CXHo8smGpCH7pIw	ok		Amir Choudhary
@AmishGardening	UCME26ZmnK1BT4QRGwDRuKsg	ok		Amish Gardening
@amishhomesecrets	UCT6rKSdoBLzaWUDu3Pyn-Uw	ok		Elias Yoder Garage
@AmishLivingDaily	UC7OvH0cjIQjanK-wOw6NGsA	ok		Amish Living Daily
@AmishPantry	UC_Me8QZcxT4uxn4uYY8J3sQ	ok		Amish Pantry
@amishtraditiontv	UC0EbAdznjR7y7SBEixK4q1w	ok		Amish Tradition
@AMISO-Official	UCp9cBVPOgjZzhJlLVS3chag	ok		AMISO
@amit_offical649	UCRpC1feEp6PJG_uD262heBA	ok		class:-10
@amithegenius	UCzqzYJLTLRWzNZRmBsBMK4A	ok		Am I the Genius?
@AmItheJerk	UCZKLuU6t7CaB_RD-bD4qdWw	ok		Am I the Jerk?
@amitraveli	UCfnNf9hicwwgo98TF-7Yf9g	ok		Amit Raveli E. Tamer
@amliyat-w5p	UCbrLQrv5qtfBgQ0iohbmoIA	ok		بابا عاشق سئیں بنگالی
@amluckiasfcommentary	UCgLqXNcwEt247-LRIVB1RXQ	ok		amunluckiasf
@Amomusicchannel	UCsgNj7jiuKulQJ9a9g87FQQ	ok		Amo Music
@AmorCallado999	UC2qYroVYEgyBWOO7Cv4OqBA	ok		Amor Callado
@AmoreBlu04	UCeNsT-Q323mEGovbubQx2wg	ok		Amore Blu
@AmoreLuce_yt	UCCkaI7BA3xYR0XNh0ZvgeoA	ok		Amore & Luce
@amorintegro	UCcakwOV6EbED8-YUTQ6Vggw	ok		Amor Íntegro
@amorpuro1	UCdhOETmxT5NymeExcgaVrFQ	ok		Amor Puro
@amorreal-f5o	UCbwUAwN1gF1os7rp56nus1Q	ok		Amor Real
@AmorVitalTV	UCnCkN63lzLyQ2O652k3dMsQ	ok		Amor Vital
@AmorÍntegro	UCcakwOV6EbED8-YUTQ6Vggw	ok		Amor Íntegro
@Amos2047	UCzj9uMRTEIxuoxja5iOE4Rg	ok		Mystic Scriptures
@AmouraMusic1	UCUndE4huTqZRMP4l4w6OKQA	ok		Amoura Music
@amplified.imaginations	UCeM1mZpePZGeOk53_iEXJxQ	ok		Amplified Imaginations
@AmplifiedAfterDark	UCz_vdDqdHazjXv_qlzDq1og	ok		Amplified After Dark
@AmplifocusLab	UCczxu3w-h4NqNAVspWZ_fpw	ok		Amplifocus
@AmplifyImagination	UC1hvd57dAmZeXShhJ-ngoFg	ok		Amplify Imagination
@AmpRiff	UC47arp231Bq19tFRiJuz0kQ	ok		AmpRiff
@amrarafa4352	UCJSBvz1ltwH3Dy9LSiygNBg	ok		aithefuture
@amricanarocknroll	UC8wJ55nk7kxQm4FbPob70pQ	ok		Americana Rock 'n Roll
@AmurDriveBeamNG	UC-mEpW-S23RWlmWILCFEHHg	ok		Amurka Drive Channel
@amydiaryaistories	UC6k7jnB6IAa-WYnoNNZEYFw	ok		Amy Diary
@amykitchen4	UCQKsa1nIRB7tPXiTaEg-T-g	ok		Amy's kitchen
@AmylisticSpace	UCU5mcVzG7v_3W5LJGawmz5w	ok		Amylistic Space
@Amytech-z3t	UCQKsa1nIRB7tPXiTaEg-T-g	ok		Amy's kitchen
@Amythecutestoryteller	UCSwFGtWovhBaJLCdSLxjPTA	ok		Amythecutestoryteller
@AmyyRoblox1	UCi6rh0ehJ1M7-SaGO-Y3stw	ok		AmyyRoblox
@AmzadAiResque	UCUMQw1uYpSGtzrIc-w783SA	ok		Amzad Ai Resque
@Anabiyapodcast	UCRXTDBEKYRW3hgg5sgxCL0w	ok		Anabiya podcast
@anacteix	UCkpXM2Al9ynPaHAUZc70Z_Q	ok		anacteix
@Anadolucovers	UCQ30NP5zPXxxAntsojT2F8g	ok		Anadolucovers
@anahira-8	UCzTbt4EXLEjWbDcWUJN6Nvw	ok		Anahíra
@Anahíra-8	UCzTbt4EXLEjWbDcWUJN6Nvw	ok		Anahíra
@analisisglobal77	UC0WygbtabQXpOzFZ4YUqSbg	ok		Análisis Global
@AnalogGuitarRoom	UC6yQI0zYq1I2NAfzFq75fRQ	ok		Analog Guitar Room
@AnalogSoulFM	UCIHIyPRuZ2E_IN5DlMP5c_Q	ok		Analog Soul FM
@Anamnexis	UC-5YTEB1zT3yncXC5CcMQ_A	ok		Anamnexis
@AnanasNewsTV	UCE1_8sGbFqfNgp0mFX1emYA	ok		Ananas News
@AnandaFrequencies	UCOqdvHYNMPoTnZqU4cUcFvg	ok		Ananda Frequencies
@anandaishortarts	UCOWiRHZBT-g22r1t0Selmaw	ok		Anand Ai Short Arts
@anandajazzserenity	UCL4ZVFx76Rsz6sXcUrwTfKQ	ok		Ananda Jazz Serenity
@AnandTuduAiMusicHub	UCVd_MAyGe9dcUcNhlZgO0xQ	ok		Anand Tudu Ai Music Hub
@ananimagic	UCUjUJpQVL8sKXWpO_UpOB4A	ok		Animagic
@AnanseFriendsOfficialTV	UCBsStQbhgGCSK95evK-Zjlw	ok		Ananse & Friends: Ghanaian Folktales
@AnanseWisdomTV	UCEYaH1VpJQepX0wYql7yYqw	ok		Ananse Wisdom TV
@Anasheking2020	UC8hXEMu7dqgoFbSMK1lTDaw	ok		Anasheking2020
@anaskhan-h6h5z	UC3qFkfkX3LNvOt-t_V-TMng	ok		pigeon animation
@Anastasiya-s3l	UCGnMtP6Ne7GjS1aV5cFndUA	ok		Nice Time
@Anastazia0_0	UCszhVGh8bIC9UKhPr_AidXQ	ok		༒ A.S༒
@AnatolianLab	UCRCIhtytR5ID-imwSIvHAOQ	ok		Anatolian Psych Rock Lab
@anatolianspacesociety	UCGgNiFs6DZ6ivDk4RxENDzQ	ok		The Anatolian Space Society
@AnatomyOfFaith	UCx1WXgoYHpuHzYjkd7_gHmg	ok		Anatomy Of Faith
@AnatomyOfHavoc	UCAP1suqaDindDsq9Y8Qmf2g	ok		Anatomy Of Havoc
@AncestorsCivilization	UCQmSfO8cYdSV2Mu3gW4bpAw	ok		Ancestors Civilization
@AncestralEchoes6688	UCz33pyzSJ7jA0mqSpfbTf5g	ok		Ancestral Echoes
@AncestralEchoes68	UCwqubUf6l2kP094Wo_jbCjw	ok		Ancestral Echoes
@AncestralFiresideTales	UCDdjN43n5ZinYsfKI76JmtQ	ok		Ancestral Fireside Tales
@ANCESTRALINTELLIGENCE-y7c	UCg3JHwRMYHIN2SsrVm1R_lQ	ok		ANCESTRAL INTELLIGENCE
@AncestralSocialCritique	UCwUUPcjBbELYyHV8vaAMwbA	ok		AncestralSocialCritique
@AncestralSurvival-b4s	UCNiOdnWcRDq0rHit2DhEwMQ	ok		Ancestral Survival
@ancestralwisdom-i4o	UC-cKpR8b_r58O1IFQ_D4Cfw	ok		Ancestral Wisdom
@AncestryDecoder	UC5gzbh_yOsjOIJk918jmg5A	ok		Ancestry Decoder
@ancient-girl00	UCkzJq-jIMXpWVZoqtwKhh7g	ok		Ancient Girl
@Ancient-TimeSurvival	UCPaUT2L2XrdW8XyeALvfVuQ	ok		Ancient-Time Survival
@ancient.storyhub	UCczcSYLvrhmf1zQ-uBM0nlA	ok		Ancient.storyhub
@Ancient_Signal000	UCYcU_QsRqR176jh7PsxBhFw	ok		Ancient Signal
@Ancient_tales_of_Africa	UCcwYUG9hQ8M2uWMXa7opl2w	ok		Africa Beyond the Headlines
@ancient_time_travles-m9f	UCuMe3XBkH_9yPbgeOwJFKxA	ok		Ancient Time Travels
@Ancient_Visions	UCKh-f43POg7puVcn0I8oUnw	ok		Ancient Visions
@AncientAfricanFolktales-l3y	UCZxRhWXR8T8uCuAAZ6EC6vQ	ok		Ancient African Folktales
@AncientAshlore	UCMKO3iPxtvIbINTZrF5zl9g	ok		Ancient Ashlore
@AncientBiblicalChants	UCMrR56VZEZGRj4CBHuTovUQ	ok		Ancient Biblical Chants
@AncientBloodline1	UCEaFfr7EmmFALok_GjDeErg	ok		Ancient Bloodline
@AncientChill	UCkNZ39rdPGnFOVPylrvB4tQ	ok		Ancient Chill
@AncientChinaAmbience	UCQed4jPHlcyZL4KKCCZVxVg	ok		Ancient China Ambience
@AncientChinaChronicles	UC0vHLWBEVNykzagCTYXjdiQ	ok		Ancient China Chronicles
@AncientChineseMusic68	UCpRKfF_M1lTzU1GrHKm4DJg	ok		中国乐器 Ancient Chinese Music
@AncientCityReconstruction	UC7ri1fY6DWhij2CsXjwhasg	ok		Ancient City Reconstruction
@AncientCraft-f6l	UCYJGDAjODbO1byH3j_FJhxw	ok		AncientCraft
@AncientDigitalAI	UCdAKjUv7mGJtXbs9j5OX8EA	ok		Ancient Digital AI
@ancientdnadecoded-z6p	UCdZylZcXEaUKqR1VLTZa_CQ	ok		Corporate Karma by Walter
@AncientDNAFilesTruth	UCqdj9QXaDtewMQfP_twD8ng	ok		Ancient DNA Files
@ancientearthrhythms	UC1I84TMY_r71V9BC5E1wUZg	ok		Ancient Earth Rhythms
@ancienteditions	UC6b4NXX4ppECUzdvTsX9Dtw	ok		ancient editions
@AncientEmpireChronicles	UCpI0dgj0kzGDiu2itXOtUXQ	ok		Ancient Empire Chronicles
@AncientEnigma-t1c	UC9vN17JvCyzxlCUaU7r2A0g	ok		Ancient Enigma
@AncientEvaluator	UCwkjJsNiLzGMBzIw4ezOGiw	ok		Ancient Evaluator
@AncientFarmersValley	UCQ9PUd74OuSKag22hRNaJew	ok		Ancient Farmers’ Valley
@AncientFolkMelodies	UC4xkncgiRBRw7vWyO2ihrrA	ok		Ancient Folk Melodies
@AncientForestMelodies	UC51AvVTGZbT9IkncF_iFr_w	ok		Ancient Forest Melodies
@ancientfrequency2026	UCCYio-CtJWPBhm3F2ff6blQ	ok		ANCIENT FREQUENCY
@ancientgeneticsarchive	UCq1TBatiNLVUlkOswVsVREA	ok		Ancient Genetics Archive
@Ancienthistorian78	UCIc-jaCZGp1mNFMnOk2T79g	ok		Ancient Historian
@Ancienthub-k7t	UC2UFV59hsNJcE-PWo3dFEGA	ok		Ancient Hub
@AncientHuman-7	UCD0I2v6q06pERyqjmatnEkA	ok		Ancient Human
@ancienthuman09	UCovPgNTSyiSKuvXRLp20SVA	ok		Ancient Human
@AncientHumanFiles-t5r	UCLPq1JQKQwCD8zBpo-qVdjA	ok		Ancient Human Files
@AncientIndiaLab	UCVgnCj9Gul4fsQubMlnV_xQ	ok		Ancient India Lab
@AncientIndy	UC-hrX73uHD1jdoZ7UEf9QxQ	ok		Ancient Indy
@ancientknowledgeAK	UCApug-0o-l9TtHe-hUtl3pA	ok		Ancient Knowledge
@AncientLoreLaboratory	UC5fEpIyLXGzqkBmQBxFFegQ	ok		Ancient Lore Laboratory
@AncientLoreLofi	UCxECLnE12ihZJ_Jk4GFC5Dw	ok		Ancient Lore Lofi
@anciently-b1v	UCyHawcHs3sTBFT9mJ7iQpzQ	ok		Elin’s History Club
@AncientMemoriaHistory	UC_sgMsNKU-u0m4hcr5bZuIQ	ok		Ancient Memoria
@AncientMind-f9w	UCezx5ka1AdfHewy92IeSGjQ	ok		Ancient Mind
@AncientMind-i3b	UCpzlRsC3WgR3haJHV3P7Z9w	ok		Ancient Mind
@AncientMinds-t9j	UCY7yu5h-X6WPJH5To9kG-3w	ok		Ancient Minds
@AncientMysteries_English	UCcRPUwvI3ojs5vDSX9t1zgA	ok		Ancient Mysteries
@AncientMythscapes	UCSM5HpiKbMiy47vzoQdaBiA	ok		Ancient Mythscapes
@AncientNoiseOfficial	UCxqFl6Bfj2VkCl-V6wEn9Xg	ok		Ancient Noise
@ancientoriginsexplained	UCvtgHLy1ZUEeptrQCIz5Mkg	ok		Ancient Origins
@Ancientorium	UC7fnbU4Nrv9Z3d_BuZ2KBag	ok		Ancientorium
@AncientPlanet-h8i	UC5bjeIaPZwI-uof6sNbfmpg	ok		Ancient Planet
@AncientPuzzles1	UCygFOY1DaMVAv_zKzZhgRJw	ok		Ancient Puzzles
@AncientRomanceDrama	UCTzFAz0GyNTe09MC0aPmS9g	ok		Ancient Romance Drama
@AncientSecretsAI-q9	UCIymVETxzNKTl5c1l5U1HCA	ok		Ancient Secrets AI
@AncientSinsUncovered	UCPyHHE1_um54kprdoVXq7Ug	ok		Ancient Sins Uncovered
@AncientStreets	UCJHiG7fRmk8Gdxy6numisMA	ok		Ancient Streets
@AncientSurvivalChronicles1	UCd9hbU2wmTzhk2hKiWsTVEA	ok		Ancient Survival Chronicles
@Ancienttales-h3n	UCP5kQ7faXXxax9-e_EU3OgQ	ok		Ancient Tales AI
@AncientUnsealed-l4v	UCkqPz0e9cv0bO_x71seDEKw	ok		Ancient Unsealed
@AncientWarfareHistory	UCykA58zeWQgTSG_G0_JGZ3g	ok		Ancient Warfare History
@AncientWhispersYT-p3s	UC-8iMOZcx08Aj3tPP4eEoSA	ok		Ancient Whispers
@ancientworkarounds	UCLQ39_zcC09ewKat--dq1eQ	ok		Ancient Workarounds
@AncientWorldSleepDocs	UCkCoUPdwxUKWnOI5UZqK6UQ	ok		Ancient World Sleep Docs
@AncientWorldUncovered1	UC8M2042mnxDerxayGEi61Zw	ok		Ancient World Uncovered
@ancientytshorts	UCMUqwczFmrmYRDGzX26chKg	ok		AI With Flow
@ancities	UCQHRpGCbP_2Z1_jvDUgYvmA	ok		ANI-CITY
@And05X	UCf85binLu3Be6uRX1GkIaDg	ok		And05
@ANDERSONINVESTS	UC9ZgnAmiX9sPZ69SNrYapFA	ok		ANDERSON INVESTS
@andizoelli	UCU9dbZqW96V7641SFSGuQPA	ok		AW ZO
@Andracira-e5x	UCGWoE6C-84KpLLgdQtyRFHQ	ok		Andracira
@AndraSoulAiMusic	UCFpMLml_3Q4KbZa8_a60kbA	ok		Andras Soul Ai Music Channel
@AndreasGus	UC8mHJtrB5wvHnDuewnKa76w	ok		AndreasGus
@AndreasKyros	UC_KPijKUnQDst0Q_HYimdYA	ok		Andreas Kyros
@andrewmorganAIband	UCo12WhnLtjzD1PxYxLL9qFQ	ok		Andrew Morgan AI Band
@andrewnet89	UCV8Tm2mT70oIiYY81ULkoPQ	ok		Baby Cats
@andreysidoroff1910	UCiBTmVrxGMrYPU_xKVE1p5g	ok		andrey sidoroff
@AndrioConfessionFeed	UCTTKuRPkSMaNdvWBwq4L-Qw	ok		Confession Feed
@andrzejoodkrywca	UCg2oXjx-brr_JJY5jQ42utA	ok		Andrzej, o Odkrywca
@anewday-d9w	UC5k-MbSngLpKpvAfEW9SgOA	ok		A New Day
@anfacraft6770	UCeH84hoqa-EcgzNqxe_VYMQ	ok		anFA craft
@Angel-Theater		missing		
@angel222g	UCmRRIeOiDIL_xQNbDvXoKBA	ok		angel222g
@AngelaCutASMR	UChSbMYBLRD8k7fw0iB8wYNw	ok		Angela Cut ASMR
@Angelayaaat	UC6jwlDLO_D0qkc86k_VzT-w	ok		Angelayaaat💕
@AngelBunnyAI	UC5giasj80o8I0W5ojHVl_fQ	ok		AngelBunny AI
@AngelCoolAIArt	UC2HAM9Smt7Jxq6EA_cbAOCg	ok		Angel Cool | Surreal AI Art
@angelina-49	UCpTYVLNekJCiep1xrJw4CGw	ok		CaptureMoments
@angelmessagesjoy	UCMm6U0HBTT_vdbpHZN2OHwQ	ok		Cross & Crown Media
@angelmessagesnow	UCNmVmw-69O0_0zOi9cpBMfw	ok		Angel Messages Now
@Angelowiplays	UCsZp_4inAOOeaPReKqpD8UA	ok		Angelowi
@angelrecovery1	UCsFMxxYVmBTv90R9puQUQhg	ok		Angel Recovery
@anghoang4475	UCAb5LIZ_OIGEOg-5IIvc6eQ	ok		Đằng Hoàng
@angibaker-artistlegacy	UCUgk7LKS0O9NrEnGPAXDVfg	ok		Angi Baker
@angle600	UCG4ES-vTNQXCUIEt76ZPPdQ	ok		Quantumized
@angraangel	UCANg53_dQpzhIMIakWr1K1w	ok		Angraangel Music
@AngryBirdAI-s8g	UCyJ5hfJ5Dxy22nKKh6ufB8A	ok		Angry Bird AI
@AngryEagleAi	UCkymE5W4wpF--XhqIIUMVPg	ok		Angry Eagle🦅Ai
@AnhBichMy	UCG6fY4xQ6ZYfBrWMSnCQkaw	ok		AuraGlow
@anhchanggiaithich	UClNvk5KZcKLwwEz6Bcv-Z4g	ok		Anh Chàng Giải Thích
@AnhChàngGiảiThích	UClNvk5KZcKLwwEz6Bcv-Z4g	ok		Anh Chàng Giải Thích
@AniBite_01	UCJt1PxO95zD4lVMHyHY7Xyw	ok		AniBite
@anicent_history	UCXRKMC7K_obqwrPnTnXmf4Q	ok		History Ancientt
@AniForgeAI04	UC-hdEDMmzB28ON6Y67BEWYA	ok		AniForge AI
@AniHumanCartoons.267	UCT2vIoiabrF1bdlw266wHGQ	ok		AniHuman Cartoons
@Aniknationn	UCu0y5Hv9WPmOJV2r272OaTA	ok		Aniknation
@anilmahirkivci9916	UC_U9rnsKYZYWpDVqo_ynrhw	ok		DropTeezz
@anim.video007	UCyMcz6dIGgpsHjjigkTCeqg	ok		AI animation video
@anima-411	UC3drRGf-oEYRAWLcZJ8mMMw	ok		Anima-411
@animaasynths	UCbEzqmjQDj0pKJdVjjN6fHA	ok		Midnight Anima
@animailai-v9x	UCFWC2uG8qQwPtEPhkb4hJXQ	ok		Animals AI
@Animal-AILife	UCF_dqnzOtQgDkQLaX_Z3gdg	ok		Animal AI Life
@Animal-Rescue-Alliance	UC32uanqcAlDUXAajBzSpqtA	ok		Animal Rescue Alliance
@animal-z4n	UC3SY-Ia_U1ubZLPGTh0KzFw	ok		Animals videos 1million views.1hour
@animal.experiences	UCGj4ATZ-qJMQ7fiBwv_NggQ	ok		Animal Experiences
@animalai-c1t	UChZ6MGX3erYgpk5btQ6zcJA	ok		Animal story
@animalai-o8q	UCX_zcEYXYl1b_xs2aZnjKcA	ok		Animal ai
@animalai-w3f	UCacuBUO0MwjdPNFnrEag4hg	ok		AI viral
@animalaianimationhub	UCgxi6mgKA6TmryYMK5SXUSA	ok		animal's Ai Animation Hub
@animalaishort-y8k	UCzKi1GxOKsn2f_sUa44ySYQ	ok		Animal Ai Short
@animalaishorts-b	UC8YBy6bYU_BNDOq4gTR-vlg	ok		Animal ai shorts
@animalaishorts13	UCAvh0s-l_075-UHJ5Ep5W-w	ok		Animal AI Shorts
@animalandstory	UCFMhfGph-BKjaKgKTL9lpmw	ok		Cute Pet Story 123
@animalanimation-t9o	UCPa0-7B6aWTIcZhKZPamPQw	ok		Animal animation
@Animalartlab	UCFT_YP1vIaENfPWOcLSo1VQ	ok		Animal Art Lab
@animalasmrmukbangcute	UCxJA6FeVVWN30wb0tgCFl-Q	ok		AnimalAsmrMukbangCute
@AnimalAttack-Ai	UCRdZQIWYxd3f8_QrtSo_u1Q	ok		Animal Attack
@AnimalBattleLab	UCLznnSUuQ-wE1BqnC2qu1sg	ok		Animal Challenge Lab
@animalcatai-u1v	UCCOXhEtDJE4x-PR1kvnMJeA	ok		Animal cat AI
@Animalchef01-r5g	UCm7J1T2iZg68qxZcUhTJ-LQ	ok		Animal Chef
@animalcutes-p9s	UCfKHrIVkfQFjJwR3pOvb8Iw	ok		Animalcute's
@animalcutiz	UCdVaZAPWdL8Wcbd7Fvqaagw	ok		Animal Cutiz
@animaldiariescute	UCmQyIS1Nwy9ocMZNpOkFXAw	ok		Animal Diaries Cute
@AnimalDreamsStory	UCyg9mZbykbKnmkwVjBCV3yA	ok		🌈 Animal Dreams AI
@animalechoes-ai	UCkGvr61DtrVmFv_eOeH69Rg	ok		AnimalEchoes-AI
@animaleffects-u8t	UCkIEc8jiaUZ0db1JxBnWpnw	ok		Animal Effects
@Animalegos	UCHMhibfPyb7DfAJZrbNy0Xg	ok		Animalegos
@AnimalencountersonTV	UCE8mjWSpn7b5h_Q2giNIW7Q	ok		Animal Encounters
@AnimalEvolutionaryTransformati	UC38gymulzXu1cU7IgCpj6zg	ok		Animal Evolutionary Transformation
@AnimalFolklore		missing		
@animalguide	UCZHKwUWtB4zJNJmNiaG0ezQ	ok		Animal Guide
@animalhealingtv99	UCH4gRuVELsULrCzKaUEfbIw	ok		Animal Healing TV
@AnimalHeroes33	UCL_5kcpPNRB9xk_y2gd8F5A	ok		Animal Heroes
@Animalia_a9	UCYvORD8U1MZNbrMwNcrmDLg	ok		Animalia Ai
@animalinstinct17-irv	UC6qjhSdA_Mm0J3htsV9n5bw	ok		Animal Instinct
@animalisle	UCLaKILEp1o5ht9jW_Tfu12w	ok		BathToys
@animalkingdom-t3	UCegFm8pvsnT8s4Iprg-QFlg	ok		Animal Kingdom
@animallife-s8e	UCXd_zQ2Vp7Ub3f4f-HPVbLA	ok		Animal's life
@animallovestories5	UCLuq0Qe6Bgq3SgaSdfIvFCQ	ok		American History Chronicles
@animalm-g2y		missing		
@AnimalMind-h5v	UCDeyNShhgutppvHo44hloIg	ok		Animal Mind
@AnimalPodcast-i6u	UC46mQyUN0zhWy55AF4rRtRQ	ok		Animal Podcast
@animalrescuest	UCB8zl5uzgGh3065TetjE9yg	ok		Animal Rescue Story
@animals76894	UCuO-5AkHPzuu_vDE05hpx9g	ok		Animals
@animals_aistorys	UCa4n0NeLpxAKAEAX-ZPkfJA	ok		Animals Ai Story
@animals_battle_story	UCdYfo4-c9r9BbED7oKhD4Ow	ok		VS Animals
@animals_dancing99	UCytknCNgOEEbB7n3wotlAdg	ok		Animal's Dancing
@animalsaivideo-i9i	UCqZVvfaxDedBL0ZTyqkQhNw	ok		Animal ai video
@animalsandnature001	UC0QF9ticBo69kRhwoVIJwYg	ok		Animals & Nature 🌍
@AnimalsCookingAI-j	UC1ny--4tesd9sJQBAAgPgMw	ok		Animals Cooking AI
@animalshorts4kids	UC0b5IVixvFF6iPFsETPsD5A	ok		ZS Animal Shorts
@animalsjourney_96	UCgblNin5AUgKXHF61PO4TEw	ok		Life Journey Hub
@AnimalsMachina	UCk9vvTOPrvv5zK6ogd3HLAg	ok		Animals Machina
@Animalsmomentshorts	UCqUCPiDuaY8fu5AR0MhVM4A	ok		Animalsmomentshort
@animalsrescuevideosai01	UCYhh7-e0wrv8Wk-y9vFWx7w	ok		Animals Rescue videos with Ai
@animalstories-t3j	UCY1DGsucXUK9yy8cwuzDktA	ok		Animal Stories
@animalswild-l7d	UCcgezPuI1TUdtjFrAeX9vqg	ok		AnimalsWild
@animalsxx_31	UCxDPMWml_rHtf27gEWx6YKQ	ok		AnimalsXx
@AnimalUniverse-v2z	UCVbwnYkb2YnKFHQbGpBUWgQ	ok		Animal Universe
@AnimalUtopia1	UCnHNfN7OfNEoFSEEOsUrYWw	ok		Animal Utopia
@AnimalVex0	UCB4dyfTjtbpgAnDMI2irkhg	ok		AnimalVexx
@AnimalVlog_TV	UC3Saaf_RXKqFAZxHJHNnswg	ok		ArtificialVlogTV
@animalworld_serenovive	UCoru-fl7xctDKH5FWa0bI2Q	ok		Animal World - Sereno Vive
@AnimaSignal	UClCyGaAZSdjtbK4zcSpSIIg	ok		Anima Signal
@animated-aura-10	UCSUkpaL6smn-3S4eDvF48fw	ok		AnimatedAura
@animated-x88x	UC7k6sQn4HCfLIHqCWIwjN4A	ok		Animated oasis
@animated_short_z	UCrLl5DBfXhyeB29IgYRs40Q	ok		Animated Shorts
@animatedaishorts-c3v	UC2mZ3k2nRCeSTKyICKX6L3g	ok		ANIMATED Ai SHORTS
@AnimatedAnswers-m3o	UCPlE5pgH0xbPsGcFKBuDAeA	ok		Animated Answers
@AnimatedChronicles2025	UCEfM5-M9PZptZvOhTKFBVXA	ok		AnimatedChronicles
@AnimatedGeopoliticss	UCrD5aa517oXJiuDymTRfrWg	ok		Animated Geopolitics
@AnimatedLifelines	UC714PX-D_8k8UuN2q7fVU1Q	ok		ANIMATED LIFE LINES
@animatedshortai	UCMdNT9uU1nYV5cy1su3-aSg	ok		Animated Short Ai
@AnimatedStoryWorldChannel	UCckZ5bjnEe7_qLtkKNfBbew	ok		Animated Story World Channel
@AnimatedTrueStories	UCKjqWbA5uVFOw0hfUR5rsGg	ok		Animated True Stories
@animatedvideosai8	UC_WuOLfPE_UL5WtwpGQLzQA	ok		Animated Video Ai
@animatedworld_ss	UCqzn2x0O1XkgIkAy_V_ThIQ	ok		Animated World
@AnimateedCat	UC7zsCXxDEOsDB2sKNSRu7GQ	ok		Animated Cat
@animatenow14	UCsNea3cNyqVEUml-VJgsLqQ	ok		Animate Now
@animaterdia	UCWpu1_SYj3g1VaQ49Qw2LxQ	ok		Animaterdia
@animatetales192	UCiFxH4DWeBEU1Wq7juAlnHQ	ok		AnimateTales
@Animation-By-SumanZafar-g2b	UCzzZDRrdoMHGxi2SkFA0w3A	ok		Animated dramas by Suman Zafar
@animation.cartoon03	UCBl9VQZ9ZTj5LPrtDSOZbkg	ok		animation.cartoon
@animationai-v9y	UCbR4QN56TN_OU2ZYbp7jlow	ok		Animation Ai
@AnimationAi_P	UCjXL-axVvpuguk1KzJvWPBA	ok		Animation Ai
@animationcartoon-t8h	UCUqs8J1ylTFA3Nn78I34mMg	ok		animation cartoon
@animationcartoon-z4z	UCYCNRJo6_HfvYPU-L7mVCAQ	ok		AI Cartoon cat shorts(kids)
@animationjogotai	UCsmLz3FHBYjgGqMSqKBuvIg	ok		Animation Jogot Ai
@AnimationPrince-i5i	UC8231aVHaKV-jCc7fMyw1KQ	ok		Animation Prince
@animationshort478	UCyCDtHsd-iZH3Hxc5cSDEbw	ok		ANIMATION SHORTS
@AnimationStoriesbyShey	UC--NbXB-sUAOwX8-Cg6A-YQ	ok		Animation Stories by Shey
@animationvault03	UC2N214awjyr5ozJDVyr8wYw	ok		Animation Vault
@animationwithai9	UCfl0wZ19Tle02VpwQ5rYd_Q	ok		animation with ai
@animationxx00	UCKU6xFVObe9hHHTy0RTKL4Q	ok		Ai animation
@animaxx3d-animation	UC9TmURXk9LL3a2lzYGbqZ3Q	ok		animaxx3d - 3D- and AI-animation
@anime-music-zone	UCLPpDKHWxJa9Tr8-NMClQJQ	ok		Anime Music Zone
@Anime-z3e9p	UCUnqCtbRiv6ytsRbFr6JN-w	ok		AI Anime Max
@Anime.A.I.	UCnEZSGBm00FlfX2Jm8zaILQ	ok		Anime.A.I.
@ANIME_AI_VIDEO-007	UCA_UQL2ND9rKQ_KqpsUSt4A	ok		AI VIDEO ANIME
@ANIME_GHA	UCqLxJ36JmlgUv7eXUNh7lWA	ok		ANIME_GH
@Anime_Story_VF	UCeics0AbY0tRQFBe3ZpgN-A	ok		AnimeStoryVF
@AnimeAi-h1b	UCz4nbP57LjbBhDbA2ClhYQQ	ok		Anime Ai
@AnimeAi420	UCAYivTrnF-_96JUyBhvXCHg	ok		ANIME AI
@animeaiboost	UCeeXtCBrqQz_1bsAK4X34hg	ok		AnimeAI Boost
@animeaicoverlabo	UCDAiSgZx6vjZN78_CFmvQbw	ok		Anime AI Cover Labo
@AnimeAiGalaxy-r	UCLmvyImFe_IptINpdsnp6Sw	ok		ANIME AI GALAXY
@AnimeAiReForm	UC5YRb1eQc5H0fJMlA7YSkPw	ok		Re:Form Anime Ai
@AnimeAIStudio-n5y	UCRJ4R_ZU8ksZfy2ORFtyTNQ	ok		Anime AI Studio
@AnimeCinematic_Studio	UCdHpNjIi8bP3SL7fy5LVVIw	ok		Anime Cinematic AI
@AnimeCinematicAI	UC_g5r9d6Tpg3Td4pfh0K49g	ok		Anime Cinematic AI
@animeclipstalk	UC5XEm2nTs76DCooLoaUhZzw	ok		ANIME CLIPS TALK
@animedairies	UCo1_X2c6Yvi7WJ0vhwZTfDw	ok		Animated Diaries
@animeduniya-H1	UCPonmWpUVR1Rivmz592hcUQ	ok		Anime Duniya
@AnimeFakeMusic	UC649QInM-k7BDolG0s7Snfw	ok		Anime Fake Music
@AnimeGuessWork	UCzeXFSLcd8QfGHppjFcPDFA	ok		AnimeGuessWork
@AnimeHeartAI	UCGZw88KAOIYlklpsEa3rntg	ok		AnimeHeart AI
@AnimeinAI-25	UCyhkhm28sAkQX-Yl40JBBgw	ok		Anime in AI
@Animeition-man	UCkv2NVjEvciDmFHu2xW4LuQ	ok		Ani-man AI
@Animejesus99	UC9GEHqR-mc3wVKfHembsj5g	ok		AnimeJesus
@AnimeKIFusion	UCkGmrLRbXTDMnDKttMhG9mg	ok		AnimeKIFusion
@AnimeNexusRecap	UCzKBVH_M_5-Pjt4IuGxj4Pg	ok		AnimeNexus Recap
@AnimeNova_AI	UCXz7A44bg4HyjZWLn9idL_w	ok		AnimeNova AI
@animeopenings_ai	UCFSn2Om2tu6Y_GH3pCC5R_w	ok		Anime Openings with AI
@AnimePulse-r9j	UCFDactAfWy4tW1pjVEN_Sdg	ok		AnimePulse
@AnimeRealismAI	UCWtZ8qU2x9uhHTVF_J1sUbg	ok		Anime Realism AI
@AnimeRealWorldAI	UCODqSlmN_8LvFDp-XxaWjYQ	ok		Anime Real World AI
@AnimeRemixMaster	UCe6-haTWRcPtShceRw8h0vA	ok		AnimeRemixMaster
@AnimeRevivedStudios	UC7AoXgj1UzD92d3HZ6F82iA	ok		AnimeRevivedStudios
@ANIMESAI-t7o	UClD9gSpq787UU6CtZEEVF6g	ok		ANIMES AI
@animestarrecaps3418	UCh4K-8m8Ru1SQ2WORauPNyg	ok		AnimeStar Recaps
@AnimeSynth7	UCDqLPhp6WGxavZod4wOGilw	ok		AnimeSynth
@Animetal.AICover	UCy-u_kFELz2dW6xi0JFT_GA	ok		ANIMETAL AI Cover
@Animetinfo	UCMMlX0Pt1oY_tUdsCSZ4mxQ	ok		SoyRaymond
@ANIMETRAXX	UCm1xTYOF2EP9FeEOyofGTRg	ok		AnimeTRAXX
@AnimeVerseAI_01	UC9CdkuM0UEOAhAttlH1-XIA	ok		AnimeVerse AI
@AnimeVerseWorld-y7o	UC45MHL5hFUgdoaZ2ZTICSGw	ok		AnimeVerse World💎🌍
@AnimeVerseX-f9z	UCoZKncuyEv1uI2nIqfqHeGQ	ok		Anime Shock AI
@AnimeVillianious	UCm9gnVN2e54qwaCFLXTO2AQ	ok		Anime Villainous
@AnimeWaktuu	UCSWjcKxYzK1790F_xxFClLw	ok		Anime Waktu AI
@AnimewithAI-c5y	UCLJCFBCY8yw0hSw_aw7wDUg	ok		Anime with AI
@animierteweltgeschichte	UCjSMD5tATYL96n0Sgx8hgDw	ok		Animierte Weltgeschichte
@animokingdom2025	UCT4CvUFzMJ22kCobrisZ7mg	ok		Animo Kingdom
@animolita	UCHXyp2T6xRBvVpSuzHfIz_w	ok		Animolita
@AnimoraStudio.official	UCXKvzXqUe4uWlQUN3W63Xkg	ok		Animora Studio
@AnimoraWorld-f3j	UCrXW9sG-qIviW6BPdPBS1vg	ok		Animora World
@animotiondreamverse	UCJFJ3-RRagmXO_fOBJyMPkQ	ok		Animotion Dreamverse
@animotionstudio99	UCZEGzTRRC4rFKK42CzDTeLw	ok		animotionStudio99
@anirecapping	UCkHF_K_VmgTNIfIGW7Aw3dA	ok		AniRecapping
@AnishaMovieReview	UCEDulZ43GUpo9FAMFRdSJ9w	ok		Anisha Movie Review
@anishkumargaming321	UCBC5SMCoCIpgpo8HWEh0FJA	ok		shorts 0983
@Anishtales-q3i	UCJgZC5jkKGd8_ty4nLEcZag	ok		Anish Tales
@AniSonRememberAI	UCq-n_c3BxrwljznKR6Ktmfw	ok		AniSon Remember AI
@AnitaChocolate_Africantales	UCaC8erPGYgxC1GZ4yfBpjoA	ok		African Tales by Anita Chocolate
@AnitaSheva123	UCEf06tnVmt_NfcBMR2G4tSA	ok		AIMUSIC Deep
@AnitaZielke	UCfayi9JK1vqpDkpOxXrEeIw	ok		Anita Zielke
@anitdotguru	UC7Cq9d1iOK2KqwUVDES4o4w	ok		AnITGuru
@Anitoonstv-444	UCetkL3koBNJrS7n4EoDUBXg	ok		Anitoons TV
@AnitParmarAI	UCvGKPVtSsgY-Ze-FsdKxHiA	ok		Anit Parmar AI
@AnixVlog-ai	UCUneF7qB5kJGIvi-z5bnP3Q	ok		Anix Vlog
@anizyra	UCkbhxJgj2dn4o7ea9P8TT1g	ok		Ani Zyra
@anjali.bloom1	UCEpDMjuuGvj1vyEc6vdvJyg	ok		Anjali Bloom
@anjelicabaker1435	UCQb5DPg1NH6e3VIuMR5xHuA	ok		Anjelica Baker
@ankaasound_a	UCcIbiP1bEcMITmlGy5StgRw	ok		Ankaa Sound A
@ankitbhaiyavlog01	UC8DWZTS98Z47z1a_xttvgGg	ok		Ankit
@ankitgalaxymusic	UCvlNkhtKsBrC5g2qP4qoJww	ok		Ankit Galaxy Music
@ankitstorysfk	UCByU_AkyLiDgWR3uBEAu7qw	ok		Mr Ankit story
@AnkMediaSix	UCH6O-h-8Mrb-zUzLrbzpoFA	ok		KEN Stories
@Ankoldodoytv	UCVwONj8tMALQvHiiM3F5qIA	ok		Ankol Dodoy TV
@ankushpersona	UCNNVOPjE-jk2XXLShnmHZ-w	ok		AJ Persona
@AnLoveDrama	UCBxfC73gxAUPtJSWQeI-2lg	ok		AnLoveDrama
@Anna_Backstage	UCTV7nJXSDqVRzJzqjI57d2w	ok		Anand Sergeev - Backstage Animations
@annaamish	UCzPxzLt-CIrHKZhf31IfdYw	ok		Anna Amish
@AnnaAnna-blessed	UCJW6CQv4TCBQnm2ivPR6Sdg	ok		Anna.... blessed
@AnnaDailyAnimation	UCrUZ94nYyq2kSPM5yomscCg	ok		Anna Animation
@Annadreambrush	UCKEfXMw7538wvuulXy_RNcQ	ok		Anna dream brush
@AnnaHall-u2l	UCEsRqK2vHAufN2iljlKqdhw	ok		Divine Message Daily
@annaivanovamodel	UCHP8qdwjX5zRGP9rHSDhpAA	ok		Anna Ivanova
@annalouisegille-w2l	UCPdI-kxY-IuwE9l492gyKCg	ok		annalouisegille_
@AnnaStoryAnna	UC1R659gCI8vP4zAPfdDqHKQ	ok		Stories of Anna
@AnnaThomsonOFC	UCEAL3s1LiLifN8r3Z82m2OA	ok		Anna Thomson
@ANNAURA.ৎ	UCjHCvP6f8qDOEOFujLGNmaQ	ok		☆𝐀𝐍𝐍𝐀𝐔𝐑𝐀
@Anne-bloom	UCe45qUcNhHwGQ5qSV7IX2qw	ok		Anne Bloom
@Annette.AnnieStoryHub	UCwgZcC5DvRvjzrq987e9ASg	ok		Annette Annie Story Hub
@AnnFindAll	UCWmF_cRedkREzUqn3ESNkDQ	ok		Ann Find All
@AnnGeeRecords	UCwnvQcYX-UuRS7MGCHygkzA	ok		AnnGee Records
@annie_and_lys	UCv1vpQv6c0NQlR8R7B91QXg	ok		Annie & Lys's AI Odyssey
@AnniesRomance	UCQ6sGBfT6X7CixDNtR-npCA	ok		Annie's WereWolf Romance Collections
@AnnK-Vision	UCy3yUjmWycM46OHLwQgmd_Q	ok		AnnK_Vision
@annromancelibrary	UCDRt__rTKVHXGqrhaVvVmxQ	ok		Ann's Romance Stories
@AnnTales-yt	UCuV6yJmY-4A06_zibHJVRqA	ok		Anna Tales
@annukdrama	UCTThe1sNwo8CGYnEQximFCg	ok		Annu
@Anokhekisse14	UCP4SegmXxXOrKPEz9kk55og	ok		Anokhe kisse
@anomalybrainrottv	UCydegOjWzSGtl9UXGcmCJ4w	ok		Anomaly Kids Show - TV
@AnomalyRecords_xyz	UCw1hVkA77sRciix9D46HLZA	ok		Anomaly Records
@AnotherInterestingSTory	UCXKaEvU3ST_LqWnV_JEMj7Q	ok		Another Interesting STory
@AnotherMe1998	UCNCKuQqOV1PPSkkO27ghSJw	ok		Another Me
@AnotherRecaps	UCUyGRXevAT5f9guMos_EkOA	ok		Another Recap
@AnotherUniverseAI	UCrA4IQGWeWzPT6i2SbVeAUw	ok		Another Universe
@ans-r6s	UC7iGlgqJgSuqShHPoc8Zyng	ok		Miniature Ch
@AnsanityAI	UCa47ViveCzADsPGkufRWoQg	ok		AnsanityAI
@AnsariAish	UChg_s4a7Dt1O6XKWXU11Z5Q	ok		Ai visionary
@Ansgar_AIStockAnalyst	UCNw8FNauMTUlOdGdJ5qOXpw	ok		Ansgar AI Stock Analyst
@Anshaidrama		pending		
@anshujha0098	UCZv4YloVtkXvue4CCvoA01g	ok		Anshu_Tiger_0098
@anshuyrr3654	UCpaYcIWz2fMfZomtmdwrM_A	ok		Anshuyrr
@antararrannabanna5826	UCB1syOPiJaPHdtH1R5BaiWQ	ok		Antara's Family Diaries
@AnthemNations	UCfcUXdx62I7OpSya8BB-gXg	ok		Anthem of Nations
@Anthonydoesugc	UCYQ6R8-ckThcJpyXYoi8JaQ	ok		Anthony
@antidotebwoyke	UC2RYIMyTzJEMpxnK3T-83Uw	ok		Skyler Ke
@AntiKarenChannel	UCeVmMzRwucQSN-eaBVJiRGw	ok		Anti Karen Channel
@AntioneOdo	UCFOd8z3-1RfBdmZfIrBC4Fw	ok		Antione Odo
@AntiqraLegacy	UCMqi6oq_oCUF9Tot_7x9LeQ	ok		Antiqra Legacy
@antiquityillustrated	UCNGQteL3VSw_JoxhdhKbp6A	ok		Antiquity Illustrated
@AntiVestor	UCSdDs7-S3S0_G7uCEjKhf-Q	ok		SPX Income System - AntiVestor
@AntonChillMix	UCA4-84QX3NR6JNZUNdScNvA	ok		Anton Chill Mix
@Antonietta-m8u	UCcdk651CJxT6JuSaaK9iaJQ	ok		Medieval Mogul
@antoniobrandao	UCBEgecoxrEa7-yjqpFlUJ4Q	ok		Antonio Brandao
@AntonioCamerino	UC5i2_5WNj4Uf2daOwLzYZlg	ok		Antonio Camerino
@AntonisAiMusic	UC32dw3ANvbNf7psIEREytpA	ok		Antoni's Ai Music
@antonyoabdaylanofficial	UCObCHHl4BfF9GgQOxcV03PQ	ok		Antonyo la Velikū
@antversetv	UCmIKRJNmrBdrXCQXeUjjWDQ	ok		AntVerse
@anu_akbar	UCSW7xEZwOzHm94mnICdTHJQ	ok		Anu
@anu_roblox_2m	UCNY-aD0NOQGrdBHFxRz6wug	ok		ANU Roblox 2Millon
@anuaigenerator	UCLNS2CFcGpLw29D1VSivnRQ	ok		Anu Ai
@anuanimation6165	UCp7aUYmH5gpaQgbfiqi6WhQ	ok		Anu's Animation
@anuanudharshani9003	UC8-IYKSxqQoFI53FdXDri2g	ok		Tiny Taste AI
@anujkumar-eu5oz	UC2utd1WYRfc4pO37B80Dezw	ok		B. K.C.
@AnUneasyVariety	UCDd7RXTvzKGVlZOezvTJn7g	ok		An Uneasy Variety
@anunnakidreams	UC0x-FvghZKnLXUHW05xjiWw	ok		Anunnaki Dreams
@AnunnakiRevealed	UCm3rAnxvHjhAtsM4kFwj14w	ok		Anunnaki Revealed
@Anuragsaysyt	UChnDaMFG4BZzDf5vzgCweLA	ok		Anurag says YT
@anuragteewari	UCJvl1KFFf6gvZvmhfPjZdIQ	ok		Anurag Tiwari
@anusa2k	UC91_Tnt5F1iLJ9d_wYi3YwA	ok		Anusa
@anuskysa	UC6b35zhrvqnyRVaH1q7J-AQ	ok		Impressive Tales
@Anuxai-k4g	UC5ysCwDwdNVTu35tRcF7tcA	ok		Anuxai
@anwaarullahyousafxai	UCkTTSLbwl_DxerEMm0ghAng	ok		The Erased Record
@AnwarKhan-q7i2m	UCVfWU5frPGKCoas7AlXcvCg	ok		Tiny Chef AI
@Anya_diary	UC0Zmy9kgxmO6Q1-opymaxxw	ok		Anya Diary
@ANZAC_War_Tales	UC9Td_QUdBXI3Qi11iesQw3g	ok		ANZAC War Tales
@AnálisisGlobal77	UC0WygbtabQXpOzFZ4YUqSbg	ok		Análisis Global
@aocreativity1	UC-qx3jOwcWzbFBPHA1HyHGw	ok		AoCreativity
@aokistudioss	UCtzKwK1UNUSenvuKTalx6BA	ok		Aoki Studios
@AORAnthems	UCXj_CeWf4DvL-bKJwfahhIA	ok		AOR Anthems
@AOSANAIMUSICLAB	UCZWjxuQTd8pbPG5_MukzQIA	ok		AOSAN AI MUSIC LAB
@ApacheWarrior-o1j	UChbpTugAcI9XSPniepsYCPw	ok		Apache Warrior
@AParallelTime	UC0TEZQ3-VAjN4AN5F1q5KSQ	ok		A parallel time
@apcatmeow	UCKt2Xa3AwfVAyU7DXSwhZnA	ok		AP CAT MEOW
@apcreator24	UCTNTYJxKKU_1ce6gaN_LFzg	ok		AP Creator
@ApeExplainsToU	UC8cFZNQxKo1WFNBtj7Sz4nA	ok		Ape Explains To U
@ApellidosMalditos	UCD17D6DxTAdHxppLEEKMY3A	ok		Apellidos Malditos
@AperitivoItalianRadio	UCRTyKntnHYcjN-Dk1AifBCQ	ok		Aperitivo Italian Radio
@apetcareguide	UCaoe2XoQR4F2lFqOkZg96Yg	ok		A Pet Care Guide
@ApexaAI	UCwZ2-jkIUOJxuYweVTd3o-Q	ok		Apexa AI
@ApexAfricaStudios	UCclDkW48JtjK4la5UO1OIAQ	ok		Apex Africa Studios ⭐
@ApexAIBrawls	UCl9qM3JK2aYxtkbUDPdOmog	ok		Apex AI Brawls
@ApexFinance-q6n	UClrgg_mUIi_MBBeqC3z6NzA	ok		Apex Finance
@APEXGT-v4b	UCbbwUjTtdX602GFUjCe4C1g	ok		APEX GT
@ApexHFY-u8w	UCf7GXCkvMamY8cjkTmMr8aw	ok		Apex HFY
@ApexHumanityHFY	UCJTlKXF4U4fQw4zSIJrbG7w	ok		ApexHumanity HFY
@ApexLegendsDrama	UC1OJWREs0v83r00v4XZkNBA	ok		Apex Legends Drama
@ApexLuxury7	UCEINnOrHlrwsU_HetO8fUYg	ok		Apex Luxury
@ApexOriginTV	UC3NW_v16oxc7CRU57Nr0DxQ	ok		Apex Origin
@ApexPsychologyYT	UCM9JCK-r3SwmNpgX1BvChEQ	ok		Apex Psychology
@ApexSignals54	UC4l1V6--GpbXU4-Ncu59xWQ	ok		Apex Signals
@ApexxTerra	UCiLfv6kF9B6GCFgxepwm3PQ	ok		Apex Terra
@ApidusLife	UCdPl10alyt6pH3LOkXdDaIQ	ok		Apidus
@Apizdisini	UCJ1LwZAb267AVXA40AucXvg	ok		Apizdisini
@apnaai56	UCZS6ZpEIO3w-w_clO1gEkWg	ok		Apna Ai
@apnatoonworld1	UCBaDeItZ9OEWDchmghiSP5Q	ok		Apna Toon World
@apnavideohub-n3h	UC7VyydZBfVwGY50Rb3WqeQA	ok		Apna Video Hub
@Apocalypseanime	UCQZQU2kNlK8KdYRbzWGqZbg	ok		Apocalypse anime
@ApocalypseCoyote	UCso2q22YrDz6Hx2mEt-8nfg	ok		Apocalypse Coyote
@Apocra-b3y	UCxpIVLN0KYwdNxl17L4vRPA	ok		Apocra
@APodcastRunByAI	UCkKAizO4QDDzwkYK-KKKICQ	ok		A Podcast Run by AI
@Apoflowmusic	UCEFBjuCNkgTurNccSNpHhtA	ok		Apoflow | Electro Chill Mix 🎶
@ApostlesJournal	UCljaWr1gv2E0pGVy1BXABTQ	ok		Apostle’s Journal
@AppalachianSoulHymns	UC9vRT_JUeHCh62UKTah5cBw	ok		Appalachian Soul Hymns
@AppsIsland	UCV8F4owBMZ1AWlBaaFGy8Cg	ok		Apps Island
@appTechHub786	UCY6zCLJs3pjEVV8xG94KyaA	ok		App & Tech Hub
@APRAstory	UCVlKJbzoQcJTY4i6M0rXg0w	ok		APRA Story
@AprilAI.Channel	UC0WWV92sckOKbHkQelk0BPw	ok		A.I.C
@Aptshts	UCkks_Qyc3dSKz1B0uIdUTTA	ok		Ai movie trailers
@Apuniquezone70	UC1yH69TbFzuicGRy4KxzJHQ	ok		Ap uniquezone
@AQCreativeLab	UCYFtXinxjG6F843EQIwHPYw	ok		AQ Creative Lab
@AqsKhan-u1o	UCudGxBW6IID7UBwFR4A5K_A	ok		Tiny Cooking Tales
@aqsstories	UCnJ1JdkKW3eQT3LlDIHnVDA	ok		Dune Decoded
@Aqua.Dreamscape	UC3cD7ox8XAD0kAKIbcvXw6w	ok		Aqua Dreamscape
@AQUA_VENOM23	UCRs26TCeWPP5FNHkKwLF-DQ	ok		We ♡ Blues
@AquaBluFM	UCvBOVj1GSIPVi5iTNZPsUeg	ok		AquaBlu FM
@Aquariousaiversion	UCmXm1nWUmB-GB3Xn4AA8Czg	ok		Aquarious ai vision
@Aquariusshorts	UC98D97IsKeE9X0V5Dzw1B7Q	ok		Aquarius shorts
@AQuietSide	UCF_1IgN9YFvqA2-Xe0riBwg	ok		A Quiet Side
@ar_channel2724	UC7oaWzPELxHOOfvBFnbZZWw	ok		AR_CHANNEL27
@arabesk_duragi	UCFUu3plfCLijFhYau7d8u6w	ok		Arabesk durağı
@Arabesk_durağı	UCFUu3plfCLijFhYau7d8u6w	ok		Arabesk durağı
@ArabeskAilesi	UCjtNusWrKacJISmMw-NFw0Q	ok		ARABESK AİLESİ
@Arabic.Harmony	UCCd8D-CCShiVFc7JUbxKmHQ	ok		Arabic Harmony
@AradaAIBeats	UCH_dgiqBsk2sgITzK9QrWww	ok		Arada AI Beats
@araki1968	UC8c_mOtluCqnm7zSMaFF-Fg	ok		Full Volume Laboratory
@Arali807	UCJCeTU7DaRmCxOrRO-nMjGQ	ok		Arali
@aramaicblessings	UCBzMl8eTCY6fJSsr4O5avQw	ok		Aramaic Blessings
@AramaicChanting	UCuADD56DZuFdihw8dGcOdhw	ok		Aramaic Chants
@AramaicChantSacredEchoes	UCyoUBBAqFqNIXHc5t7XAtdQ	ok		Aramaic Chant • Sacred Echoes
@AramaicLight	UCbRKMQjN3z76NHDjVgqIUHg	ok		Aramaic Light
@aramaicmarianchants	UC1lxxXFMnIHWMcnE-nfAs2w	ok		Aramaic Marian Chants
@AramaicPrayer	UCg9ZhMkPyLE8FaZnSBGhfCw	ok		Aramaic Prayer
@aramaicsoul	UCZzYFPfmpv4WedBbZodSxtw	ok		Aramaic Soul
@Arashi_20	UCHXQoWVC4T445RVA4N_wwTQ	ok		JaisD.20
@arbaz1613khan-zq5catsarbaz	UC2VtcZ9Rmw9Y8Vxa6fU7DUQ	ok		ARBAZ
@ArcadeAnthology		pending		
@ArcaneDeer		pending		
@arcanequiet		pending		
@ArcaneTrailersofficial		pending		
@ARCANTHA-h5x		pending		
@arcframe-ai		pending		
@ArchangelMichaelchoseyou		pending		
@ArchangelMichaelSay		pending		
@ArchangelMichaelSays-h4y		pending		
@ARCHANGELMICHAELSAYSTOME		pending		
@ArchangelMichaelUSA		pending		
@ArchangelMichaelWisdom-f9y		pending		
@ArcheryHistory		pending		
@ArchetypeOfPower		pending		
@archinotes1		pending		
@architalesYT		pending		
@ArchitectEvolution	UC9elXkqr0INfxMjJCQypJaw	ok		Architect Evolution
@architecttony92		pending		
@architectureofsileo		pending		
@ArchitekturaBezTajemnic		pending		
@ArchitekturSchatten		pending		
@ArchivalTerrors		pending		
@archive194x		pending		
@Archive9306-b1j		pending		
@Archive_Melody		pending		
@ArchiveCurrencyAG		pending		
@archivesdelhistoire		pending		
@ArchivesofArda		pending		
@archivesofconflict	UCDfPXgI4W4ycw5Jztybbp9g	ok		Archives of Conflict
@ArchiviRomani		pending		
@Archivo-Santo		pending		
@ArchivoDelFuturoTV		pending		
@archivodelmundoyt		pending		
@ArchivoNocturnoMX		pending		
@Archivosww2-usa		pending		
@archiwahistori		pending		
@ArchiwaWojny-g2z		pending		
@Archlang		pending		
@Archotechna		pending		
@arcrescue	UC0yztKc09spizKJKndx0lvw	ok		Animal Rescue Chronicles
@Arctic-Pulse-07		pending		
@ArcticKyunney		pending		
@ArcticSurvival-tv		pending		
@ArcturianFrequency		pending		
@ARCWisdom_7		pending		
@Arden-b8e		pending		
@AreeshaAutoRadar		pending		
@ArenaZeroseries		pending		
@Arewahausastories		pending		
@arfataivideo	UCRzA1aSwl1lbwVWBTL1dHhg	ok		ai video editor
@argacinema		pending		
@ArgentinaVintage		pending		
@Aria.MusicOfficial		pending		
@AriadnaZuleta-u8i		pending		
@AriaDrama01		pending		
@AriaNightcore		pending		
@AriaRevengereal		pending		
@AriaStories3		pending		
@AriaThroughTime		pending		
@arifansari-rv8wx	UCNGssrAgAEX3RD9ZpN3qU3w	ok		Ai cat
@ArihantOnlineAcademy		pending		
@ArikeMusic		pending		
@Arisa_AI_Studio		pending		
@AriseBibleMusic		pending		
@aritessien4506		pending		
@AriyoSeun-v3m		pending		
@ArizonaAi-n1w		pending		
@ArjunAIMasti		pending		
@Arkbiblefilms		pending		
@arkdigital1575		pending		
@ArkheLegends		pending		
@arleditz		pending		
@arlo_storiesz		pending		
@ArlonsItaliano		pending		
@ArmedNations		pending		
@ArmorRussia-1		pending		
@ArmoryAtlas-11		pending		
@ArmoryProfessor		pending		
@ArmyofBagpipes		pending		
@ArmysDreamEntertainment		pending		
@ArmyWings-e2g		pending		
@Arnavcinematicuniverse		pending		
@Arni-l7q9p		pending		
@ArniBajki		pending		
@ArohaOrbits		pending		
@AromaticSounds		pending		
@AROUNDTHEWORLDBROSIS		pending		
@arozcombat		pending		
@ArpitGautam-x2x4m		pending		
@Arqueofatos		pending		
@ArquivoB1		pending		
@ArrowNexus-2005		pending		
@arsclassicamusica		pending		
@ArslanMcHunson		pending		
@ARStockWhisperers		pending		
@art_dream_ai		pending		
@artatmax		pending		
@artemisorsomethung		pending		
@artemispov		pending		
@artframescreens		pending		
@arther1994a		pending		
@ArthurJReed		pending		
@arthurrayfilms		pending		
@ArthurRevivesthePast		pending		
@Artifexclips47		pending		
@ArtifexIllusions		pending		
@artificial-ai_edite	UCXz0mYgRF5e7svktu2jHaBQ	ok		Artificial Ai
@Artificial-f2z		pending		
@artificial_architect		pending		
@artificial_stupidity_off		pending		
@Artificialintelligence-z2c		pending		
@ArtificialIrrelevances		pending		
@ArtificialLoLs1		pending		
@ArtificiallyAmusing		pending		
@ArtificiallyResurrected		pending		
@Artificialproductions_backup	UCVd3-gNjLdytK7C-N-ZSNzw	ok		Artificial productions
@ArtificialQuotient01		pending		
@artificialradio		pending		
@ArtificialSatisfyASMR	UC5snfMPthTn1Vf-zAEi5LLA	ok		Artificial Satisfy ASMR
@ArtificialWordBearer		pending		
@ArtificicyAI		pending		
@artillense		pending		
@ArtInAijesus		pending		
@Artintmechanics		pending		
@Artisan_Animation		pending		
@ArtiShockRU		pending		
@artissound7		pending		
@artlist_io		pending		
@ArtofAI_13		pending		
@artofficial-studio		pending		
@artofficialelegance		pending		
@artofficialintelligence		pending		
@ArtOfficialIntelligenceProds		pending		
@artofjoey1972	UC9m9g-8v5wGyNtCGPuthpNg	ok		Art of Joey
@artpulseten		pending		
@artshorts2720		pending		
@Artsonica		pending		
@Artssupremo		pending		
@arttelligence9785		pending		
@artturijalliofficial		pending		
@artzoo-w3t		pending		
@ArunAiLife		pending		
@Arvindanu-f1s		pending		
@arvindsinghbasti	UC0Lwma2Z_DBYKJBkMcgy2Jg	ok		Arvind Singh
@ArvindzoneExtra		pending		
@ArvinoAi		pending		
@ArvixCreations		pending		
@arwaskitchenofficial		pending		
@Aryan-05Khan		pending		
@aryanxp099	UCne3SxtXMZ5J0HvSeZGQ8AQ	ok		cartoon cat
@Arzoo_stories		pending		
@AsadTechEdge		pending		
@asawa-pan		pending		
@asbiulislamshihab8972		pending		
@ascension-toons		pending		
@ascensioncurios		pending		
@Aschensturm		pending		
@ascreations-07-s	UCs0qiy7J1veT8YAf6eYfKMw	ok		Cartoon Network 07
@asdekTop		pending		
@ASecondofPeace		pending		
@asfakshaikh19		pending		
@Ash.AI.muzika		pending		
@AshAndGraceRadio		pending		
@AshasAmbientAiArt		pending		
@ashbornrecords		pending		
@ashbornrecords2025		pending		
@AshesOfAges-1		pending		
@AshestoGlory786		pending		
@Ashishaishort		pending		
@AshleyChapman-o9q		pending		
@ashleywilderwrites		pending		
@AshokaNiro		pending		
@ASHOKMUSICFANTASY		pending		
@ashraftasso		pending		
@AshrayMinj		pending		
@AshtonB-Music		pending		
@ashu_ai_worlds		pending		
@ashwinmahesh3793		pending		
@AshwoodBluesLounge		pending		
@Asia-Tech-Marco		pending		
@Asian_Mysteries		pending		
@AsianAIStory-b4q		pending		
@AsianAncestry		pending		
@asiangooddrama8386		pending		
@AsianSolutions		pending		
@asifgeorge46	UCVd3QdFMY1fUO8gCjf-mwGw	ok		Asif George
@asifnawaz-n5w	UCaHb2Qzuba4DVOE_Sjmo3wA	ok		AS. ai stroy
@asifuechannel		pending		
@AsiSeViviaYT		pending		
@asisomoses		pending		
@ask.big.jim01		pending		
@Ask_Bit		pending		
@AskAIApp		pending		
@AskCatShow		pending		
@ASKLinux		pending		
@AskOddQuestions		pending		
@asktemmystories		pending		
@ASM_Rest	UCnA_z5nkDO08yEMlrgi19Gg	ok		ASMRest
@asmar-5bj		pending		
@asmelhoreshistoriasbr		pending		
@AsmiAi-z2g		pending		
@AsmiChhetri-j4t		pending		
@asmr-ai-8	UChc_t42LpEVjPQF8DbEmzgQ	ok		ASMR AI
@ASMR-AI-ch-c2		pending		
@asmr-content012	UCoVKoQOOYo5HrEeAqY5bW1A	ok		ASMR-Content
@asmr-f6e9d	UC9dmatuYG9jVhECn4T7VzHw	ok		ASMR GLASS CUTTING
@asmr.gem5		pending		
@asmr.satisfying.cutting	UC9orG399SEl-3mIqnczVENw	ok		ASMR Satisfying Cutting
@ASMR_20.6		pending		
@ASMR_AI_STUDIO-X	UCd1cLMWBiYePMVKFWZrR9Ag	ok		ASMR AI Studio
@asmr_for_ai	UCr9b0OUUkISVNGZUARcduwA	ok		ASMR AI
@asmr_made_by_ai	UCTb7TJoLGUuHXXRsBPDHr5g	ok		AI ASMR
@ASMR_WORLD_YouTube		pending		
@ASMRaddct		pending		
@asmraffirmationsdaily		pending		
@asmrai-w4y	UCeavFDN0u5fK5lov9V_4hrg	ok		satisfying AI
@AsmrAiCreation		pending		
@asmraie	UCVdmGyk8W7dqJK9QZZMeYgA	ok		ASMR AI
@ASMRAIGenius		pending		
@ASMRAiLabs		pending		
@asmraitist		pending		
@asmraivedio	UC6R6wvFiVaiBHVfWbUyFj5w	ok		ASMR AI VEDIO
@ASMRchill8888		pending		
@ASMRCottonCloud		pending		
@asmrcrispfruit	UC0-LQZ6B7ZLAUiK6-0AfUuA	ok		ASMR CrispFruit
@ASMRCrystal		pending		
@asmrcuttingvideo36	UC2wSuVIKh0a7RIXuzhUyyQA	ok		ASMR cutting videos
@ASMRDreamelt		pending		
@ASMRDreamLab-g3g		pending		
@AsmrdreamYt	UC6OhShAXBf0zbtCcZl4u0eA	ok		Asmr Dreams
@asmrexpert-k1o		pending		
@asmrfactory-official	UCZOYGaIJCUZLS4rbRw0f9Vg	ok		Asmr factory
@asmrfactoryx	UCWUWtSDaSns7ciVHIODXWjA	ok		ASMR FACTORY X
@Asmrforeveryone-afe		pending		
@asmrfruitcuts06	UCb2yAtJRRK6hUnlCW9xgQ3g	ok		ASMR Fruit Cuts
@asmrfruitcutting_7	UCybOXpQEYRXgxs_V04pDyTg	ok		ASMR Fruit Cutting
@asmrglassai-j4m	UCZbMhdwGZGmo4HWyQaBl24w	ok		ASMR glass Ai
@asmrglasscutting-w4m	UCQpP-Jm40FX2MrXHgSZK4Ug	ok		ASMR Fruits and Vegetables videos
@ASMRGodOfFruit		pending		
@asmrify-t7m	UCUVaIp021MJ5j39but1YraA	ok		ASMRify
@ASMRlab4u		pending		
@AsmrLabHere		pending		
@asmrLunai		pending		
@asmrnightstudy		pending		
@ASMRNovaAI		pending		
@ASMROddlyTube		pending		
@asmrofficial_ai	UCLuWk6rusDcVTSwZd3hHfTw	ok		ASMR AI
@asmrprovibes	UCIYY7Jlbv3sdSISmkJPhV9A	ok		ASMR PRO VIBES
@asmrquantum		pending		
@asmrrelexing2324	UC4rPWnZMD4HJpbPRLxWQFmQ	ok		ASMR RELAXING
@asmrrland		pending		
@ASMRRUSHdaily		pending		
@asmrsheraz		pending		
@asmrshortsbyai	UCKF3Y6p3PhZIpTwDTeEJ3VA	ok		ASMR SHORTS BY AI
@ASMRSinks		pending		
@asmrsufi-t5s		pending		
@ASMRVehicleRestorationHub		pending		
@asmrvideoes-s5r		pending		
@asmrvideos-z3p	UCPVlI0qh8dCCt-pt-zuhtwg	ok		ASMR videos
@asmrvideosai-q9o	UCOd4yvLJkkEgTbGSB6a88Sw	ok		ASMR Videos Ai
@asmrvideostrends	UCIm1L8ZHDYZoA1KLGmG6vkA	ok		ASMR videos trends
@asmrwithai-u5p	UC0KRpqUpH175mVzZ9VkWMbw	ok		Asmr with ai
@ASMRyumyt		pending		
@ASongandaPint		pending		
@ASoulLostInTime		pending		
@AsphaltGhost86		pending		
@Aspiration1213		pending		
@aspyrementality__6		pending		
@Assasinopew		pending		
@AssetAlchemyz		pending		
@asshow-w3j	UCTH_fK-r_v7CsbpzNbNe8Ng	ok		AS SHOW
@AssiaRan		pending		
@AssopraaFitaLo-Fi		pending		
@AstigRadio-x5w		pending		
@AstonishAI		pending		
@astoven65		pending		
@astraalice		pending		
@AstralDimensions-Official		pending		
@astraleyevision		pending		
@AstraLifeStories		pending		
@AstralZenLofi		pending		
@astrastudiosx		pending		
@astrasyncc		pending		
@AstravellStudios		pending		
@ASTRAVERSE_V1		pending		
@AstraVeyl		pending		
@astrawayhello		pending		
@AstricusYT		pending		
@AstridFrost-c2n		pending		
@astridsbedroom		pending		
@AstrionAI		pending		
@Astro_Depth		pending		
@Astro_EngIIneer		pending		
@astrodust		pending		
@astrofunkclub		pending		
@AstroHoryzont		pending		
@astrologychunks		pending		
@AstroMattYT		pending		
@AstroSleepChannel13		pending		
@astrovah		pending		
@Astrovishist		pending		
@aswatchsports		pending		
@asyl_sound		pending		
@AsíSomosES		pending		
@AtelierMonstrum		pending		
@ath_live		pending		
@athedoorOfficial		pending		
@AtheeqAIStory		pending		
@athenaiv		pending		
@Athletehub3		pending		
@AthLetesLoungeTV		pending		
@AthletIQLab-z6o		pending		
@Athlorise		pending		
@Athure82		pending		
@Atif_Cars		pending		
@AtlasAdamHQ		pending		
@AtlasAIDream		pending		
@AtlasClassifiedOfficial		pending		
@AtlasIQ-btc21		pending		
@AtlasofEmpires1		pending		
@AtlasofOldGods		pending		
@AtlasRhythmRecords		pending		
@atlasstudioshorts		pending		
@AtlasVeilStudio		pending		
@AtlsMtls		pending		
@AtmaArc		pending		
@ATMNewsBangla	UCBKyfiK6GS_LeMJdxh55qlg	ok		ATM News Bangla
@Atodaleche		pending		
@atomgpt		pending		
@AtomicProphetAI		pending		
@AtomowySzop		pending		
@ATouchofZens		pending		
@atozanimalai	UCh3m2ZDzobxsZy43Bukqjiw	ok		AToZAnimalAi
@ATraversHistoire		pending		
@AtTanzeelQuran		pending		
@AttenRecounts		pending		
@attitudemag		pending		
@atulaisong		pending		
@atulchauhan5579		pending		
@AtypicalCozyTownOfficial		pending		
@AubeAtelier		pending		
@aublockz		pending		
@AubreyWatts-k5z		pending		
@audiiance		pending		
@AudiobookWealthMindset		pending		
@Audiolibrosdealtonivel		pending		
@AudiolibrosDelSaber		pending		
@AudioPointTalks		pending		
@AudiotaleEnglish		pending		
@AudioVideoMusica		pending		
@Audioviser		pending		
@auditthecourtroom		pending		
@AULegacy-1		pending		
@AumSum		pending		
@AumSumsLab		pending		
@AumSumsScience		pending		
@AumSumsWhatIf		pending		
@AumSumsWorld		pending		
@AuntieLilaVox		pending		
@AuntieMayaStoryTime		pending		
@AUNTIENKAY		pending		
@Aura-Bloom37		pending		
@Aura.Vault.Official		pending		
@Aura_Beatss		pending		
@auraa_asmr		pending		
@AuraAI-t1v		pending		
@AuraAIs-AB		pending		
@auraanimatics4853		pending		
@AuraBeat_Music		pending		
@AuraCityShorts		pending		
@AuraDrama-7		pending		
@auraediting-12	UCKgMXbRrEjQzrszobmcMoTQ	ok		Alytedit
@AuraFantasyAI		pending		
@AuraIA_ASMR		pending		
@AuraiOfficial		pending		
@AuralGlade		pending		
@auralionrealm		pending		
@auralumiasmr	UC34o20QOqQvclCGUqElrjoA	ok		AuraLumi ASMR
@AuraMelodiesOnly		pending		
@aurarefusalid	UCfdR0jRl4HastnNb7fUrkhQ	ok		Aura Refusal ID
@AuraSatisfyASMR		pending		
@AuraSound.z		pending		
@AuraStudioASMR		pending		
@AuraTaleStudios		pending		
@AuraVerse_Studios		pending		
@AuraviveSerenity		pending		
@AuraX-Music		pending		
@AuremTales		pending		
@AurenHQ		pending		
@aureonmusi		pending		
@AurexTrailers		pending		
@auriculardiscovery		pending		
@AurixTunes		pending		
@Auronis-777		pending		
@aurora.heaven18		pending		
@aurora84official		pending		
@aurorabeatssunoai-zn4xx		pending		
@auroraethereal5825		pending		
@Aurorasinclair-e9n		pending		
@ausgewahltestadte		pending		
@AusgewählteStädte		pending		
@Aussie-Inside		pending		
@AussieLawExplained		pending		
@AussieProductsUncovered		pending		
@aussierev		pending		
@AussieTrolleyTruth		pending		
@AussieWarArchives		pending		
@AussiewithAlf		pending		
@AustinInvest		pending		
@AustraliaInsightTV		pending		
@AustraliaKnows		pending		
@AustralianUndone		pending		
@AustraliasHiddenWar	UCHTAzWrvbrvwUJ3PyspiqEw	ok		Australia’s Hidden War
@AustrianOfficial		pending		
@AUSTYoutube		pending		
@AuthenticIgorotMusicVibes		pending		
@authenticone-w2t		pending		
@AuthenticOutlawMusic		pending		
@AuthorityMeetsReckoning		pending		
@AuthorityTalesYT		pending		
@AutoAddicts-0		pending		
@autocamperexplorer90		pending		
@autocheckerde		pending		
@autoclipsapp		pending		
@AutoContentAPI		pending		
@AutoDecoded-t2n		pending		
@AutoJWorld		pending		
@AutoLeatherLine		pending		
@AutomaForge		pending		
@automatedsounds		pending		
@AutomatewithAftab		pending		
@AutomationCentral		pending		
@AutomationXpertz		pending		
@AutoMatrix0		pending		
@AutoMetricsHQ		pending		
@AutoMitKopf		pending		
@Automobile-world-z5e		pending		
@Automobilesgalaxy		pending		
@automotofreak		pending		
@autonextlevel		pending		
@AutonomiBulgaria		pending		
@AutonomousMusicGroup		pending		
@AutoPower-u1b		pending		
@AutoPrimesUSA		pending		
@Autopulse-0426		pending		
@AutoReforge		pending		
@AutoReview-fe1		pending		
@AutoridadEnCristo-AC		pending		
@AutoScope.1-s8s		pending		
@AutoSignals		pending		
@Autoszok		pending		
@Autotrends5		pending		
@AutoUnmasked-us		pending		
@AutoVaultASMR		pending		
@AutoVerseAI-o8f		pending		
@AutoVizeOfficial		pending		
@AutoWissen123		pending		
@autumnhaven1		pending		
@AutumnWhispers-x6s		pending		
@AuvanoMusicYT		pending		
@AUVERSLOUNGE		pending		
@Av-ai-agent		pending		
@AvahealthNexus		pending		
@AvalancheAICreations		pending		
@AvaLastWitness		pending		
@AvanzarJuntoADios		pending		
@AvarenStudios		pending		
@AvaRevenge96		pending		
@AvatarStandUp		pending		
@avclabs1412		pending		
@Aveline-r7l		pending		
@AvenWyrdOfficial		pending		
@AVERORA		pending		
@Averystories-e1m		pending		
@Avesstorytelling		pending		
@avestrasky		pending		
@avi_ai_cartoon	UCB6b7WwD-UgQ0wjoHYsnTvA	ok		ai cartoons
@Aviation-files		pending		
@AviationExplained4you		pending		
@AvijitStudiofficial		pending		
@AvoidantAttachment-3.5k		pending		
@AvoidFlightBans	UCiaQXTGzrFfBCppui4rPDIg	ok		Avoid Flight Bans
@AvoreMusic		pending		
@AvrikanTales		pending		
@AvsecTV		pending		
@awakened_in_silence		pending		
@AweFolktales		pending		
@AwesomeTalesByBee		pending		
@awibalum49ers		pending		
@AwkwardEgyptians		pending		
@AwnestInstrumentals		pending		
@AWorldAccordingToAI		pending		
@aworldof_fantasy		pending		
@aworldwithai		pending		
@awstudioai		pending		
@AwZarSong		pending		
@axalegendz		pending		
@axanimalscartoon	UCwvAsig1yGsEx3eXNwFIQ8Q	ok		AX ANIMALS CARTOON
@AxelFrosten		pending		
@AxelineOfficial		pending		
@AxenCool		pending		
@axieadventures	UCZ4h9Hm_9usfZ365XrgF9HA	ok		Axie’s Adventures
@AxionAIStudio		pending		
@AxisStudio-q3e		pending		
@axlearns		pending		
@AxoVoid		pending		
@axumrockwell		pending		
@AXXA.I		pending		
@ayaanraza-r6k	UCb3JxHYGX7BuyU70BCDujrA	ok		Crazy Ai 2.0
@Ayaanyousif		pending		
@AYALounge		pending		
@AyanKhan-kx3uo		pending		
@ayankidsfun	UCYMNbX3dhYM74hnKRAqIiZA	ok		Ayan kids fun
@ayasdomi		pending		
@AyatAlkitabhariini		pending		
@ayayatenkailocanosongs		pending		
@aylachanofficial		pending		
@AynaMusicStudio		pending		
@Ayoafricafalktales		pending		
@AyoDularMusic		pending		
@ayselbicer-k7b		pending		
@ayselbiçer-k7b		pending		
@ayushbhardwaj-s1g	UCXztMaQ8qXpZ01OBbZQH4IA	ok		Ai cat videos
@Ayyan-h7p		pending		
@AzarashiRecords		pending		
@AzASMR-00	UC-ZzvdrK4pi_gW1ZsyTz1jw	ok		AzASMR
@azeh34		pending		
@azhanvfx		pending		
@AzharAbiden0786		pending		
@AzlanEmotianalstories		pending		
@Azophiel		pending		
@azrielxpandii	UCgvouHNo7HVmVASKKR40S7w	ok		Azriel x Pandii
@azu_biketv		pending		
@AzuraSound		pending		
@AzurBliss		pending		
@B-B_en		pending		
@b.a.animation	UCXCaaDlEi0nr0N1OfbQ-3hw	ok		B.A.Animation
@b.ruthglenn		pending		
@b2xcountrymusicfanmademusic		pending		
@B3.BrainBeautyBusiness		pending		
@BaadReddit		pending		
@BABA_808		pending		
@baba_yagna_ambient_haven		pending		
@babasadiqhausanovela		pending		
@BabciaAniaPL		pending		
@BabciaKrysiaPL		pending		
@babciawyjasnia		pending		
@BabciaWyjaśnia		pending		
@babeepixstories		pending		
@BabiesCatFamily		pending		
@babitavibe		pending		
@BablakBonsignore		pending		
@bably-ai		pending		
@Babsi_79		pending		
@Baby.podcast21		pending		
@Baby_LeanneMorgan		pending		
@baby_story_fun_01		pending		
@BabyAchtung		pending		
@babyaigeneration		pending		
@BabyAIPodcast1		pending		
@Babyaveer2		pending		
@babybeats4kids		pending		
@BabyBitesAI-c2z		pending		
@babycat-e7i	UCSC2Q6Ix1mjyekhfCfB3e1Q	ok		Baby Cat World
@BabyDreamWorld-d1j		pending		
@BabyFoodAi-b1z		pending		
@babyfunvideo	UCGhhaqspJbK1WkJrXiSq7AA	ok		Babyfunvideo
@BABYKIDSTV-z8r		pending		
@babykittenai3	UCN_-eOuxVYSMa_q95CLUjLA	ok		Baby & kitten AI
@babylearning-q8o		pending		
@BabylonStillBurn		pending		
@BabyMorphai		pending		
@BabyNewsNetworkYT		pending		
@babypenguin_official	UCQrjtq1fAF-_ktx5cqNG9BA	ok		Baby Penguin
@babypenguinsol	UCQNrHIgDf58icV1qGkK2aPg	ok		Baby Penguin 🐧
@babysavemesorry	UCsT6LxXDjbSCrWQkukiSU9Q	ok		BABY SAVED
@babysaves	UCy0RNLjAMUN4d7p0cIYEd5g	ok		Baby Saves a...
@babyshome_hindi1	UCisMaHYFgeBcDW-5fDv_7MQ	ok		meow mama babycat
@babytalks2025	UCqxrqux5apNUwCSxM4Nb6mA	ok		Baby Talks AI
@BabyTopia-S2		pending		
@BabyTVGreenChick	UCrKEumk1UsY_B-G9c3AFGNQ	ok		BabyTV - Green Chick
@BabyViralTrend-520		pending		
@babywithtinypup-0829	UC8cRF-lWl363t160cFgTObQ	ok		Baby & Tiny Pup
@Back.FromDeath		pending		
@BackBeforeHQ		pending		
@backdoorceleb		pending		
@BackdoorHipHop		pending		
@BackroadEstates		pending		
@BackroadMelodies-g7t		pending		
@BackroadsCountryBallads		pending		
@BackshiftGarage		pending		
@BackstageClassics		pending		
@Backstagenoise2000		pending		
@Backstory_of_History		pending		
@backthenwithtruel		pending		
@Backto80sRadio		pending		
@Backtohistory123		pending		
@backtonew-x2x		pending		
@BackToThe80s-t4y9r		pending		
@BacktoYesterday-1		pending		
@BACKWOODSOUTLAWBADDIE		pending		
@Backyard-Bounty-l9k		pending		
@backyardbanditstv-j9i		pending		
@BackyardBirdMind		pending		
@BackyardProof		pending		
@BAD_DEAL1		pending		
@BadAIdeas		pending		
@badaotv1		pending		
@BadassRitzX29		pending		
@BadBatchAI		pending		
@BadBunny_19pk		pending		
@BadCatPlay2026		pending		
@Baddieinbiz		pending		
@BaderAlasfour-y6z		pending		
@badisydri2		pending		
@baegkyu		pending		
@Baelful		pending		
@baggicatai	UCMvXHQhDpTmi-NlPJ2UNLaw	ok		Baggi cat Ai
@BAGUALZ		pending		
@baguyzkurniawanz		pending		
@BaharAIArt		pending		
@baiband		pending		
@BaichuanAIComics		pending		
@baiforyoutube-g2s	UCH8Z9_k5FmD4D4EaaJT4sPQ	ok		b ai for YouTube
@baimstdio		pending		
@Baize031		pending		
@BakerStreetSleuth		pending		
@baladasinolvidables-o6w		pending		
@BaldGeeSaga		pending		
@BaldlyAnimated		pending		
@BaleineAnime		pending		
@BalladsoftheFantasyKingdom		pending		
@ballermeows	UCWdU1jziziLoIx7522YJrvw	ok		Ballermeows
@balmycove		pending		
@BalochBoy-s7v4i		pending		
@bamboohealingrelax2eqa1		pending		
@Bamixbeats		pending		
@bamo-fx		pending		
@banana-pro-ai		pending		
@BananaFinancial		pending		
@bananaluv		pending		
@Band-History		pending		
@band4you		pending		
@BandarApnaDost		pending		
@banditosbeats		pending		
@BanditStories9		pending		
@BanditsVideo		pending		
@BangAndezChanel		pending		
@BangJulOtoritas		pending		
@BangRevenge		pending		
@banguntut2988		pending		
@banguyen-s9y	UCUV9zGaa_layAbPWWjXbKIg	ok		Ba nguyen
@BANJOSALOON		pending		
@BanjoTechnoBeat		pending		
@BankaRenKura		pending		
@bankbackchimp		pending		
@BANKITALES		pending		
@BankofPodcast		pending		
@BannedCampeing		pending		
@bannedvaultcamping		pending		
@bannerloreofficial		pending		
@banshinjpop		pending		
@banterworld0		pending		
@Banthefinancialhistorian2		pending		
@bants404		pending		
@bantutreesounds		pending		
@BaobabChronicles-25		pending		
@BaobabRootsCollective		pending		
@BaobabStoriess		pending		
@BaobabTales123		pending		
@baobabtracks		pending		
@baongureview		pending		
@BapisAIAdventures		pending		
@bappabagdi123	UCSDMuEZXXBJnkgcijJcL-HA	ok		Meow Memories 😻
@bapreviewphimmm		pending		
@BAPStories		pending		
@baqafrost		pending		
@Bar-Time-Jazz-f3j		pending		
@barakahrizqquran	UC2Y9aMA0kA0ksz0cWKtrk8g	ok		Barakah Rizq Quran
@BaramPiano		pending		
@BaranggayBudotsVibes		pending		
@BarbaraClark-h2f		pending		
@barbariisater		pending		
@BarcelonaSessionsMusic		pending		
@BarChatNoir_Global		pending		
@BardicCanvas		pending		
@BardicLegends		pending		
@BardicSymphonyNS		pending		
@BardoftheGreenwood		pending		
@BardStrike		pending		
@BareFacedCheekBFC		pending		
@BarefeildStories		pending		
@BarelyEvolved		pending		
@barelyjazzmusic		pending		
@BareStringsAI		pending		
@BarhoundOfficial	UCG7LMNXonPrGyYhgq5VjSlg	ok		Barhound
@bariminanimation114		pending		
@Barndominium-HomesandPlans		pending		
@barndominiumbliss		pending		
@BaroqueElegance		pending		
@BaruchSpinozaElPulidordeLentes		pending		
@baseball426		pending		
@BaseballMemories		pending		
@basedbrew		pending		
@Basi_70		pending		
@Basically-Primitive		pending		
@BasicMusicCover		pending		
@bassglyph		pending		
@BassRitual-k2g		pending		
@Bat_Verse		pending		
@bath-toys		pending		
@bathedinflame		pending		
@Battalica		pending		
@BattleAI-z3r	UCAK5P6uZJYb3QNZRhAh9rpw	ok		Battle AI
@battlefield.history		pending		
@BattlefieldBreakdown-w		pending		
@battlefieldlegends9		pending		
@BattlefieldOfKnowledge		pending		
@BattlefieldUncovered-n3q		pending		
@battlegroundchronicleswwii	UC6JAqLGLkkLLIurht-j59bA	ok		Battleground Chronicles WWII
@BATTLEHOA		pending		
@battleoftheinternet1		pending		
@BattlePulse-t1c		pending		
@battlesofthecentury-j8d	UCjGI8k4fa5V1CcTl01y0QvA	ok		Battles Of the Century
@battletrack		pending		
@BauchRebell		pending		
@bauernschatze		pending		
@BauernSchätze		pending		
@BauhhVv	UCkAD5qgRAR-O15ROadrOD7Q	ok		Bauhh Vv
@BAYANWATCHS		pending		
@BayberryStories		pending		
@BaylessDAmbra		pending		
@Bayoublues-z7m		pending		
@BayouMojoBlues		pending		
@bayroncabrera665		pending		
@BayVienNgocRongVN		pending		
@Bazooka46		pending		
@bballexplainedd	UClV6YhK5C_HoZ00yntYulLQ	ok		bball explained
@bbcreators		pending		
@bbctopanimalslife	UC0oA-rCI3NXX4SRVzJoS5FQ	ok		BBC Top Animals Life
@bbmbbm0402		pending		
@BBN_FanMadeMusic		pending		
@BBTASMR		pending		
@bbtv28		pending		
@bdaivideotlr	UCOlOASrxKpgViqTigp_pywg	ok		BD Ai video tlr
@bdanimation20	UCYe2i3oF6DqY7zU_lkA4l4g	ok		BD Animation
@bdtoonai	UCxHSr58SWzLDAF16hi9uvyw	ok		BD TOON Ai
@BDwier		pending		
@be_still_studios		pending		
@BeamDrama		pending		
@BeamNGTN	UCdqIB5lVNXeDXPa_onmH6Ow	ok		BeamNG TN
@BearASMRStudio		pending		
@bearded-ai-guy		pending		
@beasfolktale02		pending		
@Beast_Withinn		pending		
@BeastBuildersPolska		pending		
@BeastEvolutionAnime		pending		
@BeastieBanters		pending		
@beastmunda1		pending		
@BeasTube_N1		pending		
@BeataNativeAmericanFlute		pending		
@BeatBloomSong		pending		
@BeatboxX_X		pending		
@BEATBYTE001		pending		
@BeatDbox		pending		
@beatflickers_citypop		pending		
@Beating-music		pending		
@beats_enterteiment		pending		
@BeatsBitesLondon		pending		
@beatsbyrobots		pending		
@BeatsbyTokyo_ChillRelax		pending		
@BeatStories-US		pending		
@BEATStories3	UCVxYqb_4fmpsScrLYwgMlyQ	ok		BEAT Stories
@BeatVerse360		pending		
@BeatVora-j3l		pending		
@BeautifulFlowerShortDrama		pending		
@beautifulstory-c3o	UCVcr3Dm9WbehC3U3dLye1hw	ok		Beautiful Story
@BeautifulWorlds-v4r		pending		
@beautygirl782	UCj2D6nmsil523dK_EGayTAg	ok		nadeemuddin shaikh
@beautynotesedit		pending		
@BeautyofAi-4		pending		
@BEAUTYOFAI90		pending		
@Beaver-Engineer		pending		
@beaverstories636		pending		
@BEBZZI		pending		
@becausehoasaidso		pending		
@BeckyStories1		pending		
@Becoming-Lacey		pending		
@BecomingLacey		pending		
@BedLoriaASMR		pending		
@BEDROOM9		pending		
@bedswhisper	UCa3nCm7vp3ve5M_8rUJ24gw	ok		Beds Whisper
@BedtimeAiASMR		pending		
@BedtimeBiographies2		pending		
@BedtimeHistory-USUK		pending		
@BedtimeMagicTalesbyRand		pending		
@bedtimestories.forsleep		pending		
@BedtimeStoryMedia		pending		
@bedtimethroughhistory		pending		
@BeeCurious777		pending		
@BeeExplains-t9q		pending		
@BeeKhamPha		pending		
@beepbeepbro		pending		
@BeesSymphony		pending		
@Before1945s		pending		
@before_history_0		pending		
@BeforeCivilization-01		pending		
@BeforeHistory-Official		pending		
@BeforeItsTooLate-Official		pending		
@BeforeItVanished0		pending		
@BeforeReligion		pending		
@beforescroll67		pending		
@BeforetheManual		pending		
@beforeus-2024		pending		
@BeforeYouRegretIt-l2u		pending		
@BEGALAB		pending		
@begaureview-z3k		pending		
@BeginningToNoww		pending		
@Beh-e786		pending		
@BehavioralCipher		pending		
@behind-the-chef-ai		pending		
@Behind_the_Markets		pending		
@BehindClosedDoors-USA		pending		
@BehindClosedDoorsStories-e3v		pending		
@behindhoastories		pending		
@Behindprocess07		pending		
@BehindScene123		pending		
@BehindStoriesYT		pending		
@behindthe_market		pending		
@BehindTheBattle-s4w		pending		
@BehindTheCasino		pending		
@BehindTheChat		pending		
@BehindtheCopperDoor2		pending		
@behindtheeconomy-h6z		pending		
@behindthefactory1		pending		
@BehindTheGavel-d8w		pending		
@BehindtheLense7		pending		
@behindthemachines01		pending		
@behindthemachinese		pending		
@BehindtheMusic-y5m		pending		
@BehindthePriceTags		pending		
@BehindtheScreen-l4d		pending		
@behindthestoryline-bts		pending		
@BehindTheTechx		pending		
@behindukpolitics		pending		
@beingengineer100x	UC_hSDkjIWKn0X1NFpi_rGOA	ok		Being engineer | Vijay Saini
@bekir.abitoglu		pending		
@Belai_EM		pending		
@BelakangKelas		pending		
@BeldamGroove		pending		
@BelfortFinancier		pending		
@Belief-jesus		pending		
@Bella_dgnmds		pending		
@BellaFearTales		pending		
@bellalovesasmr	UCDnDqzQFFI3XQbrf5HvxTHg	ok		Bella’s ASMR
@Bellas-Romance-Library		pending		
@Bellatv-q4o		pending		
@BellaVitaMusic-w5m		pending		
@BellBitsAI		pending		
@BellixAI		pending		
@BellsAIStories		pending		
@BellyAsmr-z2u		pending		
@belmontwhitewolf		pending		
@BELOW71S		pending		
@BeMyself-j8c		pending		
@BEN-Moment368		pending		
@BENBECKAi		pending		
@BenchAuthority-t2y		pending		
@BenChoiOfficial		pending		
@BenchOrders		pending		
@BeneaththeBridges		pending		
@beneaththemedal-warstories		pending		
@BenefitsWithSophia		pending		
@BengkelLasEndikSteel		pending		
@BenHodgesCentral		pending		
@BenHodgesInsights		pending		
@BenHodgesReports		pending		
@Benita_in_history		pending		
@benjamin-v8v3x		pending		
@BenjiPNG1		pending		
@BenjisAIPlayground		pending		
@BENJIxScarlett		pending		
@BennettCreekAI		pending		
@bennettwaisbren	UCv-OtXm1LdKHWAYOMy1bFZQ	ok		Bennett Waisbren
@BennyJ504		pending		
@BennysFolktaleStories		pending		
@benova_official		pending		
@Bente_pro		pending		
@bentrinibago5309		pending		
@beonosound		pending		
@BeProductiveOfficial	UCpN4xx95-4aTpCLWOPNsuYg	ok		Be Productive
@BerandaGosip-m5k		pending		
@berenyalov		pending		
@Beritaanimeku		pending		
@Berkshire-Mind-5		pending		
@bernard_ai		pending		
@Bernard_Films		pending		
@BernardAnimationOfficial		pending		
@BernieBernie-vx3qv		pending		
@berrybites-05		pending		
@BerryHappyAI		pending		
@BerryMood7		pending		
@Berthastories		pending		
@BertramAiArt		pending		
@BeshelClemzStudios		pending		
@best-aiorg		pending		
@Best-Novel777		pending		
@Best_Ai_vid		pending		
@best_of_ai-43		pending		
@bestai-i6p	UC63IOyHym-7h1GSKpoz6tIw	ok		World of AI
@BestCruiseTips		pending		
@BesterBattlegrounds		pending		
@BestFindGuide-j5x		pending		
@BestFuturisticGadgets		pending		
@BestiasdeCarretera		pending		
@BestKeptSecretAudio		pending		
@bestlifemovies		pending		
@bestpink5945		pending		
@BestPomiMomi		pending		
@bestriverrelaxing		pending		
@BestRootsReggae		pending		
@BestSmartKitchen12		pending		
@beststories9999		pending		
@besttrendzoo		pending		
@bestva_ai_3d		pending		
@BestWesternLoveStories		pending		
@BestWildWestStoriesNarration		pending		
@bestww2archives	UC79E_7rLuWtFFZvJOo-8KuA	ok		Best WW2 Archives
@Betrayal_Chronicles1		pending		
@BetrayalNarrativesj		pending		
@BetrayalNotice		pending		
@BetrayalStories-u4n		pending		
@BetrayedandAwakened		pending		
@betteraginggg		pending		
@bettercalldyno	UClyFI7zlarqDV1mbmXcMIZw	ok		Better Call Dyno
@BetterLiving00		pending		
@BetterTomorrow-l7w		pending		
@BetterU-101		pending		
@bettystorytales1		pending		
@bettystorytime1		pending		
@BetweenPowerPassion		pending		
@BetweenusandtheMachine		pending		
@BevereRomanceLibrary		pending		
@Beyond-Blueprint		pending		
@beyond_infinity_studio_2026		pending		
@Beyond_Kindness		pending		
@Beyond_RealityAI-1		pending		
@Beyond_The_Nexus		pending		
@Beyond_the_Possible		pending		
@beyondAImm		pending		
@BeyondAnimeAI		pending		
@BeyondBeingDad		pending		
@BeyondBeliefLists		pending		
@BeyondBlackboardTelugu		pending		
@BeyondBordersYTTV		pending		
@BeyondBoringCurrency-l7z		pending		
@BeyondColor9		pending		
@BeyondDiscoveries		pending		
@beyondeconomy98		pending		
@BeyondExplanationTV1		pending		
@beyondexplorer-s3r8y		pending		
@BeyondFacts		pending		
@BEYONDFRAMES-Channel		pending		
@BeyondGilded		pending		
@BeyondHogwartsAI1		pending		
@beyondimagination777		pending		
@BeyondInfiniteVeil		pending		
@BeyondMansion		pending		
@beyondmilitary		pending		
@beyondprayerusa		pending		
@BeyondReality-AI-Studio		pending		
@BeyondReality2.0-VR		pending		
@BeyondReality34		pending		
@beyondrealityAI-o9q		pending		
@BeyondSeoulStories26		pending		
@BeyondStocism		pending		
@BeyondtheBadge5		pending		
@BeyondTheBars07		pending		
@BeyondTheFrame2469		pending		
@Beyondthelens-r3v	UC2OWf2jSRQPmG4sxYFfMKQw	ok		Beyond the lens
@BeyondThePorchStories		pending		
@BeyondTheSpotlight-m8b		pending		
@BeyondtheState-h6v		pending		
@BeyondtheUniformqsxe		pending		
@BeyondtheVeil-j6n		pending		
@beyondtheveil2222		pending		
@BeyondTheVerses2OFFICIAL		pending		
@BeyondtheVersesOFFICIAL		pending		
@BeyondtheWs		pending		
@beyondthinwalls	UCs3RU6jbrxW1XwfPrm-aXsQ	ok		Beyond Thin Walls
@beyondunknown7759		pending		
@BeyondWealthStories		pending		
@BeyondWisdom60		pending		
@bezexa_istorii		pending		
@BGFilmsEntertainment	UCDwBkOWBm_nGrbC1ts16vMw	ok		BG Films Entertainment | AI Movie Film Studio
@BGM_Official_Studio2		pending		
@BGM_Official_Studio3		pending		
@BGMJazzBeat		pending		
@bhaaratdesh-tv		pending		
@BHADRA_KP		pending		
@BhaiInform		pending		
@bhaisabhulk	UCxNVYiTX__gfN56QbNDyjrA	ok		Bhaisab_Hulk
@bhaktdhan	UCDEGW904IY0xojkfFb7Hq1w	ok		bhaktdhan
@BhaktiAILifeLessons		pending		
@bhaktikishakti-bs		pending		
@bhaktiytaman_yog		pending		
@BharatArora		pending		
@bharatbaraiya5909		pending		
@BharatSinghhelp		pending		
@BhargabSarma-l1n		pending		
@bhartichawla9		pending		
@bhartiyaurdumusic		pending		
@BhattiSci-FiTV		pending		
@Bhaukalivlogs14		pending		
@BheemunipaduSumithraAIMOVIES		pending		
@Bhojan_Verse_AI		pending		
@bhojpuri_gemar_yt	UC_7Dj39p7IOwObLQKcrxxHA	ok		TK_VIKAS_7 8 6
@BhooBhookidz		pending		
@BHSCDreamCircuit		pending		
@BHUMIKGOYALVLOGS		pending		
@BhumiRelaxingASMR		pending		
@BianCoreMusic		pending		
@BIAxXxFolktales		pending		
@bibelai		pending		
@bibikids_fr		pending		
@Bible-Energy		pending		
@Bible-in-me		pending		
@bible-says-1		pending		
@bible-stickman		pending		
@bible-undefeated		pending		
@bible-unfiltered		pending		
@Bible-w8j		pending		
@Bible.Odyssey		pending		
@bibleaistories_official1		pending		
@BIBLEAISTORY-l7l		pending		
@BIBLEAIUS		pending		
@bibleaivisuals		pending		
@BibleandBytes		pending		
@bibleandhistoryfacts		pending		
@BibleAwakening-6		pending		
@BibleBeats-q5l		pending		
@BibleBrickStories		pending		
@BibleBuiltyt		pending		
@BiblebyCandlelight		pending		
@BibleChroniclesAnimation		pending		
@BibleEchoesYT		pending		
@BibleExploreAI		pending		
@BibleFiles365		pending		
@BibleForSleep-n4c		pending		
@BibleHarbour		pending		
@BibleHavenStories		pending		
@BibleHidden101		pending		
@BibleHiddenMysteries		pending		
@BibleHiddenTruths		pending		
@BibleInsightBB		pending		
@BibleIntensity1		pending		
@BibleJazzRadio		pending		
@BibleJoyKids02		pending		
@BiblekiKahaniyan-j7d		pending		
@biblemadeeasy2		pending		
@biblemadesimple-nvh		pending		
@biblemp3		pending		
@BibleMysteriess		pending		
@BibleNutshells		pending		
@BibleOrigins1		pending		
@BibleQuestions.Official		pending		
@biblereading-d1p		pending		
@BibleReimaginedbyAI		pending		
@BibleScriptureExplained-Bible		pending		
@Biblesecretsai		pending		
@BibleSprings		pending		
@BIBLESTORIES-g4d4o		pending		
@BibleStories.official		pending		
@BibleStoriesAi-e7v		pending		
@BibleStoriesinBlack		pending		
@BibleStoriesMinistry		pending		
@BibleStoriesUntoldTV		pending		
@BibleStoryAIStudio-x7l		pending		
@Biblestoryanim		pending		
@BibleStoryCorner		pending		
@BibleStorytimeForChildren-1		pending		
@BibleTruthDeliverance		pending		
@BibleVersesInAI		pending		
@BibleVibes-EGW		pending		
@BiblevibesAI		pending		
@BiblevisionAI-j5f		pending		
@BibleVisionAi-x2f		pending		
@BibleWisdom1431		pending		
@BibleWisdomOfficial		pending		
@Biblewithlife-short		pending		
@biblia_rozdzial_po_rozdziale		pending		
@BibliaNaZawsze		pending		
@BibliaOculta365		pending		
@BiblicalChroniclesChannel		pending		
@Biblicalexploits		pending		
@BiblicalFacts-1		pending		
@BiblicalFootsteps		pending		
@BiblicalMoneyWisdomUsa		pending		
@biblicalmysteriesexplained-f5h		pending		
@biblioteca5656		pending		
@BibliotecaGalactica-r7t		pending		
@bibliyamusic		pending		
@BiboGeek		pending		
@biborantv_music		pending		
@BiciaDuszy		pending		
@Biestories1		pending		
@bietonreview		pending		
@Big.K.Korner	UCQAZaH42hFUO-JoigTjQGyA	ok		K-Korner
@BigBearStudio_Gummy		pending		
@BigBrainExplains		pending		
@BigBuildsOfficial		pending		
@bigbunnyaiworld		pending		
@BIGCAT-c7d		pending		
@BigfootArchivesnew		pending		
@BigFootBoyzVlog		pending		
@bigfootencounterstv		pending		
@BigfootFeed		pending		
@bigfoothits	UCmq51_f2bTOzlpaJVoLFVEA	ok		Bigfoot Hits
@BigfootJungleGuyz		pending		
@BigfootVlogsAi-i1r		pending		
@biggun13e		pending		
@bighankwildweststories		pending		
@BigHeart-Stories		pending		
@BigImportantCompany		pending		
@BigJaytales		pending		
@BIGPAHAINSTRUMENTALS		pending		
@bigrigfiles		pending		
@Bigscaleprocess		pending		
@BigStar1101		pending		
@BigstarV8		pending		
@BigStepsMedia		pending		
@BIGVIBEZENT		pending		
@BigWizMedia		pending		
@BigWorld-rr2ss		pending		
@biharaicreator-t9m		pending		
@BiharDongSogoy		pending		
@biharitech-m3r		pending		
@Bijus		pending		
@BikanHotDrama		pending		
@BikeBeat01		pending		
@BikeBlasters1		pending		
@BikeBrand-q7d		pending		
@bikenews-f1u		pending		
@Bikenews-x1b		pending		
@BikerAngelsChronicles		pending		
@BikerGuardianStories123		pending		
@BikerLegendsChronicles		pending		
@Bikers_LastRide		pending		
@BikersSoul1		pending		
@BikerStoriesDaily		pending		
@BikerTalesUSA		pending		
@BikeZone34		pending		
@Biki-i9j		pending		
@bikramsarkar2318	UCaPDWwQTFw6G3RJl33l921g	ok		ai rabbit
@BilgeBound		pending		
@BilgeRatsYT		pending		
@Bilkytitanmusic		pending		
@Bille_Finance		pending		
@Billionaire-Tales-i8e		pending		
@billionaire.burial		pending		
@billionaire_romance		pending		
@billionaireceostories-h7y		pending		
@billionaireceostory	UCQBVEEqBQWnBUrWlnX1GFJw	ok		Billionaire ceo story
@BillionaireGod-x9e		pending		
@billionairelifestyle0813		pending		
@BILLIONAIRELINKMEDIA		pending		
@Billionairelnvestment		pending		
@BillionaireLoveAffair	UCi1VoMqnipidTy0nbWyx6Dg	ok		Billionaire Love Affair
@BillionaireRevengeStoriesN13		pending		
@BillionaireTales-q2t		pending		
@BillionsRec		pending		
@Billoo-QQ		pending		
@BillSmith-z6y		pending		
@Billsofarsogood	UCLEitwrMzt5auWgDh4EzM3A	ok		The 11th Hour
@Billubhaiofficial		pending		
@billyAIart		pending		
@BimoOfficialTV		pending		
@Binary_Cassette		pending		
@bingedrama-kj		pending		
@BingestoriesAnimations		pending		
@BingoDanceBingo		pending		
@BinipSongAi		pending		
@binitube17		pending		
@Binniecover		pending		
@biochiao		pending		
@BiografiasIrrelevantes		pending		
@BioImpactt		pending		
@BiolaTVStories		pending		
@BioLimit		pending		
@BioMechZoo		pending		
@bioprocessfactory	UCe3mjmWm8RP4EmqqBuZ-Fmg	ok		Bio Process Factory
@BiotaArchive		pending		
@Biovision2.0		pending		
@BipedalCatBureau		pending		
@birdboxstudios		pending		
@birthdaypartymusicofficial		pending		
@BiscuitBeatsAI		pending		
@BiscuitsKitchenAI		pending		
@biskopnusantara		pending		
@bismillah89-j9m		pending		
@BisRockRewind		pending		
@BIT_OWNIA		pending		
@bitacoraoculta		pending		
@BitBiasedAI		pending		
@BitByteTalks		pending		
@BitcoinBillionaireSeon		pending		
@bitcoinglobalnews-z9q		pending		
@bitecheck_1		pending		
@Bites-Of-The-Past-p7d		pending		
@BiteSizeTwist		pending		
@bitesizeww2	UCok2xg0PZv3eUPR0vZQgyNw	ok		Bitesize WW2
@BitreaderUniversalSoundBOX		pending		
@BitRiff		pending		
@bittergracestories		pending		
@BitterJustice-p3w	UCwcE6MoEwVAzxUG8Z_ODf6Q	ok		Bitter Justice
@BitWavenChill		pending		
@BitwiseExplained1		pending		
@BizarreCompass		pending		
@BizflowAI-IO		pending		
@BizIntelEN		pending		
@Bizy-Lizy		pending		
@bjorth_official		pending		
@Bk.SHIKATA		pending		
@bkcrypto-l2e		pending		
@bkdjart		pending		
@BL_ABOStories		pending		
@BL_FRAMES		pending		
@Black.Soul.Stories	UC6YedTGXbl9Whxy3TVxJQBA	ok		Black Soul Stories
@black_kamui.		pending		
@Black_LegacyTv	UC4pxqFQbsGfO2AGUrxenJsQ	ok		Black Legacy
@BLACKAIBIBLE		pending		
@BlackandWhiteBible		pending		
@BlackBattalion-v9d		pending		
@BlackBeltHonor		pending		
@BlackBeltValor		pending		
@BlackBoardAI		pending		
@BlackboxDE		pending		
@BlackBoxHFY123		pending		
@blackcanvasafrica		pending		
@BlackCaptainExtra		pending		
@BlackCaptainHFY		pending		
@BlackCatDrama-w3u		pending		
@blackcatfunk		pending		
@BlackCatJazzClub		pending		
@blackcatstuðio		pending		
@BlackCatStuÐiø		pending		
@Blackceotales		pending		
@BlackChronicle-b2b		pending		
@blackcoffeeinspirestudio		pending		
@blackcrown-h5q		pending		
@BlackDadLeagacy-22		pending		
@BlackDiamond-US		pending		
@blackEagle_Gaming47		pending		
@BlackEyeMedia70		pending		
@blackfacetrader		pending		
@BlackFedoraClub		pending		
@BlackFile-w9l	UCqZ82YkVpgfVCJybWpVEExw	ok		BlackFile
@Blackfiles-HD		pending		
@BlackFreedom2		pending		
@blackgoldtales		pending		
@BlackHoleProjectOfficial		pending		
@BlackHollowUnion		pending		
@BlackIcons		pending		
@blackies-wake		pending		
@blackintimehistory		pending		
@BlackjusticefilesTv		pending		
@BlackJusticeLens		pending		
@BlackKarmaStories2008		pending		
@BlackKarmaTV1		pending		
@blacklampjazz		pending		
@blacklegacychronicles9909		pending		
@BlackLivesStorie		pending		
@BLACKMARKET_FILES		pending		
@BlackMemoriesYT		pending		
@BlackMichaelStories		pending		
@Blackout-out		pending		
@BlackoutBriefing-b1j		pending		
@blackoutsurvivallab-k9l		pending		
@BlackPaperTV		pending		
@BlackPowerTruth		pending		
@BlackProphecy7		pending		
@BlackQueen-US		pending		
@BlackRavenWesteros		pending		
@BlackRifleStories		pending		
@BlackRoadRiders79		pending		
@Blackseoultales		pending		
@BlackSteelRecords		pending		
@BlackStories-tv		pending		
@BlackStoriesUntold25		pending		
@blackstorieswithdrbilal		pending		
@blackstorytalestv		pending		
@blackTale-1		pending		
@BlackTalesSecrets	UCQ1z8nwOO0_Rz9OyfMTGKaw	ok		Black Tales Secrets
@BlackTalesStories	UCHvtiRYxzTqjFBz53CppJsg	ok		Black Tales Stories
@BlackTalesToday1		pending		
@BlackThreadYT	UC0jK9uTVSfnu6WHj5tP5SDQ	ok		Black Thread
@BlacktopNomad9		pending		
@BlackVelvetMurders		pending		
@BlackVoicesUncut	UCPsLiAN4zFyP4wmta1ztwXA	ok		Black Voices Uncut
@BlackWhiteAmerica		pending		
@BlackWitnessAmerica		pending		
@BlackwoodHistory		pending		
@bladeandballad-p2q		pending		
@BLAHNO1		pending		
@BlakeStoriesYT		pending		
@BLAnime-z1s		pending		
@Blank.mp3		pending		
@Blaze_Pop_Music		pending		
@BlazeOfficiallYT		pending		
@BlazeTheater-n5c		pending		
@BlazeWardHFY	UCbS5XW6VIExlzhMpzbg2hrA	ok		BlazeWard HFY
@Blazzze1504		pending		
@BleakRecordz		pending		
@Blesafricanfolktales		pending		
@Bless-f3y		pending		
@BlessedStoriesYT		pending		
@BlessingAdemStudio		pending		
@BlessingHanney		pending		
@Blessingtales		pending		
@BLESSINGTIJANI-v5u		pending		
@BLForbiddenLove		pending		
@blhaven-rm		pending		
@BLHearts69		pending		
@BLHeartstringsStories		pending		
@BlimpyPig		pending		
@blindajedivino1		pending		
@BlindspotFiles		pending		
@BlinkyAnimations		pending		
@BlissFolktales		pending		
@BlissFulASMRofficial		pending		
@BlissfulEnough		pending		
@BlissfullyBrand		pending		
@BlissSweetDrama		pending		
@Blitzrecapreal		pending		
@BlitzTransform		pending		
@Blizzard-band-cr		pending		
@BLKRBBT-e9x		pending		
@BLOBCOREMUSIC		pending		
@Blockbastery		pending		
@BlockBull-01		pending		
@blockbuster-404		pending		
@BlondiFoks		pending		
@Blood-and-Ledgers	UCcZzCR4JyH04oe36vOIeVIA	ok		Blood & Ledgers
@BloodandVessels		pending		
@BloodChronicles		pending		
@BloodLegacyByReddit		pending		
@BloodMoonlightTV		pending		
@BloodOathStories1		pending		
@BloodRoseChronicles		pending		
@bloomKitty-animate		pending		
@BloomRiseStories		pending		
@bloopz-h1z		pending		
@blopaianimal	UCvPv3JC-g_HxLeAQrcoTngQ	ok		Blop AI Animal
@BlowRecordsBR		pending		
@BloxCoreDE		pending		
@bloxempirezz		pending		
@bloxerrblx		pending		
@bloxlyda		pending		
@BLromancetales		pending		
@blstorieshaven		pending		
@blu.g2h		pending		
@blublupenguin	UCOPC-my2fQtNPl0kJheyD5A	ok		BluBlu Penguin
@BLUE-07-OG		pending		
@Blue-blur-25		pending		
@Blue_Note_Jazz		pending		
@Blue_Soul_Lounge		pending		
@blueabysshq		pending		
@BlueberryDrama-o6q		pending		
@BlueCounty-Music		pending		
@BlueDaon		pending		
@BlueDotDiary		pending		
@BlueDragonLofiBeats		pending		
@BlueEmberJazz-r4i		pending		
@BlueFlameSessions		pending		
@BluegrassGospelTunes		pending		
@blueinsidertv		pending		
@BlueLantern-f2h		pending		
@bluenotejazz2		pending		
@BlueprintAmericaOfficial		pending		
@BlueProcess5.0		pending		
@blues-therapy		pending		
@bluesidetales		pending		
@BluesLoungeMusic-s3g		pending		
@BLUESNIGHT35		pending		
@BluesOBlues		pending		
@bluesradiofm-z3o		pending		
@bluesrockfusion		pending		
@BlueSuitBluess		pending		
@BlueSuitChicago		pending		
@bluesuperstory		pending		
@Bluewater_Films		pending		
@Blundera33		pending		
@BluntlyExplained		pending		
@BlurzClips		pending		
@BlushBot-i5h		pending		
@BlushGlowStories		pending		
@BlushNotes		pending		
@BlushRomanceDrama		pending		
@BLUTWIND-Official		pending		
@blv.sontung		pending		
@bm_asawar		pending		
@bmai-art		pending		
@BmBmusic-2132		pending		
@BMSoltai		pending		
@BNCAmericaNews		pending		
@bncwnews		pending		
@bngcrashedges		pending		
@bngfotball		pending		
@bntmusicai		pending		
@BoardKaren		pending		
@boardroombillions		pending		
@BoardroomPOV		pending		
@bobandshumin6828		pending		
@bobbyowenby		pending		
@bobempire88		pending		
@bobesa42		pending		
@Bobfinance-US		pending		
@bobo_panda	UChqFU6KAkv7KolNhgKSsarA	ok		Bobo Panda
@BoboBobo-e9u		pending		
@Bobothescientist		pending		
@BOBReview-x7z		pending		
@BobyFinance		pending		
@Bobykgrow		pending		
@bocadosx		pending		
@BODAHistorias		pending		
@Bodha-Origins		pending		
@Bodhiinsights2024		pending		
@BodoBeatsMusic		pending		
@BodyCam_Pulse		pending		
@bodycamepov	UCD7PyD1VazTpicls008JMRQ	ok		Bodycam Pov
@bodycamevidencehu		pending		
@Bodycamfactory-yt		pending		
@bodycamhiddenfiles		pending		
@BodycamIncidentReports-c8k		pending		
@BodyCamLeak		pending		
@bodycamonrecord		pending		
@BodycamRealityFiles		pending		
@BodycamTruthUncovered		pending		
@BodyResetHD		pending		
@bodyrestart50		pending		
@BodySwapLab		pending		
@bodyswapshift		pending		
@BodyToonFactory		pending		
@BodyUnexplained		pending		
@bodz-ink-animation		pending		
@BoetezzPort		pending		
@bogobjawiony		pending		
@BOIWHATmusic		pending		
@BoldEyes-k3z		pending		
@BoleroGuitarMelodies		pending		
@bollywood-l6c		pending		
@bollywoodactress-o1g8k		pending		
@BoltMotivationYT		pending		
@BombasticAfricanFolktales		pending		
@bonaIdeaPro		pending		
@bonanh2o		pending		
@Bone_ink		pending		
@BoneExperiment		pending		
@boneora		pending		
@boneyTheory		pending		
@BongAIShow		pending		
@bongluareview		pending		
@BonhoeffersLegacy		pending		
@Bonk_AI_Art		pending		
@BonkPals		pending		
@bonsai-effect		pending		
@BonusStageBeats		pending		
@Bonzo-f3x		pending		
@BooAIFilms		pending		
@BookFlickShare		pending		
@Bookimo7		pending		
@Bookish.sistersfl		pending		
@BookMagic97		pending		
@BookShortzSchool	UCydoEuxHaq4FbjONeuOsZwg	ok		Book Shortz
@booksinframes		pending		
@bookzeta		pending		
@BoomBapSyndicate1		pending		
@BoomDrama-m5m		pending		
@BOoMLELOo		pending		
@BooomBapTV		pending		
@BoostLabAi123		pending		
@boot.mp3-g		pending		
@BootCampStories		pending		
@BooThings-t2l		pending		
@BoothNo.7		pending		
@BophiromMao		pending		
@BorderlineWonders		pending		
@borderwake		pending		
@bored_shorthaircat		pending		
@borednerdai		pending		
@Borg8472LU		pending		
@boring-history-for-sleep-99	UCEYGwPggyq_jGL34_Q9SlhA	ok		Boring History For Sleep
@Boring-Jon		pending		
@Boring-Stories-ForSleep		pending		
@BoringCurrencyLive		pending		
@BoringHistorian-d5y	UCxzPPYCZpcX8pOEAcjpZEfQ	ok		Boring Historian
@boringhistoriantv		pending		
@boringhistory-p1e	UCwVDufrzQrmG5GVZJ9UYI4w	ok		Boring History Sleep
@boringhistory100	UCNkH16k4UB3CGsYEZyQ4X1A	ok		Boring History
@boringhistory86	UCygzx0GRMw6yQ30opb7rstA	ok		Boring History 4 Sleep
@boringhistorychannel-q7e	UCixonpqmW0DT1w4YkAe7uYg	ok		Boring History Channel
@boringhistorydeepsleep	UCcDcut_1_iqf98mkKVVj9UQ	ok		Boring History Deep Sleep
@boringhistoryforsleep-m3d	UCY2XXQExmV_DQ_lrH6QWcTA	ok		Boring History For Sleep
@boringhistoryforsleep4u	UCfmJNEopC4mDLJHwxFBx8iw	ok		Boring History For Sleep
@boringhistoryforsleephq	UC5P0QpoxWH4EpoUu1x7kffQ	ok		Boring History For Sleep HQ
@boringhistoryforsleeps	UCfeEd1yCJY2bLC-KTmhuuEw	ok		Boring History For Sleep
@BoringHistorySecrets	UCtKLvGbzqAluwUW3Ez_zeQA	ok		Boring History Secrets
@boringhistorysleepyt	UC2yilh8yxbZlUDBEC9hBkIA	ok		Boring History For Sleep
@boringleaderhistory		pending		
@boringmedievalhistoryforsleep	UCjLieSVUOWNpkipWRNFzOtQ	ok		Boring Medieval History for Sleep
@BoringMoneyChris		pending		
@BoringRichh		pending		
@boringsleepstories-983	UCgWTEPDRtLE3Tm6IQbh3tXw	ok		Boring Sleep Stories
@boringww2	UCbp-XvCS44HovXYMC2p_NHg	ok		Boring WW2
@boristanev6693		pending		
@borles596		pending		
@BornWrongYT		pending		
@BorrowedLivesOfficial		pending		
@Bosa_kreatives_Ai_Art		pending		
@bosknll		pending		
@Boss.Revenge.Stories		pending		
@Boss2000		pending		
@BossCatKitchen		pending		
@BossCatStoryVEVO		pending		
@bossheartstories-l8m		pending		
@BOSSKIRK4kTRAVEL		pending		
@BossLoveDrama99		pending		
@BossLoveStorylines		pending		
@BossNekoCooking	UCMdKUA9GgUM0RGsgSBCwFNQ	ok		ボス猫おとこめし
@BossoftheUnderworld		pending		
@BossShortDrama-y9e		pending		
@BossTabbyCat		pending		
@bossypaws	UCFcL7RJCvEkdwkLIqhQVCsA	ok		Bossy Paws
@Bot-Series-w1b		pending		
@botanics		pending		
@BotanyAi		pending		
@BotBanter-v5q		pending		
@BotShelf		pending		
@BottledVerdict		pending		
@botversetalesyt		pending		
@Botzarella		pending		
@BoundlessBuilding		pending		
@Boundlessfolktales10		pending		
@BoundOfficialTV		pending		
@BountyWishes		pending		
@bourgoinloida4130		pending		
@bouzu-kira		pending		
@bovedahistoriasdelasabuelas		pending		
@Bowaha		pending		
@bowlofai		pending		
@boxcont		pending		
@BoxeoTotal-i7c		pending		
@boxf1		pending		
@BoxingG_Edition		pending		
@BoxOfficeBombs		pending		
@boxtube5115		pending		
@BoyansRealmofMusic		pending		
@BoydClewis		pending		
@boyencatlovers	UCqbrXzrjd_spg4Pzw0-w2uA	ok		Boyen CatLovers
@bozuse		pending		
@bpd_productions		pending		
@bradclarkAI		pending		
@Bradleys-Stories		pending		
@BradsWealthLab		pending		
@BrahmaputraEntertainmentAi		pending		
@Brain55		pending		
@Brain_BotAi		pending		
@brain_cave-v2c		pending		
@brain_station_videos		pending		
@brainandbehavior1		pending		
@brainbiting101		pending		
@BrainBlink000		pending		
@brainboostchallenge-m5l		pending		
@BrainBracket		pending		
@braincient		pending		
@Brainexq		pending		
@BrainFlowBeats02		pending		
@BrainFumblee		pending		
@BrainfunSkeleton		pending		
@brainless_bot		pending		
@BrainmeltedStudio		pending		
@Brainosophic		pending		
@BrainPoisonStudios		pending		
@BrainRehabs		pending		
@BrainrotBasilico-z8o		pending		
@BrainrotBeats89		pending		
@BrainrotCinema		pending		
@BrainrotDrop		pending		
@BrainrotEmpireH		pending		
@BrainrotEvolut		pending		
@BRAINROTFantastic		pending		
@brainrotgod67-v5f		pending		
@BrainRotLegends-u08		pending		
@brainrotmeme-z9l		pending		
@BrainrotMemeSquad		pending		
@brainrotone360		pending		
@BrainrotPartyHQ		pending		
@BrainrotQuiz25		pending		
@BrainRotRecords-Official		pending		
@Brainrotsssss-p6w		pending		
@BrainrotStoriesz		pending		
@BrainrotSyndicateH		pending		
@brainrottedcat76	UCuU6O_d-AzwosKpVViiW4_A	ok		BrainrottedCat
@brainrotzon		pending		
@brainsparkai-f3x8h	UCdHacHfHmTCTx5ydzT5wGDQ	ok	@royalcatfamily123	Royal Cat Family
@Braintestdaily1		pending		
@braintoon26		pending		
@BrainwaveWorkspace		pending		
@brainyfolktalesbylucy		pending		
@brajeshkumar-singh	UCGAkEw5eanNApaz6kXfC4dw	ok		Animals video 1995
@bramfun		pending		
@brandebe		pending		
@brandedgenius		pending		
@brandgraveyard1		pending		
@BrandMeter		pending		
@brandonainews		pending		
@BrandonInvests		pending		
@BrandRadar2026		pending		
@BrassandBlitz		pending		
@BratniaDuszaEmocji01		pending		
@brave-paw-chronicles		pending		
@BraveBeak1	UCBbfxjItfV6vfiYCy-HSucw	ok		Brave Beak1
@bravecatss	UCo-039aq5qZ99cTevo1ii2g	ok		Brave Cats
@bravecatstoryofficial	UCKxyhT0XddrFmafM5pZGU_Q	ok		Brave Cat Story
@BraveMafiaHeart		pending		
@bravenue		pending		
@BravePaws_I		pending		
@BravePawsAI		pending		
@BravePawStories911	UChw6uD8U29nRmwIAjKg23nA	ok		Brave Paw Stories
@bravepets-h6f	UC_bVV7Rh_oNy-XzldZGHcmQ	ok		Brave Pets
@bravestorychannel	UC84mdaN3dkSC8VxygMw9WuA	ok		Brave Story
@BraveWorth		pending		
@BrazilianAmazonStopmotion		pending		
@BreadisLife25		pending		
@break.horizon		pending		
@Breakdownvideos		pending		
@breakingload		pending		
@BreakingPoliticsUSA		pending		
@BREAKINGTIME-s7l		pending		
@BreakTheMatrixs		pending		
@BreathofMemories-f2r		pending		
@BreezeStationLofi		pending		
@breezetales-p9z		pending		
@BrendanDoesNothing		pending		
@brenondopp		pending		
@brewedandfocused		pending		
@brewmood.playlists		pending		
@briahjamell		pending		
@brianrussell5274		pending		
@brickcitybb		pending		
@BrickHouseAI		pending		
@Brickster_LEGO		pending		
@BriefCaseOfficial		pending		
@BriefingDeck		pending		
@BriefingRoomm		pending		
@BriefWW2		pending		
@brielleromancestories		pending		
@briggsfolktales		pending		
@Bright-Psycho		pending		
@BrightAffairs		pending		
@BrightBriefs-786		pending		
@BrightCubesAIkids		pending		
@BrightDestiny12		pending		
@brightjazzycafe		pending		
@brightmindcreatives		pending		
@BrightMindFunTime	UCwxBQm8aaKXQNj7pnu-ZDSA	ok		InstanBright Minds FunTimet Insight
@BrightReality-v8g1v		pending		
@BRIGHTSIDEOFFICIAL		pending		
@brighttoylearning		pending		
@BrilliantIdea-m4g		pending		
@brionjosef2011		pending		
@BriskdanDrama		pending		
@Brit_AI		pending		
@britain-no4zv9ey4b		pending		
@britainasitwas		pending		
@BritainAtArms		pending		
@BritainCaught		pending		
@BritainInBattle-u4n	UCsXJ7zlxF885uqhbaZpp9uA	ok		Britain in Battle
@BritainRetold	UC0wJUOkjOcKqPtg-rTI5-xg	ok		Britain Retold
@britainsfrontline	UCi-wlFCaLWpfBMUzkjbZEKw	ok		Canada's Frontline
@BritainsSecretWar		pending		
@britainweremember	UC6yY8xzL_0c2c54LFUzss6w	ok		Britain We Remember
@BritfoodRewind	UC4S7Sz8UVfFJ6-ODQIjnBfQ	ok		Britfood Rewind
@British_Brainrot		pending		
@BritishBreakdownUK		pending		
@britishcommand		pending		
@BritishCrimesChannel		pending		
@BritishFarmStories		pending		
@BritishFoodBlogger		pending		
@Britishly_A.I		pending		
@BritishManors		pending		
@BritishNavalHistory		pending		
@BritishNonsense		pending		
@BritishNostalgia1		pending		
@BritishPatriots		pending		
@BritishRecords-d9x		pending		
@britishroyaltales-0110		pending		
@BritishSmallArms		pending		
@BritishTruthReport		pending		
@BritishWarArchive		pending		
@BritishWarArchives08		pending		
@BritishWarArmory		pending		
@BritishWarForce		pending		
@BritishWarMachine		pending		
@BritishWarplanes		pending		
@BritishWarWeapons	UCit5eEPkv345SsZK8OsNMXQ	ok		British War Weapons
@Britzph		pending		
@Brixenx		pending		
@BROAMMM		pending		
@Brobot_Central		pending		
@brodrickthecreator		pending		
@brodrickx		pending		
@BrofessorStein		pending		
@BrokeButSmart_tv		pending		
@Broken.Stories		pending		
@BrokenDadDiaries		pending		
@brokenearthyt		pending		
@BrokenEcho-x3x		pending		
@BrokenEconomy_Official		pending		
@brokenfamilybetrayals		pending		
@BrokenLegends-t8n		pending		
@BrokenOathTales-m3r		pending		
@BrokenPledgeTales		pending		
@BrokenPromiseTales-k5f		pending		
@brokenreel1		pending		
@Brokenstereomix		pending		
@BrokenTowerArchive		pending		
@BrokenTruths_0		pending		
@BroomFinance		pending		
@BropumpYT		pending		
@BrotherJamesStories		pending		
@brothersaistory	UCXDRqLnrKgnOsVl5xk6tgKQ	ok		Brothers AI Story
@BrothersinAerospaceandDefense		pending		
@BrothersRedditStories		pending		
@brothersvalor		pending		
@Brown_House		pending		
@BrownieDrama		pending		
@BrowseBetter		pending		
@Browser_Explained		pending		
@brozicodes		pending		
@BrrRotAmazeOfficial		pending		
@brsrkstudio		pending		
@BruceLee-EpicRecords		pending		
@BruceLee.TheDragonsLegacy		pending		
@bruceleediaries		pending		
@BruceLeeEncounters	UCWX6wCtguuSLAz118nNG46A	ok		Bruce Lee Encounters
@bruceleelegacyfanfiction		pending		
@BruceLeelegacyTikTak		pending		
@BruceLeeLegacyUS		pending		
@BruceLeeMartialLegacy		pending		
@bruceleestoriess		pending		
@BruceLeeSupernova	UCwAUFg9lYaXrqTUtBTrrrPg	ok		Bruce Lee Supernova
@bruceleeternal		pending		
@BruceLeeTheDragonsChronicles		pending		
@BruceLeeTheHiddenLegacy	UCy02l54qG8jN7u2A2hX83Yg	ok		Bruce Lee: The Hidden Legacy
@bruceleetheuntoldlegacy-n9y	UCxVlievrE2NbmdC1BJPR0Uw	ok		Bruce Lee: The Untold Legacy
@BruceLeeUntoldLegacy-x8y		pending		
@bruceleeuntoldstories		pending		
@BruceSpringsteenEsp		pending		
@BrusliLee-z3x		pending		
@BrutalHistory.X		pending		
@BruxTwins3T9REALRICH		pending		
@bryanshow7559		pending		
@bryantclips-p3v		pending		
@brycecarneviller		pending		
@BryceDrama		pending		
@BSOStories		pending		
@BTNArabic		pending		
@BTNDocumentaries		pending		
@bts_short_video_01		pending		
@bttop10		pending		
@bttworld24		pending		
@bubblebeats888		pending		
@bubbleblissasmr01		pending		
@bubblechatlegends		pending		
@BubbleNO1LoveDrama		pending		
@BubblesPopStories		pending		
@bubblestv814	UCdbp9PZkAQwtVdgCS8rgjfg	ok		Bubbles TV
@BubbleTechInfo		pending		
@bucaonthebeats		pending		
@BuddhasWhisperStories		pending		
@BuddhismInHindiAi		pending		
@BuddhismWisdom7	UCnmTj24xqOxe7xgl-RkHNDw	ok		Golden Wisdom
@BuddyisChaos		pending		
@Buddyyai		pending		
@budgetingguru1234		pending		
@budgetpixelai		pending		
@Budgie_Psychology		pending		
@BudiDrama8888		pending		
@BudiOceans		pending		
@BuffettMoneyMentality		pending		
@BuffettWisdomHubYT		pending		
@buffistuff		pending		
@bugguxduggu	UC45FWH6tZ1eoPfUeQcR4lsA	ok		Buggu x Duggu (Emotional_Story-Shorts)
@buggypasta		pending		
@buikechronicles		pending		
@build.a.better.u		pending		
@BuildBeyond-j5b		pending		
@BuildRescueLab		pending		
@buildsmartpk6181		pending		
@built-to-rot		pending		
@built.backwards		pending		
@built.with.ai.period		pending		
@Built_to_Fail-r3q		pending		
@BuiltDifferentSystem		pending		
@builtfromz		pending		
@BuiltinAmericaYT		pending		
@builtinfactories-v7n		pending		
@Builtonglory		pending		
@builttofail2233		pending		
@BuiltToHold-1996		pending		
@BuilttoRotYT		pending		
@bukakameme		pending		
@BullBearSphere		pending		
@BulldogJazzClub		pending		
@BulletEngine1		pending		
@BulletSurvivalOFC		pending		
@BullionInsider-k4w		pending		
@BullMatrix5		pending		
@bumilalasvisualpoems		pending		
@BumpyJohnsonsLetters		pending		
@BumzleSounds		pending		
@bundestagdebatesinsight		pending		
@BunnyForest-vmd		pending		
@BunnyLofi_Cafe		pending		
@BunnylordMusic		pending		
@bunnymandrill		pending		
@bunnymelon1		pending		
@bunnyworldstories	UCsqMy2BTlv2DsL4G6Tj_aTw	ok		Bunny World Stories
@BUPSSTORY		pending		
@Buried.Empires		pending		
@Buried_History_with_Jonathan		pending		
@BuriedCenturyYT		pending		
@BuriedFamilySecrets-b2c		pending		
@BuriedFix		pending		
@BuriedRanks		pending		
@BuriedSurvivalSecrets		pending		
@buriedtexas-z6f		pending		
@BurmaBlaze		pending		
@BURNINBRIDGESAiMusic		pending		
@Burning_Bass		pending		
@Burning_Drama		pending		
@BurrerRecap		pending		
@burstwc	UCkrGCQaAwryunxADktjtR9Q	ok		Burst Wc
@bushidopathways		pending		
@business_outlook		pending		
@Business_with_Mr.G		pending		
@BusinessBooksKeyIdeas		pending		
@BusinessesAndEnterprises		pending		
@businesspartnerglobal		pending		
@BusinessPlaybook-0		pending		
@businessstrategystories		pending		
@BUSYAICATS		pending		
@busyworksbeats		pending		
@ButacaSalvaje2-nh1jg		pending		
@butferwarebnd		pending		
@ButlerInTheFreezer		pending		
@butstories		pending		
@butterflydramaclub-z9z		pending		
@butternnoon		pending		
@Buttmuncher__1		pending		
@BuyingAdvice42		pending		
@Buzzbible		pending		
@BuzzBurst-AD		pending		
@buzztatler		pending		
@bvaifilmmaking		pending		
@bxfilmez		pending		
@bxsghifh888		pending		
@bxshorts1250	UCppZ5BzL3-2QtnOnYrm1HgA	ok		𝗕𝘅 𝙖𝙞 𝘀𝗵𝗼𝗿𝘁𝘀
@By_LoA		pending		
@bychristianbenjamin		pending		
@ByeByeBauch		pending		
@Bygone-j4h		pending		
@Bytableus		pending		
@byte-b2		pending		
@ByteBack-m4c		pending		
@ByteBeat_Lab01		pending		
@bytebeats_studios		pending		
@bytecattales	UCluDz79uU5PvTTk9QbhxGtg	ok		ByteCat Tales
@ByteFeastASMR		pending		
@ByteKings	UCBEWZabTGqRHgectP7iNmOw	ok		Byte Kings
@ByteKitchenAI		pending		
@ByteKnow		pending		
@ByteMeExplained		pending		
@ByteRivo		pending		
@ByteRydex		pending		
@bytesizedexplainer		pending		
@ByteTravels		pending		
@bytewatchreport		pending		
@ByzantineExcubitors		pending		
@bzactvgloobal		pending		
@BàoNgưReview		pending		
@Bógobjawiony		pending		
@BóvedaHistoriasdelasAbuelas		pending		
@C-DramaKiKahani		pending		
@C-Editz-o1l		pending		
@c-ep3rs	UCfq2CawF1w8JD6YySo6ZP7g	ok		Cᴇᴩᴄɪʟʟ
@C-O-V-E-R-G-I-R-L		pending		
@C5AI-CFiveEnterprise		pending		
@caamfolktales		pending		
@cacophonyofdreams		pending		
@cactusninjastories		pending		
@CadenLeFey		pending		
@CaderaAIWorkshop		pending		
@cafeconestoicismo		pending		
@CafeDeAnatoliaYOGAMIX		pending		
@cafedeschansonsmusic		pending		
@cafeharmonyjazz		pending		
@CafeLazyCat		pending		
@CafeSong1		pending		
@caffe-lune		pending		
@caféconestoicismo		pending		
@CaféHarmonyJazz		pending		
@CageFiction		pending		
@cailonbina1		pending		
@CaineUncovers3		pending		
@caits_edm		pending		
@cakequizofficial		pending		
@calderonbridger		pending		
@calebclips55		pending		
@calebocheje		pending		
@CalebsConflictReport		pending		
@calisthenics.bypaulina		pending		
@callahansWildWest		pending		
@Called2Chosen		pending		
@callistagrowthtips		pending		
@CallMeAI6		pending		
@callmesoren-t8f	UCv_uPPT7u3Iahw50a7cVUOA	ok		callmesoren-t8f
@calma_musica		pending		
@Calmahead-3		pending		
@CalmAi_Explorer		pending		
@CalmAlpha-1		pending		
@CalmaWave-f7m		pending		
@CalmBearing-y5q		pending		
@calmbloodline		pending		
@CalmCreations15		pending		
@CalmCupJazz		pending		
@calmcutsasmr-s4g	UCbdQasJASqPx37aiRsMBK1g	ok		Calm Cuts ASMR
@Calmdadstories		pending		
@CalmDadStories-l1w		pending		
@CalmDadVengeance		pending		
@CalmDramaStories		pending		
@CalmFantasyWorld		pending		
@CalmFinancialHistorian		pending		
@calmfocuslabs		pending		
@CalmForestNights		pending		
@calmhistorypro		pending		
@CalmingDogMusic-h8v		pending		
@CalmKeysMusic2		pending		
@calmnights_1		pending		
@CalmologySounds		pending		
@CalmPiratee		pending		
@CalmRevengeUS		pending		
@calmsense01		pending		
@CalmSpace369		pending		
@CalmSpaceToSleep		pending		
@calmstories12		pending		
@CalmStoriesKindSongs		pending		
@CalmStoriesUS		pending		
@CalmStrength-1		pending		
@calmstudio-z8n	UCKYn8Ni0eFLXQGnFiP-v1jg	ok		Calm Studio
@CalmTune-x7u		pending		
@calmwavestudio88		pending		
@Calmwifestories		pending		
@CalmWorkStudio-Go		pending		
@calosciowezdrowiemezczyzn		pending		
@calumvelvetmelodies		pending		
@CalvinHOAStories		pending		
@Cam-Ai-11	UCizaIUQmP-Do9__v9BHPybg	ok		Cam-Ai
@CamCoree		pending		
@camedyvideoai	UCiEfEUOnC0ZfVB9feOTo5-g	ok		Hindi Ai cartoon
@CamelliaDramaForU		pending		
@camelliashiddenstories		pending		
@cameyeofficial		pending		
@caminarbiblico-s1b		pending		
@CaminarBíblico-s1b		pending		
@caminoalexitosantandreu-z1d		pending		
@CaminoalÉxitoSantandreu-z1d		pending		
@caminocabalistico		pending		
@caminodeoracion-v1l		pending		
@CaminodeOración-v1l		pending		
@caminomistico-c3n		pending		
@CaminoMístico-c3n		pending		
@caminosmasalladelavida		pending		
@Caminosmásalládelavida		pending		
@CamMomentsShorts		pending		
@CamMysteries-fun		pending		
@CampfireCowboyStories-l3o		pending		
@CampfireMaster		pending		
@CampingCodex		pending		
@CamShockdaily		pending		
@CamTube		pending		
@CANA2-d9j		pending		
@Canada-Daily-Brief		pending		
@canada2050-s1i		pending		
@CanadaFoodInsider		pending		
@CanadaForever-c4r		pending		
@CanadaGlobalEconomics		pending		
@CanadaHousingInfo		pending		
@Canadainsider-k5q		pending		
@CanadaInsightTV		pending		
@CanadaNextt		pending		
@canadanostalgiakitchen		pending		
@canadapressroom		pending		
@CanadaPropertyWatch		pending		
@CanadasFrontline		pending		
@CanadasInsider		pending		
@CanadaValor		pending		
@CanadaWarPrime		pending		
@CanadaWarTales		pending		
@canadian_legacy	UCW1CSnHyfeHOYtOz4fME__w	ok		Canadian Legacy
@CanadianCounter		pending		
@CanadianFinancewithDavid		pending		
@canadiannews12		pending		
@CanadiansAtWar	UCQDl5IREJC6zcNIZWeRj_rg	ok		Canadians At War
@canadianwararchives		pending		
@CanadianWarSecrets	UC_4pt1NrrpNvSI8ZSlz9xPw	ok		Canadian War Secrets
@CanadianWarSecrets-v1i	UC-50G3bpjjsdpAXhAcd3JAw	ok		Canadian War Secrets
@CanadianWeatherAlert		pending		
@CanadianWW2Tales	UCMfNqK3yz1q_yZTgUmur-eQ	ok		Canadian WW2 Tales
@canalelrelator		pending		
@CanBuyukberber		pending		
@cancanvrc		pending		
@CandlelightArchivesYT		pending		
@CandlelitArchive		pending		
@CandleOfWisdom		pending		
@candlepointemusic		pending		
@candyappl3ai		pending		
@Candygumstales	UCZ3KuCn1lBmoVdlAmTPbZvA	ok		Candygumstales
@canine_decode		pending		
@CanineMind-o8x		pending		
@CannabisGuy		pending		
@Cannaintel420		pending		
@Canonbreakk		pending		
@canonrender		pending		
@canonroederbusiness		pending		
@CanPulse360		pending		
@cans_of_bliss		pending		
@CanSec-o1n		pending		
@cant_go_back		pending		
@cantecedesprit		pending		
@CANTERABEATS		pending		
@CantStopHFY	UC5iMeAXbv2GLekfU5-h37Aw	ok		Can't Stop HFY
@CanvasDrama		pending		
@CanyonSoulStories		pending		
@Canzoni.Damore		pending		
@CanzonidAmore1101		pending		
@CapBeats-o3o		pending		
@capcen01		pending		
@CapCutAIHub-g1q		pending		
@CapCutClipper-b6j		pending		
@CapCutCreatorHub5		pending		
@CapCutVisuals		pending		
@Capi_fall		pending		
@Capital-Insight-u1f		pending		
@CapitalChronicles99		pending		
@capitalcollapse-v2j		pending		
@capitalconflict		pending		
@CapitalCraft-f8r		pending		
@CapitalCycles-1		pending		
@CapitalFracture-u8z		pending		
@capitalHistorian-j8r		pending		
@capitalhistoricoo		pending		
@capitalhistóricoo		pending		
@capitalize.oficial		pending		
@CapitalKeyy		pending		
@CapitalOdyssey0		pending		
@capitalpivot		pending		
@capitalraccoonusa		pending		
@CapitalTales735		pending		
@CapitalTheoryOff		pending		
@CapitalUnplugged		pending		
@CapitalVisionz		pending		
@CapitalWatch-h6k		pending		
@CapitolUncutUSA		pending		
@CapObservatory		pending		
@CappuccinaandFriends		pending		
@CappuccinoEdw		pending		
@CapriioCourt		pending		
@captain-chimp-pov		pending		
@CaptainDiscover		pending		
@CaptainWhiteCat		pending		
@CaptivModernFolktales		pending		
@captured_reads	UCUqCZA_ifJZ8o7irCtq6V4A	ok		captured reads
@CaptureHistory-p8r		pending		
@Capuchino-Music		pending		
@Capybara-Ai		pending		
@CapybaraLoveOfficial		pending		
@capybrosai		pending		
@CapyPetal		pending		
@CapyReview-y3k		pending		
@Capyskit		pending		
@CapyVanta		pending		
@capywrangle		pending		
@CAR8		pending		
@CarAag765		pending		
@Caramelsmilzplug		pending		
@CarAudioExposed		pending		
@carAutoCentre360		pending		
@CarBeats-g4n		pending		
@CARBEE-m3m		pending		
@CarboniteDreams0		pending		
@carcarecentral		pending		
@carcareclues		pending		
@CarCareGarage-t4w		pending		
@CarCareMethod		pending		
@carcareuniversity		pending		
@Carchake		pending		
@CarChaser-313		pending		
@CarCraft-31		pending		
@carcraft-f1j		pending		
@careermachine-u4f		pending		
@careslt		pending		
@CarHome50		pending		
@CaricatureMultiverse		pending		
@CarlCastillo417		pending		
@CarlieBTales		pending		
@carlinvestsUS		pending		
@CarlosLehman-n9b	UC7ebjTzaFHaB-2ohi2ZdM5g	ok		Adventures of all Kinds
@CarlosSantanaTheUntoldLegacy		pending		
@carlsagancosmostv		pending		
@CarmenteCuenta		pending		
@Carmoyoka		pending		
@carnytrudi		pending		
@carolcs8246		pending		
@Carology-e1n		pending		
@CarProblemsFixed		pending		
@Carreviews20		pending		
@CarribeanPopReggae		pending		
@Carrie-Werewolf-Library		pending		
@carsaccidentar		pending		
@carseries6069		pending		
@CarsExpert-c7x3f		pending		
@CarsReborn		pending		
@CarsReview-r6u		pending		
@CarsTimeShift		pending		
@CarTalk-h4g		pending		
@cartasdesdeelmasalla		pending		
@cartasdesdeelmásallá		pending		
@CarterBrooksDaily_news		pending		
@cartoon-g9l6f	UChurp87FcH41JKS08y6X6mw	ok		Cartoon
@cartoon-x3q7h		pending		
@cartoon_animation_video-u6h		pending		
@CartoonAI-i7e		pending		
@cartoonai993	UCzQKCq5aChu8XCG8sYIILBw	ok		CartoonAi
@cartoonaitv_0	UCXFpWdnwvpClQ049jjouYSQ	ok		Cartoon Ai TV
@cartooncartoon-e2p	UCzLnqY20I-ZXirGs4rBvHrA	ok		cartoon cartoon
@CartoonCatStory68		pending		
@cartooncatvideo00		pending		
@cartooncharacter-p1g		pending		
@cartooncraft-e4l	UC0z8hju53_X0f4uKAkF_2rw	ok		Cartoon Craft
@cartooncrazekids-g1r	UCw1bwfixZR9NUcMZy1alaNQ	ok		papa ki pyari pari
@cartooncreaturehub	UCu0MkFK0vSMGt-E9SP0Ifrw	ok		Cartoon_Creature_Hub
@cartoonduniya32		pending		
@CartoonElsaAdventures	UCCa9jgMdI3lJsQXCkCPEs4g	ok		Cartoon Elsa Adventures
@CartoonFablesWorld0.1	UCLiK8k2Y6zlocTpg1IjIrFA	ok		Cartoon Fables world
@CartoonGamesMovies		pending		
@cartoonistic1-w1i	UCB2VCsMBDPhjJzqA2iscTGA	ok		Cartoon Ai
@cartoonmafiatech		pending		
@CartoonNostalgiaVault		pending		
@cartoonorbit-1		pending		
@CartoonsAi27		pending		
@cartoonshorts-16	UCTaECdpggUXZNw-yMza-irw	ok		Cartoon Shorts
@cartoonshorts-z3p	UC2HbxYwvAuWV7jnLxYl6VTQ	ok		Cartoon Shorts
@cartoonsshortsaivideo	UC10zc3IBptacDhrg_9NkkoA	ok		Cartoons shorts Ai video
@cartoonstudioai-b2j	UCHl9YrW-6UPirEpeBDjfaZQ	ok		Cartoon studio Ai
@cartoonsvideos2.0	UC_NQAbDc9AjjT_RfFiWNbGQ	ok		AI ANIMATION
@cartoontales-r123	UCJlSgTIq9HEImEIIf0OEBRw	ok		Cartoon Tales
@CartoonVerseAI-20		pending		
@cartoonvibe2.0-o8p		pending		
@cartoonvideo-z6t	UCuVAUN_BPurkvJwt-PmGpag	ok		cartoon deko
@cartoonvideos99-u3y	UCtiSQ10sBQqgfc2MzSkpdCg	ok		cartoon videos 99
@cartoonwalastudio	UCPV3trK3E2_m1K8nyFEy5jg	ok		CartoonWala Studio
@CartoonWorldFF-22		pending		
@cartoonzila-l3j	UCIAbWWi24eI_YL2YjMVewPA	ok		Cartoon Zila
@cartoonzonerm	UCaxMcF5JBYLSEPFGxC1Zleg	ok		Cartoon Zone
@CartowStory		pending		
@CarTrans1		pending		
@CARTRAPX		pending		
@cartunak9359	UCX15rijjznKCmROjYL5JckQ	ok		Cartun AK🕶️
@Carupdater-b1b		pending		
@CarVerse		pending		
@carveverseaistudio		pending		
@CarWorldES		pending		
@CarXplain1980		pending		
@CarXpress-d9e		pending		
@CasablancaNights1942		pending		
@cascadealopra		pending		
@CaseClosedYes		pending		
@CaseDismissedShorts		pending		
@CasefileRevenge		pending		
@CaseXplain		pending		
@Cash-Clarity01		pending		
@cashclassstudy		pending		
@CashFlowLab-TV		pending		
@cashyandledger-l8m		pending		
@cassette.visuals		pending		
@CassMaryHz		pending		
@CastleCompass		pending		
@CastleRhythmsM		pending		
@CastleSounds6789		pending		
@castuniversee		pending		
@CastVerseShow		pending		
@CasualCarDude		pending		
@CasuallyChaoticDude		pending		
@CasuallyFinance		pending		
@CasualStoriesRR		pending		
@cat-ai99	UCcTG-gz_8ruyFjqbhawhuYQ	ok		cat-ai
@Cat-Cookingfood		pending		
@cat-cute-ai3	UC6QzLukwo9HAFJxg-2DavAw	ok		cute cat Ai
@cat-d3b-d9b	UCpWEb3tgHldXzzxH0dK4Bqw	ok		Cute Cat dance funny video 🙀📸
@cat-p7i	UC0eGL0geltBly8tqmZkHgQw	ok		Cat lovers Ai
@cat-p8i3q	UCGAqtaUbXuzl0J3_Rbr5iUw	ok		cat lover
@cat-u8c4k	UCBr-DQT7MWhSof_BCjw6KQw	ok		ai cat videos
@cat-yu-chan		pending		
@cat.meww01	UCG-1onlKTKsqvs2mNLcxcNA	ok		Cat.meww01
@cat.nyantaro		pending		
@cat.time117	UC6yDzi4AUEAa83dt0Xsok5A	ok		🐾 고양이 시간
@cat874	UCa09levRhtSm5aDxcG2XMmg	ok		Cats cute Ai
@cat_adventures7	UCDhgU8DJSx83q3m12ylnTMQ	ok		"CAT ADVENTURES "
@cat_ai-aa	UCqhPzU9fE4oeCrC6t6KXb4A	ok		Ai Cats
@cat_ai_2025_ai		pending		
@cat_ai_journey	UC26eotHmOKiyn2ttSaAebCA	ok		CAT AI Journey
@cat_ai_story2	UCvAWufgSOftG0wWokHgQdlw	ok		CAT AI STORY
@cat_ai_studio	UCsnpFEppQok14sjZwr2Np_Q	ok		Cat Ai Studio
@cat_animation.yt1	UCtuY3ri0me2eThviv0NwZIw	ok		CAT_ANIMATION.YT1
@cat_cheff_ai		pending		
@Cat_Cookery		pending		
@cat_family.01	UCv-hnNYHjhbOe9TU07-qriQ	ok		Cat Family
@cat_kitty_love	UC4E479KuPzI67mMGP4volSQ	ok		CAT Ai
@cat_lovers_real	UC-8LUD2YlltobpvyFmGbuBA	ok		Cat lovers
@cat_lovers_show	UCHAAY4jE4fK62ElMf7N4bfQ	ok		CAT LOVERS SHOW
@Cat_Meow_Tales		pending		
@cat_pandakitten98	UCbqSIYfFgyffD4KnZ8kdMSQ	ok		Cat_pandakitten98
@cat_story-k8p		pending		
@cat_story_ai777	UCPewlCv_Hw3t-hfFQ2X91Tg	ok		Cat Story AI
@cat_telltales1		pending		
@cat_tonn	UCFu2hOVo1rtn70z7lZw0VwA	ok		cat_ton
@cat_zone_ai559	UCd23Cvuj4sC1v6rqm3IRP7g	ok		Cat Zone AI
@catadventure-0127	UCT7JqFrf-ehV5FxKVWOmyxQ	ok		CatAdventure
@catadventures21	UCM5Ct4_7_qfkzLU7ITbhJVQ	ok		Cat Adventures
@catai-54	UCmhpBwz-lKDhQdH8ChG8aQg	ok		Cat Ai
@catai-c9b	UCseRdfGhaMueNE6Hwh6bZmg	ok		Cats Ai
@catai-i4s	UC2cIHUHXZjD3rd5lk4Us8vA	ok		Cat Ai
@catai-u4q	UC7uN8vHP0bsfIDuKr-BxHRw	ok		Cat Ai
@CATAI-x1v		pending		
@catai-y9i	UCEXfqZObkhO8bXJCAOTSPGg	ok		Cat Ai
@Catai-z.09		pending		
@CatAi-z999		pending		
@catai.shorts	UCRuiuFoCeXw64XWxq74lo4A	ok		Cat Ai
@catai200	UC1KhCW4ht51d7jyQOTOtO1g	ok		Cute cat ai
@catai2011	UCDG6W1AOG-aqQ_y93WY7Qag	ok		Cute Cat Ai
@catai3-d3x	UC051V2HNHRqEtXeY_IvsbYg	ok		AI Cat Animal Stories
@catai321	UC-N_UhV96iCpCo-pszqhSKA	ok		Cat ai
@catai3393	UCVeDOvcsR88RruKSK5thNhw	ok		Cat AI
@cataianima	UCRzOh5VzNFngzk6neyZOnWg	ok		CAT ai ANIMA
@cataianimation-r6s	UCg93sVfeoeJhRgqhhSwF3Tg	ok		Cat Ai Animation
@cataiart-y4m	UCXVdnE-4X0owXvMx_6WoeQA	ok		USA Cat AI art
@cataibeautifulcute	UCFtTsjeEVhzOlIfobEBDNWQ	ok		Cat AI Beautiful Cute
@cataiboy-w4x	UC1pswhUh04FqpZfZO5l1kkg	ok		CAT AI BOY
@cataichef313		pending		
@CatAiDiary		pending		
@CatAIFilmsGo		pending		
@cataigenerator	UC9SegRnMvRKZb8cTXeWqxtg	ok		Cat AI Generator
@cataiimages021	UCp4UgCwWNNbzXWbmqheZm9A	ok		Cat Ai images
@catAilife-37		pending		
@cataishort-q9o	UCxlNRadHzFPWGvIroU4D_jg	ok		Cat AI Short
@cataishorts0406	UCF1_WhPWYKzaNIlt1H1lGvg	ok		cat ai shorts
@cataishorts12	UChsxRI3GdZDjr5aJj6FSE9A	ok		Cat ai shorts
@cataishorts2026	UCl1UBcTLDpPrSpByITXjqYQ	ok		Cat AI Shorts 2026
@cataistories-8	UCBiFxYKg-08SAUKqi1NclAw	ok		Cute Cat ai Stories
@cataistoriesss	UCwqBVB77m6gsdeAo6weHYTw	ok		CAT AI STORIES
@cataistory04	UChVcT4TsQkjsjOkaxQF2O7Q	ok		Cat Ai Story
@cataistory1	UCmQc8iGnidoRejStBtPTwdw	ok		Cat 😸 Ai Story
@cataistory111	UChe-Kc-0iDw4ZtG5Y_eR5hg	ok		CAT AI STORY
@cataistory3d	UCDdh0dOe1ZpHLyeFaQfURHQ	ok		Cat AI Story
@cataiusa		pending		
@cataiversion	UCRfizylvCWTboAtZ5IP_b-Q	ok		cat Ai version
@Cataivide		pending		
@cataivideo-o3d	UC66CODcUWXu4LSj1JwpTZHA	ok		cat ai video
@cataivideo4000		pending		
@cataivideos111	UC-VxFRKw4vG7yRwmMUwpAMQ	ok		Cat Ai Videos
@cataivideos1238	UC6JzRHY_kp2OzbhGSRa7NZg	ok		Cat Ai Videos
@cataivideos2.5	UCytHk64TxUBqFBepZMWpBig	ok		Cat AI Videos 2.5
@Catalyst-ChemicalSubstances		pending		
@catamsai	UCu6KVsBS5-FpWtkooacDgYg	ok		CAT Cartoon AI
@catandpuppyrescuetails	UCqC447TAnv9-MU6reNVtdIA	ok		Cat and Puppy RescueTails
@catanimated-n1u	UCne6pRVUTdqa_j2v7uJdZ3g	ok		cat animated
@catanimation-f5y	UC7vD5aZVB9Kv1FVN0Or0Jbw	ok		Cat Animation
@catanimationhub	UCQopRwwp_1zb0uk68a3-xYQ	ok		Cat Animation Hub
@catarmy-h	UCxmILXgvfO9R_lWaZiSDT5w	ok		cat army
@CatastroBotAI	UC8v-jQwm8yFV9XiiJf1wWcw	ok		CatastroBot AI
@catastrophesreconstituees		pending		
@CatastrophesReconstituées		pending		
@CatastropheWatch20		pending		
@catbabycartoons06	UC4j05RwaVwFw8mLgocwCOlQ	ok		CAT BABY CARTOONS
@catbeingcatx	UCV2cIdeYu_NfT0s-krniKLA	ok		Cat being cat
@catbloomai	UC6LfH0fOMMF3F1uu7f7QFng	ok		Cat Bloom AI
@CATBOO-16		pending		
@catbyteyr	UCd7Apx0SGa5z7tB1CJ4VfmQ	ok		YR.aistorys
@CatCartoon-whisker	UCmnQfiwMaXcopIYwLOu3LqQ	ok		Meow Moments
@catcartoons7	UC9zhl2oMaESP-VSxuac5mEQ	ok		cat cartoons
@catcatcute911	UCxY3YP5JiLkHJ0_g7LTgwOw	ok		Cat cute
@catchefai1		pending		
@catcheffai		pending		
@CatChefToons		pending		
@CatCinematicUniverse-r2t		pending		
@catcitten-x7t	UCS9KQQ2wuVFDuFjZMShz4-g	ok		Cat Citten
@CatClaraDrama		pending		
@catclips7	UCUeV4BCgAAXU8Z1a1I9Ychw	ok		catclips7
@CatClub5		pending		
@CatCode-q3n		pending		
@Catcooking89		pending		
@catcute-e8c	UCnvUn5wnD6pTaPr08JT_0wQ	ok		Cat Cute
@catcute103	UC297rS8ceGewPFAqxKNwwTA	ok		CatCute
@catcuteaishort	UCbsDNTdOb3OXXvsLGVedBRg	ok		Cat Cute AI Shorts
@catcuteanimals-g3p		pending		
@catcutecat1122	UC0rzbfo_fDOZyZtyx7Sg4cA	ok		Cat Cute Cat
@catcutecat177	UCNvAL8aMBRDmwcjH2OTyagg	ok		Cute Cat
@catcutecat777	UCJRTUOYb0CwxP7aBIH7mgaQ	ok		Cat Cute Cat
@catcutedance1231	UCuwlUC0csM3-x1pZudgFbjQ	ok		Cat Cute Dance 1231
@catcutemotion	UCbjuxXZKdpRM5wy0i_0eYlg	ok		cats cute motion
@catdance-68	UCG1BlQnxHkEfLHxyL3NoOMg	ok		funny Cat dance
@catdance-f4l	UCbM-wNdKGzlZw9vScL2sUwg	ok		CatDance shorts
@catdanceai10	UCIA5O23TnRna-XQlpvB2YpQ	ok		cr7
@catdancelabsguddu	UCqod7gjpdp9jkiId-tJ2RVg	ok		Cat dance labs guddu
@catdanceshorts-q1t	UC3eGvm-2krfh8AGFwgBzF-A	ok		CatDance Shorts
@catdanceworld-f2m	UCpEz9n0IpDt8ZTlzqBlpelw	ok		cat dance world
@catdancing123	UC-RGgNqNjccM8iSTJdSC1IA	ok		Cute cat dance 😺👍.
@catdancingshorts-s2f	UCGnEOKyef1kLH9q9G3dNM4g	ok		Cat Danceing shorts
@catdancingvideo-96	UCyK0lMw6cRenNmD6A_eTe3g	ok		Cat Dancing Video
@catdancingvideos-n4p	UCRlGQt74S3uGAp56n_ANrQg	ok		Cat dancing videos
@catdeeth08	UCTxASUf-FxzKKdQOEnKYRww	ok		Cat Deeth
@CatDossier	UC-CJmifF0XjOhCzPJ5QaksA	ok		Cat Dossier
@catecarebaby	UCgb2DzPRfZg_fVLvlZis4qA	ok		Cat Care Baby
@catemotionalstoriestv	UCW1Srm1vkEbgQBXHjXZr-Kw	ok		Cat Emotional Stories TV
@CatEyeUSMarkets		pending		
@catfillm	UCESxI0Zrwo1EUcpJpGVR3Vw	ok		CAT FILLM 🎬
@Catflix.taless	UCJrPPnAb9wcEXkJW2Qrmf_g	ok		Catflix & tales
@CatflixAI-w1t		pending		
@catflixtoons	UCehxVAZFsd3-nFxYwezMDAQ	ok		Catflix Toons
@catfunny-j3p	UCIQVvhsAoVO1KuDo9QW2gAg	ok		Cat Funny
@catfunny-j6p	UCUf2EjKSbe94qP4e6gqSSqQ	ok		cat funny
@catfunny024	UCc0O5JNGsmMxt4myvJuKelQ	ok		Cat Funny
@catfunnydance7860	UC54PuFFuuSW3sXfKIxWk0WA	ok		Cat Funny Dance
@CatFunnyVideo-q5i		pending		
@catfunnyvideolover	UCU67ScDM82-8TXwbQdm4s0Q	ok		Cat Funny video
@catfuny2222	UCdbcdxC2lJ1TGz0x4a_n5Tw	ok		Cat Funny
@Catget-l9k		pending		
@catgingerfunnyshorts	UCr3q3VUOR-C6Xk9QOc6Uuqg	ok		Cat Ginger funny shorts
@CATGIRLAI-v3k		pending		
@catgp0	UCkldTD9ZreWBKRsKqK_n1kA	ok		CatGPT
@catgpt-o7i	UCWAZKjzw5zJeq6IzSI9nHag	ok		CatGPT
@catgpt9257	UC2Mg7FkNshv4e8PDiJI3oIw	ok		CatGPT
@cathistories-z9v9w	UC95C4kP075xT-x1pn1Bh_uw	ok		Cat Histories
@Catholic_Hymn6		pending		
@CatholicChantsTV		pending		
@catholicworldofc		pending		
@catimation_a_i	UCO_bfSWf6Vg_CzrzAr3eqtA	ok		catimation AI
@CatimationAI	UCSf0IxaqQwFonY0kbQLizeg	ok		Catimation AI
@catismai		pending		
@CatKitchenai-o6k		pending		
@catkittenfamily2018	UC5ZUUPtDgFMGberGeE8FhIg	ok		Cat Kitten Family
@catkittenreal	UCZAa_Kg3UDcIKnltNPGUupQ	ok		Cat kitten real 🥰💕
@catkittens0.1-w6y	UCnTjKKOSNTievRqjKgeNFCA	ok		Catkitten
@CatKudos	UCt7xBQR2iF8jiQiSJ24_ePA	ok		Cat Kudos
@CatLoafClub		pending		
@catloreaim		pending		
@catlovers-r9c	UCIFBQR1vl7UijDjn5CDGy_Q	ok		Cat Lovers
@catlovers-r9d	UCjPVE5WByR8cyhsrYEyJN6g	ok		Ai Cat Lovers
@catlovers55223	UCy9YQ2Qo56HUM2eOn3pOl8w	ok		CAT LOVER'S
@catloverstories1	UCEyVvcuhrXt8XFgp8l33c2w	ok		Catlover Stories
@catloveviral	UCx6PG5MxXdwnXJlE-xIMIHw	ok		Cat Love Viral
@catmamatales	UCOKi8nr4UH8PGWo_etS-X5w	ok		Cat Mama Tales
@Catmeow-01-s8l	UCnfqiq6Dfoc5G0ZkSpSMA0Q	ok		Catmeow
@Catmeow-t9f	UC1v3N_Isni50eT8pA05UEIA	ok		Catmeow
@catmeow-u4n	UCRuLah5N2NcTQUS0KLsE7Bg	ok		Cat Meow
@catmeow.2025	UCJOQPndV8qQnuQTncCdJB2A	ok		cat meow
@catmeow66	UCaFdovXFXcAT49TmUFeeb5g	ok		Cat Meow
@catmeowai-03		pending		
@catmeowai870	UCzUnwkZFrQzumDcGHacV4zw	ok		Cat Meow Ai
@catmeowcares	UCS6Pj-uko8MBjfXb_XlkEyw	ok		Cat Meow Cares
@catmeowclubs	UCaBNaisCRPXAE44q47NhT8Q	ok		Cat Meow Club
@catmeowmeow-w8w	UCg_Sf3bOSMRNk5ztRqomFXg	ok		Cat Meow Meow
@catmeowstation	UCbPlO2OrkK_ACVP5XgGd3Vw	ok		CAT MEOW STATION
@CatMindy		pending		
@Catnap_lofi		pending		
@CatNapRecaps		pending		
@catocat-u2b		pending		
@catofruitai		pending		
@CATOKAI15		pending		
@Catometrics	UC_KjecSxkkc7nE_YkHP5wDA	ok		Catometrics
@CatOnMonster		pending		
@catonthejob	UCNdohaML5pa5rsbxRdLYMgQ	ok		Cat on the Job
@catoon_video999	UCnCZ7R9AmIEQZwHx1pA-h4A	ok		AI Cartoon Video
@catopia-sor	UCuzsKmWYNWP-RZkC2IFZRFA	ok		Catopia
@catpawsworld	UCkkmo48931PwKD9KMFtMdWA	ok		Cats World
@CatPlanet-p2h		pending		
@CatPodcastTV		pending		
@catproject-z5k		pending		
@CatRealmAI	UCEwG3ksd6rKYdMblqH76Iow	ok		Cat Realm AI
@CatRecap		pending		
@CATRINGTV-77		pending		
@cats_773	UCZtf9awl6VZmtn4P1teOd8A	ok		Cute cats
@cats_ai143	UCVZN_MSJ_FKZx89uF2PUygw	ok		CATS AI
@Cats_Lifeeee_2.0		pending		
@catsai-story	UCQr7pefGANJiH5k-wN4fbOA	ok		Cats Story
@catsai_stories	UCBWzmaln8iqy0-tANRWuhWA	ok		Cats Ai Stories
@catsaicartoon-s7s1r	UC2-9kQyUz2VSlU79PjKlOMA	ok		Cats AI cartoon
@catsaishorts490	UCZmWelHASX8rb4SGaKSS7sQ	ok		Cats Ai Shorts
@catsaistor	UCzebJKITzjEoePTuU44CB4Q	ok		Cats ai Story
@catsaistories9	UCu5bfjC1KN-Xkfa1FqVbj4w	ok		Cat's AI Stories
@catsaistory1	UCE4kUDhAzceTSlKKXCxslAg	ok		Cat AI Story
@CatsAivideo4K		pending		
@CatsAivideos-i3t		pending		
@catsaivideos-j1o	UCLGGL3c7ItnH1krcatoVZhg	ok		Cats Ai Videos
@catsaivideos-j8t		pending		
@CatsCooking1		pending		
@CatscookingAi		pending		
@CatsCookingg		pending		
@catscutefun	UCSsrHJwN-wyTS9k_5Kiecsw	ok		Cats Cute Fun
@catsdairy20		pending		
@catsdancingvideo12	UCAZfh3T7I1UJjiEqcwvJ1Pw	ok		Cats dancing
@CatsDiary-i5x		pending		
@CatsDubbing-zt7jb		pending		
@CatsEatFirst		pending		
@CatSecretsUS		pending		
@catsfunnycats465	UCf5kS-1cD586aNEF6zdp_Gw	ok		Cats - FUNNY & Cute! 😸
@catsfuns-f4u	UCbzfEelnQMcbBmpA3R0QNYA	ok		Cats Funs
@catshortai	UChAGzu480FcI6NyIztFza8A	ok		Cat Shorts Ai
@catshorts-l1c	UCX7dV4-d3oQaoup9Gsu72jw	ok		Cat Shorts
@catshorts88	UCI64C8gbPebvlFCX789pceA	ok		Catshorts
@catsinsider	UCi7WrTo9M4qVVZ9qhYuUmIQ	ok		Cats Insider
@catsjoourney	UCNVzI2J_BkuZKsTsIdt3VlQ	ok		Cat's journey
@CatskitchenR		pending		
@catslife3-3	UC1F6bE3y45MHhBrcMnTJ4Vw	ok		Cats' Life
@catslifenick	UC29-LswYqVLkHeiUQX9v93g	ok		Cats Life
@catslover2578	UCPR_KySvnFrSMOiOzkxDc6Q	ok		Cutecato
@catsmeow-t	UCgZ9EZb2ftQCRhmAEfbWXXQ	ok		Cats Meow Ai-t
@Catsmotiom	UCNDAhenlaXFEn6X1oj9TCAw	ok		Cat motion
@catsofstory-u7u	UChyfRFypuITUbclstOUTRYA	ok		Cats of story
@CatSoundRecords		pending		
@catsreacts2m	UC1tIioX6BCr5t1WGEmAS-nQ	ok		Cats Reacts 2M
@CatsRevengeus		pending		
@catsshorts-x2m5l	UCL2VEOONioLMS0bttWtVClA	ok		Cats Shorts
@catsstory-2025	UC1vt_BldxJUyuG2ejUlizww	ok		Cat's Story
@catsstory-ai	UCCAugWjxUFkWeh5CunCfgJw	ok		Cat Story AI
@catsstory-o7k	UCL2ZqDrW6xWj9r_Z4Hyo-jg	ok		Cats Story
@catsstory-w8g	UClOvgZCGv2vUGqdbucoiYBg	ok		Cats Story
@catsstoryal	UCZh7lE7T5qJmjMtBdTbM5Dg	ok		Cats Story AI
@CatStories-e4c		pending		
@CatStories-f5t		pending		
@catstories-v3m	UCBUa7Ah9byQMcc1NkS8Sc9w	ok		cat stories
@catstories_ai-01	UCd50diztcfN8-2nnKvsr1Bw	ok		Cat Stories Ai
@catstoriesai-z4z	UCD1hqZz4oirgjdAqY3-TM9g	ok		Cat Stories Ai
@catstory-100	UCK2QCcBgimccLlcQUaefnhQ	ok		cat story
@catstory-dc2xn	UCXiR6Tjh5uMO9NGagXgQK4w	ok		cat story
@catstory-p9z	UCoeSw30Z6Fa_arNKSw1qQxg	ok		CatStory
@catStory-q7h		pending		
@catstory-t8j	UCUSFAjNvsyNB3d6gcC1PkeA	ok		Cat-story 7M
@catstory62	UCxxYdILkq2zu4AnrZL_G7kw	ok		Cat Story
@catstoryai-c8n	UCCpZ5nKxp6PSCkHY3omWh5Q	ok		Cat story ai
@catstoryai-f7l	UCTo5nB8H-KvU0HhZmCGJQoQ	ok		CAT STORY AI
@catstorys02	UCLkVL8ShmnFAvNqk35yLxhg	ok		Cute Cat Story
@catstudio_yt	UCk9IGOuGjV1BuENPWf6kILg	ok		Cat Studio
@catsuniverse-1	UC_bNoCEDD1HzayBvdqg-iLg	ok		Cat's Universe
@CatSweetWorld		pending		
@cattales234	UCGPxbJP2vZDq0mTs1_zFxQA	ok		Cat Tales Ai
@cattalesofficial2		pending		
@catto-v9p	UChy4FsUlIdU-fu2tbX_J4cw	ok		Cat to
@CatToon-i8v		pending		
@cattoonnix		pending		
@CatToonStories-o7d		pending		
@CatToonWorld-k9g		pending		
@CatTribeTale		pending		
@cattv123-cg6sp	UC0NJj8VAiggtSPs-8Zqw8PQ	ok		CatTV 123
@catty366	UCuq0DtjUsXarPjPmgh2vlaA	ok		Catty02
@catty_ai-4	UCHpAR1Ml6huo5XNT6Duytdw	ok		Catty_Ai
@cattylandcartoon	UC56rIcnSsYWhwPsjFIa01-w	ok		Cattyland Cartoon
@cattyonrock	UCpSZXvDIWarryQ0FPH7mvBw	ok		Cate baad
@Cattyyiii		pending		
@catventurestory	UC9mFo4X7TSEo9sFXfo-vG1g	ok		Catventure Story
@catversecinema		pending		
@CatverseStudi		pending		
@catvibesAIShorts92		pending		
@catvideo-t8d	UCwS5nLbKb7oSzKWqhIWfIaQ	ok		Ai Cat Animations
@catvideo334	UCNkterpiUKZ0HWwRZJdNo5Q	ok		catvideo334
@catvideosai-ai	UCU0s6FGRPpS2hZrqpa-m6Iw	ok		Cat's
@catvideosai-n5t	UC4mc96DD6Cnuvo_mVH9w56w	ok		Cat Videos AI
@catvideosofficiall	UCBO8wUpa6TpZLNTffnGlFwQ	ok		catvideos
@catvlogs-c3h	UCy3KJeVIl30z9ZkikKImvjQ	ok		Cat Vlogs
@catvlogstories	UC81udubsHmQH6-IPmeLFjtg	ok		Child Cats
@catworldcute-3f	UCVTP1Mhh71PR0ROe9A1dUWQ	ok		Cat World Cute
@Catylofi		pending		
@catzdance-c5z	UCf0BMl3gIxPufm0gSuY5tuA	ok		C A T Z Dance
@catzoneai	UCqOMSAWInXROhw8LOmT3-QQ	ok		CatZone AI
@Catzoomusa		pending		
@CaughtByTheDoorbell		pending		
@caughtoncam009		pending		
@CaughtOnCamAI001		pending		
@caughtoncamcats		pending		
@caughtoncamerablackstories		pending		
@CaughtOnMyDoorBell		pending		
@CaughtOnRingcam_viral		pending		
@caveman_08		pending		
@CavettUntoldStories		pending		
@CawsofDeathMusic		pending		
@CayceBeyond		pending		
@Całościowezdrowiemężczyzn		pending		
@CBInternational		pending		
@CCAPTVOfficial		pending		
@CCAT-FunnyAI		pending		
@CCStray		pending		
@cdlgeneralknowledge		pending		
@cecilymarrow		pending		
@cedarhollowstories		pending		
@CelebCrackupsClips		pending		
@CelebFlip-YT		pending		
@CelebLaughsTV		pending		
@celebrityinformation254		pending		
@Celebritynes.m		pending		
@CelebrityNews123-c9d		pending		
@CelebrityTalk100M		pending		
@CelebScoop-p7d		pending		
@celebsgoat		pending		
@CelebToday-r6r		pending		
@celebunfiltered7		pending		
@CelebWoodOfficial		pending		
@CelebWorldInsight		pending		
@CelebZone-y5b		pending		
@celestaryt		pending		
@celeste53400		pending		
@CelestFantasy		pending		
@Celestial-Throne-Theater		pending		
@CelestialAura99		pending		
@celestialchronicles_official		pending		
@celestialdiscord		pending		
@CelestialMagician		pending		
@CelestialRadianceOfficial		pending		
@celestialrunwaystudio		pending		
@CelestialRythm-y7o		pending		
@CelestiaSong-u7m		pending		
@CelevaronGlowSignature		pending		
@Cello_Classica		pending		
@Celtannia		pending		
@Celtic-Moonlight		pending		
@CelticBeat1		pending		
@CelticForestMelodies		pending		
@CelticGlensSongs		pending		
@CelticJourneyBGM		pending		
@CelticMistSoundscapes		pending		
@CelticMoonlightSongs		pending		
@CelticRealms		pending		
@celticsoulambience		pending		
@CelticSoulsMusic		pending		
@CelticSpiritRelaxation		pending		
@CelticTavernAmbience		pending		
@CelticTechnoJourneys		pending		
@CelticWhispersHighlands		pending		
@Cena-Honoru		pending		
@cenachwaly		pending		
@CenaChwały		pending		
@cenariska		pending		
@Centerstrain01		pending		
@CephalonVestige		pending		
@CepRelaxingAmbience		pending		
@cept8aiart		pending		
@cerebrodesilicioIA		pending		
@CEVdoesAI		pending		
@CevoFilms		pending		
@cfgstv-i3d		pending		
@CFLimitless		pending		
@CGTioMusic	UCZc3n6LW6VeW3Gw3sV1Luyg	ok		CGTioMusic
@Chaabi_vusion		pending		
@chacchanthanhcong		pending		
@Chachachacod		pending		
@ChadGrowOfficial		pending		
@ChadRecklton		pending		
@chalengefact-e2z		pending		
@chambersolitude		pending		
@chamoon-u2t		pending		
@CHAMPIONSONICE		pending		
@Chanakya2858		pending		
@chandni-j8t	UCNWju00kIga0kf_G1PUHEJA	ok		Chandni-j8t
@chandrasaidreamworld		pending		
@chaneekrapaobao		pending		
@chanelvision26		pending		
@changeinnature		pending		
@CHANGES_CRIMINALS		pending		
@ChanLore		pending		
@Channel1-n7u		pending		
@channel2-d3i		pending		
@channeldramamovie		pending		
@ChannelLoublu		pending		
@channelofkids-999	UCTqPMgJ3d32n4rrIMEsiDdQ	ok		🌟 BabyToon Kids 🌟
@channeltelos		pending		
@ChansonAura		pending		
@ChantzTunesAI		pending		
@Chaos_Ledger		pending		
@ChaosCash-b6i		pending		
@ChaosHistoryStick		pending		
@chaoslabtoons		pending		
@ChaosMetalLab		pending		
@ChaosStrategy		pending		
@CharacterRealLife		pending		
@charles-vs-the-past		pending		
@CharlesAIArt		pending		
@charlesmayer-c4c		pending		
@CharlesSurrealDreams		pending		
@CharlieDriscollAI		pending		
@CharmaigneDamron		pending		
@charmley		pending		
@CharredQuillTales		pending		
@Chase-H-AI		pending		
@chase-profit		pending		
@ChaseAIStudio		pending		
@ChaseCamPursuits		pending		
@Chass3urYT		pending		
@chatai-r2k	UClZyIqO1seQ_TOVK01YIHEQ	ok		AI Cat Videos
@chatgptplususer		pending		
@ChatNoirVibes		pending		
@chaudhary_____sahab_012	UCmTCSm04VWdly2uktUbf3og	ok		choudhary
@chawbas		pending		
@CheaphomesinFlorida		pending		
@CheaterRevengeStories		pending		
@CheatingStories-Postcard		pending		
@CheatingTalesInsightsLab		pending		
@cheatingtaleslab		pending		
@CHEATINGWIFESTORIES-AMERICAN		pending		
@cheatsandchancers		pending		
@ChebAI-19		pending		
@CheddyAI		pending		
@CheepSkates-w4h		pending		
@CheerfulVids		pending		
@CheesesWithJesus		pending		
@CheeseTrap-xm		pending		
@CheetahRecaps		pending		
@Chef-Kittyy		pending		
@ChefAI111		pending		
@chefcatchangia		pending		
@ChefdeRomania		pending		
@ChefEfilAI		pending		
@ChefGPTlk		pending		
@ChefHabibAI		pending		
@ChefkiWhiskersKitchen		pending		
@chefletai		pending		
@ChefMadd		pending		
@ChefMeowsterAI		pending		
@chefmilo-b5t		pending		
@ChefNyangASMR		pending		
@chefsarc		pending		
@Chefwhisper		pending		
@chellakutty_bro		pending		
@chengai-q4x		pending		
@chenPin_cheeku		pending		
@CherryAI27		pending		
@CherryBloom-d3x		pending		
@Cherrywhisperdrama		pending		
@CheryllTradesLEAPS		pending		
@chessblitzking		pending		
@chesteraiforfun		pending		
@ChevroletGarage		pending		
@ChevyCentral-HD		pending		
@chheangchamnan-v5z	UCCRQYFSKd1Q8Fr2FJRT0gQg	ok		Crystal Cut ASMR
@ChhotiRasoi2		pending		
@chhotuyadduvanshi	UCUISf2pYdcPmpeoLx1Ym-qQ	ok		@Ai Shorts Video
@chiaoxgenzone		pending		
@ChibiChill_Studio		pending		
@ChibyOkoye		pending		
@chicagocrimevideo		pending		
@ChicCountryMusic		pending		
@chichi.ai.adventure	UCDNtZpaGk1Jz_eMOqEPpvng	ok		ChiChi AI Adventure
@chichithecat.05	UClTSFJzb6AIyShXtZrtkHmg	ok		Chi Chi
@CHICKIE-c4c5q	UCRZDBPl0rVHgZcDEb3jUlzw	ok		Chickie Story Time
@chickofhono	UCW-_wM4-6eRaeDmPK9mwZsA	ok		chick of honor
@ChickofHonor-3i	UCEb1sQw9QJFBz47oUzObOHQ	ok		Chick of Honor
@ChickofHonor-l	UCjq5YmqNMZuj97-dwaBQ86g	ok		Chick of Honor
@chickofhonor-t3ii	UCdMpQiml80dmC60GZrDYKYg	ok		Chick of Honor
@ChickofHonor-w8v	UCFWt7GFvp5y7s-JKzsGuOow	ok		Chick of Honor
@Chicokidsaivideos		pending		
@Chidimma-u6c		pending		
@ChidimmadimStories		pending		
@ChidinmaFrank		pending		
@ChieraFilms		pending		
@chikoosfunnyverse	UCwaBdvqovs_guje5dY09lBg	ok		Chikoo's AI Journey
@chikufilm	UCqJXICio0Avrnkj2NjUCG5g	ok		Chikoo Films
@Chikurinman		pending		
@ChilCreation		pending		
@childofnature94		pending		
@childrenoflordyeshua		pending		
@chiliaimusic		pending		
@chill-beatx		pending		
@chill-city-vibes		pending		
@CHILL-Gallery		pending		
@Chill-RnB-Dreams		pending		
@chill-rnb-slow		pending		
@Chill_cucumber		pending		
@chill_duck_lofi_2412		pending		
@Chill_girl_Vibes_bgm		pending		
@Chill_Village		pending		
@ChillAlohaBeats		pending		
@ChillAstronaut		pending		
@chillbeatswithalita		pending		
@chillbestsong		pending		
@chillbook-22		pending		
@chillbuzzfun	UCUfisJ39KnlXf-XJvAb4auQ	ok		ChillBuzz
@ChillCafeMusic	UCYVuC_glCfB-jgc0w1O3EDQ	ok		Chill Café Music
@ChillChaosMusic		pending		
@chillchat-n3y	UCO694GVpelT8oRftD3eJHcQ	ok		Chill & Chat
@chillchilljournal		pending		
@chillcitiesvibes		pending		
@ChillCityFM		pending		
@chillcitynight		pending		
@ChillCityPop	UCY4YovmJwl4_BivQ-LkzU2A	ok		Chill City Pop
@ChillDudeExplains		pending		
@chillfinancialhistorian		pending		
@ChillFinancialRewind		pending		
@chillflow09		pending		
@chillguide		pending		
@chillherefm		pending		
@CHILLIMILLI-e7n		pending		
@ChillingAfterglow		pending		
@ChillingChapters25		pending		
@chillinwithmochi	UCayJkxYW5TZNLTpbQdh-ZmQ	ok		Chillin' with Mochi
@chilljournalsounds		pending		
@ChillKnightVibesz		pending		
@chilllab01		pending		
@chilllofivibeslove		pending		
@chillmoments69		pending		
@ChillNightMelody6886		pending		
@ChillNotesTokyo		pending		
@chillofficegirl		pending		
@ChilloutDelMar		pending		
@ChilloutStudyOfWork-dl2zb		pending		
@chillpanic		pending		
@ChillPupLofi		pending		
@ChillQuestRPG		pending		
@chilltakemusic		pending		
@chilltoon-7	UCkOiiyUJYSGsa7Wx_rO6kkQ	ok		Chill Toons
@ChillTunes-u4g		pending		
@chilltunesradio		pending		
@chilluramusic		pending		
@ChillVibeEnergy		pending		
@chillvibemusic_taiwan		pending		
@ChillVibesMusic999		pending		
@chillvibesno1		pending		
@ChillWavesK-Studio		pending		
@ChillWithMeUSA		pending		
@ChillwithTaiki		pending		
@Chimera2025		pending		
@ChimeraBackpacker		pending		
@chimpanzeeaistory		pending		
@ChimpLedger		pending		
@China-Silver-Alert		pending		
@chinaconsumerwatch		pending		
@ChinaInsight-ai		pending		
@ChinaPuzzle-zyq		pending		
@chinchan21		pending		
@ChineseAnimation		pending		
@ChineseBL		pending		
@chineseshortsai	UCTebVLuhUp4LRxmyuRyHkGA	ok		Chinese Shorts Ai
@ChinnuAIWorld-r1m		pending		
@ChinnyStoriesTv		pending		
@chintupihushorts		pending		
@chiomaworldoftales		pending		
@Chiphibaby		pending		
@chippatents		pending		
@chippyspielberg		pending		
@chiptasks		pending		
@Chisdiary1		pending		
@Chisomstories2		pending		
@chisystories		pending		
@ChitaCharita		pending		
@Chitrayuga		pending		
@ChivanAImovies		pending		
@chivo7666		pending		
@ChizzyMusic-r1k		pending		
@chlodnazemsta		pending		
@chloetalksport		pending		
@ChloeVSHistory		pending		
@Choco-film		pending		
@ChocoAniYT		pending		
@chocolategirl3		pending		
@chocopeve		pending		
@chocos4322		pending		
@chocotreatasmr	UC88TB-Dv4Dl6yyUh0zOHjOw	ok		Chocotreat ASMR
@ChokingFox		pending		
@Chonkeyslittlefamily200		pending		
@ChopZen-ASMR		pending		
@choralbass		pending		
@ChordSequenceStudio		pending		
@ChorusGarden		pending		
@chosen-inner-light		pending		
@Chosen-Ones-Rising-d8i		pending		
@ChosenAnointedSoul		pending		
@ChosenByHeavens		pending		
@ChosenDivineLight1111		pending		
@ChosenforGloryTV		pending		
@ChosenForMiracles7		pending		
@ChoseninGrace		pending		
@choseninlighttelling		pending		
@chosenOneenergy-z6q		pending		
@ChosenOnesDivineMiracles		pending		
@ChosenOnesRisingTV		pending		
@ChosenOneWealth248		pending		
@ChosenRevenge		pending		
@ChosenSignalTruth		pending		
@ChosenSpiritualAwakening-c7r		pending		
@ChouetteAIASMR		pending		
@chouhan_saab.302		pending		
@Chr_Zone_games		pending		
@Chris-stories1123		pending		
@chris_explainsyt		pending		
@chris_quotehub		pending		
@chriscrystalaiart		pending		
@chrisstapletonandlaineywilson		pending		
@Christalkslegends		pending		
@ChristBeMagnified		pending		
@christhope7		pending		
@ChristianBibleAnimation-Yt		pending		
@christianhalefamily		pending		
@ChristianHarmonyWave		pending		
@ChristianNerdYT		pending		
@ChristianPOV-p6o		pending		
@christianreimagine		pending		
@ChristianStoriesCS		pending		
@ChristianStronghold		pending		
@Christine-Trends		pending		
@ChristInsights-AIBibleLens		pending		
@christmas_music2025		pending		
@christmasmelodiesrelax		pending		
@christopherglyn		pending		
@christscallings		pending		
@ChristsDiscipl3s		pending		
@ChristusDominusStudios		pending		
@christvisionmessage9515		pending		
@Chroma-Chapter		pending		
@ChromaticCircusAI		pending		
@ChromeAngelsMusic		pending		
@Chromed_X		pending		
@chromeyhomie		pending		
@Chronic.Remix1		pending		
@Chronicle.Origins		pending		
@ChroniclesofCapital100M		pending		
@ChroniclesofPrehistory-u5m		pending		
@Chroniclesoftheword		pending		
@ChroniclesofWar4		pending		
@ChroniclesPaint		pending		
@ChroniclesTV1.0		pending		
@ChroniclesUntold_1		pending		
@ChroniclesWW2		pending		
@chronicletravels		pending		
@Chronik_der_Schatten		pending		
@ChronikDerKatastrophen		pending		
@ChronikenAgyptens		pending		
@Chroniqo.2		pending		
@Chroniques.dupassé		pending		
@ChroniquesdesCivilisations		pending		
@ChroniquesduMondeAncien		pending		
@ChroniquesduTemps-FRANCE		pending		
@Chrono-Crunch		pending		
@CHRONO-v9qK		pending		
@ChronoFallOfficial	UCoLtvH_ubqcxmvad3bk0RzA	ok		ChronoFall
@ChronoForge2.0		pending		
@ChronoLens10		pending		
@ChronoOtaku47		pending		
@ChronoPrepper		pending		
@ChronosAudio-dc		pending		
@ChronoscapeExploring		pending		
@ChronoScripts		pending		
@ChronoShift_Studios_official		pending		
@chronosreenact		pending		
@ChronoVantaTV		pending		
@ChronoVerse_AI		pending		
@ChronoVerzzz		pending		
@ChronoVoyagerAI		pending		
@ChrysalismStories		pending		
@chu5minecraft2026		pending		
@chubbyaii	UCckM0GXfs2XeGWAypdJ5QhQ	ok		Chubby Ai
@ChubbyCatHeists		pending		
@chubbyorangecat88	UCRoLRgUHMMRFZMw7Ix8yO5w	ok		Chubby Orange Cat
@chubducket		pending		
@chuchu-h5c	UCE2kEu6oPPFzIH5NVIn5uBQ	ok		Chu Chu
@ChuchuArt266		pending		
@Churipli		pending		
@ChymanN-mua		pending		
@ChłodnaZemsta		pending		
@Ciaomeow-ai		pending		
@CibiiSub-01		pending		
@CicatricesdeLuz		pending		
@CichaNauka0		pending		
@CiderTheater		pending		
@Ciekawe_fakty_o_owadach		pending		
@cielbleu-q7k		pending		
@Cielosanador		pending		
@CienciaNocturnaa		pending		
@CienciayFiccionFHY		pending		
@CienieHiistorii		pending		
@cienreflektorow		pending		
@cienslawy		pending		
@ciezkie_czasy		pending		
@CieńReflektorów		pending		
@CieńSławy		pending		
@Cijomon-d2j		pending		
@CilasCinematicStories		pending		
@CilwerH		pending		
@CinaVeyra		pending		
@CinderellaDrama		pending		
@CinderFenceCinderFence		pending		
@CinderRoadRadio		pending		
@cine-forge-ai		pending		
@cine_retro_archive		pending		
@Cine_v3rse		pending		
@CINE_VERSE_AI		pending		
@CineAITales-x4x		pending		
@cinebeast0303b		pending		
@CineBeastAI0		pending		
@CinebotComedy		pending		
@Cinebreaks-d9p		pending		
@CineDrama-88		pending		
@CineEdgeDiaries		pending		
@Cineeverseai		pending		
@cineforgeai-w2v		pending		
@CineFruitAI		pending		
@CineGlobe-ej1on		pending		
@CineGodsUniverse		pending		
@CinekathaAI-b8i		pending		
@CineKrinoStudios		pending		
@cinelutionofficial		pending		
@Cinema-Al		pending		
@cinema-novascope		pending		
@cinema_dust		pending		
@Cinema_Fictions		pending		
@CinemaAfterHours-b		pending		
@CinemaCarsTV		pending		
@cinemafallout		pending		
@CinemagicDelights		pending		
@CinemaPeek-xxx		pending		
@Cinemately		pending		
@cinematic.universe470		pending		
@Cinematic3D-rs		pending		
@Cinematic_Univerx		pending		
@CinematicAI		pending		
@CinematicAI-Studio		pending		
@CinematicAIBattles		pending		
@CinematicAiStories-i4		pending		
@CinematicAIUniverse1		pending		
@CinematicAIvideo-98		pending		
@CinematicByte9		pending		
@CinematicChefAI		pending		
@CINEMATICCODEX-k5w		pending		
@CinematicCollisions		pending		
@CinematicEmpireArchives		pending		
@CinematicFocus1		pending		
@CinematicJourneysRecapped		pending		
@CinematicNostalgiaTV		pending		
@CinematicPre		pending		
@CinematicSoulChannel		pending		
@CinematicSurvival0780		pending		
@cinematicsynth_AI		pending		
@CinematicUniverse-b9e		pending		
@CinematicUniverse-m1w		pending		
@CinematicUniverse-u8i		pending		
@CinematicWave-v9r		pending		
@CinematicWealthStories-z2t		pending		
@cinematicworldforgedbyAI		pending		
@CinemindAi-n1m		pending		
@CineMood777		pending		
@CineNova_AI-e6g		pending		
@cinepoolai		pending		
@CineRewinded		pending		
@CINETALES_AI	UCFrBr2ri7gi9oW6WQtKK3UA	ok		CINETALES AI
@CineVerse-AI-b9s		pending		
@CineverseAI007		pending		
@CinewinCinematics		pending		
@CineWirre		pending		
@CineXRYTrailerStudio		pending		
@CinnamonGirlMelodies		pending		
@CIPHER_UNIT		pending		
@cipheredhistories		pending		
@CipherHorror		pending		
@CiprianExtremeAi		pending		
@CircleofAfricanTales		pending		
@circleoflifetimes		pending		
@CircuitFlowCF		pending		
@CircuitRelics-o6r		pending		
@CircuitStoriesss		pending		
@CISOMarketplace		pending		
@cistories.studio-s26		pending		
@Citiesshock		pending		
@CitizenAnalytics	UCUG1QdrgRuZ_KHaxjdHGbuA	ok		Citizen Analytics
@CitrusEchoDrama		pending		
@citycatai	UCPIFfJ1SWS8JDTgBmLxrbng	ok		City cat (AI)
@CityFall-k6b		pending		
@cityfun2025		pending		
@CityHunterHFY		pending		
@CityofCorner		pending		
@Cityofemperors		pending		
@CITYPOP198X-z		pending		
@citypopgirl		pending		
@citypoptokyocorner		pending		
@cityrecords-tokyo		pending		
@CityRhumba		pending		
@civilcrimes0		pending		
@civilexplained-ce		pending		
@CivilizationsExplained01		pending		
@CivilWarDose		pending		
@Ciężkie_Czasy		pending		
@CJLastix_Stories		pending		
@ClaimedbyFate		pending		
@ClaireAshStory		pending		
@ClaireDelacroixBistrotdeMinuit		pending		
@clamambiance		pending		
@clarasfoodstories		pending		
@ClaraStories1		pending		
@ClarkGaming-z2i		pending		
@Classic1950s-n2t		pending		
@Classical_Memoirs		pending		
@ClassicCarSecrets786		pending		
@ClassicCarSecretsTV		pending		
@ClassicChristmasVibes		pending		
@ClassicCroonersRevival		pending		
@ClassicHollywood1960		pending		
@ClassicHollywoodEchoes		pending		
@classicjazzcollection99		pending		
@ClassicJazzHub		pending		
@ClassicMedievalRoom		pending		
@classicmelody88		pending		
@ClassicRideRevival		pending		
@ClassicRoadhouseBlues		pending		
@ClassicRomance-k8j		pending		
@ClassicRoom2025		pending		
@ClassicSci-fiMoviesFacts		pending		
@ClassicStoriesAIFilms		pending		
@ClassicVaultGhibli		pending		
@ClassicWorldStories		pending		
@ClassifiedDecoded		pending		
@ClassifiedOrigins-z9v		pending		
@ClassVault		pending		
@ClaudetteAI		pending		
@claudia_ai		pending		
@ClaudioAIArtSound		pending		
@clawvercomedy9	UCJY_G6Fnlsyk95B8iivnAKg	ok		Clawver Comedy
@claymatters		pending		
@Claysplained		pending		
@ClayZen_AI		pending		
@CleanHistoricalRomanceStories		pending		
@CleanRegencyLoveStories		pending		
@CleanRevenge9900		pending		
@cleanshotsnooker		pending		
@Clear_Mind_Lab		pending		
@ClearMindForEver		pending		
@Clembotron		pending		
@Clementine-q6w		pending		
@ClementMishael		pending		
@clettahstudios		pending		
@CleverSpacesGirl		pending		
@ClickSceneTV		pending		
@ClicktheoryO		pending		
@clikbgames		pending		
@clikbgamesxxxxxxxxxxxxxxxx		pending		
@ClimaRescue		pending		
@ClinjoAE		pending		
@Clinteastwoodarchives		pending		
@CLIPBANKS		pending		
@ClipCentralium		pending		
@Clipchanneltime		pending		
@clipchronoai	UCPm7abw9JphPoTIpDV9XYew	ok		ClipChrono AI
@ClipCove		pending		
@ClipCoveYT		pending		
@ClipCultureReral		pending		
@clipcutstime09	UC_8G_OmXkcRML8I1EmVUG_A	ok		ClipCutstime
@Clipflippov		pending		
@clipGlitch-u7m		pending		
@clipp2forgee		pending		
@clippermaster12		pending		
@clippievirals		pending		
@ClipRotter		pending		
@clips-l9v		pending		
@clipsdaliytt		pending		
@Clipsector-z5b		pending		
@ClipShorts998		pending		
@clipsinko		pending		
@cliptalk-21		pending		
@clipverseofficial98	UCmsWmCdRmMhXzPAg_5qZIdA	ok		Clip Verse official
@cliquebeats		pending		
@CloakedHistory1		pending		
@ClockworkDimensions		pending		
@cloeeeminiature	UC8Gf0kNvR1N8Xds0CdIsgHg	ok		cloeee mini
@Clone.ai_system		pending		
@ClostomyDestruction		pending		
@Cloud-Codes		pending		
@CLOUD_AIASMR		pending		
@CloudCassetteMusic		pending		
@CloudChasersMusic101		pending		
@CloudPetalAI-g2d		pending		
@CloudReads		pending		
@Clouds_And_Wind		pending		
@CloudWaveLyrics-j4g		pending		
@CloutBot		pending		
@Cloutishh		pending		
@CloutrTV		pending		
@clouvdz		pending		
@clstl_o_o		pending		
@clubmagienoir		pending		
@Cluntrix		pending		
@clusterdaddy		pending		
@ClutchonIce		pending		
@ClypseHQ		pending		
@CLYPSTER-c4t		pending		
@Cmadethatway.1-p2o		pending		
@CNFNoticiasFinancieras1		pending		
@cng2799		pending		
@CNV-News-1		pending		
@cnya-music		pending		
@coachkong.official		pending		
@coachpeligrosso		pending		
@coastaljazzcafe3		pending		
@CoastalJazzCafé3		pending		
@cobybylo		pending		
@Cobybyło		pending		
@Coca-Cola		pending		
@Cockpitchronicles17		pending		
@CocktailNotes		pending		
@coco_love_music		pending		
@CocoaDailyDrama		pending		
@COCOAMOTIVATION		pending		
@CocoFame-b8p		pending		
@CocoLabx		pending		
@CocoTV-e9i		pending		
@cocovers_ia		pending		
@CocsmicDust		pending		
@cod_music88		pending		
@Code-Guild		pending		
@codeandcreate		pending		
@CodeCodersYT		pending		
@CodeDeepAI		pending		
@CodeDevHQ		pending		
@CodeInc		pending		
@CodeKittyai		pending		
@codeofBikers		pending		
@CodeoneshotAi		pending		
@CodePilotxStudios		pending		
@coders-happy		pending		
@codewizardnb		pending		
@Codexbibleai		pending		
@codexloreus		pending		
@codigochiaraviglio		pending		
@codigoestoicoai		pending		
@CodingKitty		pending		
@codingtherapymusic		pending		
@codissect		pending		
@CodzienneHistorieMarty		pending		
@coffee_pages		pending		
@CoffeeChapterJazz		pending		
@coffeeharmony		pending		
@coffeerelaxingjazzz		pending		
@COFFRE-FORTDESURVIEINTERDIT		pending		
@cognicraze1	UCnMgH8Idhe70y0m_CLNa43A	ok		CogniCraze
@CognitechLabs		pending		
@CognitiveDen1		pending		
@cognitiveEd		pending		
@cognitiveshiftshop		pending		
@coldcase247_25		pending		
@ColdCaseReopened01		pending		
@ColdHeartStories222x		pending		
@ColdHumanPsychology		pending		
@ColdReason		pending		
@ColdRevenge-j5z		pending		
@ColdSurvivalMountain		pending		
@ColdWarDominance		pending		
@ColdWarImpact		pending		
@ColdWarInsightss	UCWZ_hUvoSosmLlesqbvOZkA	ok		Cold War Insights
@Cole-Xi	UCJiiZvn5PXNpo2BVERYLzaw	ok		Cole
@ColeExplains09		pending		
@collab-e7l		pending		
@collapsedplacesyt		pending		
@CollapseLynx		pending		
@CollapseTheoryUS		pending		
@Collective.mind.1		pending		
@CollyStories		pending		
@colonyclashzone		pending		
@colorfusionnova		pending		
@ColorMyth		pending		
@com.figurado		pending		
@CombatAviator-r8l		pending		
@combatcore_Official		pending		
@combatgridofficial		pending		
@CombatPolitics		pending		
@CombatStories-v3s		pending		
@CombatUnclassified		pending		
@ComebackKingStudios		pending		
@ComebackTales-y7p		pending		
@Comedy4Ut		pending		
@comedyradio69		pending		
@ComedyShowsChannel		pending		
@ComedySlopAI		pending		
@ComedywithAI-h5c		pending		
@ComeWithMe-x2c		pending		
@comfibeats		pending		
@comfortdramastoriess		pending		
@comfortspacemusic		pending		
@comfyhistory101		pending		
@ComfyTeaShojo2		pending		
@ComfyUIstudio		pending		
@Comic_Stories11		pending		
@comiccaty		pending		
@comicronn		pending		
@comicsoon-c1w		pending		
@ComicSynthAI		pending		
@ComidaAntigua		pending		
@comidantigabr		pending		
@Comingfromtheheart6		pending		
@ComixIRL		pending		
@commanderbed		pending		
@commentboy4		pending		
@common_man_ai_03		pending		
@CommonHub		pending		
@commonsenselyrics		pending		
@communication-Tube		pending		
@companikumar8662		pending		
@Comparative_Reviews		pending		
@ComparedTools		pending		
@Compilationtsemassive		pending		
@CompilingIdeas		pending		
@Complainix		pending		
@Complaintary		pending		
@Complaintino		pending		
@ComplaintVerse		pending		
@complexAI		pending		
@ComposersAiStudio		pending		
@CompoundYieldandGrow		pending		
@comprenderlafisicaconfeynman		pending		
@ComprenderlafísicaconFeynman		pending		
@conceptburstyt		pending		
@CONCUBU-o4p		pending		
@conductajudia		pending		
@conductajudía		pending		
@conexioncanina		pending		
@ConfessCore369		pending		
@ConfessedOutLoud	UCglZzePqa1aFHJI9N3QFtAw	ok		Confessed Out Loud
@ConfessionT		pending		
@ConfirmadoAhora		pending		
@ConflictAtlas3010		pending		
@conflictfilesusa		pending		
@ConflictosFamiliares-68		pending		
@ConflictSignals	UCG_slBZ6NeIcGNQrRuXAJrg	ok		Conflict Signals
@conhuir		pending		
@connectioninsights		pending		
@ConnectWithGod777		pending		
@connkilpatrick7459		pending		
@conocimientorevelado-CR		pending		
@conorcreates123		pending		
@ConsejosDeMecanicaPlex		pending		
@Consequentialstorieswithben		pending		
@Consiglidianime		pending		
@constructor-cuantico		pending		
@ConstructorVisionario		pending		
@ConsumerExposed-ghz		pending		
@ContemplativeMind-h5d		pending		
@contentwala-x4t		pending		
@cook-k6m		pending		
@Cooked_dog67		pending		
@CookForYou-jp		pending		
@cookify-g6h		pending		
@Cooking_AI_Gen		pending		
@CookingAI-s4g		pending		
@CookingCatsAI		pending		
@cookingroyal		pending		
@cookingwithshallu-t5		pending		
@Cookwithella		pending		
@cool_techplus2753		pending		
@coolanimalsai3r	UCowrTWGoxyFlQuhBzrXb-Mg	ok		cool animals ai
@CoolClassicTV-tq8je		pending		
@coommix		pending		
@CoordinateX-v8r		pending		
@Coornitoons		pending		
@CopacabanaSocialClub		pending		
@copacabanatidal		pending		
@Cops_Eye		pending		
@CopsCamVault		pending		
@CopsLucAi		pending		
@CopX360		pending		
@coraapod		pending		
@corazondebolero-1992		pending		
@CorazonDFeYT		pending		
@CorazóndeBolero-1992		pending		
@Core_Sight	UCEGZ_eUt6HeseHScQEcqTxw	ok		CoreSight
@COREBALLADS		pending		
@corelashkenazi		pending		
@Coremusicnepal		pending		
@COREPRESS-j8r		pending		
@CoreProcess4.0		pending		
@CoreShining		pending		
@CoreTunz		pending		
@CORNELLJULEE		pending		
@Corporate_Vendetta		pending		
@CorporateCritters_Joy		pending		
@corporatekarmabywalter		pending		
@CorporateRevengeTales		pending		
@corruptpov11		pending		
@CortesLawFirm		pending		
@coslient		pending		
@CosmHush		pending		
@Cosmic_Sketchlab		pending		
@CosmicBayouRadio		pending		
@CosmicBunnyLily		pending		
@CosmicCat2606		pending		
@CosmicDesertDrift77		pending		
@cosmicdisasterhub		pending		
@CosmicDistrictStudio		pending		
@CosmicDream01		pending		
@cosmicdrifter-unvrs		pending		
@CosmicEcho10x		pending		
@CosmicEchoes94		pending		
@CosmicGalaxies1		pending		
@CosmicGuitarscapes		pending		
@cosmichipposounds		pending		
@CosmicHistoria		pending		
@CosmicHits		pending		
@CosmicInfinity-g8d		pending		
@cosmiclawsexplainer		pending		
@CosmicLens-EN		pending		
@CosmicMinds1		pending		
@CosmicNootropic		pending		
@cosmicsagasoftheuniverse		pending		
@CosmicSandGrooves		pending		
@CosmicStill-89		pending		
@Cosmicus-w6s		pending		
@CosmicVideoAI		pending		
@cosminex		pending		
@cosmiospace		pending		
@CosmiSer		pending		
@CosmoAcademia		pending		
@CosmoByteDaily		pending		
@CosmoMillonario		pending		
@CosmoRyderTributes		pending		
@CosmosDustTalks		pending		
@CosmosinaNutshell		pending		
@COSSACKSua		pending		
@CostieraDeep		pending		
@CostOfFreedomYT		pending		
@cosytonez01		pending		
@CottageDreamsd		pending		
@councilstales		pending		
@CountryEchoMusic		pending		
@CountryHits-in		pending		
@CountryLoveLetters		pending		
@CountryRockGospel-f5y		pending		
@countryworshiprevival_fanmade		pending		
@Courtiva		pending		
@CourtofthePeople-l4c		pending		
@courtreviewusa		pending		
@courtroom.archive		pending		
@CourtroomExposed-d3w		pending		
@CourtroomLife		pending		
@CourtroomReckoning1		pending		
@courtroomtrace		pending		
@CourtroomTwelve		pending		
@courtroomvideossimpson		pending		
@COURTROOMWISDOM-t7b		pending		
@CourtsAndCrimes		pending		
@CourtSecrets-e7m		pending		
@CourtSense-CS		pending		
@CoverAI_77		pending		
@CoverFlix-Ai		pending		
@CoverNusantara		pending		
@CoverofAnatolian		pending		
@CoverSongAi-l3i		pending		
@cow-ai-videos	UCe42-hPjI0kncNcii3g5XoA	ok		Cow AI Videos
@cowboycampfirechronicles1	UCF7V-wpBdnTpbciqp4_C87A	ok		Cowboy Campfire Chronicles
@CowboyCottonwood		pending		
@CowboyInASuit		pending		
@CowboyIronheart		pending		
@CowboyLegends-yt		pending		
@CowboyTaless		pending		
@CowboyWesternRomance		pending		
@cowcartai	UCc_TDWtvUog8zrw4OSXWInQ	ok		cow cart ai
@CowGow-1176		pending		
@cowlovers-o3e	UC4iriEA9xGwWVWvZHg83L-g	ok		Cow Lovers
@CoyoteDeltaBlues		pending		
@CoyoteTerritoryYT		pending		
@CozifireAmbiance		pending		
@cozy-vibe-lofi		pending		
@cozy_cat_mom		pending		
@Cozy_Jazz_Tunes		pending		
@Cozy_RainyRoom		pending		
@cozyaicatsmew		pending		
@CozyAmbientAlchemy		pending		
@cozyambientescape		pending		
@CozyBeaa		pending		
@cozybeanjazz		pending		
@cozybites15		pending		
@cozybooksjazz		pending		
@CozyBreakfastDaily		pending		
@CozyCatKitchenASMR		pending		
@cozycatstudio		pending		
@cozycookingcat		pending		
@CozyCravings4		pending		
@cozycupmelodies-o2k		pending		
@cozyfantasy_ai		pending		
@cozyfolklore__u		pending		
@CozyGhiblivlogs		pending		
@CozyGuitarRoom		pending		
@CozyHaven36.9		pending		
@cozyjazzambience99		pending		
@CozyJazzCourtyardMusic		pending		
@CozyJazzMusic-YT		pending		
@cozyjazzrhythm-q4k		pending		
@CozyJazzVibes-e9h		pending		
@cozykitchen-ai		pending		
@cozylittlenook		pending		
@cozylobbygg		pending		
@cozymanorhome		pending		
@cozymomentsyt		pending		
@CozyMountainFireplace		pending		
@CozyMouseChef		pending		
@CozyNookAmbientStudio		pending		
@cozypenguin1	UCMHGBtpXwpNOrlScFBOJyrA	ok		Cozy Penguin
@CozyPopAI		pending		
@CozyRain		pending		
@CozyRoomASMR		pending		
@cozysoulballads		pending		
@cozystudio-beats		pending		
@cozywarmjazz		pending		
@cozyyarnco3		pending		
@CozyyCatss		pending		
@cpasilent		pending		
@CPrajapatiAI		pending		
@CR7Show-YT		pending		
@cr8vfilms		pending		
@CR8Vmedia		pending		
@CraftCozyRoom		pending		
@craftface1135		pending		
@CraftIdeas-x2p		pending		
@craftlynreal		pending		
@craftmotion-r9w		pending		
@CraftVerse-YT		pending		
@CRASHCASES954		pending		
@crashteamlawyers		pending		
@CrashTestProducts		pending		
@Craveafricanfolktales		pending		
@CravingsOfficial		pending		
@Crayon_Capital		pending		
@crayonkittyjazz		pending		
@crazeegames_official		pending		
@CraziestHOAMoments		pending		
@crazy_kahaniya_yt		pending		
@CRAZYAI-t3e		pending		
@CrazyAIChef		pending		
@CrazyAikitchen		pending		
@CrazyAIShorts-o5x		pending		
@Crazyanimations-v2y		pending		
@CrazyDoorbellAI		pending		
@CrazyDreamASMR		pending		
@CrazyGorillaClips		pending		
@CrazyHOATales1214		pending		
@crazyLakshay		pending		
@Crazypodcast2		pending		
@crazyworldsofficial	UCI3U7smGzl2kvHjcTdXdraQ	ok		CRAZY Worlds
@Creat0rMusicChannel		pending		
@Create.Art_786		pending		
@creater_Ankit-r8r		pending		
@CreateROfMany		pending		
@Createwithai-R2K		pending		
@createwithaitool		pending		
@createwithemmanueladewuyi		pending		
@Createwithmimi-d9j		pending		
@creationbull		pending		
@creative_ai-m1t		pending		
@Creative_Jane27		pending		
@CreativeAI-05		pending		
@CreativeAIAds		pending		
@creativeaianimation0		pending		
@CreativeAIIndia		pending		
@creativeaishow		pending		
@creativearts222		pending		
@CreativeByNayWinHKT		pending		
@creativeebanobe		pending		
@CREATIVEFORUM_CF		pending		
@CreativeHitList		pending		
@CreativeMicrowave		pending		
@CreativeTVArt_Decor		pending		
@creativeugo		pending		
@Creativitycutz		pending		
@creatix-studio-yt		pending		
@creatorAI69		pending		
@CreatorLabs.1		pending		
@CreatureDecoder		pending		
@Creazy-Lab		pending		
@CRECEmotivacion		pending		
@CreditSmartCanada		pending		
@creeky_reddit_story		pending		
@CreepCrypt-rv4xx		pending		
@CreeperCorner123		pending		
@CreepologyYT		pending		
@creepyai-u1j		pending		
@CreepyKwentobyAtarahandDos		pending		
@Crescent_Shadow_Tales		pending		
@CrescentHistory-i8s		pending		
@criancasinteligentes	UCZasI9QbgE4_EMDbZn5OA5Q	ok		CRIANÇAS INTELIGENTES
@CricketEditer05		pending		
@crime_secretss		pending		
@crimenighttime		pending		
@CrimePaintOfficial		pending		
@crimetales911		pending		
@crimeunsealed1		pending		
@CriminalsVSCopsTV		pending		
@crimson-nova-f8y		pending		
@CrimsonDrama10		pending		
@CrimsonFeedback		pending		
@CrimsonGobletTavern		pending		
@CrimsonLegacyHistorians		pending		
@CrimsonMafiaStories-i6g		pending		
@CrimsonMate		pending		
@CrimsonReckoningTales68		pending		
@CrimsonRomanceCrown		pending		
@crimsonsecretsstories		pending		
@CrimsonSeoulStories-o7l		pending		
@CrimsonStoryline		pending		
@CrimsonVerdict-v9z		pending		
@CrimsonWebyt		pending		
@CriptasCognitivas		pending		
@Crisis_Social		pending		
@CrisisDeskMedia		pending		
@crisisearth2		pending		
@CrisisinPerception		pending		
@CrisisLens-k9s		pending		
@CrisisRadar1		pending		
@CrisisReportAussie		pending		
@CriticalEvent		pending		
@CriticalLimitYT		pending		
@criticaltech7091		pending		
@CritterChaosClips		pending		
@critterpopworld	UC39RDjyFCNQXTMhcWJhu2LA	ok		CritterPop World
@crking41		pending		
@CRNealJD		pending		
@crocaze		pending		
@crochetandocomamorr-k9s		pending		
@Croco_Beat		pending		
@CROFTIQSTUDIOS		pending		
@cronicadeljuicio		pending		
@cronicasdelasnaciones		pending		
@CrossClassDrama		pending		
@crossoverflux		pending		
@CrossoverLoreAI		pending		
@CrossoverMania-g1u		pending		
@CrossroadsRecordsGlobal		pending		
@CrowandCandle.Mp3		pending		
@Crown.sanctuary		pending		
@CrownAndCodex		pending		
@CrownandLoveAI		pending		
@CrownApron-t8l		pending		
@crownbeacon1		pending		
@CrownedbyLove_1		pending		
@CrownedDramaHub		pending		
@CrownedInSilence-269		pending		
@crownentertain_12		pending		
@CrownInsight-w3o		pending		
@crownlight_studioai		pending		
@CrownMediaone		pending		
@crownmindstories		pending		
@CrownofAsh-09		pending		
@CrownofPromise-L		pending		
@CrownofValhalla		pending		
@CrownWaveMusic12		pending		
@CrownyDagger	UCmnc3XgLwv00I7L_krFMywA	ok		Crown & Dagger
@CrsStories-t2z		pending		
@CruelLoveDrama		pending		
@Cruifan		pending		
@cruisecabininsider		pending		
@CruiseCompass25		pending		
@CruiseInsider		pending		
@CruiseLikeaPro		pending		
@CruiserPro		pending		
@CruiseSmarterYT		pending		
@CruiseUnfiltered		pending		
@cruisevista25		pending		
@crumb.lore-yt		pending		
@CrumbCraftAI		pending		
@CrunchMint		pending		
@crunchyfactory		pending		
@crunchyhistory		pending		
@CrushLoopTV		pending		
@Cryptic_ChroniclesYT		pending		
@CryptidLogs		pending		
@CryptocurrencyandWeb32025		pending		
@CryptoMillionairesHD		pending		
@CRYPTOMOLOGY		pending		
@Cryst-p2o		pending		
@crystal_cut-7	UCKFvvqN9rOZYa06XKnFfbpg	ok		Crystal Cut
@crystal_slice_asmr	UCLUiqpUrh4f6jmZKUv5s3Zw	ok		Crystal Slice ASMR
@crystalaismr	UCpOQ4ia22uKlGPNuuQ-7Dkg	ok		Crystal ASMR
@crystalasmr-d6l	UCJZ2t0wrJviS8bnromjPeEw	ok		Crystal ASMR
@crystalcutasmr-2	UCrzuvUjOk9-FQw6P_pfjNOA	ok	@puremuslinhouse	Pure Muslin House
@crystalcutasmr-e6d	UCXUP_lBffw2Zwjvb2d-EaTw	ok		Crystal Cut ASMR
@crystalcutasmr-n2c	UCM4HHSK1oQhyXCKGfBvd1iw	ok		Crystalcut ASMR
@crystalcutasmr-y7j	UCRoNQxhr2MAdFBZYSYQhzpQ	ok		CrystalCut ASMR
@crystalcuts-g3v	UCjuqVorqM5XmYS_bpcdLW6A	ok		CrystalCuts
@crystalcutsounds	UC-rEy2hPt04H0FET5i_NCYA	ok		Crystal Cut Sounds
@crystalcutvibe	UCDNzI-9_uqkGHZCf_MXfCmA	ok		CrystalCut ASMR
@crystalfruitasmr-l6d	UCxxlQimoEud2MOr65CVJyUg	ok		Crystal Fruit ASMR
@CRYSTALHARTSTUDIOS		pending		
@crystallcuts1	UCgfM7F7Tr9yZ5WV9ACJSAwQ	ok		Crystal cuts💎
@crystallinecutsasmr-j1b	UC9HvypMVxaL_1vTSpngm_bg	ok		Crystalline Cuts ASMR
@CrystalMindAudio		pending		
@CrystalMoonStudio		pending		
@crystalrainbowasmr	UCjSZY0oxQ8naSqEozOxwN7g	ok		Crystal Rainbow ASMR
@crystalsliceasmr-o8k	UCirbEEng-P3uoPlGzPKwqCg	ok		Crystal Slice ASMR
@CrystalStories-w6j		pending		
@crystaltingleasmr	UCOOt1L8AkZdC-lZKi4jZ8VA	ok		Crystal Tingle ASMR
@crystalvibeofficial	UCxVf4Sg-zyZAS8UlrNWJ7qg	ok		“CrystalVibe”
@CSAutoMods		pending		
@csKovyacivilizace		pending		
@CthAIh		pending		
@CtrlAltFailYT		pending		
@CTRLALTRIFF		pending		
@Cube-Forge		pending		
@CubeTV-Official-Shorts		pending		
@CudaWiaryiNadziei		pending		
@cuddlecatsdogs-w2q	UCHYHyxNhnZRlLbfCu3Mnz2Q	ok		Cuddle cats Dogs
@CuentosdeAnimales12		pending		
@cuentosdeflorencio		pending		
@CuentosDelViejoCampo		pending		
@CuentosdeYolanda		pending		
@cuentossdepasion		pending		
@CUENTOSSDEPASIÓN		pending		
@cuerpoenarmonia-q8p		pending		
@CuerpoenArmonía-q8p		pending		
@culturalexchangeai		pending		
@culturecapitalmusic		pending		
@CultureClownAI		pending		
@culturestudiosofficial		pending		
@culturewartcg		pending		
@cuneiform_vault		pending		
@CupidCutsDrama		pending		
@CupidJr		pending		
@curaxa		pending		
@curiobitsdaily		pending		
@curioLensProduction		pending		
@Curiosamentegraficado		pending		
@CuriosidadEnLíneas		pending		
@Curiosity-Orbit		pending		
@CuriosityandFacts.		pending		
@curiosotomas		pending		
@curious_babies		pending		
@CuriousBrainLabofficial		pending		
@CuriousBritain		pending		
@CuriousElephant-h2w		pending		
@CuriousFactsYT		pending		
@CuriousFM90		pending		
@CuriousPlus		pending		
@curiousrefuge		pending		
@CuriousResource		pending		
@curiousvision3485		pending		
@CuriousWick		pending		
@CurrencyArchives-AG		pending		
@CurrencyArcInsight-1e		pending		
@currencyinsider_786		pending		
@CurrencyMatrix		pending		
@CurrencyofCivilization		pending		
@CurrencySecrets		pending		
@currentaffairsexplain		pending		
@CursedAndClaimed		pending		
@cursedmortayne		pending		
@CurtainFallsTV		pending		
@curvyandconfidentai		pending		
@curvychic-i9d		pending		
@cuscen464		pending		
@cutasmrsatisfying	UCZhK3a232WWuunfJfElcKNQ	ok		CUT ASMR
@cute-animal-ai-cartoon-story	UCDPdnxynmNx0fKOG_w4dIUA	ok		Cute Animal AI cartoon story
@cute-fm8ye	UCVPtJNX_nbFNpBjYyCWeWyA	ok		Cute Ai shorts
@cute-kitten-story	UCMZ_OUPv5-czXMM0iWj5kfw	ok		cute kitten story
@Cute-Pet-365		pending		
@cute_ai_videos_for_all		pending		
@cute_funny_cat99	UCjcD7KzKLU9kiP195oN546Q	ok		Cute funny cat
@cute_meow31	UCp_JsB_nWp3pYzbjaXNMgSQ	ok		Cute Meow
@cuteai-4u-all	UCLe4HBDG9aQGCFYcNwEej5A	ok		Cute AI
@cuteaianimals-n8u	UCwCy8WmF9mx_B6EojejJi3g	ok		Cute AI Animals
@cuteaicartoonhub9	UCFmUQyeL6zeVTvHR7QtvjlA	ok		Cute Cartoon Ai Hub
@cuteaicat	UCsEqUlEY_npfpihGwG6VNlw	ok		Cute Ai Cat
@CuteAIcreations-n7f	UC4XHcK3GgIT02HDyVBUdQ0w	ok		Cute AI creations
@cuteaikitten-v8k	UCfNbjsqfFonWkKgb2NAD1mw	ok		Cute AI Kitten
@CuteAIKitties		pending		
@cuteaistories00	UCupwIHX7UhaQ-9lFWwYcF8w	ok		Cute AI Stories
@cuteaitales-b9p	UC5-MEC-5b0om5HBX-Xf_jaQ	ok		Cute AI Tales
@cuteanimalplanetchannel	UC8ebDaibbHzcPexC04NpwLw	ok		Cute Animal Planet Channel
@cuteanimals-l1z	UCKi2quw9DJW1SFu45eEEBig	ok		funny ai animal(S)
@cuteanimals-l7r	UCAYLOLd00xvCCcTkUA0Zodg	ok		Cute Moments with animals
@cuteanimals-v5w	UCnDEYh5eWvZlGGNqgdoR3AQ	ok		cute animals
@cuteanimalsai-y6i	UCIZaoNT4YXR3z4VJGbfzUwQ	ok		CUTE ANIMALS AI
@CuteAnimalsStory		pending		
@cuteanimalsvideos09	UCrjDnLc_EJx3QFj-w7iduhQ	ok		Cute Animals Videos
@cutebaby-m9t		pending		
@cutebaby_on1	UCkIS1rpaps5d-SRlSh8Yy0A	ok		Cute Baby on 1
@cutebabyai-l7t	UCufgu7CjsNkuryNb6t25GqA	ok		cute baby ai
@cutebabyai12		pending		
@cutebabycat-k4p	UCrt2XKzPmrMN1SR4ZYPrceg	ok		Cute Baby Cat 🐈
@CuteBiteOfficial		pending		
@CuteBliss-u7r		pending		
@cutecat-23t	UC-sXHnpLpPv-5vgllTb8Yyg	ok		Cutecat@23
@cutecat-b2c	UCXdtWKD2uz4Ko_PppbcEL6g	ok		cute cat
@cutecat-e8y	UC90JzwhtCdy1itwK1uxEw-g	ok		Cute cat
@cutecat-fan	UC-WOE1YZeWcDGRHzaAVrtsA	ok		Cute cAt
@cutecat-h5j	UCiLUapUKPOvew4Xlwy-3nwg	ok		OnlyBhakti
@cutecat-i2f	UCToKOfI3d4Y0DoZaaS_Gjcw	ok		cute cat
@cutecat-mewo	UCuBI4KrJHeuoWIrq8r4_R1Q	ok		CUTE CAT
@cutecat-q2r	UCrWr0lgwPIV-iCy597d6exw	ok		cute cat
@cutecat-tv_1	UCr1rQtDveXoTSZ_BKF1M4Qw	ok		cute ai cat animation
@cutecat-yk8sm	UCP0be5bByGNkwQjc6sVrHjQ	ok		cute cat
@CuteCat.50	UC1PY2NcFFV8aQqKl9WjtOnA	ok		Cute Cat
@cutecat9m	UC7bQoaZIG4fjrimPqTCV1NQ	ok		Cute Cat Rambo
@cutecat_lovely	UCwd36Ssf-2GTJ7fviGzNqIg	ok		Cute cat
@cutecata.i	UC1v8hihlR3yNLPKwueduAxQ	ok		Cute Cat A.i
@cutecatai-4k	UCCfBmRTO_Nv2saYrawZ96Ng	ok		Cute Cat AI
@cutecatai-c	UC_DCX_9hrhdHyadfzIY7nNg	ok		Cute cat ai
@cutecatai-e	UCqka_XGsPHgY0Ybr4QJ36qQ	ok		Cute cat AI
@CuteCatAI-f	UCuTuHhp9hyisuT6E8shl76A	ok		Cute Cat AI
@cutecatai-t6k	UCwCKkvSqrHIu4PirgmSuY9Q	ok		Cute Cats AI
@cutecatai-v6y	UCk2VtxqVk6x6I_caQtwH51A	ok		cute cat ai
@cutecatai-x8c	UCLbJPBtcwOOlc3_jYGYJLpQ	ok		Cute Cat Ai
@cutecatai14	UCjAHOp0kFEv5l764-Z1ckvg	ok		Cute Cat Ai
@cutecatai23	UCV8uq9LMi7ATbeIkmQZsj-Q	ok		Cute Cat AI
@cutecatai46	UCGAeFZbt1hSKIW0eA9ZMNJQ	ok		Cute Cat AI
@cutecatai7777	UCzGll1BA35dLi2W8QLx2rig	ok		Cute cat story
@cutecatai786-k3b	UCVbZCWbCuQE1_IHYXSI8hkA	ok		Cute Cat AI
@cutecatai80	UCY4SQ0bPteFtoCey5IJ2E2w	ok		Cute Cat Ai
@cutecatai_funny	UC4Nqn72ZQcv-q8yhxM7O8Sw	ok		Cute Cat AI
@cutecataiadventures	UCX3AwDxeemMVal3KgYgJRrw	ok		Cute Cat Ai Adventures
@cutecataiadventureshorts	UCRQ-aatE2RZ7AE79D62m1bg	ok		CUTE CAT AI ADVENTURE SHORTS
@cutecataibrain	UCVUErtjX9RKV39jLm0LwTHQ	ok		CuteCatAiBrain
@cutecataifantasy	UCsn4w5OxORM0v7YSsirWg2Q	ok		Cute Cat AI Fantasy
@cutecatailover	UCwAHEccGqNN9Ms8MaYLeIfw	ok		Cute Cat AI Lover
@cutecataishorts0	UCgS1HUN86ZK-vIqih7-gBbw	ok		Cute Cat AI Shorts
@cutecataishorts333	UCCMnXogzJEzwm6QNHpTakEQ	ok		CUTE CAT AI
@cutecataistory	UCggdz1QtcyqUxR_-L7VIL-A	ok		Ai Cat Story
@cutecataistudio	UCYd3RZ5Pao9uGofcXU0llZA	ok		Cute Cat AI Studio
@cutecatbilli12	UCBEg3DwvwazUwzlKJTyD2QA	ok		Cute cat billi
@cutecatcartoons-f3z	UCT-aaCSg6CTBWhoC9Scqyxg	ok		Cute Cat Cartoons
@cutecatchi	UC-ZjMcf_x-J9Vpzdk92DleA	ok		Cutecatchi
@cutecatdance-tv	UC6gbjE_UrO3bRfBt_6Mwm7g	ok		Cute Cat Dance TV
@cutecatdance-u8u	UCGWq7-s1qqaxfbpnXyyV0VA	ok		Cute Cat Dance
@cutecate-1122	UCK-RzpWX33MnqijIpBZJUNA	ok		Cute cat
@cutecatfunai	UCVIAh3JqePKRhaDYSKPi1Ew	ok		cat's stories Ai
@cutecatfunny124	UCA_tbVSDPWuSqzdoYwQaRoQ	ok		Cute Cat Funny
@cutecatkittyfriend	UCGzovDPC61lUm0STgc2SOOA	ok		Cutecat Kitty
@cutecatlover03	UCvQX3ze2mZWAaQ6wa1OMDOw	ok		Cute Cat Lover 😹
@cutecatlover112	UCwwvr6Za1woFEeyTSmWNzbw	ok		Cute cat lover
@cutecatmews	UCJyPXqFJ2mVz_IqRt_zIyZg	ok		Cute Cat Mews
@cutecatmom	UCq4LWHLtsFOZOacTAXoFC7g	ok		Cute Cat Mom
@cutecatofmeovv	UCiY0Rl0sOwkyo6FB9ro4fpw	ok		Cute Cat Of Meovv
@cutecatofti-k2c	UCdX5-2IvRupermG8ShcHbDA	ok		Cute Cat of TI
@cutecats-w4x	UCGTS-f8AY0L1cxsElRdbqLw	ok		cute cats
@cutecats246	UCcGn_tiLXlSWuXhmWxxltOw	ok		Cute Cat
@cutecats826	UCphQuXCivLRGwk9qZRiJ2CA	ok		Cute cats
@cutecats_246	UCWNxJkadLSUzPbMmv5wYxEQ	ok		Cute Cats
@cutecatsai-gs1cf	UCnDohYxRXl9xz-6TGNVU67Q	ok		Cute Cats AI
@cutecatsanimations	UCemAXMlryTIQ6Tk_5sqQWDA	ok		Cute Cats Animation
@cutecatsbaby-v2f	UCdGoyRqmatLxM-CxHYhXyqw	ok		cute cat's baby
@cutecatsclub-q8p	UCfjd0AUz9qZ1x6D0yeCuMwQ	ok		Cute Cats Club
@cutecatshortsai	UCzuKVsBB-dstS9xt6KYCVVw	ok		Cute Cat Shorts AI
@cutecatskittens90	UCZ7Q1khT3xn0FI9Ymz-_yqw	ok		Cute Cat Kittens
@cutecatslover-m9i	UCMsyNmoGS7I_0h-n95oATPg	ok		Cute Cat's Lovers
@cutecatsofyoutube1964	UC25EJ_0YdTvJK9Qfh3ypIag	ok		Cute Cats Of Youtube
@cutecatsstoryes	UCOTWWdL_6giMOt8qUeMe_Kg	ok		CUTE CATS STORYES
@cutecatstorie1	UCdwX11WAUMH9I4jVrp2DGqg	ok		Cute cat stories
@cutecatstories-e6f	UCfuRe6AxkFVLv3rMcILz51A	ok		cute cat stories
@cutecatstories-q2f	UCRujVUsPQJh1BT1qWzrNb1w	ok		Cute Cat Stories
@cutecatstoriesbyamber		pending		
@cutecatstory-ep1	UCmOKs6FKv-49pMKj1Kc-fMw	ok		Cute cat story
@cutecatstory-t2d	UCpZCcaxAb7QwsjO-iai_v2g	ok		Cute Cat Story
@cutecatstory0011	UCe4TwcWfitjD67UtpnmeHpw	ok		Cute Cat story
@cutecatstory13	UCzWJMV6Djz6Tk4qiQkVQiRw	ok		Cute-Cat Story
@cutecatstory5	UCnt9b86xVvoiRTeBBeW177Q	ok		Cute Cat Story
@cutecatstory66	UC7XTtZFwYbpoaEoPQEH1ssg	ok		Cute cat Story 😺
@cutecatstory76	UCQ9uh4UTaXeHGhGIATSa2Kw	ok		Cute Cat story
@cutecatstoryai01	UCnJhatj0A5fnMHoO_GVUQvg	ok		Cute Cat Story Ai.
@cutecatstorys	UC30QfZyo08Aw80H85-n2MUA	ok		Cute cat story's
@cutecatstorys10	UCp5FavDEKubMLvlHVCMO6dQ	ok		cute cat
@cutecatviralvideo-p4v	UCskUvRPQtpRx6Myj3wqi6sQ	ok		Cute cat viral video
@CuteCatWorldfun		pending		
@cutecutecatsofmu	UC-S_wgY4yY6kz-mBK4E3FQg	ok		Cute Cute Cats
@cutedesigns8		pending		
@cutedogandcatstory	UC5yuG66gMdPyxV9MUGswtrw	ok		CUTE DOG AND CAT STORY
@CuteEKA		pending		
@cutefunnyanimaldancewith	UCqBhe472AS0_83Bxe6EFJVQ	ok		cute funny cat dance
@cutefunnycatdanc	UC14fdVIFHuZfvUb1SBTQobw	ok		CUTE FUNNY CAT DANCE
@Cutekitten-m4k		pending		
@cutekittenginger	UC2rnElLU0jHyeQl-Us5z7LQ	ok		Cute Kitten Ginger
@cutekittycateditz	UCQxv6K6VftNztE6jX3bPlWA	ok		Cute Cat shorts
@CuteLifestoriesAI		pending		
@cutelittleworld-d	UCxKZX_858oCaLtnTq8jApoA	ok		Cute Little World
@cutemeowailover	UCN1iwkZpgKITw658g70-1aQ	ok		Meow lover
@CUTEMEOWSTORIES-y9f		pending		
@cuteminiaturee	UC1q5ZuZunyXL40DcwRGNoRQ	ok		cute miniature
@Cutemoska		pending		
@cutepawstv_c7		pending		
@cutepenguindaily	UCIScT72MjE5nLu8UfeAf88g	ok		Cute Penguin Daily
@cutepenguins-k9s	UCRKfRsfTaTSm_o6RxfUovLA	ok		Cute penguins
@cutepenguofficial	UCvEuKa75D6BOZpPQmwUzRqw	ok		Cute Pengu
@cutepetshorts-u9t	UCwMZ1riORRD4WNkUC-prCOw	ok		cute pet shorts
@cutepetshortz	UC0y8rtgkSv94gd7ddOCPy7w	ok		Cute Pet Shorts
@cutepuppyai	UCugTlLLSwSDZHGVgqB-Rhzw	ok		CUTE PUPPY AI
@cutetoons100m		pending		
@cuteversestudio-v3k	UCx9sEzM6RkVTeGEqk7ZhxAg	ok		CuteVerse Studio
@cutglass1	UCUVyEWsni82xqo8ySj3mUiA	ok		Cut Glass AI ASMR
@cutie6868		pending		
@cutiecat697	UCoJJAaSNX2hpGa_5pUeHM8w	ok		cutie cat
@CutieFruits-v3u		pending		
@cutiekids1	UCdv9dyyodzE_g4RrKqV2lUA	ok		cutekids
@CutieMelty		pending		
@Cutiepaw-3D		pending		
@CutiepieAiWonders		pending		
@cutiepiecatss	UCY7ZJ_daELeHaIflppQGDhA	ok		Ai Meow Cat
@cutimals365	UC13r0_cyqLBw4P4GKY-FhFw	ok		Cutimals365
@Cutting-g7i		pending		
@cuttlefishrecaps		pending		
@cutversee		pending		
@cvpmn		pending		
@cw.au-25		pending		
@CWIN_NEWS75		pending		
@cwjAi-Afro		pending		
@CXYZCartoonAi		pending		
@Cyan_Waves		pending		
@cyandskelly		pending		
@CyberAIASMR		pending		
@CyberAnimeAI		pending		
@cyberbeatsmusic		pending		
@CyberBriefByDiamond		pending		
@Cybercashcoach		pending		
@cybercatnap		pending		
@cyberDancerAI		pending		
@CyberdyneDispatch		pending		
@CyberEffroi		pending		
@CyberFalconHQ		pending		
@cyberflow10		pending		
@cyberfunkstation		pending		
@cyberGiraff		pending		
@cyberjungle		pending		
@cybermeowverse	UCFTaa56htrxnTYxFP9KhQiw	ok		CyberMeowverse
@cyberpunk_coding_music		pending		
@CyberSciAIStories		pending		
@CyberSensations-x4l		pending		
@CyberTupiniquim		pending		
@cybertyber		pending		
@cyborgcinemaai		pending		
@CycleOfAbundance		pending		
@CyntherraShortHFY		pending		
@cynthia_ai_stories		pending		
@cynthia_real_gist		pending		
@cynthiastorytime001		pending		
@cypux		pending		
@cyrenofc		pending		
@cyzr-13		pending		
@czarnalojalnosc		pending		
@Czarnalojalność		pending		
@Czaromagia		pending		
@CzasopismaHistoryczne		pending		
@czlowiekzlamiekazdaregule		pending		
@czzone-b4d		pending		
@CzłowiekZłamieKażdąRegułę		pending		
@Cápsula_Mental-r9u		pending		
@CântecedeȘpriț		pending		
@CódigoChiaraviglio		pending		
@D-Reunion-88		pending		
@d.b_central		pending		
@D.H-ha		pending		
@D2TalentsUS		pending		
@D_m_Y_00		pending		
@D_studioproject		pending		
@daa____ruu		pending		
@DaAssBomb		pending		
@Dackgrow		pending		
@dad.alonestories		pending		
@dadajiaivideo007		pending		
@DaddyAIStory_7.1M		pending		
@DaddyCarson01		pending		
@DaddyDeniro		pending		
@DaddyStories-88		pending		
@Daddystories68	UCDvh_rv0iq96qN7bnxRjmtg	ok		Daddy Healing Stories
@DadEnigma		pending		
@DadFamilyRevenge-t4o		pending		
@DadFamilyStories		pending		
@DadHeartStories		pending		
@DadLifeStories7		pending		
@DadLonelyStories		pending		
@dadneverforgot-d2e		pending		
@DadReturns-k3s		pending		
@DadReveng		pending		
@DadRevengeChroniclesUSA		pending		
@Dads_Cold_Revengeus		pending		
@DadsBuriedRevenge		pending		
@DadsColdRevenge-t4z		pending		
@DadsFamilyStories		pending		
@DADSFINALWORD		pending		
@DADSHIDDENJUSTICE-e8f		pending		
@DadSilentRevenge		pending		
@DadSilentRevengeStory		pending		
@DadsMasterplan		pending		
@DadsPerfectRevenge-y8z		pending		
@Dadspurerevengeofficial		pending		
@dadsrawrevenge		pending		
@dadsrealliferevenge		pending		
@DadsRevengeStoriesUS		pending		
@DadsSilentTruth-y9s		pending		
@DadStrongStories-i3g		pending		
@Dadstruerevenge		pending		
@DadsUnspokenStories		pending		
@DADSVENGEANCE-i1g		pending		
@Dadsweeetrevenge		pending		
@daea_lou		pending		
@DaftDriver		pending		
@DAGOLDENTOOTH		pending		
@Dags07		pending		
@DahiJalebiAI		pending		
@DaianaBlues		pending		
@daichiencavancan-no1		pending		
@daidaixiongjuchang		pending		
@DaiilyDoseOfBrainrot		pending		
@DaikenTheoriesdbs		pending		
@Daily.Dose.Ring.Doorbell		pending		
@DAILY_FACTS_55-m2e		pending		
@DAILY_QUIZ_1_1		pending		
@DailyAfricanNollywood		pending		
@dailyaibasics	UCK8DwbZjssbw7kJj8fBLImg	ok		Daily AI Basics
@DailyAIslop1		pending		
@dailyaramaicprayers		pending		
@Dailyarsenal-k6u		pending		
@DailyBreadChroniclesDBC		pending		
@DailyBuddhaWisdomm		pending		
@DailyCartoonStories7		pending		
@dailycrazyfunfails		pending		
@Dailydiscoverie01		pending		
@DailyDiscoveriesOff		pending		
@dailydogvibes-sonia		pending		
@Dailydoorbell12093		pending		
@DailyDoseNeuroSama		pending		
@dailyDoseofAIslop	UCca01WFS5_FrinGAg_z65bw	ok		Daily Dose of AI Slop
@DailyDoseOfRingBellVids		pending		
@dailydoseshow1		pending		
@dailydramaforu2		pending		
@DailyDramaStoriesX		pending		
@DailyFinance-q9e		pending		
@dailyfunwithkittens	UC0zO6zWXn0Zy-DklOzizV2g	ok		Funny Cat and Kitten
@DailyhackDrops0		pending		
@dailyhistory_tv		pending		
@dailyhoroscopefree		pending		
@DailyIANEWS		pending		
@DailyInternetRank		pending		
@DailyKarenStories		pending		
@dailylifestory-107		pending		
@DailyMajesticPOVs		pending		
@DailyManhwas232		pending		
@dailymeow0	UCy0AmqyTuqfZejBxEVK03Kw	ok		Daily Meow
@Dailynavy		pending		
@DailyNewsFrontline		pending		
@DailyNewsMinutes0		pending		
@DailyNYCReporter		pending		
@dailypovcycling		pending		
@DailyProcess-v1s		pending		
@DailyProcess5.0		pending		
@dailyreckonin		pending		
@DailyRedditReadingsofficial		pending		
@DailyRedditTales-t8r	UCXgktflS0l5eE5cBCCJ7ADw	ok		Daily Reddit Tales
@dailyslate01		pending		
@dailyslopx		pending		
@DailySpark-b9u	UCU-6ArRew8vvdh2FEQR_iNA	ok		Daily Spark
@dailystoriesusa		pending		
@DailyStoriesYT		pending		
@dailystory68		pending		
@dailytechupdate_ai		pending		
@DailyTopFive-c4w		pending		
@DailyTruthReport-g4x		pending		
@DailyZen-w4o		pending		
@daimengduanjusheDrama		pending		
@dairytalesai	UClSX7zLCgVssK7cmu1Eg-Eg	ok		DairyTales AI
@daisymeow1		pending		
@dakku.x		pending		
@daksh.ai.videoanimation6	UCjvrnqYeU2isd6Wri9FV7TA	ok		@daksh.ai.videoanimation
@dalewhitakerfood		pending		
@dalewilsonAI		pending		
@DalianArtanian-r7o		pending		
@Dalioframework		pending		
@DallasCoverStudio		pending		
@dallasingh-p7z	UCk70lOCPFpwlRkayZa4mKvw	ok		ai video _788
@DallasMcMillan		pending		
@DamaPhonographicCo		pending		
@daminiaiarts		pending		
@DamonsEcho		pending		
@DanaLoritti		pending		
@DanangAndOrangeCat		pending		
@dananjaya.studio		pending		
@Dance_Trend02		pending		
@DancerCoverFlow		pending		
@DancingOwl88		pending		
@Dandespurelovestories		pending		
@dandingles		pending		
@DanFanimals		pending		
@dani_onair		pending		
@DanianVreugd		pending		
@Daniel_Brooks_1		pending		
@danieldoeshistory		pending		
@danielexplains12		pending		
@danielgrossoweb1		pending		
@Danielloveshiggs		pending		
@DanielMeroz		pending		
@Danielreedshow		pending		
@DanielSamuel1972-z5c		pending		
@danielTaleFlow		pending		
@danishkhan-g3z5i	UC-Kk4swV-ZCzRvvUmWJy6qQ	ok		Fantastic AI Shorts
@Danisifihub		pending		
@Dankieft		pending		
@DanKorshunov		pending		
@dannabee		pending		
@DannyCadillacRockabilly		pending		
@dannyfortressfantasymusic4745		pending		
@DannyHoMusic		pending		
@DannyVassallo		pending		
@Danskytech		pending		
@DanujiAIWorld		pending		
@danumtales		pending		
@DanvsIExplains		pending		
@daoyanbuyanle		pending		
@DapperDads2025		pending		
@DarbyStoriesTales		pending		
@DarcyBlair		pending		
@dardkiawaaz-q7q		pending		
@darii-f6b		pending		
@DariusNarrator		pending		
@dark-neoclassical-cello		pending		
@dark-street-chronicles		pending		
@Dark_Fantasy-TT		pending		
@DarkAcademiaPiano-x1e		pending		
@darkaxis.official		pending		
@DarkBibleStories-d5b		pending		
@DarkBluesBroadcast		pending		
@DarkBluesEchoes-g2q		pending		
@DarkBluesRadioFM		pending		
@DarkBluesSilence-v4y		pending		
@DarkBluesSoul-c9s		pending		
@DarkBlueSymphony-b2f		pending		
@DarkCherry-c5y		pending		
@darkcosmosmysteriestv		pending		
@darkcountryrock-w2h		pending		
@darkcrimearchives79		pending		
@DarkDisk6		pending		
@darkdreamers01		pending		
@DarkenedRevenge-y9g		pending		
@DarkestDocs		pending		
@darkestsorceress		pending		
@DarkestTimesReconstructed		pending		
@DarkFrenchJazzRoom		pending		
@DarkFrontierAnthems		pending		
@DarkFrontvideos		pending		
@DarkGangsterTechno		pending		
@DarkHeartsStorieshome		pending		
@darkhistory-ai-s		pending		
@DarkHistory-r8q		pending		
@darkhistoryexplainer	UCIrSRPQmwJ2FoOgp4mKJwNQ	ok		Dark History Explainer
@DarkHorizon-i2r		pending		
@darkivestv		pending		
@Darklavia		pending		
@DarkMajestyOrchestra		pending		
@darkmatter1996		pending		
@DarkMen-01		pending		
@darkmindsecreats		pending		
@DarkMintDramaStudio		pending		
@Darknessfromai	UCf2i39nZaggH8AinCfzFtjg	ok		Darkness from AI
@darknolife		pending		
@DarknovaProtocol		pending		
@DarkOathBoss		pending		
@Darkopsstories0		pending		
@DarkOrchardProductions		pending		
@DarkOrigins-e4q		pending		
@DarkPsycheZone		pending		
@DarkPsychologyCoded		pending		
@DarkPsychologyTricksIndia		pending		
@DarkPulseSociety_2026		pending		
@DarkRainCabin-z3d		pending		
@darkrealities7878		pending		
@DarkReigns19		pending		
@DarkRemix.72		pending		
@DarkRevenge-j6m		pending		
@DarkRevenge-u8b		pending		
@DarkRomanceStorytime-p3t		pending		
@DarkRomanceStudio		pending		
@DarkRootsMysteries		pending		
@DarkRootsofAmerica		pending		
@DarkSecretsExposed		pending		
@DarkSmileMotivation		pending		
@DARKSOUND_1		pending		
@DarkTaleAudio		pending		
@darktalon-1		pending		
@DarkThrone-f9o		pending		
@DarkTrapNationz		pending		
@DarkWesternRock		pending		
@DarkxPsyche		pending		
@DarnellStories		pending		
@Darvo-w1t		pending		
@Das_war_Kenny		pending		
@DasBienenbuch		pending		
@DasGedachtnis		pending		
@Dash-Drama-1		pending		
@dashcamdeutschebg		pending		
@DasKatzenuniversum		pending		
@DastaanHub-i9w		pending		
@dastaantv12		pending		
@DasVolkDenkt	UCglkFDgMtrsvOkdXAiPQ-og	ok		Das Volk Denkt
@DasWissenumdieZeit		pending		
@DataCatInvest		pending		
@DataIndependence		pending		
@datamons		pending		
@DataVerseeAI		pending		
@Dato-Visual		pending		
@DatoDirecto777		pending		
@daudmurmu6766		pending		
@DaughtRMuzziQ		pending		
@DaunBiru-u2u		pending		
@DaveAInara		pending		
@DaveCeo		pending		
@Davechannel-j8g		pending		
@Davecountrymusic		pending		
@davemayfilms		pending		
@davescripted3796		pending		
@DavesDividendLab		pending		
@david-_eacock_xtra_m		pending		
@david-h9m6y		pending		
@david00andre		pending		
@david_movie01		pending		
@Davidayo_		pending		
@DavidDeRebeque		pending		
@Davidmor-x3e		pending		
@Davido1vevo		pending		
@DavidRock-The-MTB-Guide		pending		
@dawn-d4o7c		pending		
@DawnAnimeClub		pending		
@DaxonCreed		pending		
@DaybreakJazzCo		pending		
@daybyday.musicstudio		pending		
@DayDreamerTalesAIArt		pending		
@daydreamharmony16		pending		
@DayInspired		pending		
@DaylightEDM		pending		
@DayriLopera		pending		
@dayten_yt		pending		
@dazzledside		pending		
@DazzledTales		pending		
@DazzleMusicOfficial		pending		
@DCanimition		pending		
@DCDailyBrief		pending		
@dcmarvelcartoon		pending		
@ddddot_music		pending		
@ddrenthullt		pending		
@DDREnthüllt		pending		
@ddtoontv-u6s	UCTje2AVxhvlFgH2tJsbfLDw	ok		DD Toon TV
@de_explainerr		pending		
@DeadEchoMetal		pending		
@DeadEndHOA		pending		
@DeadFutureRadio		pending		
@DeadLineFilesTV		pending		
@deadmetalrevivals		pending		
@DeadNetTheoryYT		pending		
@deadpromptfm		pending		
@DeadsteadSurvivalTales		pending		
@deamtruyen_stories		pending		
@DeannAnimation		pending		
@Dear_human101		pending		
@Dearest_Listener		pending		
@dearielledrama		pending		
@DearOldBlighty	UC16mlRbA6vVaUzDkckHtkGw	ok		Dear Old Blighty
@DearTimeChannel		pending		
@DeathByPaintOfficial		pending		
@DeathCrownHFY		pending		
@DeathDecoDeD		pending		
@DeathworldLegends	UCwbPctCOf51zeOFBUTw846w	ok		Deathworld Legends
@DebateStorm0014		pending		
@debussy-1		pending		
@DecadeDecoder		pending		
@dechereviewphim86		pending		
@DecibelArchive		pending		
@DecisioneinformataIT		pending		
@DECK-TALK		pending		
@DeckView		pending		
@DeclareYourDestinyPrayer		pending		
@decoded_investigation		pending		
@DecodedDailyUSA		pending		
@DecodeDiaries1m		pending		
@DecodingEveryday		pending		
@DecodingTheDark		pending		
@DeconstructedConstructor		pending		
@DecorumExplains		pending		
@DeCreativeSusan		pending		
@DecretoFortuna		pending		
@DedenNurdiana-Traveler		pending		
@DeedStories		pending		
@DeeLoversArchive		pending		
@Deep-Cee-Explained		pending		
@deep-forest-medidation		pending		
@Deep-Space-Music		pending		
@deep.soulblues		pending		
@Deep_Horizon-z3n		pending		
@Deep_Sleep_ASMR_tw		pending		
@DeepAfroSleepMusic		pending		
@deepaiasmr	UCQb7hhwycy86v-jAiOfIHLg	ok		Asmr Ai-7
@Deepak-u7d2zu		pending		
@deepakai-c1o	UC0dSRf5Q3T3PQpxKngNOPQw	ok		Deepak Ai
@deepakchouhan-z2q	UC_tlEnXhVhq2F_KI_P-NS4w	ok		AI ANIMATED Shorts
@Deepanshu-s8		pending		
@deeparchive-music		pending		
@DeepBibleStories		pending		
@DeepBlueMarble		pending		
@DeepBreathCorner		pending		
@DeepChicagoBlues-w9m		pending		
@deepchillflow2		pending		
@DeepChillMusicMix		pending		
@deepchilloutlounge8		pending		
@DeepCoffeeWork		pending		
@DeepCoreBuildsDaily		pending		
@DeepCutsDeepThinking		pending		
@DeepDiveDreams	UC2ODmoNxNw1hHpy7gwnhF7A	ok		Deep Dive Dreams
@DeepDiveGlobal9		pending		
@DeepDnBFlow		pending		
@deepdownfeeling		pending		
@DeepDramaStories		pending		
@DeepDreamAsmr	UCr18HaSxiWm00mC4tPQwk8A	ok		DeepDreamASMR
@DeepEpoch-c3c		pending		
@DeeperAfricanTales		pending		
@deepeternalised		pending		
@Deepfeelingstories		pending		
@deepflowstudio1		pending		
@DeepFocusGroove-e2w		pending		
@DeepFocusWorkAudio		pending		
@deepframe-t7u	UCjCfAbJaPBUtHb9Cx4C7k7g	ok		DeepFrame
@DeepHarvestGarden		pending		
@DeepHorizonSounds		pending		
@deephouseescape1-e1y		pending		
@Deepika06U_VIN		pending		
@DeepLuxeRoom		pending		
@deepmanufacturing007		pending		
@deepnotemusic-s8n		pending		
@DeepPersianFocus		pending		
@deepperspective96		pending		
@DeepPhysicsYT		pending		
@DeepPrimate		pending		
@DeepProductivity		pending		
@deeprestcalm		pending		
@DeepRevengeStories		pending		
@deepsignal1		pending		
@deepsleep_theory		pending		
@DeepSleepforDogs		pending		
@deepsleepingmusics		pending		
@DeepSleepMode		pending		
@deepspace-i5u		pending		
@DeepSpaceTales-s8t		pending		
@DeepStory05		pending		
@DEEPTECHAILABS		pending		
@DeepThink2021		pending		
@deeptimedetective		pending		
@DeepToneSoul		pending		
@DeepTruth96		pending		
@DeepWaveDiscovery		pending		
@deepworkarchive		pending		
@DeepWorkLogic		pending		
@deepworkschannel		pending		
@deepzone-rvr388		pending		
@DeerWagon		pending		
@DeeSqrGee		pending		
@deetimeloop		pending		
@DEEV-g7e		pending		
@Deevidofficial		pending		
@Defavouriteacademy		pending		
@Defencetechworld-s3x		pending		
@DefenseFact-d9d		pending		
@DefenseTechNews		pending		
@DefenseWatch		pending		
@DefensewideUSA		pending		
@DefensiveFinanceHistorian		pending		
@DefiantHeroes	UCDsTDZwi1MgT6daORUDn2og	ok		DefiantHeroes
@Dejvid_Sajko_Deki		pending		
@DeLaPresh		pending		
@deleteddef		pending		
@deletethc4206	UC72LFcoZqUw6yVSRkr6eRlQ	ok		Short cartoons for children การ์ตูนสั้นสำหรับเด็ก
@DELIASTORYTIME		pending		
@DelicateHeartTales		pending		
@DelightMindAI		pending		
@DelighttalesTV0		pending		
@Deltacassie		pending		
@DeltaDriftCodex		pending		
@DeltaDust-c3w		pending		
@DeltaDustRecords		pending		
@DeltaExplores		pending		
@DeltaJaneMusic		pending		
@DeltaKingsBlues		pending		
@deluxebyluk		pending		
@DelvixPet		pending		
@DemonbirdAIProject		pending		
@demonflyingfox		pending		
@demonhuntersAI		pending		
@demonhunterseries		pending		
@DemonPop25		pending		
@DeniS.-hy9my		pending		
@DeniseNich		pending		
@DenisWestpfahl		pending		
@DenkKlar1		pending		
@DennisFarleyDiscovery		pending		
@dennisgorcea		pending		
@dennoumusic		pending		
@DentalDecodeAI		pending		
@DentroleFabbricheModerne		pending		
@DenysLVox		pending		
@Denzel_Washingclothes		pending		
@deoksoon_label		pending		
@DepthFemaleLove		pending		
@DepthPsychologyHub		pending		
@DeQuinceyNelson		pending		
@DerelictDreams		pending		
@DeReticular		pending		
@derhardwarereport		pending		
@derkommandantde		pending		
@DerKommandantenglish		pending		
@DerLegionarEng	UC-rhmn9JLIKAUb9XX0rjA7g	ok		Der Legionär English
@derlegionarpolski		pending		
@Dermxmusic		pending		
@DerNatürlicheWeg		pending		
@DerPanzerDocumentaries		pending		
@derracheresp		pending		
@DerRächeresp		pending		
@derstillezeugee		pending		
@DeRuinaaLujo		pending		
@DesarrolloExponencial-r9d		pending		
@DescifrandoElSecreto		pending		
@DesertBeats1		pending		
@DesertBongoDreams		pending		
@DesertedUK		pending		
@DesertHeart-1		pending		
@DesertSleepStories		pending		
@DesiAIRasoii		pending		
@DesiGlamBeats		pending		
@DesiGlitchAI		pending		
@design_hustel_67		pending		
@designchapel		pending		
@DesignMadeClear		pending		
@designwithbhargav		pending		
@designwithyara		pending		
@DesikitchenStoriesAi		pending		
@DesiMarvel-Yt		pending		
@DesiMarvelCinematicUniverse		pending		
@DesiRoastNawaj		pending		
@desmondwatchinvestig50595		pending		
@DesolationSonatas		pending		
@DesperateTimesAI		pending		
@Despierta_TuConsciencia		pending		
@DespiertaTuMejorVersion1		pending		
@Destinedheartslibrary		pending		
@destinsdegenies		pending		
@DestinsDeGénies		pending		
@DestinyAIMovies		pending		
@DestinysDaughtersTV		pending		
@DestinySpace		pending		
@DestinySwitch-x1o		pending		
@DeStoryVault01		pending		
@DESTROYERSOUND-u3u		pending		
@Detailtron		pending		
@DETECTIVECHILLMUSIC		pending		
@DetectiveLofi.Official		pending		
@detectivemystery		pending		
@DETODITO-v9g		pending		
@detrasdelmercadofinanzas		pending		
@detrasdelpoderhd		pending		
@DetroittIron		pending		
@DetrásdelMercadofinanzas		pending		
@DeutschGrammarSongs		pending		
@DeutschlandSeniorenFokus		pending		
@devendraaicreation	UCOW456evRl65k8P4vHLvVqA	ok		Devendra ai creation
@devesheditz00		pending		
@devgatharahasya		pending		
@deviceterra		pending		
@Devilyn999		pending		
@DEVLOKGATHA		pending		
@Devoded-christian-metal		pending		
@DevotedOnes		pending		
@DevotionalUniverseTamilAI		pending		
@devrajchaudhary4677		pending		
@DevSuryavanshi-q5x		pending		
@devvmeme		pending		
@DeWolf-official		pending		
@Dexmusic-b3m		pending		
@DezainSensei		pending		
@dfaimovies		pending		
@dgmasteryhub		pending		
@DGsoftstudio		pending		
@dhaabuild		pending		
@dhamal.kattaa		pending		
@DhanResearch		pending		
@dharmendra-l5w8m		pending		
@dhawanth27		pending		
@DHC-ASMR-Studio		pending		
@dhdbhabhor	UCH8Xy3pmHrPYBKIQ2so3xEw	ok		DHDBHABHOR
@Dhenjiedeepmind		pending		
@dhun-drive		pending		
@Dhuriya_ai_studio		pending		
@Diadelaluna_Terror		pending		
@diagramlore		pending		
@Dial-UpDayz		pending		
@DialoguesWithScience		pending		
@DiamondEmpire-x9t		pending		
@DiamondMedia99		pending		
@DiamondPulseStudios		pending		
@DianaDesignLab		pending		
@dianaE-g4e		pending		
@DiandrasMusicBubble		pending		
@DianeInputs		pending		
@DianesWardrobe		pending		
@dianuskingstudio		pending		
@DiaperDiplomacy		pending		
@Diapernaut	UCVKED5iJvvuSyYdhMlzCrxQ	ok		Diapernaut
@diariosmedievales		pending		
@DiaryInfluencer		pending		
@dideh_farsi		pending		
@DieDeutscheChronik		pending		
@diedunkleaktee		pending		
@DiegoCarmesíElenaVargasOficial		pending		
@DieHighSocietyAkten		pending		
@diencuong-k1v		pending		
@DienstJustiz		pending		
@dierentnerdeutschland		pending		
@DieselCountry7		pending		
@DieselTrucksOnly		pending		
@dieuanhkinhnghiemlode_1		pending		
@digaming70		pending		
@Digibase-Media		pending		
@digidoc.studio		pending		
@Digital-Age-Mythology		pending		
@digital.soulclub		pending		
@DIGITAL_GRIOT		pending		
@digitalassets143		pending		
@DigitalAurora999		pending		
@digitalbusinessbusiness-t2x		pending		
@DigitalCampfire-u7b		pending		
@digitalchroniclez		pending		
@DigitalConsumer0		pending		
@DigitalDreamFilms-DDF		pending		
@DigitalDreamgirlz		pending		
@DigitalDreamMedia-gc4nu		pending		
@DigitalDreamscape2024		pending		
@Digitalengineer101		pending		
@Digitaleshubofficial		pending		
@DigitalExplorer-f5y		pending		
@DigitalFloatsAcademy		pending		
@digitalhustleacademy1993		pending		
@DigitalInsaann		pending		
@DigitalKonaAI		pending		
@digitalmoneywithb		pending		
@DigitalNook-17		pending		
@DigitalPrimeProfit		pending		
@DigitalReverb03		pending		
@DigitalStory-j2j		pending		
@DigitalTearjerker		pending		
@DigitalTinyBites		pending		
@DigitalTwinKit		pending		
@Digivistaai		pending		
@DignidadSinFIltro		pending		
@DignityStories		pending		
@DignityStoriesz		pending		
@DilawnaKandila		pending		
@dilchaspitihaas		pending		
@dildil-t5k		pending		
@Dilipnayakrecords		pending		
@dilkashai		pending		
@Dillon4111		pending		
@dilshadkhan04	UCwu4lgZHs5MxKfMGr8lg9Og	ok		Cute Cat Shorts
@DimensionalDiary-g2b		pending		
@dimkakrimka4090		pending		
@DimonomicsEdge		pending		
@DimpleRevengeDiaries	UCrkZ1xGVJUwEnTreu8FbHWw	ok		Dimple Revenge Diaries
@dinadailyenglish		pending		
@DinaoOnonami		pending		
@Ding-Dongzoo		pending		
@DingoDicaprio		pending		
@dinogermannn		pending		
@DinoPowermetal149		pending		
@DinosaurCinematicAI		pending		
@dinovfx_1		pending		
@Dinozap68		pending		
@DINUS1971		pending		
@Diojastories		pending		
@Diojiapp	UCA2fkKw-vLovTJUuFIaz3yA	ok		Dioji
@dionnaznidar3499		pending		
@dioramaliliputstudio	UC0caPIPz_LNN90RWMgc126Q	ok		Diorama Liliput Studio
@Diosnecesitahablarteahora		pending		
@DipakJawre		pending		
@diplomaticjudge		pending		
@DirtRoadSessions-Ytc		pending		
@DirtyRoadSymphony		pending		
@Disasters_USA_Official		pending		
@disasters_watch		pending		
@DiscettoVGM		pending		
@Discipline-q-n8u		pending		
@disciplinedna-b3u		pending		
@DISCO-PLAN		pending		
@disconnected_001.mp3		pending		
@Discover24hProduction		pending		
@DiscoveredFiles-cj4ci		pending		
@Discovery.Unveiled		pending		
@DiscoveryFeed		pending		
@DiscoverywithAmbrose		pending		
@Discovintageyt		pending		
@dishantias		pending		
@dishonestgaminglive		pending		
@DisneyElsaSnowyQueen	UC5ffCQTv2LsM3c0Ug3qOEhg	ok		BabyToon Kids Songs
@DisneyOrchestraNostalgia		pending		
@Disownedhistorian		pending		
@DisrespectHasaPrice		pending		
@Disssonaut		pending		
@DistantAI	UCbizUBjue3oqfg7jigJjEmg	ok		Distant AI
@DistantDecades		pending		
@DistantHeartbeat9		pending		
@distrotester1361		pending		
@disturbing_Stories-voice		pending		
@ditoeatstheworld		pending		
@dividendosnews3519		pending		
@Divine.Tales3		pending		
@DivineEchoNasheed		pending		
@DivineFaithHub-r8s		pending		
@DivineHar		pending		
@DivineHarmony-l8g		pending		
@DivineMessenger-p2d		pending		
@DivineMiracleStories-d		pending		
@DivineMythosTV		pending		
@DivineProphecyDaily		pending		
@DivineSecretstoy		pending		
@DivineStoryHubUS		pending		
@DivineWarStories		pending		
@DivineWaveFanMadeMusic		pending		
@DivineWealthVibes		pending		
@DivineWhisper11111		pending		
@DIVISION-95		pending		
@divisiveechoes		pending		
@DivyAI-3		pending		
@diwatafrequency		pending		
@diyanshai	UC5tFG3H954z87pW-XvVqG1w	ok		Diyansh Ai
@DiyCraftsOriginalss		pending		
@DIYCraftsTVOfficial		pending		
@DiyCreates5		pending		
@DJ-AICOVERMA		pending		
@DJ-AsikAI		pending		
@dj58-koba		pending		
@dj_appolon		pending		
@dj_hiro		pending		
@djanimationshorts	UCx32YXEWh6V0qgUbWgC6Deg	ok		DJ animation shorts
@DJBECKZUMofficial		pending		
@DjCentilmen		pending		
@djfreshdjfreshdjfresh		pending		
@DjFrostfur		pending		
@Djgivethanks		pending		
@DJJoelIrvingWoodard		pending		
@djkatman1235		pending		
@DJKOREAIMusic		pending		
@DJKURIKINTON		pending		
@DJmahnoor		pending		
@DjMakinetor	UCFlBju67X3-M3StMC0GL7Aw	ok		DJ Makinetor
@djmelinda21		pending		
@djokapanker198		pending		
@djpeaobeat		pending		
@DjPeãoBeat		pending		
@djrflame		pending		
@djriyzen		pending		
@DJSELaughClubUSA		pending		
@DjTrivux		pending		
@DjVonk		pending		
@djzitabeat		pending		
@dkkumaraicreatar	UCGLW_4B7v2P6EuNH4YmVtFg	ok		ai storys cereatar
@DLEJ_official		pending		
@DMachinery		pending		
@DMEditor		pending		
@DMITRYSRecap		pending		
@DNAMystery-o1e		pending		
@DNAProof.68		pending		
@DNARevaliation		pending		
@dnasecrets01		pending		
@DNAUncovered		pending		
@DnB_Station		pending		
@Dnd_musicals		pending		
@dndistb		pending		
@DNXLchillmusic		pending		
@Doac		pending		
@doaflipceo		pending		
@docdrift		pending		
@DOCSTORIES-p9m	UCQPt5Ku8Pvtn9_awevLRf6Q	ok		STORYTELLER DOC
@doctoralexromanov		pending		
@doctoralexytt		pending		
@DoctorLaura-e1w1o		pending		
@doctormyro		pending		
@Doctors.Orderss		pending		
@DoctorSaulWhitman	UCY4dcLMhEiXZFJHHq3hqGoA	ok		Doctor Saul Whitman - Senior Care Tips
@DoctorSusanMiller		pending		
@DoctorWhoTheTenderYears		pending		
@doctorwilliamexplains		pending		
@DocumentaryFilm-z2o		pending		
@DocumentaryForSleep-y1y		pending		
@DocumentaryforSleep-y9m		pending		
@documentaryjar		pending		
@DocuNix		pending		
@DodgeZoneYT		pending		
@dodopenguin	UCCYNOvVnDjzywoSC3CUheJg	ok		dodo little penguin
@dodosound		pending		
@DoesAnyoneFancyAPint		pending		
@dogai168	UCJNLzJ4iKW56XR5KWzgk-SQ	ok		DOG AI
@dogal-f4x	UC0dMGqjTaMqVZgRt6aUY52A	ok		Dog Al
@DogandCatPodcast		pending		
@dogaritim		pending		
@DogCatWorld-o8i		pending		
@dogdog7957		pending		
@dogeshbhai99	UCUy05-z4MByct_ylr7piVOw	ok	@littleadventurekid3.0	Little Adventure Kids
@DogeshCinematicUniverse		pending		
@DogeshCU		pending		
@DogFactsFun		pending		
@doggoofnibytnmedia	UCpzPKI6XJ2V4YRquFqKmo8Q	ok		Doggo of Ni
@doggy4201	UCvPZZx2fYvZOie1jBH666mg	ok		DOGY 420
@DogHeroesofLight		pending		
@doginthepool		pending		
@dogipher1		pending		
@DogmanTalesYT		pending		
@DogMusic12-r		pending		
@DogMusicRelaxing88		pending		
@Dogometery		pending		
@dogpackapp		pending		
@DogPodcast360		pending		
@DogPsych01		pending		
@DogRescueStation		pending		
@DogSleepSounds-x3c		pending		
@DogSoul96		pending		
@dogtotherescue	UCPgC0RiO-by7GZSbXg80YUg	ok		Dog to the Rescue
@dogverse-z4q	UCi75NigySu0FtZxepx9RDdA	ok		Dogverse
@DogVerseAII		pending		
@dogycze25		pending		
@dohoriexpress		pending		
@doiton.g		pending		
@doji_choro		pending		
@DOKANG-w5f		pending		
@DokkaebiTalesUS		pending		
@Doku-Deutschland		pending		
@dolarains		pending		
@DolceRivieraFilms		pending		
@DolceRomance		pending		
@DolceVitaDeep6868		pending		
@doleycartoon	UCaH2DnOuqYm0svloeOMXlXg	ok		Animation Shorts video
@dolivebtv		pending		
@dollarlogic17		pending		
@dolluxe_zm	UCkQ6vVgAJ19LiapPogEi3nA	ok		DOLLUXE
@Dollwave		pending		
@dollypartonarchives		pending		
@Dolorpintadoyt		pending		
@DomainfilmsA.I		pending		
@domainfilmss		pending		
@domanic-tweets		pending		
@domebomaxey	UCMwptPtnxnfnjnO5XIxm3jQ	ok		Domebo Maxey
@DominanceBlueprint9		pending		
@Dominic_Sound		pending		
@DominionHFY-o6u		pending		
@dominionsx		pending		
@dominor0		pending		
@DomNation13		pending		
@dompelensprzetu		pending		
@DomPełenSprzętu		pending		
@domsdaydoorbell		pending		
@don0308		pending		
@donaldsjazzloungee		pending		
@donaleemusic		pending		
@doneforyou		pending		
@dongu_beat		pending		
@DonKhan-d2q		pending		
@donovancollins3848		pending		
@donsutahadventure5594		pending		
@DontForget11		pending		
@DontForgetMe-q3i		pending		
@DontGrowThisAi		pending		
@dontolAImey		pending		
@DoodiDum		pending		
@doodleclarity		pending		
@doodlefactsyt		pending		
@doodletv.shorts		pending		
@doomsdaypov		pending		
@DoonCinema		pending		
@door2beats		pending		
@Doorbell-c8k		pending		
@doorbell-moments		pending		
@Doorbell-Tv-1		pending		
@Doorbell.diariess		pending		
@doorbell.pranks		pending		
@Doorbell003		pending		
@Doorbell24-v7e		pending		
@Doorbell_cam		pending		
@Doorbell_Meows		pending		
@doorbell_universe		pending		
@Doorbell_Video-m7t		pending		
@DoorbellA.I		pending		
@DoorbellAi-i1q		pending		
@DoorbellAI-z3s		pending		
@DoorbellAI2011		pending		
@DoorbellAI_YT		pending		
@doorbellanimalsyt		pending		
@DoorbellArchives		pending		
@Doorbellarchives2		pending		
@DoorbellBlooperss		pending		
@DoorbellCam-b5v		pending		
@doorbellcamai		pending		
@doorbellcamerai		pending		
@DoorbellCamLive		pending		
@Doorbellcammoments2		pending		
@DoorBellCams-67		pending		
@Doorbellcatcam		pending		
@DoorbellCCTV		pending		
@doorbellchaos6767		pending		
@doorbellclips-n8o		pending		
@DoorbellDiaries-t2t		pending		
@DoorbellDimension		pending		
@doorbelldisasters2446		pending		
@DoorbellDogDiaries		pending		
@Doorbelldrama-a		pending		
@DoorbellDrama7		pending		
@Doorbellfootage1831		pending		
@DoorbellFootagewrld		pending		
@Doorbellgonewildd		pending		
@DoorbellGoofCam		pending		
@Doorbellground		pending		
@DoorbellHub		pending		
@doorbelljustice80		pending		
@DoorbellMedia-k8c		pending		
@DoorbellMoments-m4q		pending		
@DoorbellMomentsdaily		pending		
@DoorbellMysteries-i4e		pending		
@doorbellnpc		pending		
@DoorBellPling		pending		
@DOORBELLPOVVVVVV		pending		
@DoorbellShortz		pending		
@DOORBELLSORAAI		pending		
@Doorbelltapes		pending		
@Doorbellvid-i4i		pending		
@Doorbellvideos-b4s		pending		
@DoorbellVideos-clips		pending		
@DoorbellvidzAI		pending		
@Doorbellvidzz		pending		
@DoorbellVods		pending		
@DoorbellWildlifee		pending		
@DoorbellWTF		pending		
@DoorBellYT-AI		pending		
@DoorbellZoo-Ai		pending		
@Doorbelshennigans		pending		
@DoorCamAi-y9z		pending		
@DoorCamDiaries-y4g		pending		
@DoorcamFiles		pending		
@Doorcamwatch		pending		
@DoorDramas		pending		
@DoorToAmazingWorld		pending		
@DopamineFactory_YT		pending		
@DOPEFOLKLORES		pending		
@DOPEFOLKTALES		pending		
@dora-u5e7y		pending		
@doraemonhindi-s4j	UCOoAy4yN42hJ_Ic3beUEqQw	ok		Doraemon Hindi
@dorasarchives-u2j		pending		
@dorcasgado		pending		
@DoReMi-Records		pending		
@doremi-vintage-sound		pending		
@doremon-y9r	UCl1-OUfd1-l-_1u-ivSHX-A	ok		Doraemon in hindi
@DoremonRobot-q8k		pending		
@DorflebenVonEinst		pending		
@DorhaMotion		pending		
@dorifutodnb		pending		
@DoseOfHistory_0x		pending		
@DosisdeReddit-e7o	UCxnUjhIpVJC2bHKnc9PcpDw	ok		Dosis de Reddit
@dossiers-publics		pending		
@DostonbekQahhorov-w5h4w		pending		
@DotaCinematicUniverse		pending		
@dotman2212stories		pending		
@doublegopalfun		pending		
@doulu-w8u	UCuZLM46hUQ5yoCrs8nNVYhA	ok		doulu
@DoveFolkTV		pending		
@doyouknow-x7x		pending		
@DoYouRemember007		pending		
@DozingHistory.Channel		pending		
@Dr.AnikaMehta		pending		
@Dr.CarlosMorris		pending		
@dr.davidharris		pending		
@Dr.Dylanfernandez		pending		
@Dr.EmilyWaterly		pending		
@dr.fernandomendezsaludactiva		pending		
@Dr.FernandoMéndezsaludactiva		pending		
@dr.galeel		pending		
@Dr.HWeber		pending		
@Dr.JamesHargrove		pending		
@dr.javiermartinez-b3w		pending		
@Dr.JavierMartínez-b3w		pending		
@Dr.JavierSerrano		pending		
@Dr.jocelyn		pending		
@Dr.KimWellness		pending		
@Dr.MateoCastillo		pending		
@Dr.MayaLin		pending		
@Dr.MeganFosterSeniorsHealth		pending		
@Dr.MiguelCastillo		pending		
@Dr.Nolan.Blake.Senior.Health		pending		
@DR.NORAHAYES-v4v		pending		
@dr.p.upload		pending		
@Dr.PaBelo		pending		
@dr.raomuhammadnadeem2572		pending		
@Dr.ReviewR		pending		
@Dr.Sackpreller		pending		
@Dr.TamilleNorthern		pending		
@Dr.ThomasEllisonSeniorHealthTr		pending		
@Dr.WilliamsThompsonTips		pending		
@Dra.CamilaVexa		pending		
@dra.dlbadomenech		pending		
@dra.dlbadoménech		pending		
@dra.isabel_martinez		pending		
@Dra.Isabel_Martínez		pending		
@dra.isabelacortes-e3z		pending		
@Dra.IsabelaCortés-e3z		pending		
@dra.luciasoria-k111		pending		
@Dra.LucíaSoria-K111		pending		
@dra.marinalopez		pending		
@Dra.MarinaLópez		pending		
@draangelicap		pending		
@drachenundburokratie		pending		
@drachenundbürokratie		pending		
@draemiliasuarez		pending		
@DraEmiliaSuárez		pending		
@draft_blueprint		pending		
@DraftID		pending		
@DraftScience		pending		
@draggy-u7w		pending		
@DragonAnimationClub		pending		
@dragondrive360		pending		
@DragonKingDrama-u8l		pending		
@DragonKingVerse		pending		
@DragonRiseDrama		pending		
@DragonscaleEN		pending		
@Dragonstorie-h9s		pending		
@DragonStoriesByReddit		pending		
@dragosoundscapes		pending		
@drainesramirez1		pending		
@draliahmadqamarji		pending		
@Drama-Analysis-Hub		pending		
@Drama-Bloom-o6w		pending		
@drama-k4z		pending		
@Drama-Snap-k6s		pending		
@Drama-Vault-1		pending		
@drama.remix2m		pending		
@drama195-z1s		pending		
@Drama_Glitz_Dreams		pending		
@drama_wave_2026		pending		
@dramaanime-p3u		pending		
@DramaAnimé-p3u		pending		
@dramablend-tk		pending		
@DramaBreak-i2u		pending		
@dramacrush6		pending		
@dramadazzleturkyt		pending		
@DramaDonna-w1x		pending		
@DramaFlashes-c4j		pending		
@DramaFlix48		pending		
@DramaForge-k4s		pending		
@DramaFruit-x5i4f		pending		
@dramaFruitIsland		pending		
@DramaGo-Go		pending		
@DramaHOA-u5v		pending		
@dramakingsstudio		pending		
@DramamekaProductions		pending		
@dramanew62-z7x		pending		
@DramaofDestiny-z9q		pending		
@DramaPendekKuno		pending		
@DramaPunch-tv		pending		
@DramaRush777		pending		
@DramaScopeStudio-g1u		pending		
@DramaStoriesHub88		pending		
@DramaticLifeStories-q4y		pending		
@dramatv-g2c		pending		
@DramaUnfolded88		pending		
@DramayVenganza-h5h		pending		
@DRAMIONE_Entertainment		pending		
@DramivoxAI		pending		
@Dramozia		pending		
@DramWorld-p2d		pending		
@dramzofilms		pending		
@dranwinglover		pending		
@DrBenWalkerOfficial		pending		
@DrBonitha		pending		
@DrCrazynovich		pending		
@DrDavidInspiration		pending		
@DRDR_X		pending		
@dreadcorps		pending		
@DreadMemoir	UC0k12silMnnLkatNHS69T8Q	ok		Dread Memoir
@dream-pulse-ai		pending		
@Dream.LoopASMR	UCyAoDk59oDwQbP80YCl_fYw	ok		DreamLoop ASMR
@dream.surfer69		pending		
@Dream_Verse_Edits		pending		
@Dream_verse_story		pending		
@dreamafterdark-f9h		pending		
@DreamAIASMR234		pending		
@DreamAItoonworld		pending		
@DreamAlonAI		pending		
@DreamASMR-AI	UCwVia72FmHK1qrn3mB1xsmQ	ok		夢ASMR - Dream ASMR
@DreamASMR-g1c	UChI53UcPApGZy1XeC1L9MEg	ok		Dream ASMR
@DreamASMR77	UCBrp7YdiF946CzpurOb21Ig	ok		Dream ASMR
@DreamASMRAI	UCXNp093v7j2yMu5Z0u9V6JQ	ok		Dream ASMR AI
@dreambiente		pending		
@DREAMBITEAI1		pending		
@Dreamboxmusic24		pending		
@DreamBuilderAIs		pending		
@DreamChasingDrama		pending		
@DreamClinicOfficial		pending		
@DreamCraftAI-j4i	UCqdrdPEPmcJldZMz97otMbg	ok		DreamCraft AI
@DreamDivePOV		pending		
@DreamDrama-9		pending		
@Dreamdramas4		pending		
@Dreamer_565	UCQekRrCmOjeTpFFbHHb5rzQ	ok		Dreamer HFY
@dreamersoundss		pending		
@DreamFactoryTvOfficial		pending		
@DreamFluxASMR		pending		
@DreamFrameBattles		pending		
@dreamframestudio-s9w	UCGl5uWliX89RSOqNtsrNUSA	ok		DreamFrame Studio
@DreamFusionAI-x5y		pending		
@DreamifyASMR-k5x		pending		
@Dreamina_Inside		pending		
@dreamingcat-ai	UCxru3ooMTLBoabxK_5OMVbw	ok		Dreaming cat
@DreamingThroughHistory-DTH		pending		
@Dreamix_AI		pending		
@DreamJournal-c3h		pending		
@DreamKingdom-u8z		pending		
@DreamlandTales707		pending		
@DreamLensCinematics		pending		
@DreamlineAudioz		pending		
@Dreamlinestories01		pending		
@dreamlogic.ASMR.0		pending		
@Dreamloop-y5q		pending		
@dreamloopcinema		pending		
@DreamloopRadio		pending		
@DreamLoreUniverse		pending		
@DreamLoveTales-q6n		pending		
@DreamMorphAI_Stories		pending		
@DreamNestStories-e5c		pending		
@DreamObjectLab		pending		
@dreamorashorts		pending		
@Dreamotionsoundscapes		pending		
@dreamovertstudios		pending		
@DreamPawsAsmr	UCQKfNe4NGTl_Abmku69dujA	ok		DreamPaws
@DreamPix.Stories		pending		
@DreamRealm37		pending		
@DreamRealmCastles		pending		
@dreamretrowavemix		pending		
@DreamRideAi1	UCHplCPJv7OBdnghi8_dfbng	ok		Dream Ride Ai
@DreamSatisfyAI		pending		
@DreamScaleStories		pending		
@dreamscape791	UCQ-FcuCFPAA3SJ69XCuREbA	ok		DreamScape
@DreamscapeAI4K	UC6488FpTHLGMc5udEMEw0eQ	ok		DreamScape AI
@dreamscapecur		pending		
@DreamScopeOFF		pending		
@dreamsequencefilms1		pending		
@DreamsHor1zon		pending		
@Dreamsleeps-z6w		pending		
@DreamSliceasmr123	UCS2z4SLObmZ0aLQrMoo-LVQ	ok		DreamSlice ASMR 🌙🔪
@dreamstales-m3t		pending		
@Dreamstalgiamusic		pending		
@dreamstate.mp3		pending		
@dreamstatic26enyafanmade		pending		
@Dreamstation-music		pending		
@Dreamtales-j9		pending		
@dreamtalesstudio101		pending		
@DreamToad		pending		
@dreamtoneai4552		pending		
@dreamtoonai2.0-g1y	UCxEi0NtMPqvNTCNsXNlWPWQ	ok		DreamToon Ai 2.0
@DreamToons_AI-777		pending		
@DreamTrapASMR		pending		
@DreamVerseStd		pending		
@DreamwaveTunes_Studio		pending		
@DreamWeaveAI-u6s		pending		
@DreamwellNights		pending		
@DreamwovenTales-x2m		pending		
@dreamy_room_pk		pending		
@DreamyAIxASMR		pending		
@DreamyAnimal-art		pending		
@DreamyASMR-x7e		pending		
@DreamyBed787		pending		
@DreamyDarkAcademia		pending		
@dreamykisound		pending		
@dreamykittensai	UCpJnMG0_WKd_2eH_5Ev1uOA	ok		Dreamy Kittens AI
@DreamyMelodies86		pending		
@dreamyslowlife		pending		
@DreamyStoryHavenBD		pending		
@dreamytales3d-g8b		pending		
@DreamyTimeHistory		pending		
@dreamytunes4very1		pending		
@dreamyydooodles	UCb1wKevlTkZca2vu065eeyw	ok		Dreamy Doodles
@DrEdmundHale		pending		
@drekzeditz		pending		
@DrEmmaBlake		pending		
@drew		pending		
@drew_ponder		pending		
@Drewno13yt		pending		
@DrewsRevengeDramaine		pending		
@dribblex-10		pending		
@DriftedTapes		pending		
@DriftHaven369		pending		
@DriftingEchoesRecords		pending		
@driftive.dreams		pending		
@DriftlineRecords		pending		
@Driftscape-l2l		pending		
@DriftThroughHistorySleep		pending		
@DriftWave-i5		pending		
@driftwithhae		pending		
@drive79		pending		
@DriveMorph		pending		
@DriveShift786		pending		
@DrJakeTaylor		pending		
@DrJean-PierreBeaumont-k1s		pending		
@DrJessicaHayes		pending		
@drjohnchester		pending		
@drjohnpodcast1		pending		
@DrJonathanTam		pending		
@Drk-Minds		pending		
@drktalesstudio		pending		
@DrLauraMWhitfieldMD	UCDRflfRiEleHg-ii0qlfjsg	ok		Laura M. Whitfield
@drlucasrichardshelth7		pending		
@DrMarinaSanabriaPol		pending		
@DrMichaelKent-m2d		pending		
@DrNaritaEliteMen		pending		
@DrNaritaHealth		pending		
@DrNerayaWolfe		pending		
@drobot6990		pending		
@droga_do_madrosci		pending		
@Dronescapes		pending		
@Dropology		pending		
@DrowsyHistorianOfficial		pending		
@DrParadox1		pending		
@DrPhoxotic		pending		
@DrQuackMD		pending		
@drramani-x8e		pending		
@DrSadekAI		pending		
@DrSarahMitchell60		pending		
@DrSeniorTruth		pending		
@drspicecollection		pending		
@DrThomasSeniorCare		pending		
@DruckenmillerGuide		pending		
@drugiezyciebox		pending		
@DrugieŻycieBox		pending		
@drumrunz		pending		
@DrumsbeforeDawn		pending		
@DrunkenIrishBard		pending		
@drwaterlingfans		pending		
@DrWellsHealthyAging		pending		
@DryDramaStories		pending		
@dsaff-b5z		pending		
@DSM2027		pending		
@dsmtve		pending		
@DSSTUDIOSCINEMATICUNIVERSE2.0		pending		
@DtFrankBurst		pending		
@dtisback2121		pending		
@DualGoatUniverse		pending		
@DubaiGeheimnisse1		pending		
@dubaireveals		pending		
@DubaSecrets		pending		
@DUBFREQUENCYOFFICIAL-d3s		pending		
@DubRootsRadio		pending		
@DuceGT		pending		
@Duchesstales-i7u		pending		
@duchwmanifestacji		pending		
@duck_mememe		pending		
@DuckNoir		pending		
@duckshort2	UCvk_s_k48bVVQ3EB5CP7aZQ	ok		DuckShort
@DUCWowTV		pending		
@dude.itz.skyler		pending		
@Dude.LongLife		pending		
@DudePsychology		pending		
@Dudifyofficial		pending		
@duinosecrets-v2		pending		
@Dukascopy_TV		pending		
@DukeDuchessRomance		pending		
@dukeofprussia-ofc		pending		
@DukeRoyalStories		pending		
@DukesMidnightTales		pending		
@dukesregret		pending		
@DukesRoyalLibrary		pending		
@DullHistorySleep		pending		
@dulsuccess		pending		
@Dumbarium		pending		
@DumbHistoryUs		pending		
@dumboooo11		pending		
@DumpsterGrooves		pending		
@duneai		pending		
@dunedecoded		pending		
@dungeonmasterrecords		pending		
@Duniairama-q8j		pending		
@Dunvaris		pending		
@DuoSparkAi		pending		
@DuShunArtCorn		pending		
@DuskRegn		pending		
@DuskRouteRadio		pending		
@DuskyBeats		pending		
@Dust2Dreamy		pending		
@Dust_and_Destiny		pending		
@DustboundLab		pending		
@DustData		pending		
@DustGrace-l9k		pending		
@DustJade		pending		
@DustOfAgesYT		pending		
@dustrialize		pending		
@dustroadrecordsai		pending		
@DustSin		pending		
@DustWarWW2		pending		
@DustWhiskey		pending		
@dustycountry		pending		
@DustyRoadClassics		pending		
@DustyTrailTales-y5z		pending		
@DutytoDumbbells		pending		
@duuuudy		pending		
@Duzuai		pending		
@DWH-d		pending		
@dwightmcmillan947		pending		
@Dwrighttalesatdawn		pending		
@Dylan.Prescott		pending		
@DylanRevengeDramaine		pending		
@DylanStoriesYT		pending		
@DylMan1		pending		
@DynamicAITech		pending		
@dynamicsofhistory01		pending		
@DynastyDramaAI		pending		
@DynastyNewsss		pending		
@DynastyofHanDesire		pending		
@DynastyWarsYT		pending		
@DystopianEchoes		pending		
@DystopianHfyStories		pending		
@DZFinance1		pending		
@dzialkowe_patenty		pending		
@Działkowe_Patenty		pending		
@dziedzormamegah-awli	UCCD-Sjmt3aSc4wryyajVtXg	ok		Cute Kitten Shorts
@Dziennik_Hrabiny		pending		
@dziennikisredniowieczne		pending		
@DziennikiŚredniowieczne		pending		
@DziennikZemsty		pending		
@DzikaOdnowa		pending		
@DzikaPolskaa		pending		
@DZIKIEFAKTY		pending		
@DZRobo		pending		
@E-sportians		pending		
@E_E_Leader		pending		
@EadaoinSongs		pending		
@Eadow-Yoal		pending		
@EagleandCommandArchive		pending		
@EagleEyeApache		pending		
@EAGLEFANCLUB3	UCTVUGeoIui79TBiKKh-AH5Q	ok		MR💀Ai
@EagleFeatherStories-v3e		pending		
@eagletraderict0330		pending		
@EarlTheDieselMan		pending		
@EarlWynn		pending		
@Earningsblueprint		pending		
@EarnixLab		pending		
@EarnWithAi-u8r		pending		
@Earth-n-Beyond4u		pending		
@Earth_Radar		pending		
@earthai2	UC1a-emFWUu0ON6j647_PYWQ	ok		Earth AI 2
@EarthAnimeAI		pending		
@EarthArchive_KR		pending		
@earthbornhfy-g5k		pending		
@earthcurious		pending		
@EarthFreshChannel		pending		
@earthhq360x		pending		
@EarthlingLior		pending		
@earthof_ai27		pending		
@EarthSaveScienceCollaborative		pending		
@EarthscapesTravel		pending		
@EarthTalesWorld		pending		
@ease_your_mind_now		pending		
@EasternEngine		pending		
@EasyDoesIt-x1f		pending		
@EasyEnglishStories-v2d		pending		
@EasyHoursLounge		pending		
@easylifeteen		pending		
@EasySoulFunk		pending		
@EasyTutorialsai		pending		
@eatatyourownriskyt		pending		
@eatsleepdisneyparks		pending		
@EatVerse-X		pending		
@ebelepatience4231		pending		
@Ebenezerstories		pending		
@EberhardsGeheimnisse		pending		
@EBNOMUSICRELAXATION		pending		
@ebonyandseoul		pending		
@EbonyBillionaireDrama		pending		
@EbonyEchoesstories		pending		
@EbonyTalesAI		pending		
@EbysHeart		pending		
@EchaKroniki		pending		
@echo7universe		pending		
@Echo80s-hb		pending		
@echo_and_fade		pending		
@EchoAnthemOficial		pending		
@EchoASMR-w5x		pending		
@echoauravibes-eav		pending		
@echobarrow		pending		
@EchoBeats-y2p		pending		
@echocat-23	UCuYyGwwmhSb4FdWmiW5ZNkg	ok		Echo Cat
@echochambertrivia		pending		
@EchoCourt-u3t		pending		
@EchoDerAltenZivilisationen		pending		
@EchoDerSchuld		pending		
@echoeraheroz		pending		
@Echoes-Fantasy		pending		
@Echoes-of-Glory-Online		pending		
@Echoes-of-Midgard		pending		
@echoes-of-the-outer-rim		pending		
@Echoes-past		pending		
@Echoes_h1story		pending		
@EchoesBeneath-m7g		pending		
@EchoesBluesVault		pending		
@EchoesFolktalesHQ		pending		
@EchoesfromPyongyang-911		pending		
@EchoesfromtheBaobabTree		pending		
@EchoesfromtheBattlefield1		pending		
@Echoeshistory-z7k		pending		
@echoesinthedark_8	UCw1UB8OTzo1-_9PtXvxaWsg	ok		Echoes in the Dark
@EchoesInTheShade		pending		
@EchoesJustice	UCNN91Iz1WqxZD2nzH0Nt2qA	ok		Echoes Justice
@EchoesofaForgottenRealm		pending		
@EchoesofAfricabyDee		pending		
@EchoesofAfricastory		pending		
@EchoesofAlba		pending		
@EchoesofAntiquity-v4c		pending		
@EchoesofBabylon		pending		
@EchoesofBlackVoices-w6e		pending		
@EchoesofDesire-1		pending		
@echoesofeire-c5p		pending		
@EchoesofEter		pending		
@echoesofgracebydee		pending		
@EchoesofHistory-b8r		pending		
@EchoesofJustice-t7u		pending		
@EchoesofKin		pending		
@echoesoflight-g3n		pending		
@Echoesofmama		pending		
@ECHOESOFMKN		pending		
@echoesofmylifeaistories		pending		
@EchoesofPac		pending		
@echoesofpatton	UCOMXRrDIbBmj6iy8t5O62uQ	ok		Echoes of Patton
@EchoesofRhythm-OA		pending		
@EchoesOfService01		pending		
@EchoesofSilence-e7z		pending		
@EchoesofstoriesByF.K-u3r		pending		
@EchoesoftheAges-cm2dq		pending		
@EchoesOfTheAncestorsHQ		pending		
@EchoesoftheBiblee		pending		
@EchoesoftheCivilWar		pending		
@EchoesoftheEmeraldVale		pending		
@EchoesOfTheForceYT		pending		
@EchoesoftheLoneWarrior		pending		
@EchoesoftheOldWorldyt		pending		
@EchoesofTruth-q2b		pending		
@echoesofusa007	UC0M7EA3Izj2PTzKPL01bZBA	ok		Echoes of USA
@echoesofvalor3		pending		
@EchoesOfVelandria		pending		
@EchoesofWar-r8j	UCAh3lmIdF1ahULLbM7wJGig	ok		Echoes of War
@EchoesofWar20th		pending		
@Echoesofwar999		pending		
@echoesofwarworldtwo	UC1XKqIC1j2KAPIXcxR6jw6A	ok		Echoes Of WW2
@ECHOESOFWWII-q8s		pending		
@EchoesOfZionRoots		pending		
@EchoesofÉire-c5p		pending		
@EchoesSoundLab		pending		
@EchoesThroughTime-AI		pending		
@EchoesTimeAi		pending		
@EchoesTrenches-i4q		pending		
@EchoesUndertheMoon		pending		
@echoeswisdomztv		pending		
@EchoForestStudios-h4z		pending		
@EchoForge-b4t		pending		
@EchoForge-Mythos		pending		
@EchofyMax		pending		
@EchoHarperMusic		pending		
@echoheart-w6p		pending		
@EchoingHeartTalesLab		pending		
@echoludzkiejpotegi		pending		
@EchoLudzkiejPotęgi		pending		
@EchoMusic26		pending		
@echomuvic		pending		
@Echonest30		pending		
@echonet_music		pending		
@EchoNoirRecords		pending		
@Echonyra		pending		
@Echoo_of_stories		pending		
@EchoOfAI_Stories		pending		
@EchoOfJustice-n1y		pending		
@ECHOOFTALES123		pending		
@echooftheheart-s2		pending		
@Echoonomad		pending		
@EchoRealms-y7m		pending		
@EchoRealmsHQ		pending		
@EchoRemasters		pending		
@echosdepatton-fr	UCQdSnEiMlWbnS64sKeUYGWQ	ok		Échos de Patton
@echosofthalvara		pending		
@EchoSoulStories-u6w		pending		
@EchoStation-i1x		pending		
@echostialghea		pending		
@EchoTales-i6n	UCQZm0kVhHkM3v2CqIAMtydg	ok		EchoTales
@EchoTales1107		pending		
@echotalesai-y1c		pending		
@EchoToonAi		pending		
@EchoTribunal		pending		
@echotronu		pending		
@ECHOTVReal		pending		
@echovistai		pending		
@Echowistj7t		pending		
@EchoWoodAcoustic-d7u		pending		
@ECHOX1152		pending		
@Eckaz21		pending		
@EclatdeSaphir		pending		
@EclipseSirenn		pending		
@EclipseVengeance-e8g		pending		
@Eclipsophy		pending		
@EcnoVerse		pending		
@EcoEconomico		pending		
@ecofinUsa		pending		
@EcoledesElus		pending		
@EcologicalEngineer		pending		
@EconInsiderofficial		pending		
@Economic_Edge_YT		pending		
@EconomicBlueprints		pending		
@Economicbreakdown1		pending		
@EconomicChronicles		pending		
@EconomicCrises101		pending		
@EconomicEdge-mjg		pending		
@EconomicEdge.updates		pending		
@EconomicEdgeUSA		pending		
@EconomicHistorian-1		pending		
@EconomicHistorianYt-f3e		pending		
@EconomicPulse7		pending		
@EconomicRecords		pending		
@EconomicShift	UCvz2pHpsRwxURyWavI0nvHQ	ok		Economic Shift
@EconomicsKingdom		pending		
@EconomicTales-v1y		pending		
@Economy-Explainer		pending		
@Economy-Rewind		pending		
@economyandwarfare		pending		
@economybackstage		pending		
@EconomyNavigator		pending		
@EconomyRewindHistory		pending		
@EconomyUnfilteredTV		pending		
@EcoRebooorn		pending		
@ecos_eternos789		pending		
@EcosdeDavinia		pending		
@EcosDeLaVida-ml		pending		
@EcosdeSangre-s5k		pending		
@ecosmiticos		pending		
@EcosMíticos		pending		
@EcoVerse-b2e		pending		
@Ecstatic_Cyberpunk_Dance		pending		
@EddieDaltonMusic		pending		
@EddieVanHalenTheUntoldLegacy		pending		
@eddysayshi		pending		
@EdgarsInkwellCafe		pending		
@edger255		pending		
@EdgyStudioo		pending		
@EdHarsh01		pending		
@editingwithpiyush		pending		
@EditMinds		pending		
@editswithravi		pending		
@editwithhoor		pending		
@Editzz_0603		pending		
@EdnerdExplains		pending		
@EdoboyAI		pending		
@EDriveNachrichtenDE		pending		
@EduardMiastaHistorii		pending		
@EducationinEnglish-e3n		pending		
@EdwardMavaemua		pending		
@EdwardResurrectsHistory		pending		
@edwinovengua123ise		pending		
@eeAiStudio		pending		
@eedit_99k		pending		
@EffortTinyStudio		pending		
@EFFS01		pending		
@Egypt-w3x		pending		
@EgyptAfterDark		pending		
@egyptemeconnue		pending		
@ehsaasonkiduniya		pending		
@EHTX7		pending		
@eidenxii		pending		
@eigi_and_ai		pending		
@EIJI_B1		pending		
@Einfach-Logisch		pending		
@EinsteinClarifies		pending		
@EinsteinOdkrywa		pending		
@eintelligencein		pending		
@EIRA-c1v		pending		
@Eiradora8888		pending		
@Eirenvale-BGM		pending		
@Eisen_werk		pending		
@EisenTraktorGeschichten		pending		
@EkaeteTales1		pending		
@EkonomiaWlasciciela		pending		
@ekuzpulse		pending		
@El.Historiador.Nocturno		pending		
@elaimusic_time		pending		
@ElAlmaJungiana		pending		
@elamistan		pending		
@ElanAfro		pending		
@elaramanhwa1		pending		
@ElaraSheva		pending		
@ElaraTimewalker		pending		
@ElArchivoTartario		pending		
@Elaria-Celtic		pending		
@ElarisStories		pending		
@ElaroviaStories-f8s		pending		
@elarya07		pending		
@elbehry_ai_films	UCkg8oZlDthhLbHVV6z877qw	ok		ElBeHRy Ai Films
@elcodigodegrinberg		pending		
@Elcuervorecuerda		pending		
@ELDECODIFICADORDEPERSONAS		pending		
@ElderCareWellness1		pending		
@ElderHarpStudio		pending		
@Elderion_us		pending		
@elderlyadvise2		pending		
@ElderMelodies		pending		
@EldersRevenge		pending		
@EldersWorld		pending		
@ElDiabloteLoPinta		pending		
@EldineDocs		pending		
@EldoriaRomanceTales		pending		
@eldr.mayorsano		pending		
@EldritchCello		pending		
@eleanorvancehealth		pending		
@electricdonkeys		pending		
@ElectricLullabyofficial		pending		
@ElectricMidnight		pending		
@electricosdelnorte		pending		
@ElectroGalaxyTech		pending		
@electrojazz-machine		pending		
@ElectroSwingBeat		pending		
@ElectroSwingGroove		pending		
@ElectroSwingVibes		pending		
@ElegantJazzzBGM		pending		
@Elementalinside		pending		
@elemetamin		pending		
@ElenaNarrates-k8k		pending		
@ElenaReed-f5k		pending		
@ElenyaAI		pending		
@Eleot-p3d		pending		
@Eleotan		pending		
@elevatedstatusHQ		pending		
@Elevenlabs		pending		
@elevenzTV		pending		
@ElfaeLune		pending		
@ElfTaleFilms		pending		
@ElGenioSabelotodo		pending		
@ElHistoriadorConsciente		pending		
@elhumanodetrasdellider		pending		
@Elhumanodetrásdellíder		pending		
@elianarosa2168		pending		
@Eliarchstudio		pending		
@EliasYoderAmish		pending		
@EliasYoderRaps		pending		
@elif004-r4v		pending		
@Elif23Stories		pending		
@eliforgottenways		pending		
@ElioStories11		pending		
@ElisaRomanceLibrary		pending		
@elite.mentall		pending		
@EliteAmapiano		pending		
@elitebinaryhub		pending		
@elitedemocracyanalysis		pending		
@EliteGun-n1o		pending		
@elitejohns		pending		
@EliteMindCore		pending		
@EliteNostalgiaAnalycis		pending		
@EliteSpacenews-l3y		pending		
@ELITESUPERPLAYTAS		pending		
@elitetrancemusic		pending		
@ElitistFinance		pending		
@Elitopolis		pending		
@Elixeo		pending		
@elixirsus		pending		
@eliyahu_zeituni		pending		
@EliYoderSecrets		pending		
@ElizabethDavis-k3g		pending		
@ElizabethsHiddenStories		pending		
@elizabethtaylormdnephrology		pending		
@Ella_Rey		pending		
@elladosombrio-t5m		pending		
@ElLadoSombrío-t5m		pending		
@ellah-p3r		pending		
@EllaRomanceBoard		pending		
@EllasHeartfeltLoveStories		pending		
@EllasTaleStudio		pending		
@Ellathenarrator1		pending		
@EllaVibes-z1u		pending		
@ellefindsjobs		pending		
@ellegadocarmesi		pending		
@ElLegadoCarmesí		pending		
@ellegadodelacreacion		pending		
@ellelorx		pending		
@Elliot-m7k6q		pending		
@ellysartikaaaa	UCU4EhCPB1rzbvOpvfBOBtjQ	ok		Cat ai
@ELMashhadAiFilm		pending		
@ELMETODOMUNGERESP		pending		
@Elmomentoenhistorias		pending		
@ElmonjeInterior		pending		
@ElMundoCurioso-v8p		pending		
@ElNarradorMinimalista		pending		
@ElnuevoPODERDELINCONSCIENTE		pending		
@EloahRadio		pending		
@elohimsongsworship		pending		
@EloraDrama		pending		
@ElOtroEspejo0		pending		
@ElowenStarfell		pending		
@ElPistoleroOlvidado		pending		
@ElPoderdelaPalabra-biblia		pending		
@elpreciodelatraicion-n1i		pending		
@ElPrecioDeLaTraición-n1i		pending		
@elpulpitonacional		pending		
@ElPúlpitoNacional		pending		
@elsalanger7396		pending		
@ElsasEnchantedAdventures2	UCXS2T0jx_DBhmczTo_NYoVA	ok		Elsa's Enchanted Adventures
@elsecretodelossabiosjudios		pending		
@ElsiVibes		pending		
@ElTesoroEscondido7		pending		
@eltiemponoesperayt		pending		
@eltiofrontal		pending		
@eltioreal		pending		
@eltorky147		pending		
@eltronoylagloria		pending		
@ELTÍOFRONTAL		pending		
@ELTÍOREAL		pending		
@ElvarStories9		pending		
@ElvenAuraMusic		pending		
@elvenqueenangel		pending		
@elvirabary		pending		
@ElviraLopezByMaveloop		pending		
@Elvis_Uncovered		pending		
@ElvisPresleyBehindtheLegend		pending		
@elwoodbethep		pending		
@ElyazViona		pending		
@ElysianAIFilms		pending		
@ElysiumRecord-o1z		pending		
@EmailDesk		pending		
@EmamiaAI		pending		
@emberandcinder		pending		
@emberchillhouse		pending		
@EmberCollapse		pending		
@EmberDramas		pending		
@EmberNurseStories		pending		
@EmbersofEmotions888		pending		
@EmberStudioAi		pending		
@EmberTwinsStudio		pending		
@EmberVengeance		pending		
@emdafaoldschoolmusic		pending		
@emekaexplains		pending		
@EmemAfricanTales		pending		
@EmeraldCelticDreams		pending		
@EmeraldHemlock		pending		
@EmeraldHollow_Bun		pending		
@EmeraldLegacy		pending		
@EmergencyLegends-m8y		pending		
@emergent-sara		pending		
@Emet315		pending		
@emeve_estudio		pending		
@EmiliaRomanceLibrary		pending		
@EmilyCarter-b6j		pending		
@EmilysTimeVault		pending		
@Emma8-w4k		pending		
@EmmaExplainsEverything		pending		
@emmahistoryvlogs		pending		
@EMMAJAZZRADIO		pending		
@EmmaLoveStories-p7b		pending		
@EmmanBLDiary		pending		
@emmanuelstales		pending		
@EmNation-h5i		pending		
@emo_kaiwai		pending		
@emojahan-s1f	UCAZUhQoN6JNkldctZrFTYUQ	ok		Ai Cat
@EmoshisLiveOfficial		pending		
@EmotionalAi-w1d		pending		
@emotionalbawandar	UCJMfnc2mKU4jEUGPmIfnnjA	ok		Stories of 'Bawandar' - The Emotional Puppy
@emotionaldarksoul		pending		
@EmotionalDramaVault		pending		
@EmotionalJusticeStories		pending		
@EmotionalJusticeVoices		pending		
@emotionalpuppy-g2j	UCJKvSfLXYqVeQgJp8XG9myg	ok		Emotional Puppy
@EmotionalRide		pending		
@emotionalsupport90		pending		
@emotionlab369	UCjI_kfpEAtFCkUGRwkfM23A	ok		EmotionLab
@EmperorsfinestAI		pending		
@Empire-of-MoneyOfficial		pending		
@Empire-of-the-Mind		pending		
@empireandmoney		pending		
@EmpireCircuit-j4p		pending		
@EmpireCycles-d6s		pending		
@EmpireEconomics101		pending		
@EmpireHustleRec		pending		
@empireimplosions		pending		
@EmpireNocturne		pending		
@EmpireofSecret		pending		
@EmpireRomance76_US		pending		
@EmpiresReawakened		pending		
@EmpiresReconstructed		pending		
@EmpireStories-x9t		pending		
@EMPIRETALES-o1l		pending		
@EmpoweredPath2		pending		
@EmpresasConHistoria		pending		
@EmptyPixelGaming		pending		
@EmptyWordsProyect		pending		
@EMR3DEEP		pending		
@Emrichshorts		pending		
@EmyTalesOfficial		pending		
@emzz-123	UCEwAXZxA64YJCEfBMnaCTzg	ok		Emzz
@EnayaAbdo-vw8tw		pending		
@encoretransformations		pending		
@EncounterArchives1		pending		
@Endellefolktalestory		pending		
@Endingnovel		pending		
@EndlessDreamSound		pending		
@EndlessEconomies		pending		
@EndlessFrontierStories		pending		
@endlesshistoryforsleep	UCj1lxrCNVrNoGdMxn5Legsg	ok		Endless History For Sleep
@EndlessJapaneseSummer		pending		
@EndlessLore40K		pending		
@EndlessRevengeUSA		pending		
@EndlessTaverns		pending		
@endline-s		pending		
@endure-earth		pending		
@EnduringHistory		pending		
@enedramaseries		pending		
@enedramazone		pending		
@enemy_archives		pending		
@enemytolovers		pending		
@EnforcementOfJustice		pending		
@Engine_Vault16		pending		
@engineerdoller	UCyf1DOZW51M6_8C8vM9F22w	ok		Engineer Doller
@EngineeredAiASMR		pending		
@EngineeredMarkets		pending		
@EngineeredTheFactoryProcess		pending		
@EngineeringFailuresTales		pending		
@EngineeringNightmare1		pending		
@EngineHacks1		pending		
@EnginePulse1		pending		
@Engiskill		pending		
@englandtimecapsule	UCO4iZkZYY7yoXTVQNIERAIg	ok		England Time Capsule
@EnglishDramas-u2j		pending		
@englishedenus		pending		
@englishroyaltales-898		pending		
@EnglishStorieswithNora124		pending		
@englishstory-b9d		pending		
@englishstoryreadings		pending		
@EnglishwithSaniha		pending		
@enigmasarqueologicos7		pending		
@enirmanhwa		pending		
@EnjoyJazzYT		pending		
@enkey8		pending		
@enos-w		pending		
@Enseignements_islamiques		pending		
@ensenanzajudia-b5z		pending		
@ensenanzasbiblicasprofundas		pending		
@ensenanzasconraydalio		pending		
@ensenanzasderaydalio		pending		
@enseñanzajudia-b5z		pending		
@EnseñanzasBíblicasProfundas		pending		
@ENSEÑANZASCONRAYDALIO		pending		
@EnseñanzasdeRayDalio		pending		
@enshort-6092	UC3QlgpHuWRvd6D-zsmpJKkg	ok		EN Short
@Entertaining_AI		pending		
@EntertainmentWorldh9g		pending		
@EntombedDoc		pending		
@Entresalsasyboleros		pending		
@EnvisagePhysics		pending		
@enyacodes		pending		
@EOAddicts		pending		
@EonLensMusic		pending		
@EOT_YT		pending		
@EousufYTC		pending		
@Epic-AI-Films		pending		
@epic-ai.13		pending		
@Epic-Anime-AI		pending		
@EPIC-TEASER		pending		
@Epic.RealmsAI		pending		
@Epic_Ascension_Music		pending		
@Epic_Disaster_AI		pending		
@Epicaicatt		pending		
@EpicAICrossovers		pending		
@epicaifilms2024	UC5FCyk1QkTBLgWm-w866PGg	ok		Epic AI Films
@epicaiofficial		pending		
@EpicAiStoryy		pending		
@epicaistudioofficial		pending		
@EpicAitrailerwood-h1b		pending		
@EpicAIUniverseHub		pending		
@EpicAIVids		pending		
@epicarchiveyt		pending		
@epicartai		pending		
@epicaudition		pending		
@epicbattleuniverse		pending		
@EpicBuildsHub		pending		
@EpicCelticMusicByTox		pending		
@EpicChristianRock		pending		
@EpicCoCTrials		pending		
@EpicComicRecaps		pending		
@EpicDramaStudio		pending		
@EpicDreamStudios		pending		
@EpicFactoryTours23		pending		
@EpicFactoryTours90		pending		
@epicgameremixes		pending		
@EpicHeroCatsStudio		pending		
@EpicHerosPov		pending		
@EpicHistoryLine		pending		
@epiclifestories82		pending		
@EpicMakeover3D		pending		
@EpicMarvel-l9v		pending		
@Epicmedia14		pending		
@EpicMovieAIChannel		pending		
@EpicOldWestStories	UCdIit8D4nD3ta3pzR-op5yw	ok		Epic Old West Stories
@EpicOrchestralFan		pending		
@EpicPanavision		pending		
@EpicPokeMusic		pending		
@EpicRoadRewinds		pending		
@EpicSciFiStoriesOfficial		pending		
@EpicScreenAnimations		pending		
@EpicScroll-83		pending		
@EpicsoulAI-h1j		pending		
@EpicSpaceChronicles		pending		
@EpicSproutKids		pending		
@EpicSymphonyArrangements		pending		
@EpicTalesoftheBible		pending		
@EpicTitanAI		pending		
@EpicToonKids		pending		
@EpicTruthSeekers		pending		
@EpicTuneX		pending		
@EpicWarsOfficial		pending		
@Epicy-k3y		pending		
@epoalchety		pending		
@Epochalypse1978	UCy08sBfyiAF9NyK4xrTmRlg	ok		Epochalypse
@EpochAnimated		pending		
@epokaludzka		pending		
@EproductsEmpireAISystems		pending		
@EquatorAI		pending		
@Era0Lens		pending		
@ERAEXPLORER-g8t		pending		
@EraExplorer-o3v		pending		
@EraofAI		pending		
@ErasedCentury		pending		
@erasedrepublic		pending		
@ErasOfMusic		pending		
@ErenXplainer		pending		
@Eric-Dawson		pending		
@EricBennettMD		pending		
@EricsOfficeRevenge		pending		
@ErictheStoryteller		pending		
@eripu-f7j	UCaO6Lg2e0f8TYTwBsglX5Ng	ok		AI ASMR..
@ErkkiKirjalainen		pending		
@ERRDAYDRIP		pending		
@Error_199_es		pending		
@errytosh		pending		
@ErsaldrHall		pending		
@ersinyilmaz7700		pending		
@ertac97	UCxrm61M5j201gVaXBAiRfsw	ok		Life at –71°C
@ERTHScience		pending		
@ertugruleastudio		pending		
@erzahlungenpattons	UCcRxmCJ4BYs5pC0Ua0BLo9g	ok		Erzählungen Patton‘s
@ES-MUSiC-n8q		pending		
@escandaloenlasociedad		pending		
@EscapeStoriesMix		pending		
@EseossJenniferUwadiae		pending		
@ESHANAI777	UCGdqcotb69mFuus1nvxOX0g	ok		Eshan AI 777
@Esmail-Edits		pending		
@Esmetimetravels		pending		
@EsmileAi		pending		
@EsotericCircle1		pending		
@esotericguardian		pending		
@EspacioFemeninoNilda		pending		
@espanaennoticias		pending		
@EspañaenNoticias		pending		
@EspritAura		pending		
@essencial.creations		pending		
@EssentialPrepper		pending		
@esshorts20		pending		
@essies_storiess		pending		
@Estella_AfricanStories		pending		
@estherchikweze93		pending		
@EstoicismoInterior		pending		
@estrategiamillonaria-z1y		pending		
@Estrellasretro-TV		pending		
@Estrictamente		pending		
@Eternal-AI-Smphony		pending		
@eternal.past1		pending		
@Eternal_Werewolf_Romance		pending		
@eternaldepth		pending		
@EternalDiary99		pending		
@EternalFantasySounds		pending		
@Eternalgaze-26		pending		
@EternalNameWorship		pending		
@EternalProphecyFilms		pending		
@EternalRealms-i3s		pending		
@EternalRome33		pending		
@eternalspirit215		pending		
@eternalzenwisdom		pending		
@EthanColeReport		pending		
@EthanExplains1		pending		
@ethansenginetips		pending		
@Ethereal_Chronicles_off		pending		
@etherealaiofficial	UClch2VAAEzeKh8TnhYr6NQg	ok		Ai asmr
@EtherealAISong		pending		
@EtherealAIStudio-d2l		pending		
@EtherealDreamscapes23		pending		
@EtherealEchoesOficial		pending		
@EtherealNorse		pending		
@etherealodysseymusic		pending		
@etherealsagednb		pending		
@EtherealVistasOfficial		pending		
@EtherGlow-s7w		pending		
@Etherisl_Frames		pending		
@EtherWaveMusic-w8v		pending		
@EthioSynthAI		pending		
@EthioVibesOfficial		pending		
@EthnicDeepHouseMix-e2s		pending		
@EthnoWave		pending		
@etmojo.217		pending		
@etnoromania		pending		
@etreillumine		pending		
@EttaBluesTone		pending		
@EttaMaeHartwell		pending		
@EunbitRumi		pending		
@euphoriabeatsgd		pending		
@EuroHeartbeat		pending		
@EuropaWillRise	UCjGN4A_eBt1TW5z7rTaRQVw	ok		EuropaRise
@Europe-Informed-Connected		pending		
@EuropeanCivilizations		pending		
@EuropeBeyondHeadlines		pending		
@europefindsout		pending		
@EvangelioProhibido		pending		
@EvanInvestus		pending		
@eve.andromeda		pending		
@EvelynAIArt		pending		
@evelyngalesstories		pending		
@evelynhealingspace	UC-hBlob6Rd-wecJjryAWstw	ok		Evelyn's Healing Space
@Evening-Breeze-Theater		pending		
@EverBellStories		pending		
@EverdreamAI		pending		
@Everdreamcastle		pending		
@EverduskAI		pending		
@EverEnrichStories-t7m		pending		
@EverGlowStudio0fficial		pending		
@EvergreenAiStories247		pending		
@EverGreenCabin		pending		
@EvergreeneAfricanTales		pending		
@evergreengardeningadvice		pending		
@EverGreenHomeLiving		pending		
@everlastai		pending		
@EverlastAIClips		pending		
@everlastinggrace-n3k		pending		
@everlastingtales-d3v		pending		
@everlightproductionsunfold		pending		
@EverlightStoriesTV		pending		
@EverLoveTales		pending		
@evermiststudios		pending		
@EverSoulful		pending		
@EverTaleStudio7		pending		
@everyday_ai_life		pending		
@Everyday_Stories12		pending		
@Everydayaik.0		pending		
@EverydayAISkillz		pending		
@EverydayAIwithJayne		pending		
@EverydayBuddhism2		pending		
@EverydayDadChronicles		pending		
@EverydayObjectsAI		pending		
@EverydayPhysicswithFeynman		pending		
@EverydayRights_USA		pending		
@EverydaySailing		pending		
@EverydayTurningPoints-w8x		pending		
@everydayvalorstories		pending		
@everyfruitastory		pending		
@everylevellore		pending		
@EveryLieBorrowedTime		pending		
@EveryLifeExplainedofc		pending		
@EveryLoveStoryy		pending		
@EveryMusicalDay		pending		
@everymusicyourway		pending		
@everypixel-matters		pending		
@everything_food_channel		pending		
@EverythingAboutRobotics		pending		
@EverythingCarHiFi		pending		
@EverythingForAll		pending		
@EverythingGMC-k9x		pending		
@EverythingHarley		pending		
@EverythingMustGoWRONG		pending		
@everythingology5081		pending		
@EverythingProfessor		pending		
@EverythingSquatch		pending		
@EVIDENCEAl		pending		
@EvidenceBibleAi		pending		
@EvidenceExposedTV		pending		
@eviemiessa		pending		
@EvilMcMelli		pending		
@evobig		pending		
@EvoGrid		pending		
@evohominidhub		pending		
@evoinception		pending		
@Evolude		pending		
@EVOLUTIONCAR-26		pending		
@EvolutionEditsMAX		pending		
@evolutionofdrive		pending		
@evolutionstudiosai		pending		
@Evolux_Motors		pending		
@EvolviingAI		pending		
@evorixlab		pending		
@evuary		pending		
@Ewasfables		pending		
@ewithuarcive		pending		
@ex_ea_es		pending		
@ExcellentWatches-zy9ln		pending		
@ExcelsiorLife0		pending		
@Excesjoy_12		pending		
@ExclusiveRecordsStudios		pending		
@ExhaustTV93		pending		
@exi-stories		pending		
@exiledlunatales		pending		
@ExistenceFold		pending		
@ExitTheProgram444		pending		
@Exodusoul		pending		
@exotic_playss		pending		
@exoticexpat1		pending		
@ExovoidHFY		pending		
@expedienteabierto-g4y		pending		
@expedientemexicomx		pending		
@Expellia		pending		
@experiencedmindai	UCAH-cGyI-eTeX3I5UeRPg5Q	ok		AI for the Experienced Mind
@ExpertFida		pending		
@ExplainAIFast		pending		
@explained-US	UCmLFIIJ1_5J458CThjkF6jw	ok		football.explained.
@Explainedin10mins10		pending		
@ExplainedSimply4u2		pending		
@ExplainerChris		pending		
@explainerguy01		pending		
@explainerlensus		pending		
@ExplainerReem		pending		
@Explaineur		pending		
@ExplainiaChannel		pending		
@Explainify67		pending		
@ExplainingEverythingChannel	UCUjfJ5M8sSvcyxHmWnox8_g	ok		Explaining Everything
@ExplainingTechLikeYoureFive		pending		
@ExplainInPaint1		pending		
@explainit777		pending		
@explainitfast.111		pending		
@ExplainiumMedia		pending		
@Explains121		pending		
@Explica2-dos		pending		
@explicadorsencillo		pending		
@exploradorcuantico		pending		
@ExploradorCuántico		pending		
@ExploradoresdeHistoria-h5n		pending		
@ExploreHistoryAI		pending		
@exploremanufacturing-r1e		pending		
@Explorewith_Vidhi		pending		
@Exploreworld-q5r		pending		
@Explorica1		pending		
@exploringaustraliah		pending		
@exploringenglightenment		pending		
@ExploringPrehistory		pending		
@ExploringtheLandofWa		pending		
@explosionoflaughter.56		pending		
@exporterrormusic		pending		
@ExposedAmerica007		pending		
@ExposedBrandsUK		pending		
@exposedlive-1		pending		
@exposedthieves		pending		
@ExposeVault		pending		
@ExpressiveHumanoidd		pending		
@ExtinctEnzo		pending		
@ExtraMike-b7m		pending		
@extraordinaryanimalsen		pending		
@ExtraordinarystoriesHQ		pending		
@ExtreemeMachines		pending		
@extreme_ai_s	UCvUgA6f2QZVwX5pMr43g8XQ	ok		EXTREME AI S
@EXTREMEAGRICULTURE-999		pending		
@extremedepth2025		pending		
@ExtremeSurvivalStories	UCq_e7utqXqmxS2nmeLNWoew	ok		Extreme Survival Stories
@eyeforinsight		pending		
@eyeofww2	UCYazGRuMBUcNAR3BMHSC-dA	ok		Eye Of WW2
@eyepatrol_yt		pending		
@eyesawai		pending		
@EyesOfTheFallenn		pending		
@ezmaniac	UCf7QbZM9xsvpX8tiObevLvg	ok		ezmaniac
@EZR_ASMR		pending		
@ezra-11-11		pending		
@ezraminiature	UCr66_fqJfS9XGafWSUof0Aw	ok		Ezra miniature
@EzraTheJeweler		pending		
@F12026Era		pending		
@F1Perspective		pending		
@F1Shockwave		pending		
@F_Ceations_F		pending		
@fabiendekosmos		pending		
@FableCoreAI		pending		
@FableForgeAnimation		pending		
@FablePaws_animal		pending		
@Faceless-Folklores		pending		
@FacesReborn		pending		
@Fact.me1		pending		
@factfactoryab		pending		
@FactFlash_10		pending		
@Factinate		pending		
@FactLine9t		pending		
@FactnexaAI-v6d		pending		
@FactoFauna25		pending		
@factomedia-99		pending		
@factomer1		pending		
@FactoPedia-99		pending		
@FactoraFacts		pending		
@factorfantasyharrypotter		pending		
@Factory-Floor		pending		
@Factory.Secrets		pending		
@factory12-w9s		pending		
@Factory__Secret-p4o		pending		
@factory_loop		pending		
@FactoryBlaze-y1v		pending		
@FactoryCinematic		pending		
@Factorydeepview		pending		
@factoryfact-n4h		pending		
@factoryfloorchain		pending		
@Factoryflow-m2r		pending		
@Factoryflow-NE		pending		
@factoryflow102		pending		
@FactoryFlow1630		pending		
@FactoryFocus360		pending		
@FactoryFrontier1		pending		
@FactoryFusion70		pending		
@factorygyaanofficial		pending		
@FactoryHub0.1		pending		
@factoryinsider-f2x	UCzsFmF824OXHuDDxsuuAg9w	ok		Factory Insider
@FactoryInsiderYT		pending		
@FactoryInsightDocs		pending		
@FactoryInsightHub		pending		
@FactoryInsightTV		pending		
@FactoryKinetics		pending		
@FactoryLine-y1x		pending		
@factorymade-l4e		pending		
@FactoryManufacture-s2c		pending		
@FactoryMastery-w5		pending		
@FactoryMatrix		pending		
@factorymmisssion		pending		
@FactoryMotion-68		pending		
@FactoryMotionGlobal		pending		
@FactoryNexusVisionCR7		pending		
@factoryprocess-5q	UCJ5JKfOKZBRm81rRQLDEnGg	ok		Factory Process
@FactoryProcess-f		pending		
@factoryprocess-g5q	UCOu8ZAjUoSIlAy3uNVOduvQ	ok		Factory Process
@factoryprocess-l2g	UC3Ro37hCedvKLAeLMYYunCA	ok		Factory Process
@factoryprocess_a	UCMFRSXwd2n2qiGzFu1Ndfsg	ok		Factory Process
@FactoryProcessAI50		pending		
@factoryprocessatoz	UCW7zxzmmkQKP66X7yYupddw	ok		Factory Process A to Z
@FactoryProcessHub-x1r		pending		
@factoryprocessinside	UCAdFlGTt8uOtW73Fz0KfuIQ	ok		Factory Process Inside
@Factoryprocesslab-b6p		pending		
@FactoryProductionProcess-g1x		pending		
@FactoryReborn.m5		pending		
@factoryreveled		pending		
@FactoryScapes		pending		
@FactorySecret2025		pending		
@FactoryShockLab		pending		
@FactoryStreamai		pending		
@FactoryTechToday		pending		
@factorytoproduct	UCcLEXYUlThseKvZBtf7nD2w	ok		Factory to Product
@FactorytoProduct9		pending		
@factorytourprocess	UCiiWXXRk016Za_BYT0NAyZg	ok		Inside Modern Factories
@factorytrueprocess	UCgrTynGimotdpmRU8nFMs9Q	ok		Factory Process
@FactoryUnfolded		pending		
@FactoryVerse-01		pending		
@factoryvids24		pending		
@FactoryVisionno1		pending		
@FactoryWindow		pending		
@factoryword-v4j		pending		
@factoryworldinside	UCQSwihw1qz5jEvBu1j6rxXw	ok		Factory World Inside
@factrix.official		pending		
@factrocityshorts		pending		
@Facts5Minutes		pending		
@FactsAndLogic		pending		
@FactSprint00		pending		
@FactsVerse		pending		
@Facttofame7		pending		
@FactVerse-t2t		pending		
@factverse160	UCB6FAjZYJtQYHvSWD8-4WNA	ok		factverse
@FactWyse		pending		
@FactZone_Studio		pending		
@FadedArchives-n4i		pending		
@fadedwave-z2i		pending		
@FadePause		pending		
@FadetoCode		pending		
@FadingAmerica-w1u		pending		
@FadingLore		pending		
@FadlyNoor		pending		
@FaeForestBGM		pending		
@FaePrinceAI		pending		
@FagooRecords		pending		
@fahadsiddique9321	UCnD8nl2EG-piOqq4hPN4zaw	ok		Animations AI
@fahbamtales		pending		
@faholo347		pending		
@Faidhafinance		pending		
@fAIkout		pending		
@failedfutr		pending		
@FailRanks-central		pending		
@failside_moment		pending		
@FairyDreamStudio		pending		
@FairyFrame-r24	UCFeHrqbA6OFOWkQTIx_HprQ	ok		FairyFrame
@FairyLogAI		pending		
@FairyMeow88		pending		
@FairytaleAmbienceStudio		pending		
@FairytaleDrama-g3b		pending		
@Fairytalesho	UCVE4W8esNN7MxNpQ3SJ0sLw	ok		Fairytales ho
@FairyTV-Europe		pending		
@faisalbashirhere		pending		
@Faith-in60Seconds		pending		
@Faith.Unmasked		pending		
@Faith_Spotlight		pending		
@faithandthefinances		pending		
@FaithChroniclesBibleAI2026		pending		
@FaithEze-p7l		pending		
@FaithFIX		pending		
@Faithflicks70		pending		
@FaithForge-t2v		pending		
@Faithmaybe		pending		
@FaithScript-y8l		pending		
@FaithycreativeTV		pending		
@FaiYamNarrator		pending		
@faizan_ki_seekh	UCoGRjZRM3LGbPas2vIiKbfQ	ok		#Faizan Ki Seekh6
@FaizanAliStudioOfficial		pending		
@FaizanAmjedOfficial		pending		
@FaizansAIanimation		pending		
@fake-music-show		pending		
@fakebeatjapan		pending		
@fakemakemusic		pending		
@FAKEMUSICCC		pending		
@FakeMusicLab		pending		
@FakeSoundStudio		pending		
@fakten_uber_insekten		pending		
@Fakten_über_Insekten		pending		
@FaktenMeinungen		pending		
@FalakLinuxTechAI		pending		
@FalconFury07	UC_A-55MAgla9iThmcmCQcmQ	ok		Falcon Fury
@FallenAmericaFM		pending		
@fallenangel8488		pending		
@fallenhifi		pending		
@FallenSoulsRomance		pending		
@FallingLeavesRainxng		pending		
@FalloutOrangeFoxUSA		pending		
@FalloutRaccoonUSA		pending		
@FalloutSquirrel		pending		
@FalloutWolf-r1b		pending		
@fame_school		pending		
@famechronicles75		pending		
@FAMENOOK-d6x		pending		
@FameRantDaily		pending		
@fametales-07		pending		
@FameTimelineNew		pending		
@FamilialStoriesExposed		pending		
@Familiengeheimnisse-l2z		pending		
@familydramaonrecord		pending		
@FamilyDramaStories-t7t		pending		
@FamilyDramaStoriesYTB		pending		
@FamilyJusticeServed		pending		
@familylaboff143		pending		
@Familymedialabs		pending		
@familyrevengefiles-s5p		pending		
@FAMILYSILENCE666		pending		
@FamilySweetRevengeTales		pending		
@familytales21		pending		
@FamilyTalesbyDany		pending		
@familytimetales		pending		
@FamilyUnraveled-BN		pending		
@Famousafricanfolktalesstories		pending		
@FamousAivillageStoryMax1		pending		
@Famousbrandhistory		pending		
@fan354		pending		
@fanadamrose-e8p		pending		
@fancreatures	UCl18f1msaCDG2RpAYNF7AcQ	ok		FanCreatures
@fandammusic		pending		
@FandomTopics		pending		
@FanfictionVault		pending		
@FanFight-b7m		pending		
@fangedphenomenon		pending		
@FangPlusTail		pending		
@Fannyentaten		pending		
@fanpagepulsetunez-w4n		pending		
@fansiyu-1		pending		
@fanstories68		pending		
@fantaisiaambience		pending		
@FantaSceneMusic		pending		
@fantascystudioYT		pending		
@FantasiaEchoes		pending		
@fantasticAI-IA	UCc_2XPpU8-aJm3houk4CjlA	ok		Fantastic Ai
@FaNTastiCAiCats		pending		
@FantasticAIShorts	UCEGEit0zB16eqfX3DgAo2Tw	ok		Fantastic AI
@fantastical_cat_diary		pending		
@FantasticJoy-f8x	UCtoqPe283YqRJvHZOE13YSQ	ok		Fantastic Joy
@Fantastickitten	UCsgxTDEsCR4w3tney2mJlkg	ok		Fantastic kitten AI
@FANTASY-AI_JP		pending		
@Fantasy-Origins		pending		
@FANTASY-WORLDS890		pending		
@fantasy-yuki		pending		
@fantasy_asmr_lab		pending		
@FantasyAIVerse		pending		
@FantasyAllureAI		pending		
@fantasyASMRrooms		pending		
@FantasyCeltic_Music		pending		
@FantasyDramaParadise		pending		
@FantasyExplainedYT		pending		
@fantasyheart		pending		
@fantasyimages		pending		
@FantasyLabAI	UC8sfY-65FETw1-7PWEFD08g	ok		Fantasy Lab AI
@fantasylofilounge		pending		
@FantasyMedievalJourney		pending		
@FantasyMeditations		pending		
@fantasymusicstudiolabel		pending		
@FantasyNightscapes		pending		
@fantasynthetic		pending		
@fantasyon		pending		
@FantasyRealmGeographic		pending		
@FantasyRealmsart		pending		
@FantasyRemaster		pending		
@FantasyShortsFC		pending		
@FantasySprout		pending		
@FantasyUniverse-z7p		pending		
@FantasyWorld-StudioX		pending		
@fantasyworldjourney		pending		
@FantaVerse-v5y	UC5VrtanJmKPaUr44gKDc_Dw	ok		FantaVerse
@fanversesaga		pending		
@FAQ-Manuals		pending		
@Fara_ASMR		pending		
@FarBeyond-s3t		pending		
@FarFlight		pending		
@farh1412		pending		
@FarhanAli-j8f8i		pending		
@farm-echoestold		pending		
@farmanimaladventures-k4b		pending		
@FarmerFaminesFeasts		pending		
@FarmersDestinyStories		pending		
@farmersuntoldstories		pending		
@FarmerTales_YT		pending		
@FarmingtoFactory		pending		
@FarmLegacyStories		pending		
@FarmLifeTrueStories		pending		
@FarmMachine-FM	UChdNvoJPFz9qNwW_vC7Y3Gw	ok		Farm Machine
@farmtofactory00		pending		
@FarmToShopTV		pending		
@FarsiJazz		pending		
@Farvi_storyteller		pending		
@farzanfilms		pending		
@Fascinating_Forgotten_World_Hx		pending		
@fashioncatsai	UCTBzXb_YDAqtCbEWo2QD9lw	ok		Fashion Cats AI
@FashionCrisisUK		pending		
@fashiondesigners-b6g		pending		
@FashionModelLook69		pending		
@FastDrama-r7q		pending		
@faster-x8l		pending		
@FastExplainUSA		pending		
@fastfactoids2024		pending		
@FastFoodChannelAI		pending		
@FastSavehq		pending		
@FastTrackNews01		pending		
@FatalFilesyoutube		pending		
@FatalImpactShorts		pending		
@FatCatJazz		pending		
@fate.mp3		pending		
@fatedalphamoon		pending		
@FatedMateLibrary		pending		
@FateLoveShortDramas		pending		
@fatemstoreovira		pending		
@FateRushTV		pending		
@Fates_Uncovered		pending		
@FatesGentleHands		pending		
@FateTurner0		pending		
@FatherNeverForgets-b6h		pending		
@FATHERSBOLDREVENGE		pending		
@FathersFinalRetribution-t2f		pending		
@FATHERSGENTLEREVENGE		pending		
@FATHERSJUSTREVENGE-b9d		pending		
@FATHERSSILENTREVENGE-z6		pending		
@FATHERSSTERNREVENGE		pending		
@fathertoyland		pending		
@FatherVengeanceChronicles		pending		
@fathmahassan-e3g	UCWfzr7PsZ5NfsDMK5CjZLMQ	ok		cute cats Dancing pop star
@fatia-j1l	UC2xQEV3rRglUs3mTyE_Xtpg	ok		Cute cat
@fatibobofilms		pending		
@Fatima-NurseryRhymes		pending		
@fatorangecat.888		missing		
@fatos_biblicos1		pending		
@FatSora		pending		
@faultlineledger3		pending		
@FaultlinesStudio		pending		
@faunaclips-f1f	UCDF4emIFpwyaCEAr7MaWa3A	ok		龍辰漫劇推薦
@FaunaFieldnotes		pending		
@fauxfeast		pending		
@fauxtick		pending		
@fauzi-c4g	UC6zemRxGGf4ExMcBKDLlmjg	ok		Cat AI ID.
@FavoredRevenge-x8j		pending		
@favoriteaistories-s1y		pending		
@favourchi278		pending		
@favourhomemadeideas		pending		
@favouritestories001		pending		
@favourSunday-x6z5l		pending		
@FavstarAfricantales		pending		
@fayemiwo.queentv		pending		
@Fayzanumer06		pending		
@FDJMixHub		pending		
@FdotRare		pending		
@FearFileReels		pending		
@FEARLANE-YT		pending		
@FearlessOutdoors		pending		
@FearToonzTV		pending		
@FearTubeDE		pending		
@feasibleutopia		pending		
@FeastofLegends		pending		
@febbleai		pending		
@febirizki8490		pending		
@FeConCoolturaOficial		pending		
@Fed_Up_Podcast		pending		
@FederalReport-p1i		pending		
@Feed_films		pending		
@feedyourmind67		pending		
@Feel_it9		pending		
@FeelFreeRecap		pending		
@feelrealgood		pending		
@FeelToStory		pending		
@Felicity.Creates		pending		
@Feline_Fanatics		pending		
@FelineAIStudio		pending		
@felinefables3	UCIHpLd8pNme6om8OyQS8tMA	ok		FelineFables
@felipelangmoor		pending		
@felixdullu		pending		
@felixdurigbostudios		pending		
@Felixy_AI		pending		
@FellStoryAi		pending		
@Felunee		pending		
@Female-Psyche-US		pending		
@femalemagicpower		pending		
@FenAIStories		pending		
@Fenaro.techno		pending		
@fendtfarmerstories		pending		
@Fenel_TV		pending		
@FeniceArt		pending		
@Fenja-w8f		pending		
@FENMOCHI		pending		
@fenxin-shortdrama		pending		
@feral-r1j		pending		
@FeralCry		pending		
@feraldawn4		pending		
@FerdyReverie		pending		
@ferrycorsten		pending		
@FestivalParade68		pending		
@FeuergeistHFY		pending		
@fexl		pending		
@Feynman-Explains		pending		
@feynman-quotes		pending		
@Feynman_Lab		pending		
@feynmanarchives		pending		
@Feynmanciencia		pending		
@FeynmanExplained	UCCBgjijBbDccF8y7n23X2_w	ok		Feynman Explained
@FeynmanExplains-v3t		pending		
@FeynmanExplainsPhysics-w5o		pending		
@FeynmanFlux		pending		
@FeynmanFR		pending		
@feynmaninfinite		pending		
@FeynmanInsight		pending		
@FeynmanLectureHall		pending		
@FeynmanLegacy		pending		
@FeynmanLightFiles		pending		
@FeynmanPOV		pending		
@FeynmanReborn		pending		
@FeynmansBodyCode		pending		
@FeynmansMindset031		pending		
@FeynmansPerspektive		pending		
@FeynmansPhysics-k5o		pending		
@FeynmansWisdom		pending		
@FeynmanTeLoExplica		pending		
@feynmanuntold		pending		
@FeynmanVision		pending		
@Feyvoritestories		pending		
@FFantastic_AI	UC-pyukatc1FTDr_VZl-xYBA	ok		Fantastic AI
@FFOCUSDrama		pending		
@FG-creations		pending		
@fgfgaming-90	UCsC_ZHN099DU9h0Y4LZ2nyw	ok		Ai Short
@fhonly		pending		
@FiatFilesCurrency		pending		
@FiatHistory		pending		
@fictionalfilmsai		pending		
@Fictionalize1		pending		
@FictionalTales-30		pending		
@fidaire		pending		
@fidelcao1993		pending		
@FIDESFOREVER		pending		
@FieldNote247		pending		
@FieldsofMelody		pending		
@fifafan009		pending		
@FifthDistrictStudio		pending		
@FiftiesReplay		pending		
@figg_yfinds		pending		
@fightcipheryt		pending		
@FightingIsArt		pending		
@FiguresSpotlight		pending		
@FiguringOutFantasy		pending		
@fiktiveGeschichten-h1f		pending		
@Filedesign		pending		
@FilesofJustice-3		pending		
@FilesofRecord		pending		
@Filip.C_1		pending		
@filipfranzentutorials		pending		
@FilipinoFolkloresAndMyths		pending		
@filipinofolktalestagalog		pending		
@FilipinoStoriesUnveiled		pending		
@FILM6ai		pending		
@filmbyteai	UCdzE7wv88-yoNocTbJIpybg	ok		FilmByte AI
@FILMCRUX		pending		
@FilmCult1		pending		
@FilmFantasyFacts		pending		
@filmfashally		pending		
@filmhuntz		pending		
@FilmMemories_AI		pending		
@FilmRecapExplained	UCvIYYMLIgYDjASZD3CKfdzw	ok		Film Recap Explained
@FILMSBEFORETHERISEOFDAWN		pending		
@Filmsda9051		pending		
@filmsense247		pending		
@filmshooting-l1e		pending		
@FilmsRecapped		pending		
@Filmy-Rhythms		pending		
@filmymystery-s		pending		
@filosofiasinconsuelo		pending		
@FilozoficznaRzetelnosc		pending		
@Finaius		pending		
@FinalEcho-q7h		pending		
@finalpayback-h4c		pending		
@FinalRevengeChronicles		pending		
@FinalVengeance-h7q		pending		
@Finan9		pending		
@finance.wood.creativity		pending		
@Finance_101m		pending		
@Finance_Fault		pending		
@FinanceBeyondBordersOfficial		pending		
@financecentral9064		pending		
@FinanceCompass111		pending		
@FinanceCurrency-n8s		pending		
@FinanceDailySilverUpdates		pending		
@FinanceDeciphered		pending		
@Financedecoded-b9w		pending		
@FinanceDecoded-c6e		pending		
@FinanceDeepDive		pending		
@Financedekontructed		pending		
@financeeconomist		pending		
@financeedge18		pending		
@financeengineofficial		pending		
@FinanceExpl		pending		
@FinanceExplained1		pending		
@FinanceExplainedUSA-m4u		pending		
@financefredyt		pending		
@FinanceFrontier-786		pending		
@FinanceFrontierLab-t2c		pending		
@FinanceGriffin		pending		
@financegurugrocery		pending		
@FinanceHarbor-m8c		pending		
@FinanceHiistorian		pending		
@FinanceHistoryWorld2		pending		
@FinanceInfinity6829		pending		
@FinanceInMinutes		pending		
@FinanceInMotionStudio		pending		
@FinanceLoreYT		pending		
@financemachinery		pending		
@financemarketnews-1		pending		
@financematrix-09		pending		
@FinanceMeeting		pending		
@FinanceMind07		pending		
@FinanceOrbit786		pending		
@financepro5		pending		
@FinancePulse-w1x		pending		
@FinancePuppyStudio		pending		
@FinanceRewindOffical		pending		
@FinanceSaga-u6f		pending		
@FinanceTFZMedia		pending		
@FinanceThroughTime-i9p		pending		
@FINANCEVIBE-d6u		pending		
@financeworldtech		pending		
@financeyard26		pending		
@Financial-reviews		pending		
@Financial.Historian		pending		
@Financial_History_and_Markets		pending		
@FinancialArchivist_1		pending		
@FinancialBuild		pending		
@FinancialCrisisExplained		pending		
@FinancialDisclosures		pending		
@FinancialEdge-b4u		pending		
@FinancialEdge-y3g		pending		
@FinancialEdge07		pending		
@FinancialEdgeOfficial		pending		
@FinancialEdgeUSA01		pending		
@FinancialExposures	UCe5NApQhZXq5voZLW65HN-w	ok		Financial Exposures
@FinancialFreedom2047		pending		
@FinancialHistorian.x		pending		
@financialhistorianfilex		pending		
@FinancialHistorianIndex		pending		
@FinancialHistoryNelson		pending		
@Financialhistoryuncovered		pending		
@FinancialInsight990		pending		
@FinancialInspection		pending		
@financialjohn		pending		
@FinancialOrigins4k		pending		
@financialoutline		pending		
@FinanzasenlaTerceraEdad		pending		
@finanziellehintergrunde		pending		
@finanziellehintergründe		pending		
@FinanzielleVision		pending		
@Finanzix24		pending		
@FinanzRealist96		pending		
@FindicateTV		pending		
@findmethatai.studio		pending		
@Fine-Tuned-Studios		pending		
@FineMetalsOfficial		pending		
@Finigma-c8k		pending		
@FININT.01		pending		
@FinIQAI		pending		
@FinLog-r3c		pending		
@FinMatrixInsider		pending		
@FinNews_Now		pending		
@finnshark7952		pending		
@FinoraTV		pending		
@FinoreaOfficial		pending		
@finovask		pending		
@FinSharkExplains		pending		
@FinSightCapital		pending		
@FinSpheresGlobal		pending		
@FinStoryHindi		pending		
@FinTalk-f2z		pending		
@fintechiq320		pending		
@FinvestorData		pending		
@FinvictaCapital		pending		
@fiorenzocomini		pending		
@fireanddominionmusic		pending		
@FirelightTavern		pending		
@FireOf_Revenge	UCfR_YIKP1ozdMmSUtW-Qi1w	ok		Fire Of Revenge
@fireplacedreams1703		pending		
@fireplacevideosandmore		pending		
@FirewoodBlues		pending		
@First-PersonArchives		pending		
@first2ride		pending		
@firstofmusic		pending		
@FirstPersonHistory4U		pending		
@FirstResponderChronicles		pending		
@FirstSightDrama		pending		
@FirstYearWild		pending		
@FiscalFlow08		pending		
@FiscalRelics		pending		
@FiscalWarfare		pending		
@Fishy.Ai.Animations		pending		
@FisicaEstiloFeynman		pending		
@fisicapensamientosdefeynman		pending		
@fisicasinfronteras		pending		
@fitfemmeus-g5k		pending		
@FitiCiekawi		pending		
@fitrovk		pending		
@fivestarrejects		pending		
@FixClipss		pending		
@fixmyBMW		pending		
@Fixora-09		pending		
@FixRevenge		pending		
@Fixvival		pending		
@fizzyshortss		pending		
@FjordHarmonies		pending		
@FJORDHEART_MUSIC		pending		
@FjordofFaith		pending		
@FKCARREVIEWS		pending		
@flagnarb69		pending		
@FLAGSQUIZ		pending		
@FlameLilyStudio		pending		
@FLAMENCOROMANCE		pending		
@FlareMiniDrama		pending		
@Flarestoriesglobal		pending		
@flashback2047		pending		
@flashcreativestudios		pending		
@FlashDiscoveriesofficial		pending		
@FlashDramaClub-y4l		pending		
@FlashMoment21		pending		
@FlashpointOriginal		pending		
@FlashRanks-g13		pending		
@FlashStockSentinel		pending		
@flashwatchcop		pending		
@flatcirclehistory		pending		
@FlavorBotKitchen		pending		
@FlavorNostalgia		pending		
@FlavourBEntertainment		pending		
@FleetStrategy		pending		
@FLESHANDERROR		pending		
@fleshpixel		pending		
@Fletcher-Finance		pending		
@flexclipapp		pending		
@flexpro.entertainment		pending		
@Flickart-ai		pending		
@flickerfilmai		pending		
@Flicora		pending		
@FlightDealHunter-o4k		pending		
@FlightTales-x3w		pending		
@flint-history		pending		
@FlintbornHumanStories		pending		
@FlipDrama		pending		
@FlipDrama4107		pending		
@flipflipflip_ai		pending		
@FlipGender		pending		
@FlippoMusicAI		pending		
@FlipStories9999		pending		
@Flipvisual		pending		
@flixesFilm		pending		
@flixn-tv		pending		
@FLOATINGADRIFTMUSIC		pending		
@flofihouse		pending		
@FloorAlchemy-666		pending		
@floqkly		pending		
@floraaidramastudio		pending		
@florafolktalestory		pending		
@FlorianAzak		pending		
@FlorksHabit		pending		
@FloSch_the_OldSchoolGeek		pending		
@FloscicaArt		pending		
@Flow-Trigger		pending		
@Flow365studio		pending		
@FlowAIASMRR		pending		
@FlowalMusic		pending		
@FlowAnimation-01		pending		
@flowanimation02		pending		
@flowanimationasmr02		pending		
@flowinmusicchannel		pending		
@flowlabs.official		pending		
@FlowSoundChill		pending		
@FlowStateAmbient-q5o		pending		
@FlowStateTokyo_Music		pending		
@floydbishop		pending		
@FloyoAI		pending		
@FLStudioArabesk		pending		
@FluctusOfficial		pending		
@Fluffyanimalai		pending		
@fluffybabyanimals	UCPJtfVtzikcojueyKzLmi2A	ok		Fluffy Baby Animals
@fluffybabyanimals-r4j	UCwQ1D0A87TN1QrEsMLaXC7Q	ok		Fluffy Baby Animals
@FluffyBox715	UCfipgX6u-romRYiIJLZcutA	ok		Fluffy Box
@Fluffycat-x2j		pending		
@fluffyexplorersclub	UCVfWl73OpE-pmhh8YRqXdyg	ok		Fluffy Explorers Club
@FluffyFailsDiaries		pending		
@fluffyflash-e8d		pending		
@FluffyFlash-p8c		pending		
@fluffyframeworldai	UCNhOeqSJAr6q38H1ty19HgQ	ok		FluffyFrame World AI
@FluffyHardWorker	UC7bj6VwbzaZNWSrm6uo72cA	ok		Fluffy Animal
@fluffykittyworldforu	UCqJp2r7FPJyKOMZTH-soKwg	ok		Fluffy Kitty World
@Fluffytime-x4t	UCQC2cRXZ_0iIpzgH5nANgaA	ok		Fluffy Time
@Fluffzgagaman		pending		
@FlugrechtHilfe		pending		
@fluvexofficial		pending		
@fluviawild		pending		
@fluxfoamasmr		pending		
@FluxLoopYT		pending		
@FluxMusic_uc		pending		
@Fluxorix-c8v		pending		
@fluxxzonee	UCCN8SK2_V9oDpS3yuEIbTsg	ok		FLUXZONE
@Fly_Data		pending		
@FlyGalaxyHFYFly		pending		
@flyght_skool		pending		
@flyingrattlesnakes		pending		
@FMLfun		pending		
@fmoya-records		pending		
@FMØYA-Records		pending		
@FOBStories	UCdbDeZ3owB8ppu5LQAhz1eg	ok		FOB Stories
@FocalMythafricanaistories-b4n		pending		
@Focus-Era		pending		
@focus_flow99		pending		
@FocusAmbience-l5e		pending		
@focusandsoundscape		pending		
@Focusbibleverse		pending		
@FocusedHall		pending		
@focusflow365music		pending		
@FocusFlowMusic-l5c		pending		
@FocusMusicFlowOfficial		pending		
@Focuspheree		pending		
@FocusRoomMusic0		pending		
@FocusStationMusic		pending		
@FocusTunes-piano		pending		
@FogRevenge		pending		
@FogVisionFilms		pending		
@FoldVerse-official		pending		
@Folklore_Shadows		pending		
@folkloreafrica27		pending		
@FolkloreByChiddy		pending		
@FOLKLOREFILMCHANNEL		pending		
@FolkloreOfTheArchipelago		pending		
@folksofyore		pending		
@FolkSongsOfficial		pending		
@Folktale_Afr		pending		
@FolktaleAfricawithFunmi		pending		
@FolktalebyAK		pending		
@FolktalebyAKAY		pending		
@FolktalebyBB		pending		
@folktalebybenter		pending		
@folktalebydee1		pending		
@FolktaleDynasty		pending		
@FolktaleFlix		pending		
@FolktalefromAfrica		pending		
@FolktaleGlobe		pending		
@FolktaleKids		pending		
@FolktalesAfrica-m1m		pending		
@Folktalesbyemma001		pending		
@FolkTalesByFayoke		pending		
@Folktalesbykachi		pending		
@folktalesbykaliboy		pending		
@FolktalesByLawrenceJames		pending		
@FolktalesbyNgo		pending		
@Folktalesbyogonna		pending		
@FolktalesbyOma1		pending		
@folktalesbyOnyiiscorner		pending		
@FolktalesBySaju		pending		
@folktalesbytimi		pending		
@FolktalesbyVanny		pending		
@FolktalesbyZida		pending		
@FOLKTALESCORNER44		pending		
@folktalesorafrican		pending		
@Folktalesstories22		pending		
@FOLKTALESVAULT-TV		pending		
@FollowingChrist-6886		pending		
@followupworld		pending		
@FOMOFinance-l4n		pending		
@FondayyAI		pending		
@FONKPROJECT		pending		
@fontheweb		pending		
@food-byAi		pending		
@food-info-g4d		pending		
@foodai-edit		pending		
@FOODAI_01		pending		
@FoodAicreator1		pending		
@foodbiteking		pending		
@Foodbrandsexposed		pending		
@foodcapsuleAi-n2i		pending		
@FoodChainLab		pending		
@FoodCrisisUK		pending		
@FoodExplainedDaily		pending		
@FoodFactoryMotion-lkm		pending		
@FoodFearFactor		pending		
@foodflowasmr	UCV0HVCgB2gRIwICOAwfBkDA	ok		Foodflow Ai Asmr
@Foodieeeaiii		pending		
@Foodiscover		pending		
@foodminiature-g51	UCzsLuxtYNdrdcOPgYSrsZXQ	ok		Food Miniature
@FoodOrFraudexpose		pending		
@foodprocessinside	UCpxrB_YbCCNuj2EwUaSHtQQ	ok		Food Process Inside
@FoodRealityUK		pending		
@foodtales36		pending		
@FoodTechToday		pending		
@FoodyBan		pending		
@Foot786-fah		pending		
@football09790		pending		
@FootballAftershock		pending		
@FootballBrainrotV2		pending		
@footballera-x3f		pending		
@footballexplained01	UC__jaKq-4Shvot5pl_rpvRA	ok		football explained
@FootballExplainerYT	UCmLhtpgqfxy5x332gktZ-IQ	ok		Football Explainer
@FootballfromAbove		pending		
@footballingz		pending		
@footballlovers-c4r		pending		
@footballnarrative24		pending		
@footballstationyt		pending		
@FootballThenAndNow66		pending		
@FootNote0		pending		
@footnote1863		pending		
@footyroasttv		pending		
@ForbiddenblStories		pending		
@forbiddencamp		pending		
@Forbiddenchronicles-1		pending		
@ForbiddenCuts	UCpvhbIEplpyU_UPX7XRnXZQ	ok		ForbiddenCuts ASMR
@ForbiddenEmberOfficial		pending		
@ForbiddenFrequencyEN		pending		
@ForbiddenGospel-v5t		pending		
@ForbiddenHumanOrigins02		pending		
@ForbiddenLovereel		pending		
@ForbiddenloveStories-b6z		pending		
@ForbiddenLoveverse		pending		
@ForbiddenMafia		pending		
@ForbiddenMafiaHeartStories		pending		
@ForbiddenMafiaLoveStories		pending		
@ForbiddenRootsOfficial		pending		
@ForbiddenSecretLoveChronicles		pending		
@ForbiddenTruth-p2u		pending		
@ForbiddenVault7		pending		
@ForbiddenVaultHQ		pending		
@forbiddenvows-d6z		pending		
@foreignersreactyt		pending		
@forensicmacro		pending		
@ForerunnerArchive		pending		
@Forest-lightJourneys		pending		
@forestcafejazz		pending		
@ForestechoesAiMusic		pending		
@ForestOfLightChannel		pending		
@ForestryTechnology-l7c		pending		
@Forever-Tales-z1v		pending		
@Forever_StoriesYT		pending		
@foreverfierce		pending		
@ForeverForeverx2		pending		
@ForeverOnTheFrontier		pending		
@ForeverRootedMusic		pending		
@ForeverYours-s3d		pending		
@forge-y		pending		
@ForgedinSilence-Gen-X		pending		
@ForgedMemory		pending		
@forgemusic-987hq		pending		
@forgenestdiydungmv		pending		
@ForgetfulHistorian		pending		
@forgotten-womens-history		pending		
@Forgotten_narrator		pending		
@ForgottenAmericanMemo		pending		
@forgottenamericanskills		pending		
@ForgottenAmericanSurvival		pending		
@forgottenamericanweapons		pending		
@ForgottenAncestors-o9z		pending		
@ForgottenArtTV		pending		
@ForgottenAustralianSurvival		pending		
@ForgottenBattleNotes	UCkf2MVV-zbd8ghSaOkvYHbg	ok		Forgotten Battle Notes
@ForgottenCivilizationsYT		pending		
@ForgottenDiscoveries2026		pending		
@forgottenfarmerarchives		pending		
@forgottenfrontiers22		pending		
@forgottenhistoricalstories		pending		
@forgottenincome		pending		
@ForgottenLondon		pending		
@ForgottenMoments5343		pending		
@ForgottenNavalHistory		pending		
@ForgottenRootsOfficial		pending		
@FORGOTTENVALOR4377		pending		
@forgottenwaystomakemoney		pending		
@ForgottenWisdom26		pending		
@ForktalesWithElla		pending		
@formalfinance33		pending		
@formstate		pending		
@forsakenquillore		pending		
@FortifyinChrist		pending		
@FortuneFeelings-q1h		pending		
@fortunesarchitects		pending		
@fortunestories-k6u		pending		
@ForwardNation-c8v		pending		
@foryourplay_music		pending		
@FosilMental		pending		
@foundry-yt		pending		
@four-leafclover-o5x		pending		
@Four-Riders-of-The-Apocalypse		pending		
@FourDollarCyclone		pending		
@Foxaivideos		pending		
@Foxf298		pending		
@FoxholeChronicles		pending		
@FoxMedia7		pending		
@foxmoments68		pending		
@foxstarmedianetwork		pending		
@foxwoodmusic		pending		
@Foxybreaksit		pending		
@foxytunesbeatz		pending		
@foyersound		pending		
@FozilxonSaydaxmedov-xf7je		pending		
@Fp6.0		pending		
@FQtube		pending		
@fracoai		pending		
@FractalHaze		pending		
@FractalWisdom		pending		
@fractonic-stories		pending		
@FractureHymn		pending		
@FragileBonds		pending		
@fragmentN1		pending		
@FragmentsdHistoire-h5x		pending		
@fragmentsofsound2025		pending		
@framedistrictoffical		pending		
@FrameForgeA		pending		
@FrameNFury		pending		
@FrameSyncc		pending		
@FrameThrills2162		pending		
@FramiaProAI		pending		
@Francesco.lovesai		pending		
@Francolyy		pending		
@frankb.8416		pending		
@frankblase9050		pending		
@frankdaltonfraudwatch		pending		
@FrankGravesStories		pending		
@FrankRigAI		pending		
@FrankSinatra-TheUntoldLegacy		pending		
@FrankSISK-y4i		pending		
@FranksOfficeRevenge		pending		
@FrankSweeney-c2d		pending		
@FrankUnseen		pending		
@frankys_nostalgie_tv		pending		
@FrauenVitalab50		pending		
@Freak_aesthetic33		pending		
@freddyweik99		pending		
@FredFroeseAIFilms		pending		
@FredinFocus		pending		
@free_fire_pb07		pending		
@freecontentlab		pending		
@FreedomForge-638		pending		
@FreedomStory-t9y		pending		
@FreedomTales-g9n		pending		
@FreeEditingcoursetutorial		pending		
@FreeiumVoices		pending		
@FreeMyanmarLyric		pending		
@FreeVoiceMedia		pending		
@Freiheitspricht	UCUG_JPrKYvi0lNP-xa8-29g	ok		Freiheit spricht
@FrejordTales	UCQNEYoXJ_PNNye3RoyoQdFg	ok		Frejord Tales
@FrenchHouze		pending		
@FrenchJazzJournal		pending		
@frequency2024		pending		
@FREQVENCIAZ		pending		
@FreshDiscoveryb		pending		
@FreshHealth_Facts		pending		
@freshmusicfrontier		pending		
@FreshRebuild		pending		
@FreshReelDrama		pending		
@FreshShortDrama-z9f		pending		
@freshstart-z9l		pending		
@freshxmusic		pending		
@FreyaNordheim		pending		
@Freydisas		pending		
@Friendofhistory-u5o		pending		
@FrischeErnte		pending		
@friutDra44		pending		
@FrogAteMyWifii	UCFAvbJLex-5SUhfiApkUZIw	ok		FrogAteMyWifi
@FroggyFreshUniverse		pending		
@Froggygaming16		pending		
@FrogTalesAIFairyStories	UC-Z9aOizOwgb9MNhw_MelZw	ok		FrogTales – AI Fairy Stories
@FrolicFactory06		pending		
@froloy		pending		
@fromageandballball		pending		
@FrontAxis		pending		
@FrontDoorWildlifeShorts		pending		
@FronteradeLeyendas		pending		
@FrontierBrides		pending		
@FrontierDustTales		pending		
@FrontierLens-f2b		pending		
@FrontierRescueStories		pending		
@FrontierTales-EN		pending		
@Frontiertales7		pending		
@Frontline_Dog		pending		
@FrontlineEchoes-c4c		pending		
@FrontlineFactss		pending		
@frontlinefileswwii	UCszZwxDFXtmHDpyhL7HIP-w	ok		Frontline Files: WWII
@frontlineglobalupdate		pending		
@FrontlineHeroes-k7l		pending		
@frontlinehistories	UCh0RWiuSYyd2b5PaQB_v3Zw	ok		Frontline Histories
@FrontlineNightmares		pending		
@FrontlineNurseStories		pending		
@FrontlineReport-b5z		pending		
@FrontlineReportMedia-b4j		pending		
@FrontlineUSAX		pending		
@FrontlineVinyls		pending		
@FrontlineWarMemoirs		pending		
@frontlinewarstoriesww		pending		
@FrontStepFilms		pending		
@froobii		pending		
@FrostbornEcho		pending		
@FrostByte404-AI		pending		
@FrostlineWeapons		pending		
@FrostmoonStudios		pending		
@FROSTSAGA1		pending		
@FrostVengeance		pending		
@FrostVigil		pending		
@FrozenHuntDiaries		pending		
@FrozenRevenge-d3y		pending		
@FrozenWilderness-q9h		pending		
@FrugalSolutionsTV		pending		
@fruit-asmr-cutting	UCUNknoJagL23P3tNyjh_gzw	ok		ASMR AI VIDEO
@Fruit-Burst		pending		
@fruit_dramaa		pending		
@Fruit_Films		pending		
@Fruit_Mind_AI		pending		
@Fruit_Talk_AI		pending		
@FruitAffairs1		pending		
@FruitAi239		pending		
@fruitaicartoons		pending		
@fruitaIFrenzy		pending		
@FruitBabyWorld-p5u		pending		
@fruitberryAImusic		pending		
@FruitByteAI1		pending		
@FruitCinemaStudio		pending		
@FruitDrama-0		pending		
@FruitDrama-0101		pending		
@FruitDrama-Al		pending		
@FruitDrama-f5t		pending		
@Fruitdrama-p2b		pending		
@FruitDrama-q1q		pending		
@FruitDrama-yt		pending		
@FruitDramaAI-l7r		pending		
@FruitDramaAI1		pending		
@FruitDramaClips		pending		
@FruitDramaExposed		pending		
@FruitDramaHub		pending		
@fruitdramaseries-r8f		pending		
@FruitDramaTV-e2l		pending		
@FruitDramaTV-o3w		pending		
@FruitFantasyAI-g6x		pending		
@fruitforge.x		pending		
@Fruitfulaii		pending		
@Fruitfuryai		pending		
@fruitisland-h6t		pending		
@FruitIslandCZ		pending		
@FruitItIs		pending		
@FruitLifeAI-h1u		pending		
@FruitlingASMRUniverse		pending		
@FruitlixStudio		pending		
@fruitloveisland-ai		pending		
@FruitLoveisland-b4e		pending		
@fruitloveisland012		pending		
@Fruitloveisland1		pending		
@FruitLoveIslandAI2026		pending		
@FruitLoveIslandAiSeries		pending		
@fruitloveislande		pending		
@FruitLoveTheory		pending		
@FruitooAI-F		pending		
@Fruitopia-k5s		pending		
@FruitRealityStorieIA		pending		
@fruits-qz6gb		pending		
@Fruits.Drama.Stories		pending		
@Fruits.Dramastories		pending		
@FruitsAI-67		pending		
@FruitsAi-d2l		pending		
@FruitsAI-n3p		pending		
@Fruitsai-w7l		pending		
@fruitsaistories23kac		pending		
@FruitsDramasAI		pending		
@FruitSlashASMR		pending		
@FruitsMoro		pending		
@fruitsopera.studio		pending		
@FruitstoriesAi-f2y		pending		
@fruitstory03		pending		
@FruitTalks-c8c		pending		
@FruitTok12		pending		
@Fruittokbrainrot		pending		
@FruittyLoveAI		pending		
@FruitVerse-026		pending		
@FruitVerseAI10		pending		
@FruitVerseStories-26		pending		
@fruitvibestudios1		pending		
@FruitWorld-w7c		pending		
@FRUITY_ISLAND		pending		
@FruityAIASMR1		pending		
@FruityAIStories-q8f		pending		
@FruityASMR02		pending		
@fruitybabies3d		pending		
@FruityBabiesASMR0		pending		
@fruitybliss-b5w		pending		
@FruityDrama-j2k		pending		
@FruityDramaTV1		pending		
@FruityRollAI		pending		
@FruityTales-f6o		pending		
@fruityTales99		pending		
@Fruitytales_98		pending		
@FruityumASMR		pending		
@FruMello-m5w		pending		
@FrumReportDE		pending		
@FrutiDramaStudios-i8c		pending		
@frutiger-xp		pending		
@FruTopiaStories1		pending		
@Frytiny		pending		
@FUBAR.Creative		pending		
@fuegobeats12		pending		
@FuelPhilosophy		pending		
@fuelsecrets		pending		
@FueraDelRuido.web12		pending		
@fugazyfilmsanimation		pending		
@FUJISOUNDS118		pending		
@FUJIYAMA-AI-Music		pending		
@fukasawa_takuya2642		pending		
@FullAiAnime		pending		
@fullanimationmovies-vw8tw		pending		
@Fullmetalaicover		pending		
@FullMojaStory		pending		
@FullOfFunWorld	UCL9g1rJtP-aCYv4gU8fw1Mg	ok		AITOPIA
@fullprocessfactoryhd	UCusRW9ws6RwTQuemWVLoOlQ	ok		Full Process Factory HD
@FullProcessRevealed		pending		
@fullthrottlecar		pending		
@fun-with-a.i.	UCJJeWfjDA5Td7XVhQ3EBw4Q	ok		Fun with AI
@fun3xph		pending		
@fun_miniature	UCEajYAm6X514AkLP4HwQryQ	ok		Fun Miniature
@fun_noodleworld	UCtg-ethwIHV5au_y1BZHVzA	ok		Fun Noodle
@FunAI1-y3j5b	UC-cui7zGzs147NJ4BuHmD9w	ok		FunAI1
@FUNAIKAHANIYAN01		pending		
@FunBites-24		pending		
@FunBotan		pending		
@FunBotcartoonstv		pending		
@funcatfuncat	UCNgDdtvDsHJVQd2E5IOVkkQ	ok		Fun Cat Fun Cat
@FuncerASMR		pending		
@FundamentalTruth-f4y		pending		
@FunDogFactsYT		pending		
@funfactory-l4f	UCRri4rBQ_JjTExRUEvFWxXQ	ok		SAVAGE STORIES
@funfantasyzone		pending		
@FunFlicker7	UCxsoS4CSAhfktT3-vlqZPKQ	ok		FunFlicker
@FunFood-Ai		pending		
@funforkids-o1h7z	UCEyFf6zUdZLQUd8M6VtaylQ	ok		Cute cat studios
@FunForKidsStories		pending		
@FunHOAStories		pending		
@Funiverse0802		pending		
@funkartoonsai	UCpN5-dzt6S6ARykNQ6KPdyw	ok		Fun Kartoons Ai
@FunkCanvas		pending		
@Funke_videos		pending		
@FunKidsAiAcademy		pending		
@FunKidsMusiczh1	UCAVbucwqxGKGkKgXKD9W6Ww	ok		Fun Kids Music
@FunKidsPlay-u7e		pending		
@FunklineSociety		pending		
@funkonautsound		pending		
@funkybluesai		pending		
@funkymindai	UCxzd-WgzX00KTF52ePiU8tQ	ok		FunkyMind Ai
@FunkyMonkey-99		pending		
@Funlix-r3v		pending		
@funlixco		pending		
@FunnMan888		pending		
@Funnnimals		pending		
@funntastic_AI	UCN0DUpcRDrMgSCQZmgnUkSA	ok		FUNTASTIC YT
@funny.ai.25	UCJ7bqtp9bjMcnt_gQwserZw	ok		Funny AI
@funny_cartoon-ais	UC-EWBBPQ40-v1-ynNPjuFXQ	ok		FurReal AI
@funny_cat-1ai	UCnltKPnwji8zuHgDykDBVPg	ok		FUNNY CAT AI
@funny_cat-s1c	UC-iq5acLbQZkx4MKkC4LdyA	ok		Ai animals
@funny_video_a6r	UC4nfzvwgau9JtxMDfDWXkMQ	ok		CUTE CAT DANCE
@funnyai25-smt-z8y	UCEEJCc3VtNTM4iript46rHA	ok		Funny AI 25
@funnyai7242	UCgyHwPEQUzJjh4lYe57BA-w	ok		Funny ai
@funnyai_videos-100		pending		
@funnyaicats-ai	UCOMqINiPFv-6_b1RSuk5m7A	ok		Funny AI Cats
@funnyaicats-n9i	UCZaU9VefC1PSSWWqxnhxRoQ	ok		Funny AI Cats
@funnyaicatsofficial	UCgsKUIjXpznX_wDMYFpoZOA	ok		Ai cats animals
@FunnyAIComps		pending		
@FunnyAIDoorbellMoments		pending		
@funnyAIfilms		pending		
@FunnyAiGeneratedVideosImages		pending		
@FunnyAiVideos3533		pending		
@funnyaivideosforfamily		pending		
@FunnyAiWala27		pending		
@funnyalebras	UCEhkGYu0ppGCJCOvLHsxrZA	ok		Funny AleBras
@funnyandcutecat8k	UCtcDQzRIaAzOXR59jT-FlyQ	ok		Funny And Cute Cat
@funnyandcutescats	UC-htPrFXbEwon1aCNB0Ue6Q	ok		Funny And cute Cat's
@funnyanimal-j3d	UCxf1nP9Of6H2UuoSdaplBlA	ok		Funny Animal
@funnycartoon-r7n	UCGGDXo53BF_UnaWJ7FH_Vqg	ok		funny cartoon
@funnycartunai		pending		
@funnycat-9	UCmJFTJCQ4YhUP9bvnhq9cKw	ok		Funny Cat
@funnycat-ai	UCLMepcKEU_oKc5VThAraM0A	ok		funny cat Ai
@funnycat-j9u	UCM-H5ABN9_ksRPtrZgQC_FA	ok		Funny cat
@funnycat599	UCMpuKqE9dbpCIeGzalDgwgA	ok		𝐅𝐮𝐧𝐧𝐲 𝐂𝐚𝐭
@funnycatai-j	UCeKEpcRsUrSoTFRr4N0eSOw	ok		Funny Cat AI
@funnycatanimalsshow	UCu4QXcA3KZPDQMLckHQVijg	ok		Funny Cat & Animals Show
@funnycatdance-y3g	UCePg5-KG1YnKzCK5qXjrkUg	ok		Funny cat dance
@funnycatdancevideos	UCKIIUxiHMftrMZxzyr0ugCw	ok		Funny Cat Dance
@funnycats005	UCXePJ9Jp2Ekd4kGjUQuGD9g	ok		JazCat 😺
@funnycats26-n3s	UCps12zQKvGKYPbXAkNCsVjQ	ok		Funny cats stories
@funnycatslite	UCFJ-Nr7BeWef78BD6SP6hhw	ok		FUNNY CATS LITE
@funnycatsstory-i6p	UCG3XC1Xy6lukpH9lTzvSWGQ	ok		Ai shorts
@funnycatsvideosai	UCpuPWvabjQVKHmCGgc0FOMg	ok		Funny Cats ai
@funnycatvideos-1-1	UCDowVeKkqINZa7jIsvtu12Q	ok		Funny Cat Videos TV
@funnycatvideosbd	UCGpmBp0K29qqWOxj-4uq3rw	ok		Funny Cat Videos
@FUNNYclipz-w		pending		
@funnycoppov		pending		
@funnycuteaicat-s9x	UCR7TCru4BYmuSNAIMHd7rQw	ok		funny cute AI cat
@funnydoorbellcamclips		pending		
@FunnyDoorbellVideoss		pending		
@FunnyEditsMax		pending		
@Funnyfablestudio-i5e		pending		
@FunnyFurries-786		pending		
@funnyhindiaiyoutube		pending		
@FUNNYHOP-j9y		pending		
@FunnyJ-POP		pending		
@FunnyMation9137		pending		
@Funnymeow-HDI	UCeoJ4SYG86bq0GlHdPxT_Iw	ok		Funnymeow - HDI
@Funnymeow-m7k	UCwtRJ7GHf46atL9O85GZsAw	ok		Funnymeow😻😻
@FunnyMeow-q1j	UCn9rm9ST0_PeQRf_gqtjm1g	ok		FunnyMeow
@funnymeow-v8	UCcFJT2nqNHnvom85eHSMcUw	ok		Funnymeow-v8
@funnymeow1	UCSueLnYdlbM85erGMCg4e7A	ok		funny meow
@Funnymeow1-e3w	UCmLaMKBZzgaR8UDNdNw32ew	ok		Homeless cats
@Funnymeow7.m	UCEyUKw_9gKi2ASrZ46fv5MQ	ok		Funnymeow
@Funnymeow8	UC_trszkHmC-HsqLebyyMVBw	ok		Funnymeow
@funnymeowaiofficial	UCfmFrhTDMwFSrEDuYcLih3Q	ok		Funny Meow AI World
@funnyorangecat-o1q	UCWY7KWYTSoG5UkKoBC4npGg	ok		Funny Orange Cat
@FunnyParodyHuman		pending		
@funnypets-bg3sb	UCJoG9GQCv0He3dq4Ocx116A	ok		Funny pets
@funnypetslaughai	UCoK9s4qiuUwVbz7ugMT4uVA	ok		Funny Pets Laugh AI
@Funnypetslife-g4l		pending		
@funnyshort1a	UC4WZbqVC4AcHsbyYf1solMg	ok		cobrobot
@FunnySoraAiVideos		pending		
@funnyverz		pending		
@Funnyyymeow	UC-tWHOihZUkWOn9l8KiunbA	ok		Funnymeow
@FunStory-i8r		pending		
@funtastickids-toons	UCwNRxHl58vBsleXMwSF8mag	ok		Kitten & Duckling World
@funtimebuddies0		pending		
@Funtoon-87		pending		
@funtoon8	UCaWIULxV6_m5orFnodx4Y-g	ok		Fun Toon
@funtoons-b7k	UCnbNj3RdaoPWwMRDbsFTjpQ	ok		Fun toons
@funvideostamil-f2k		pending		
@funwithai_18v		pending		
@Funwithaiavenue		pending		
@funwithjamiemilliejaxx1830		pending		
@funwithvideos	UCLjcyAbBv_iqS2q2zP6Ac0g	ok		Fun With Videos
@funzanimals	UCqFUOcJi1v-MuWWJst7kpMA	ok		Cute Pet
@funzoneleon	UC1MFKDmZ7oKQR8aUGteAS2w	ok		FunZone Leon
@FurFriendsVillage		pending		
@FuriaPirata		pending		
@FuriFuwa		pending		
@FuriousGarageYT	UCp86XlccGLdaBFHYi9ZLt_g	ok		Furious Garage
@furithappened		pending		
@furqanshaikh-q9e	UCGUIrp3BUT1LTzxymxGg2rw	ok		kahani
@furrAI-lovers	UCh2TNwU_H8ryrEpQtaB0YkA	ok		furrAI
@FurRealTalk7		pending		
@FurRiffStudio		pending		
@furriously	UCLauDNluoNDFIPRzpWFMkYw	ok		Furriously
@Furrr_Ai	UCEhXenUrkzRYfdcJ-q7zPsQ	ok		FurrAi
@FurryFableStudio		pending		
@furryflufftales	UCwEtCsFr_mMkory4HRpCPRw	ok		Furry Fluff Tales
@furryfriendstv001	UCRVKwYvVj76dJV8fNkStf1w	ok		Furry Friends TV 🎬
@FurryFunAl		pending		
@FurryLoyalPals		pending		
@furrystates	UCaPZT-dmKk5w8ZDt_YVsBrQ	ok		FurryStates
@furrytalesnetwork	UCuyYiTOhskK-wZrbkd5xfWg	ok		Furry Tales Network
@FurryVerse_ai		pending		
@FusionMaster921		pending		
@FusionofSoul-w5i		pending		
@FusionVerseProduction		pending		
@future-studio-us		pending		
@future-techh-ai		pending		
@Futureaikids2		pending		
@FutureAIStudio-p7n		pending		
@FuturebotStudios		pending		
@FutureCityAmbient		pending		
@Futureclip1086		pending		
@futurecypher		pending		
@FutureEarths		pending		
@futurefactory-x1w	UCa0E9r0k58VWaYgOgygwyyw	ok		FutureFactory
@FutureFiles-k4h		pending		
@FUTUREFILMS_AI		pending		
@FutureFilmTrailers2		pending		
@FutureFinanceLab1		pending		
@futureflowfactory247		pending		
@futurefmph		pending		
@FutureForgeSciFi		pending		
@futureframe-AI00		pending		
@FutureFrameAI-27		pending		
@FutureFrameTVOfficial		pending		
@FutureFrontierDocumentary		pending		
@FutureKwaai		pending		
@FutureLens-h2b		pending		
@futurelensaiarts		pending		
@FutureLineWorld		pending		
@futuremindkii	UCc7r5MOWmZInQ7It40aFD3w	ok		Future Mind KI
@FutureMinds-n9w		pending		
@futuremonkey-v4s	UCV6OkPor-iZGt3ps4-RsXiw	ok		Future Monkey 🎬
@FutureMovieUnivers		pending		
@FutureMusic-j8i		pending		
@futuremusicproductions		pending		
@FutureMysteries1		pending		
@Futureofintelligence1		pending		
@FutureProCars		pending		
@FutureProofSurvival		pending		
@FuturePulse-r8q		pending		
@FutureRiderUS		pending		
@FutureScapeHFY		pending		
@Futurescapes-SciFiAmbience		pending		
@FutureShortcut		pending		
@FutureSteampunk		pending		
@FutureStoriesbyAI		pending		
@FutureTalesAI-e9u		pending		
@FutureTaste-x4u		pending		
@FutureTechFactory226		pending		
@FutureTokyoRain		pending		
@FutureToneStudios		pending		
@futureunlocked68		pending		
@futureworld-tech		pending		
@FuturisticSounds-o7		pending		
@fuyurecord		pending		
@fuzzybuddyanimation	UCiH3ySFftwEvGB-cfNTlK-Q	ok		fuzzybuddyanimation
@FuzzyFarmAI		pending		
@FyndStudio		pending		
@FynFax		pending		
@Fyra-d1u		pending		
@FyreAblaze		pending		
@fystory237		pending		
@Fyxlife		pending		
@FísicaPensamientosdeFeynman		pending		
@FísicaSinFronteras		pending		
@g7t2y5vl-z2q		pending		
@gabfacts-n5c		pending		
@GABOFIX		pending		
@GaborMakes		pending		
@GaborSzilvasi	UCcrvthBgZF-pVrkTkyrufuw	ok		Psybie Project
@gachastories17		pending		
@gadget_doodles		pending		
@GadgetArcade-g6m		pending		
@GadgetologyHub		pending		
@Gadgetsinsider321		pending		
@GadgetTen		pending		
@GadgetVerseg		pending		
@gadis.ai.indonesia		pending		
@GaelicWhispers		pending		
@Gagaror		pending		
@GainlineFaith		pending		
@gaintheory2026		pending		
@GakuRecaps		pending		
@GALA-msc		pending		
@Galactic_human_saga		pending		
@GalacticAncestry		pending		
@GalacticDominators-k91	UC4D5yzx7MBSz35pG4vdBtgg	ok		Galactic Dominators
@GalacticHuman-b9u		pending		
@GalacticMercy		pending		
@GalacticPrimeHFY		pending		
@GalacticPrincessHFY	UCpnOUebPsbQwQkFPOvEKimA	ok		Galactic Princess HFY
@GalacticSci-FiChronicles		pending		
@GalacticSciVerse786	UCbK7L09c5ljhJcPIl70181Q	ok		Sci Fi Pulse
@GalacticValorStories		pending		
@GalacticWitness		pending		
@GalacticZenHFY	UC4iOj0BLhqE0rzL3-s0hlwg	ok		GalacticZen HFY
@GalaticHFYDark	UChRXulnao3XpxTVkTz3oI8A	ok		GalaticHFYDark
@Galaxy_Astrology		pending		
@Galaxy_shortdrama		pending		
@Galaxyaikids		pending		
@GALAXYIF		pending		
@GalaxyIfMultiverse		pending		
@Galaxyoftitans		pending		
@GalaxyTheorist		pending		
@GalaxyVault-s2o3n		pending		
@Galileefootsteps		pending		
@GallerySha		pending		
@gallowscreek		pending		
@GallowsWalkerYT		pending		
@gamdasalai		pending		
@gameclub-i6x	UC7AhpR3geYyvohc9vXbD-1g	ok		Ai creator🐈‍⬛
@GameLaunchCentral		pending		
@gamelifelive		pending		
@GameMorphAI		pending		
@gamer-ps5pro		pending		
@gamer4919-x8c		pending		
@GamesAnLu		pending		
@GameTimeUSA-1		pending		
@GameVerseHub12	UCrpiQAKaS88MzwxIjnwRu8g	ok		GameVerse Hub
@Gamewave-br		pending		
@GameZn-t3b		pending		
@Gamiestour-Channel		pending		
@Gaming-Byte		pending		
@GamingExpIained		pending		
@GamingTime_official		pending		
@GamingUnmaskedHQ		pending		
@gamma_yt1	UC3krh6fN6UQsRV3yl2TQWkQ	ok		GAMMA YT
@GammaAIStudios		pending		
@gammacrews	UCya7Emm0ci1LxeekyBeaCOA	ok		xGaMmAcReWsx
@gamozystudio		pending		
@Gamplik_impostor		pending		
@GaneishPrajapatii		pending		
@Gankhiang		pending		
@garageoftime		pending		
@garagetruthh		pending		
@GardeningandSunshine		pending		
@Gardi-AI		pending		
@Gardumedia		pending		
@gareeb-puppy	UCeawwsHDlUrdMblG0xh3m1Q	ok		AI Stories Shorts
@Garfisho		pending		
@GarvithaMusics		pending		
@GaryStories04		pending		
@GastronomicRoots		pending		
@gatesofimagination		pending		
@GatesofVortalania		pending		
@GatherRound-h6l		pending		
@gaurishortschannel	UCdqUwjj9ZPwEzUi-8qkWzFg	ok		Gauri YT Shorts
@Gave-k8y		pending		
@GavelCore-k4x		pending		
@gayamedia1		pending		
@gayanitales	UC-wyXKv5ZrkpLitTm0TaLDQ	ok		KHILESH VERMA
@gaylemccormick-r9g8v	UCrR33uMUD4eXEoKpWCXbAyg	ok		AdorablePetInn
@gazulaa		pending		
@gbinh2180		pending		
@gd-story-time	UCBznjif_LBuAKlwMKsC25yQ	ok		Story Time
@gd_4227		pending		
@gdatylervfx		pending		
@GDO.official		pending		
@GearBox-i4n1d		pending		
@Gearify98		pending		
@GearNationk3g		pending		
@GearRise		pending		
@GebrocheneHerzen-t9n		pending		
@gechytech		pending		
@GeeklyHistory1		pending		
@GeekPsyche		pending		
@GeekRift	UCLyGQSD2zE9z-RJDli0V2lQ	ok		GeekRift
@GeeksLabTV		pending		
@Geekyzilla		pending		
@geetaji-c		pending		
@GeheimeDeutscheArchive		pending		
@geheimehelden		pending		
@Geheimnisse_der_UdSSR		pending		
@GeishaGirl-x7h		pending		
@Gem-asmr-s3i		pending		
@Gen-Free-w9e		pending		
@gen.ai.master		pending		
@GenAIFilims		pending		
@genaiplus		pending		
@GenAiVFX		pending		
@GenAlfaMagic299		pending		
@GenAudio-s		pending		
@GenderbendStory		pending		
@GenderForge		pending		
@GenealogyX		pending		
@GeneralPattonUntoldStories		pending		
@GeneratedMediaLLC		pending		
@generation.cabane		pending		
@GenerationFilmStudios		pending		
@GenerationsExplained		pending		
@GenerativeArtificialIntelligen		pending		
@GenesisChamberUS		pending		
@Genetic_Journeys		pending		
@GenExAI-n2l		pending		
@GenFlix1		pending		
@gengarclips421	UCCWGjhW5NG6nufumsVV-_6w	ok		GengarClips
@GenguAI		pending		
@GeniusFlashcardsApp		pending		
@GeniusLabAI001		pending		
@geniustoonlab-aianimatedvideos	UCUcIKr3qUb1hAjcuHojDNOA	ok		Genius Toon Lab 29.4M views
@GeniusWonder_7		pending		
@GenLaB-AI1		pending		
@GenMovieAI		pending		
@Gennovate		pending		
@GenreFlipMusic		pending		
@Genstyk		pending		
@gentlebike	UC2aQBU34I0XmHDzV-14lKYg	ok		Gentle Bikers
@GentleHorseDrama		pending		
@gentlelifestories		pending		
@GentlemanPost		pending		
@gentlemensecrets		pending		
@GentlePaw1		pending		
@GentleRainAmbienceRelaxMeditat		pending		
@gentlerescuestories		pending		
@gentlesingularityrecords		pending		
@GentleSoul79		pending		
@GentleVengeance		pending		
@GentleWavesMusic421		pending		
@GentleZenMelodies		pending		
@GenZAiCreations		pending		
@GenZHabeshaMusic		pending		
@GeobriefHQ-z2i		pending		
@GeoclysmOfficial		pending		
@GeoEnvy-YouTube		pending		
@GeoGlobal360		pending		
@GEOGRAFEIN		pending		
@GeographyExploredHD		pending		
@GeoJohStories		pending		
@GeoLogic-z5g		pending		
@geomappings		pending		
@geometricgirl		pending		
@GeoMoneyTV		pending		
@GeoPF-j6d		pending		
@geopoliticalabyssreport		pending		
@geopoliticalalert	UC61MURWPUbFxpBkhHbct4Pg	ok		Geopolitical Alert
@GeopoliticalBriefNow		pending		
@GeopolitycznyRaport		pending		
@Geopopeverydayscience	UCQgQZdC52kP5V1XI3o5ux4g	ok		Geopop, everyday science
@George.Graves		pending		
@georgepattonquotationinstitute	UCpOfiYInDrmu5hFUWiyei0Q	ok		George Patton Quotation Institute (GPQI)
@georgepaulofficialchannel		pending		
@GeorgesHistoryHub		pending		
@georgeslifelessons-t3p		pending		
@georgia_skye		pending		
@georgia_skye25		pending		
@GeorgiaDramaTV		pending		
@GeorgiaWiseAdvice		pending		
@GEOS_YT		pending		
@GeoSmartStudio		pending		
@GeoTimeExplore		pending		
@GeoUnseenn		pending		
@geovarayt		pending		
@German_Insights00		pending		
@germanautor		pending		
@germandaily-e1t		pending		
@GermanDarkPop		pending		
@GermanForcesHub		pending		
@Germaninexile		pending		
@GermanWarWeapons-s4n		pending		
@geschichte.lebt1		pending		
@Geschichten-c3n		pending		
@Geschichten9-z1y		pending		
@GeschichtenDieBleiben-x4n		pending		
@GeschichtenvomLand181		pending		
@GeschichtenWelt-x8s		pending		
@Get.Lost101		pending		
@Get365AI		pending		
@getdeskly		pending		
@GETINFORMATION-1		pending		
@GetNextAI		pending		
@GetTheBrief		pending		
@Gfootballfc		pending		
@ggciencia1		pending		
@GGCiência1		pending		
@GGeeeeL		pending		
@ggooyangi		pending		
@gguanmusci		pending		
@gguniverze		pending		
@gharkikahani1m		pending		
@ghazalakabul		pending		
@ghdhgktomme2613		pending		
@ghettothenpc		pending		
@Ghibli-ASMR01		pending		
@GhibliAnimeAI		pending		
@GhibliBreezeAI		pending		
@GhibliCottageVlogs-t6x		pending		
@GhibliCoupleVlogs		pending		
@ghiblimicrofilms-04		pending		
@GhibliMoodON		pending		
@ghiblimusic377		pending		
@GhibliNook-d2l		pending		
@GhibliPiano_Relaxation		pending		
@ghiblistory0		pending		
@ghiblisurvivallife1		pending		
@GhibliToonAI		pending		
@ghiblivideo1		pending		
@GhibliWhispersOfNature		pending		
@GhibliWonderland		pending		
@GhostChordsMusic		pending		
@GhostExpress1	UCN9DOnMIgs5Bdi-P2Lu7AQQ	ok		Ghost Express
@ghostfacecountry		pending		
@GhostProtocol-o1c		pending		
@GhostTheboy1		pending		
@GhostTheOldWolf		pending		
@GhostThroughTheWild		pending		
@ghoulexplains	UCGGMidysJ_JazE-_61jFZQw	ok		ghoul explains
@ghr-f4d	UC1gUMLWoXdmrzYq6YjE3TfA	ok		Little lights AI
@ghummakadguide		pending		
@GiaLinhVu-t7j		pending		
@gianomerinjr293		pending		
@Giant_world_ai		pending		
@GIANTANIMALS-m3r		pending		
@GiantMonsterAI		pending		
@GibertoShultz		pending		
@gibil-u1j		pending		
@GIDEONFILMS		pending		
@giftchinyere6354		pending		
@giftenterprises		pending		
@GiftJames-h9c		pending		
@Giftovedjemovies		pending		
@gigagigaai		pending		
@giggle-gang-kids	UCfGkVY5Vjvdj_ivvyWv47ig	ok		Giggle Gang
@gigglebots-k2i	UCmkPGf83P6OL5hnTFvoo3uQ	ok		GiggleBots
@gigglebots_stories		pending		
@GiggleGalaxy4-kids		pending		
@GiggleGalaxy73		pending		
@GiggleGalleryDesign		pending		
@gigglepaws-e2q		pending		
@GigglePlanet7		pending		
@Gigglesbyte51277		pending		
@GiggleVibes22	UCX_O3p-41giHzkBWwDgOgww	ok		Giggle Vibes
@Gigglewithsora		pending		
@GildedRuinsTV		pending		
@gillexplorervlogs		pending		
@GinecoSimple		pending		
@gingercatstory-2811	UC33CDobfgHjy3fC-WyBeQ5A	ok		Ginger Cat Story
@GingerDailyMeow		pending		
@gingerkittendaily	UCphlvK5yQO4D3hHeUR13wvQ	ok		Ginger Kitten Daily
@GingerKittenStory-NBmedia		pending		
@gingermamamoments	UCMpPMcyPFmvBAsf0N03NLBQ	ok		Ginger Moments
@gingermeow4u	UCWgyZ8Hyle33dfA9wVqTbXw	ok		Ginger Meow
@GingerrTaless		pending		
@gingyfamily		pending		
@ginimoo		pending		
@Ginnystories		pending		
@gino-i2g		pending		
@gioivcl	UCCUtue_CgygPz5FN7mc_Dpw	ok		Tell Animal Stories
@GIRLCAMPINGALONE-l6w		pending		
@Girls_Talking_Podcast		pending		
@GirlsLoveProductions		pending		
@GiselleStories-p9t		pending		
@GissFolktales		pending		
@GistofHistory-3107		pending		
@githubtrendfeed		pending		
@Gitostories		pending		
@givamega1jt		pending		
@givemeromance		pending		
@gizmodern		pending		
@GizzyTech		pending		
@GJAI-n6b		pending		
@GlacieraiTech		pending		
@GladiusGloria		pending		
@GlamAI_Zone		pending		
@GlamourVintageVault		pending		
@GlasPredaka-q2f		pending		
@glasscutasmr-p2x	UCMs59A30DI-_YH2iTin7heQ	ok		GlassCut Asmr
@glasscutbr	UCfiY7uVO_CGO8Cx9Y7aI6DQ	ok		GlassCutBr
@glasscutlabai	UCgyf3g1gwkjYqWzvdMS0UNg	ok		Glass cut lab ai
@glasscutterasmr_1	UCoaKDAJyI5u1iYZZFUykmYQ	ok		Glass Cutter ASMR
@glassfruit-asmrvibes	UCaVCDpU2BgEj6spSIWrhxFg	ok		GlassFruit ASMR Vibes
@glassfruitai08	UC3p83kgcAHt2dBB7pArihTg	ok		glass fruits ai
@glassfruitscutting-1	UCZ3yYbNRx2Vnv2FhUPBfFiQ	ok		ASMR Glass fruits cutting
@glassifyvisuals	UC2L9NYSCZFqfuurOoXiJa5g	ok		Glassify AI
@glasskitchensatisfying	UC4-15qU1m1YHrTZt3wCjDIQ	ok		Glass Kitchen Satisfying
@glasssliceasmr11	UCrefUTuuDtw8xzxVd4kHbZQ	ok		GlassSlice ASMR
@glassslicesasmr	UCuAZEDBqMhUJbU5IZegm6PA	ok		Glass Slices ASMR
@glassverseasmr1	UC1ul3Xn8i0wnIeL4-wtVKXg	ok		GlassVerseASMR
@glassvideos-o3o	UCoZK2zh_FRvFwEoe-CFvBsA	ok		Glass Videos
@GleamStoryworks		pending		
@glee_a.i		pending		
@glellcmv		pending		
@glennabaya700		pending		
@glennharperthehonestchemist7		pending		
@Glimmer-t9y		pending		
@GlimmerGlimpses		pending		
@GlitchAfricanStories1		pending		
@GlitchComedy-p2t		pending		
@Glitchorchard		pending		
@GlitchVerseClub		pending		
@GlitzWhispers		pending		
@GloAfroTales		pending		
@Gloaming-Drama		pending		
@gloamrift		pending		
@Global-Policy-Lens		pending		
@Global_Encounters_yt		pending		
@GlobalAiCartoon-b		pending		
@globalcinemadecode		pending		
@GlobalCinemaofficial		pending		
@Globalconflictwatch-k4u		pending		
@globalcrisisbriefing-y6c		pending		
@GlobalCrisisMedia		pending		
@GlobalCurrent9463		pending		
@GlobalDecipher		pending		
@GlobalEconomyexplained		pending		
@GlobalExploreNetwork		pending		
@GlobalFactoryProcess1000		pending		
@Globalfan-r4n		pending		
@GlobalFilipinoStories		pending		
@GlobalFinanceBrief-j7y		pending		
@GLOBALFLEXFILES		pending		
@GlobalFracture-r1b		pending		
@globalgospelvibes-f1r		pending		
@globalharmony_epicscores		pending		
@globalharmonydark		pending		
@globalinnovation-tv		pending		
@globally-recognizedwords		pending		
@GlobalMarketPerspective		pending		
@GlobalMilitaryWatch-yt1		pending		
@GlobalMonetaryWatch		pending		
@GlobalOldHistory		pending		
@GlobalParade88		pending		
@GlobalSoundsAndCulture		pending		
@globalstackmedia		pending		
@GlobalStoryX	UCouWy2IEurOyFlUjS1JWBkA	ok		GlobalStoryX
@GlobalStudioAICinema1-r5j		pending		
@globalwarzone-y6r		pending		
@GlobalWeirdAnimals		pending		
@globalworksfactory	UC42z_dTQ6WX9WLo8oqrZcXw	ok		Global Works - Inside The Factory
@globe_swoop		pending		
@GlobeGoInArabic		pending		
@Gloom_Station		pending		
@GloraceNarration		pending		
@glorbworldwide		pending		
@Glore60		pending		
@Gloriousvibes-r3x		pending		
@glory-builds		pending		
@gloryceeydigitalspace		pending		
@Glorysounds-t9e		pending		
@glos-przeznaczenia		pending		
@glos-wiary0		pending		
@GlossipTV7		pending		
@glosstoicyzmu		pending		
@glow_viber	UCS6RQUdi5-8r11wX_Wo_riA	ok		GlowVibe
@glowwithlele		pending		
@GLsphere		pending		
@Glum_Aleks		pending		
@gmc-n7b		pending		
@GMCCentral		pending		
@GmgCartoonNetwork		pending		
@GMSKY-g8u		pending		
@GMUpdate1		pending		
@GnosticEye		pending		
@GnosticismforSleepp		pending		
@GnosticLibraryYT		pending		
@GoalBeatWorld		pending		
@goalcoreeditshd		pending		
@Goals-m6v		pending		
@goalvaniq		pending		
@goalverse013		pending		
@goalzonegootball		pending		
@goatshorts-i6k		pending		
@GoblinDownInk		pending		
@gockhuat40k		pending		
@God-e5d5u		pending		
@god-r8s3y		pending		
@God-Videos-AI	UC11q5qDzxeRcFtQZzwL7TgA	ok		Hindu God Videos, AI
@God-visions		pending		
@god_ambassador		pending		
@godbuiltup		pending		
@GodCares777		pending		
@GoddardOfficials		pending		
@Godfreystoriesrush		pending		
@godhelpsofficial		pending		
@GodIsChill		pending		
@GODISROARING		pending		
@GodKingDrama		pending		
@godlicia		pending		
@GodMiraclesToday1111		pending		
@GodMyHelpAlways		pending		
@GodofwarAnime		pending		
@godourredeemer		pending		
@GodOurRefuge		pending		
@GODREVEALED-7		pending		
@GodRevealedHere		pending		
@gods-heroes-unveiled		pending		
@GodsAndMonstersmyths		pending		
@GodsAndMythsUS		pending		
@GodsArmyRock		pending		
@GodsblessedVoice		pending		
@GodsChosenVoice-z7v		pending		
@godseekers_co		pending		
@GodSignalToday		pending		
@GodsLoveUnending		pending		
@godsmessage10		pending		
@GodsMessageJoy		pending		
@godsmessagetoday-mp4		pending		
@godsmoonlightmessage		pending		
@GodsPowerfulMotivation		pending		
@GodsSaysToday-fb2en		pending		
@GODSTALK1		pending		
@godzBackrooms		pending		
@gofinance_official		pending		
@gofunny76		pending		
@Gold-Jumper		pending		
@Gold-Novel		pending		
@GoldAndSilverReport		pending		
@GoldblacktalesGBT		pending		
@Golden1-y8g		pending		
@Golden_50s_Melody		pending		
@Golden_LifeHealth		pending		
@GoldenAffairsStory	UCwTq9gGxI5_N0lGG4qGpbUQ	ok		Golden Affairs Story
@GoldenAgeFiles		pending		
@GoldenAgeHFY		pending		
@goldenagehiphop		pending		
@GoldenAgeLost		pending		
@goldenaiaeon		pending		
@GoldenAIÆon		pending		
@GoldenBillionaireStories-p6x		pending		
@GoldenChapters-u5k		pending		
@goldencinemaclips		pending		
@GoldenEraBlueslovers		pending		
@goldeneralove		pending		
@GoldenEraLucy		pending		
@GoldenEraWaves-i2d		pending		
@GoldenerSchleier		pending		
@GoldenFunkAvenue		pending		
@GoldenGiants		pending		
@GoldenGlamourFiles		pending		
@GoldenGroove70s		pending		
@GoldenHollywood1960sUs		pending		
@goldenhour-nt		pending		
@goldenhourcinemaradio		pending		
@goldenhourwaves1		pending		
@Goldenkitten8	UC-mLyjZmuX92w7p9ZZANk4Q	ok		Golden kitten
@goldenlibraryaudiobooks		pending		
@goldenmaskgerl		pending		
@goldenmistlofi		pending		
@GoldenMusicTunes		pending		
@GoldenNostalgia-z2p		pending		
@goldenoldies68686		pending		
@GoldenQuill-AI		pending		
@goldenrecords111		pending		
@GoldenRevenge-n8s		pending		
@GoldenRoastJazzClub		pending		
@goldenroots2		pending		
@GoldenSeniorsLiving		pending		
@GoldenShortDrama		pending		
@GoldenStageBallads		pending		
@goldenstoryus-b6d		pending		
@GoldenTrophyNews		pending		
@GoldenVerdict999		pending		
@GoldenVerse1		pending		
@goldenvibes24		pending		
@GoldenVibesaimusic		pending		
@GoldenVinyl		pending		
@goldenwoofhub	UCL3TFacVqqjrNnmn0udKYyg	ok		Golden Woof Hub
@GoldenYearsGrimoire		pending		
@GOLDFABLE		pending		
@GoldfishRevenge		pending		
@goldhuntextra		pending		
@GoldieGains		pending		
@Goldline_tunes		pending		
@goldrevengestory		pending		
@GOLDRUSHREPORTER		pending		
@goldsilverheaven-g2k-e3g		pending		
@GoldSilverMarketWatch		pending		
@Goldsilvermining		pending		
@goldsilverpronews		pending		
@Golf-Equipment-Reviews		pending		
@Golfclaps		pending		
@GolpoSphere_real		pending		
@golu-g5q	UCLu1w6_uHF-jIva7n-_ByQA	ok		Golu
@GoMeow-n7u		pending		
@GonezAIMusic		pending		
@gonuldemi		pending		
@GonulSofrasiFM		pending		
@good4kind		pending		
@GoodBiblicalMorningOficial		pending		
@GoodCafeAmbiance		pending		
@GoodHabitsStories-e9s		pending		
@goodmorning-AIStudio-8channel		pending		
@GoodOldDays2k25		pending		
@GoodSoilStories		pending		
@GoodSoul-s9e		pending		
@GoodStory8686		pending		
@goodthinkinghabits		pending		
@GOODTIMERADIO79		pending		
@Goodwin_Reconstructions		pending		
@goody_ai	UCdIWWoKFWP1nwfnwUXKhM6A	ok		Goody AI
@gooffyAI		pending		
@GooseTailStories		pending		
@GoPhysify		pending		
@GopiUniverse-t9f		pending		
@gorillatechofficial		pending		
@gorishankar-home	UCCkOLn59zg2v0HBgu5u7p0A	ok		AI Arts n Crafts
@GormtheOld25	UCjWbtP6u6ttAv7YeAUXuMUA	ok		GORM THE OLD
@GorodAnomali		pending		
@GospelKidsAfrobeats		pending		
@GospelLightAfrica		pending		
@Gosshuu		pending		
@Gossip.Goblin		pending		
@gostylelist3963		pending		
@got_jazz		pending		
@gothamslounge		pending		
@GothDollWave		pending		
@Gothetica		pending		
@GothicSkies-d8c5s		pending		
@gothicvibe001		pending		
@GotowinawszystkoPL		pending		
@gottlichesflustern1		pending		
@GouravKumar-w3b		pending		
@gouruera120		pending		
@GousenaraBibi		pending		
@Goyart.studio		pending		
@GPPodcast-y5s		pending		
@GptShowAi	UCho3lIvMkGp96FrkB_6krFg	ok		Gpt Show Ai
@Gr3GVibes		pending		
@GrabWeiß		pending		
@Grace-k8u9q-FanPage		pending		
@Grace_Generated		pending		
@GraceAIArt		pending		
@GraceAndTruth_US		pending		
@graceenglishdaily		pending		
@GRACEFORPEACEofficial		pending		
@GraceForPurpose		pending		
@GraceFortuneUS		pending		
@GraceLitStories		pending		
@GracelyInspired		pending		
@Graceoasis		pending		
@GracesHeartfeltTales		pending		
@graceslovestories		pending		
@GracesStoriesYT		pending		
@Gracestudios.x		pending		
@GrafiMojo		pending		
@grahamsfiles		pending		
@Gran-khelafa		pending		
@GrandadDrillRappers		pending		
@Grandeai		pending		
@GrandmasStoryTree		pending		
@GrandmaTrueStories		pending		
@GrandpaExplainsHistory		pending		
@GrandStructures01		pending		
@GrandTheater-GY		pending		
@GranHistory		pending		
@granruido		pending		
@GrapeMusic777		pending		
@graphhis		pending		
@GraveFiles-b5i		pending		
@GraveSilence1		pending		
@GravityDefiantHFY		pending		
@GravityDramaTV		pending		
@GreatBearMusicStudio		pending		
@greatbelieve2021		pending		
@GREATNARRATORS		pending		
@GreatShorts.12		pending		
@Greatsoundz-p5x		pending		
@GREditz		pending		
@GreekMythoNut		pending		
@GreekMythos101		pending		
@GreenbloodFates		pending		
@GreenbloodStories		pending		
@Greenchickss	UCAQL_jluYALfWUFoXtKzQdw	ok		Green chickss
@GreeneWisdom		pending		
@greenhealerss		pending		
@greenloungerecords		pending		
@greenmoment5	UCBghR5-iLnQDUXqZQrj085A	ok		Green moment
@GreenOrcChronicles		pending		
@GreenOrcChronicless		pending		
@GreenskullAI		pending		
@GreentextGems1		pending		
@greeveai		pending		
@GregAbouttMoney		pending		
@gregandruby-n1n		pending		
@greglegYT		pending		
@Gregorian-Chants		pending		
@GregorianChantsRecovered		pending		
@Gregory-m2u		pending		
@gregsaunderstoza6927		pending		
@GrenzsteinEisen		pending		
@GrezelArevalo	UCJQ8Aeh4tf_ExX0mKF-DV2g	ok		Mikay Ai Vibes
@grgr_playlist		pending		
@Gribnax-s4j		pending		
@gridnovaa		pending		
@GrijavsTS		pending		
@GrimdarkAnimations		pending		
@GrimdarkTavern		pending		
@Grimhistoryofficial		pending		
@GrimlyOfficialYT		pending		
@grimmsmile		pending		
@GrimReaperFlag-Chan		pending		
@grimulfmusic		pending		
@GrindnGroove		pending		
@GrindoGentleman		pending		
@GriotbyKD_mythology		pending		
@GriotsofMotherland		pending		
@GRITANTHEM		pending		
@GRITSTORIESOFFICIAL		pending		
@GritVsGlitch		pending		
@GrizzlyTalesOfficial		pending		
@GRMDRK41		pending		
@groceglenn2690		pending		
@groktrumpai		pending		
@grooovinair		pending		
@GROOVE_NEST24		pending		
@GrooveHavens001		pending		
@grooveplusrhythm		pending		
@groovepocketUS		pending		
@groovesalon		pending		
@GroovevaultHQ		pending		
@GroovyMascots66		pending		
@groovytoons-ai	UCML6psx_L24-wtGw-8vPFHw	ok		Groovy Toons
@grossplus1		pending		
@Ground_Zero_Channel		pending		
@Groundbreak0		pending		
@groundsreality		pending		
@groupenglishanimalfacts		pending		
@GroveOfStillness		pending		
@Grow_Edit		pending		
@growforjustice	UC-g4mrFDHiKI-KK5pg7P_xQ	ok		Grow for Justice
@growingtubechannel		pending		
@GrowingUpUnseen		pending		
@growmusic_official		pending		
@grownupglitches		pending		
@GrowthAnimation		pending		
@GrowthHorizon-o6y		pending		
@GrowVex-o6m		pending		
@Growwfruit		pending		
@GrowwithAnk		pending		
@GrowwithChesh		pending		
@GrowWithKaz		pending		
@GrowWithMosh		pending		
@growwithvish		pending		
@Growyt28l		pending		
@GrrTalesStories-w7j		pending		
@grsanctuary		pending		
@GRStudyPoint-y1f		pending		
@GRTBusiness2.O		pending		
@GRTBusiness4.o		pending		
@GrunerDaumenn		pending		
@grvsound		pending		
@gspider9999		pending		
@guardbrosfielddesk		pending		
@GuardianAngelBlessings		pending		
@Gudiyatamtastories		pending		
@GudMusicV		pending		
@guerra.brutal		pending		
@GuerreDesEmpires		pending		
@guerreroinmortalnv		pending		
@guessstarquiz		pending		
@gufflokai		pending		
@gugu-miniature-stories		pending		
@gugumusicgu		pending		
@Guidemusicchannel		pending		
@GuidingFlame7		pending		
@GuidingWhisper-h4s		pending		
@GuilhermeNogueira-m6q		pending		
@GuillermoCuevaMusic		pending		
@GuiltyPleasureStories-w3k		pending		
@guitarmeter		pending		
@GuitarrayMarMUSIC		pending		
@GujjarbhaiG48		pending		
@gulfcoastaudits	UCPT8zoQkJjgfju7jV28rwEQ	ok		Gulf Coast Audits
@guligul-u9k	UCqEgGpdbrCRrTzS0onUpI7Q	ok		Cat videos
@gulranakhatoon-m3t8440	UC_uQK49jIwj_C_u4hrxqy5Q	ok		Ai shorts cartoon
@GummyDrama		pending		
@gumvue.studio		pending		
@Gun-zone		pending		
@Gun45rv		pending		
@Gunaa_v		pending		
@gunforge247		pending		
@GunInsight-Office		pending		
@GunLawsUpdates		pending		
@GunLawUpdates		pending		
@gunnarhendrickson3382		pending		
@GunPark-x2y		pending		
@GunsmokeandGold		pending		
@GUNSSAVVY		pending		
@GunStuff-p6c		pending		
@GunVault360		pending		
@GuriyaPrincess-b3t		pending		
@gurshamusic		pending		
@guruaistory-d6i	UCKYKwXitGUqQgapMhnEIstg	ok		GURU AI STORY
@Guy_x.1		pending		
@GwenaelleLagarde-r6g		pending		
@GwendolynsStories		pending		
@GwenerVerse		pending		
@GwiazdnaTarczaHFY-k6v		pending		
@gwiezdnaflotaludzkosci		pending		
@GwiezdnaFlotaLudzkości		pending		
@gwiezdneopowiesci-h4v		pending		
@GwiezdneOpowieści-h4v		pending		
@gyanhub2026	UCvDy7wUllQUOdyGdcaTBI6A	ok		Ai Gyan Hub
@Gymleaderpokeviking		pending		
@Gypsyx		pending		
@gyzem-muzik		pending		
@Głos-Przeznaczenia		pending		
@Głos-Wiary0		pending		
@GłosStoicyzmu		pending		
@H-RevengeStories		pending		
@h00pify		pending		
@h0astories-t8y	UCnDiCo2cYaiL_HJwzhjkGKQ	ok		H0A Stories
@h0astory22	UCUpAeJKn-wpOjPw4Sb3GWrw	ok		H0A Story
@H3AiFilms		pending		
@H3ll-btz99		pending		
@H4midSV		pending		
@ha-rin_arte		pending		
@HabibaGHabibaG		pending		
@habibifails		pending		
@habittech.102		pending		
@HablandoHistoria		pending		
@HablemosdelaMente00		pending		
@hadiyaaaaaa		pending		
@HafizaRukhsana-j7s		pending		
@hafizmuhammadwaseem7		pending		
@HaHaFactory-f4r6l	UC-hVU9yfFwHW7s9LI4bqzkQ	ok		HaHa Factory
@HaiAnhVietsub		pending		
@haileythetraveler		pending		
@HAiLI.Studio		pending		
@hakikatuzerine		pending		
@hakimthanh		pending		
@HakiOfficial		pending		
@halarabwastaken		pending		
@HalcyonSanctuary		pending		
@HALE-j5h6b		pending		
@HaleyJenny-u8w		pending		
@halfbrotherCronenberg		pending		
@HalfHourBlues		pending		
@HalfwayAIArtTown		pending		
@Hallowindband		pending		
@hallymusicau		pending		
@hamachi-jp		pending		
@Hamidpodcast		pending		
@hammadhammad-r9d1c		pending		
@hammadt.v	UCW859D1NdL7l6CCzWgcNG8Q	ok		Hammad Tv
@hamoj-v9l	UCCkcD6D_XB17ZvGErU6X5IQ	ok		Ai Shorts
@HamstersWorkSongs		pending		
@HamzaCartoon-World		pending		
@HamzaWaseem-j8s		pending		
@Han_Night_Music		pending		
@HanaGhibli		pending		
@hanamymind		pending		
@HandcraftedAIArt		pending		
@HankMusicRoad		pending		
@HannahThroughTime		pending		
@HannamWhelihan		pending		
@hannesh1860		pending		
@HANRecaps95		pending		
@HanxAIx		pending		
@haofusionstudio		pending		
@happilyeveryours		pending		
@Happy-Love-Stories		pending		
@happyaimeow	UCTePy-w5_6uCa4zS4BhihsA	ok		Happy AI Meow
@happychoppy		pending		
@Happychy-AI		pending		
@happycookingcats		pending		
@HappyCooksStudio		pending		
@HappyDoNo		pending		
@HappyEndingTales-t4s		pending		
@happyentertainment-u2f	UCTsxwILimhARzzPq93x-eCw	ok		Happys Entertainment
@HappyFeetMelodies	UCe5f16Cub079WzXdLL4D40Q	ok		Happy Feet Melodies
@happyhourfunfacts		pending		
@HappyHourTV20		pending		
@HappyinChrist-y5w		pending		
@happykidshabitat		pending		
@happykidslearningc		pending		
@happyking143e		pending		
@happykitten01da	UC75kTJN0_QfPGUQ3UtoApoA	ok		Happy Kitten
@HappyLovePayback		pending		
@HappyMeowMeow93		pending		
@HappyPOV-hcl		pending		
@happyreggaetunes68		pending		
@happyrhythmtoons	UCAcaKEp-Od6xfkDPDN1nPZQ	ok		HappyRhythm Toons
@HappysaBanna		pending		
@HappySoEasy		pending		
@HappyToonWorld.p		pending		
@Harami_Bilota_Show		pending		
@harborhoa_k24		pending		
@Hard_PointTech		pending		
@hardbass_madness		pending		
@hardearnedwealth		pending		
@HardGameRushYT		pending		
@HardHittingHymns		pending		
@hardmatter11		pending		
@HardResetOff		pending		
@Hardscript-v9b		pending		
@hardstyle_ai		pending		
@hardtraprap		pending		
@hardware-b2n		pending		
@Hardware-Facts		pending		
@hardware-radar		pending		
@Hardware_Fallout		pending		
@HardwareAxis		pending		
@HardwareDetailss		pending		
@HardwareFrontier-q8p		pending		
@HardwareGridyt		pending		
@HardwareHits		pending		
@HardwareKnows		pending		
@HardwareReportsByAD		pending		
@HardwaresLab		pending		
@hardwarex-g9i		pending		
@haretaro-animesongs		pending		
@harikuhan1982		pending		
@Harkun_ai		pending		
@HarlansRevengeOfficial		pending		
@HarlemShadowsTheUntoldEmpire		pending		
@Harlemshiddenrulers		pending		
@harmobrecords		pending		
@HarmoniaAntiqua-r4r		pending		
@harmoniabliss22		pending		
@harmonicdreamsASMR		pending		
@HarmonicMeta		pending		
@Harmony-Haven-y6s		pending		
@HarmonyAmbience686		pending		
@HarmonyHavenOfficials		pending		
@HarmonysoundsAI		pending		
@harmotunes		pending		
@haro_clarion		pending		
@HarringtonSilverReport		pending		
@harrisonniap		pending		
@HARRISONREVENGESTORIES		pending		
@HarrysStealthWealth		pending		
@Harsh-3w		pending		
@Harshat_kumar		pending		
@HarshDailyTech		pending		
@harshsingh_ai		pending		
@Haru-BGMChannel		pending		
@Haru-s6i8h		pending		
@HaruAsmr5		pending		
@harutohousebeatz		pending		
@HarutoRecapsAI		pending		
@HarvestMotion		pending		
@HasamaruStudio		pending		
@HasanSkillZone		pending		
@hasanzng21		pending		
@hashemalghaili		pending		
@HashimKardar-n4o		pending		
@HasibulExplores		pending		
@hassan-mehmmod		pending		
@HassanGhallu-c3u		pending		
@Hassistah		pending		
@HastatusCreatesMusic		pending		
@hauntedtruth-b8u		pending		
@HausaStoriess		pending		
@HavanaAfterDusk2788		pending		
@HaveaGoodDay24I7		pending		
@havefuneveryday-1808		pending		
@HavenForWitches		pending		
@Havilahdrama		pending		
@Hawaiian-Reggae-Vibes		pending		
@Hayappii		pending		
@Hayatworld-n8g	UCM79XWNO1BdsSQ2fY4K74xg	ok	@hayatworldasmr	Hayat world ASMR
@hayatworldasmr		pending		
@HayloftBack40Studio		pending		
@haytam-sp3ui		pending		
@HazardousHDTV		pending		
@HazelSinclairdj		pending		
@hazeltalkshistory		pending		
@HazinduKavishan		pending		
@hazwans.1287		pending		
@HazyMoodFM		pending		
@HazyRealm-h3e		pending		
@hdclips8		pending		
@hdjdjjf-w8u		pending		
@hdprocess1		pending		
@hdsnba		pending		
@HDTrailer-1		pending		
@headphonesproreview		pending		
@healing-music-cafe		pending		
@HealingAngel_7		pending		
@HealingAngelHope777		pending		
@HealingAnimeASMR		pending		
@healingether		pending		
@HealingFrequencyHub78		pending		
@HealingHarmonyPiano-s3		pending		
@healingjourney-l2x		pending		
@HealingMafiaRomance		pending		
@HealingTales88		pending		
@healingtime6868		pending		
@HealingWithMe.		pending		
@healingwoman358_soulpopmusic		pending		
@HealMyDog	UC95VaC9xoZhSHrk0b80xusA	ok		Heal My Dog
@HealNaturally-h9h		pending		
@HealSphereWithAndrew		pending		
@healthandhealing-2M		pending		
@healthexposed-165		pending		
@HealthFixNow		pending		
@healthiswealth-t2o		pending		
@HealthTipsEveryday-i7f		pending		
@HealthyAgingTalk		pending		
@HealthyAgingwithDr.ElenaCruz		pending		
@HealthyGuruAI		pending		
@HealWiseDaily-y6o		pending		
@HeanvenChosenDaily		pending		
@HeartandRevengeTales		pending		
@Heartbeat_Memories		pending		
@HeartBeatDramas-m5i		pending		
@HeartbeatEcho-b3n		pending		
@HeartbeatsHardChoices		pending		
@HeartbeatStory-c5d		pending		
@HeartbeatTheater-ID		pending		
@HEARTBREAK-STORIES-CHANNEL		pending		
@heartchipaistories	UC3LB5pFIBaVP9vbGJvgrBbg	ok		HeartChip AI Stories
@HeartDramaTheater		pending		
@HeartEchoaimusic		pending		
@HeartfeltBetrayals		pending		
@heartfeltcuts888		pending		
@HeartfeltMafiaTales		pending		
@heartfeltofficial80		pending		
@HeartfeltStories-l4e		pending		
@HeartfeltTales88		pending		
@HeartfireStories		pending		
@HeartglowTales-k4b		pending		
@hearth.beyond		pending		
@Hearth·Beyond		pending		
@HeartilyToldStories		pending		
@HeartJournals		pending		
@HeartlandAfterDark		pending		
@HeartlandCowboyTales	UCwiPDWymgUqjZwl4nFwFzew	ok		Heartland Cowboy Tales
@HeartlandHonor		pending		
@HeartlandStories2		pending		
@HeartlandStory		pending		
@HeartlineStories-p8l		pending		
@HeartlineStories11-7		pending		
@HeartNest-US		pending		
@HeartofAfricaFilms		pending		
@HeartOfBikers1	UCOQjJXKciVlxgGBzwi3SzMA	ok		Heart Of Bikers
@HeartofKindness79		pending		
@HeartofPrayer63		pending		
@HeartofRumi1		pending		
@HeartsAndHopeStories		pending		
@HeartScript-v7l		pending		
@HeartSoundMF		pending		
@HeartsStory-n5k		pending		
@HEARTSTRINGMELODIESVIBES		pending		
@HeartSunStories		pending		
@HeartsVerseStudio		pending		
@hearttalesUsa-d9f		pending		
@hearttalkwithmaryam		pending		
@hearttouchaistories	UCFQOk9gtVGDejFc19VOmujQ	ok		Mama Cat & The Kittens
@HeartVerdict		pending		
@heartverseai-o2w		pending		
@HeartVoiceStoriesByY99		pending		
@HeartwarmingTales-q9v		pending		
@HeartWingStories		pending		
@HeAskedWhat		pending		
@HeavenDefyAnime		pending		
@HeavenfallArchives		pending		
@HeavenforSale		pending		
@heavenkiddostv	UCKKy7HxWfaGrAPlnqU0LK2Q	ok		Heavenkiddos Tv
@HeavenLightYT		pending		
@HeavenlyAngelsSinging		pending		
@HeavenlyDepths		pending		
@HeavenlyEchoes02		pending		
@HeavenlyPets2025	UCpp5newiQyt4bajknB0aT9w	ok		Heavenly Pets
@HeavenlySoundsTV-o2p		pending		
@HeavenlyStoriesAI-q5x		pending		
@HeavenlyW4veFanMadeMusic		pending		
@HeavensAnthem-t4g		pending		
@HeavenSeriess		pending		
@HeavenTestimoniess		pending		
@HeavenVerseStudios		pending		
@heavybikeinfo-f7e	UCvpp-ybl5oZ4l8nsa0WudHw	ok		HOA StoryTime
@heavymachinegun-h6b	UCblbkdHcGUlfV6J_VHt-OnA	ok		heavymachinegun
@heavymachinegun2		pending		
@heavymaticyt		pending		
@heavymetaljukebox		pending		
@hebbyclips		pending		
@Hectacon		pending		
@heemotion		pending		
@HeftyLLM		pending		
@heiseilover		pending		
@HekaSenebAI		pending		
@hekayatianour		pending		
@hekima_za_maisha	UC-oF7e0GQIC4wl_UDgaToXw	ok		HEKIMA ZA MAISHA
@Helena-AII		pending		
@helenfairytales2023		pending		
@helenlovefolktale		pending		
@Heliadem		pending		
@Helio432hz		pending		
@helionyxstudio		pending		
@HeliosArchives		pending		
@helioscinematics		pending		
@hellbreakermusic		pending		
@HellbreäkerMusic		pending		
@HellenicScoreTalesOfficial		pending		
@Hellenization-day		pending		
@HellfireHoneyshot		pending		
@HelloAICreations		pending		
@Hellococodoodle		pending		
@HelloHi-x9k		pending		
@hellohooman-o3z		pending		
@hellopetcarevet		pending		
@hellowest-coast		pending		
@HellsAngelsMercy-m1j		pending		
@HelmetZoneYT		pending		
@hemantha.gallage		pending		
@hemavathishetty3423		pending		
@hembaothukechuyen		pending		
@hembram_jsr		pending		
@hendrikvanzwol		pending		
@Hendytsle		pending		
@henryasmr1	UCfcLedf84BYa1DCppftK9hQ	ok		ASMR Henry
@HenryCapitalYT		pending		
@HenryDreamWorlds		pending		
@HenryFinance-US		pending		
@henrymapleton		pending		
@HenrysStories		pending		
@her-fear		pending		
@Her-Ladyship-Returns		pending		
@her-life-storie		pending		
@HER.VOICES		pending		
@heraldofages		pending		
@Herberttheentertainer		pending		
@herbieherbs		pending		
@HerCourageChronicles-p9j		pending		
@herdiariestales		pending		
@here_is_joy-z8z		pending		
@herenciadeldespertar		pending		
@hereticmp4		pending		
@HerFamilyStory		pending		
@HerHarshTruth		pending		
@HerHealth60		pending		
@HerHiddenHeart	UCQpcf9lgEavIVsYqP7_EGxQ	ok		Her Hidden Heart
@HerHiddenTruth-Story		pending		
@HerJustice-t7p		pending		
@HerMissionStories7		pending		
@HernanBragaIA		pending		
@Hero-AI-Dramas		pending		
@Hero1-b7v9l		pending		
@HeRo2u2		pending		
@heroaimarvel		pending		
@HerocamAI		pending		
@HeroCityRadio		pending		
@HeroCodes		pending		
@HeroDad.Stories		pending		
@HeroesInUniform8		pending		
@HeroesOfArpygia		pending		
@HeroesOfFaithChannel		pending		
@heroicanimalrescue-i8h		pending		
@HEROISINSANOS-m9s	UC-VJfdJxMqbTcB9yVDEwfcQ	ok		MIRANHAINSANO
@HEROMARVELAI		pending		
@heroorantihero		pending		
@heropengu	UCf-w8Jm9m3kBBPd2BHKAc1w	ok		HERO PENGUIN
@herorabbit01	UC8p1ZTpp80ukzdvXeD_LWmw	ok		Hero Rabbit
@herosetguerresoublies		pending		
@Herosflixai		pending		
@herreddit89		pending		
@HerRevengeUS1		pending		
@HerSecretHeart-l5h		pending		
@HerStoicMind-c5o		pending		
@Herstories26		pending		
@HerStoriesHerVoice		pending		
@hertimetravels		pending		
@HerUntoldStory-sad	UCRTlVHc27eEK5XJqB6jLdfw	ok		Her Untold Story
@HerVoiceHerRevenge		pending		
@hervor-galdra		pending		
@HerxHerlovestories		pending		
@HerYears		pending		
@HerYTStory		pending		
@HerzendesAdels		pending		
@HeuteAnalyse		pending		
@HeWhoHearsTheEarth		pending		
@HexShow.4K		pending		
@heydinai		pending		
@heyshyily		pending		
@heyvideoeditor		pending		
@HezzieAI23552		pending		
@hfy-core		pending		
@HFY-Reddit-01		pending		
@HFY-Univers		pending		
@HFY980-g5v		pending		
@hfy_en_espanol		pending		
@HFY_en_Español		pending		
@HFY_Universe		pending		
@HFYAdultVault		pending		
@HFYAhxaris	UCoRJ2NCUztX6H3Dl9CBS1fg	ok		HFY Ahxaris
@hfyaircraftextra		pending		
@hfyapexextra		pending		
@HFYArchives-x7n		pending		
@HFYChronicles-q6w		pending		
@HFYCodeX0	UC9GLIUhVAjhgBwIY_I5atpg	ok		HFY CodeX
@HFYCosmicTales		pending		
@HFYCosmicValor2		pending		
@HFYCosmosHunter		pending		
@HFYDeathworldsTales	UC6gGqJpJpcgx32Ol6zDsZIA	ok		HFY Deathworld Tales
@HFYDEATHWORLDSTORIES	UCIYx8W1E_XmGoG0-FzEYRkg	ok		HFY DEATHWORLD STORIES
@HFYDragonKind		pending		
@Hfydystopian_crazy		pending		
@HFYEdge		pending		
@HFYEpitome	UCEKqQOum2cD4zWehZT7PlEQ	ok		HFY Epitome
@HFYErythion		pending		
@HFYErythNexus		pending		
@HFYfilms		pending		
@HFYGalacticGrit		pending		
@HFYGalacticHumor	UC85ahTq5SnL20HYc9nTQcnw	ok		HFY Galactic Humor
@HFYGALACTICTAL	UCWs69IIgClhDGVkCOshYzWA	ok		HFY GALACTIC TALE
@HFYgalaxy68		pending		
@HFYGlobalTales	UCsi9hQ7I-5xl_E-c2genbuA	ok		HFY Global Tales
@HFYHORIZONZXON		pending		
@HFYHunterExtra	UCBj46JzPU0zEcUH9Y0GVhJQ	ok		HFY Hunter Extra
@hfyhunters		pending		
@HFYInfinityRealms		pending		
@HFYLoreforge-k4i		pending		
@HFYMANIA		pending		
@HFYNexus-HFY		pending		
@HFYNovaStories_69		pending		
@HFYOpus-i9n		pending		
@HFYParagonExtra-t7z	UCzk2iXJLgY0I_jzQZRuBp2A	ok		HFY Paragon Extra
@HFYPrimitiveEarth	UCvSLSn1eM5qfRorctgK8TCA	ok		HFY Primitive Earth
@HFYQuantumpro	UC5iC8aFDpPQ-JHuwUT2roWw	ok		HFY QUANTUM PRO
@HFYReckoning		pending		
@HFYRecorder		pending		
@HFYRG-h9l		pending		
@HFYSagastories		pending		
@HFYSci-FiDominearth		pending		
@HFYSci-FiStories-r4c		pending		
@HFYSci-fiStories-r8o	UCY7HHVxZCCDPtmuetaHZQGg	ok		HFY Sci-fi Stories
@HFYSci-FiStoryx1		pending		
@HFYSci-FiTerravicta		pending		
@HFYScifiFAStories		pending		
@HFYSciFiPulse		pending		
@HFYSolarArmada		pending		
@hfystories-c6h		pending		
@HFYStories-stories		pending		
@HFYStoriesToday		pending		
@HFYStoryVault-01		pending		
@HFYTales		pending		
@HFYTells		pending		
@HFYTitan-i1s		pending		
@HFYUniverse		pending		
@HFYUniverse-p8u		pending		
@HFYUniverseStories-e9b		pending		
@HFYUniverseTales-b1t		pending		
@hfyvault	UC0zDF8piC-ZyAnrU5RS-quA	ok		HFY Vault
@HFYVector-h3v	UCdIxMHBw9e95-jOb2GFzUKg	ok		HFY Vector
@HFYVeltharaSci-Fi	UCfyz3BSUFMAI7NvZ2gRF6dA	ok		HFY Velthara Sci-Fi
@HFYVengeance		pending		
@hfywarzone-x6v		pending		
@HFYXTales1		pending		
@HFYXtremeTeller		pending		
@HFYZenith		pending		
@HG...Ai_Vector		pending		
@hgfikjk		pending		
@hhhotnews		pending		
@Hi.Net.		pending		
@hi_yt-001	UCnvQMM7UuEVHO7HqEVZtZkA	ok		Hi Yt
@hibbaarif9		pending		
@HIBIKImusic-n3p		pending		
@hidayatnoor876		pending		
@hiddemairobotlab	UChf2wGYYeLbhbSwS0r4DqgA	ok		Hidden AI Robot Lab
@Hidden-Love-7		pending		
@Hidden-Notes		pending		
@Hidden0Crime		pending		
@Hidden1Strength		pending		
@hidden404-next		pending		
@HIDDEN_FORTUNE_STORIES		pending		
@Hidden_in_History-o7m		pending		
@Hidden_MysteriesO2x		pending		
@Hidden_Startups		pending		
@hiddenage		pending		
@HiddenBadgeReckoning		pending		
@HiddenBodycamArchives		pending		
@HiddenBuild24H		pending		
@HiddenCanvasTales	UCt8kKvjKnHQK81_K0Dls9iQ	ok		Hidden Canvas Tales
@hiddenchapters026		pending		
@HiddenChefsClub	UC0uXtATYQq2U3h0NnCuaTaQ	ok		Hidden Chefs Club
@Hiddenchronicles11		pending		
@hiddencruise		pending		
@HiddenDesires-d3o		pending		
@HiddenDignity		pending		
@HiddenDossiersYT		pending		
@HiddenEarthTV-i1b		pending		
@HiddenEconomicRevelations		pending		
@hiddeneconomy22		pending		
@HiddenEpocha		pending		
@HiddenEpochHistory		pending		
@hiddenfactoryworld	UC1RBv_WR_rKBTbPqci8t7_w	ok		Hidden Factory World
@hiddenfamilyrevenge-n8n		pending		
@HiddenFamilyTales		pending		
@HiddenFear-f7b		pending		
@HiddenFrontHistoryy	UCGzrf9SQv6fzbNlUpNlKqVA	ok		Hidden Front History
@HiddenFrontier247		pending		
@HiddenFury-g3v		pending		
@HiddenGardenHacks24h		pending		
@HiddenGenome11		pending		
@HiddenHeroesOfFaith		pending		
@HiddenHistory13-r9m		pending		
@HiddenHistoryAIAI		pending		
@HiddenHomesteadEN		pending		
@HiddenJusticeArchives		pending		
@HiddenJusticeTales-7u		pending		
@hiddenkarma.666		pending		
@HiddenKindStories		pending		
@HiddenLegends-s8f	UCPL-FAXgCiFlvU5JHGk_bSQ	ok		Hidden Legends
@HiddenLegendsofAmerica		pending		
@HiddenLifeStories2025		pending		
@HiddenLogic55		pending		
@Hiddenlovestories-e1b		pending		
@HiddenMainframe		pending		
@HiddenModeYT		pending		
@HiddenNexus11		pending		
@HiddenonEarth-yt		pending		
@HiddenOrigins-h6w		pending		
@hiddenorigins53		pending		
@HiddenPhysicsHQ		pending		
@HiddenPowerStories-f7o		pending		
@HiddenPrincess-g8e		pending		
@hiddenrankyt		pending		
@HiddenRevengeFamily	UCAMgmIr1Ti7uEpblE0DZlTA	ok		Hidden Revenge Family
@HiddenShadows393		pending		
@hiddensignalsfficial		pending		
@HiddenStoryBureau		pending		
@HiddenSystems224		pending		
@HiddenTalentStories-007		pending		
@HiddenTales-y4k		pending		
@HiddenTaleYT		pending		
@HiddenTerraVaultCP		pending		
@HiddenTheoryai-i1q		pending		
@HiddenThronesHistory		pending		
@HiddenTruths9		pending		
@HiddenTruthStories8		pending		
@Hiddentruthtale211		pending		
@hiddenunfairfamily		pending		
@HiddenUniverse01		pending		
@HiddenValorHQ		pending		
@HiddenVerseZ		pending		
@HiddenWorldHistory-f5k		pending		
@HiddenWorthStories		pending		
@hieukhenhbn		pending		
@HiFiExposed		pending		
@Higgsfield-Clips		pending		
@higgsfield-l4j		pending		
@higgsfield-y3n		pending		
@Higgsfield.clip.s		pending		
@higgsfield.creators		pending		
@higgsfield.series		pending		
@Higgsfield111		pending		
@HiggsfieldAI		pending		
@HiggsfieldAIclip		pending		
@higgsfieldaimovieclips		pending		
@HiggsfieldAIStories		pending		
@HiggsfieldClipsz		pending		
@higgsfieldfanpage		pending		
@HiggsfieldSeedance4k		pending		
@Higgsfieldstudio		pending		
@HiggsFieldTale		pending		
@HiggsFieldVideos		pending		
@Higgsfiels_AI		pending		
@HighCommandWW2		pending		
@HighFalconMusic		pending		
@HighQuality-AI		pending		
@HighQualityAIJ-POP		pending		
@HighStreetYT		pending		
@HightechzonebyMAHEER		pending		
@highway-tales		pending		
@HighwayChillHQ		pending		
@HighwayRootsMusic		pending		
@HijabGirl-11c		pending		
@Hijabi_coach		pending		
@Hijodeoscarwilde		pending		
@Hijos_del_Poder		pending		
@hikari_verse-x5r		pending		
@HikariZen1		pending		
@HillBassNation		pending		
@HillCountryChristianMusic		pending		
@Hilltalesstories		pending		
@HimaanshuaiGuru		pending		
@himachalivava4434		pending		
@HimalayanMoviesAI		pending		
@himanchu.jp_ongaku		pending		
@himanshujatav5575		pending		
@HimanshuPrajapati-q4i		pending		
@HimbingStoriesPH		pending		
@Hindi-UrduStories		pending		
@hindiaianimation-f1u	UCq0Y3wmIw-VgQY00Cv4goEQ	ok		Hindi ai animation
@HindiAIGyaan		pending		
@hindiarchivesdoc		pending		
@HindiBassHubAI		pending		
@hindinurseryhhymes		pending		
@HINDIPOEMSYoutubechannel		pending		
@Hineni-yt		pending		
@HinExpofficial		pending		
@HinterdemGlanz-f9d		pending		
@HipHopIntelligence		pending		
@HipHopsVault		pending		
@hiroki_it		pending		
@hissidestories1		pending		
@HisStory4		pending		
@Histairy_filmss		pending		
@histarlight_impluto		pending		
@HistArMat		pending		
@histo.Official		pending		
@Histoairy		pending		
@histoire-l7j		pending		
@histoire-vivante-c4k		pending		
@Histoirebrulee		pending		
@histoireenminutes2026		pending		
@HistomindsArchive		pending		
@HistoPH		pending		
@Histora-hindi		pending		
@Historia.Brutal		pending		
@HistoriadeHispania-d3s		pending		
@HistoriaDelCapitalOculto		pending		
@historiadocumentadayt		pending		
@HistoriaGrandiosa		pending		
@HistoriaHispana		pending		
@HistoriaMilitarOculta		pending		
@HistorianNobodyAskedFor		pending		
@HistorianSleepy		pending		
@HistoriaOlvidada-k6e		pending		
@HistoriaPancerna		pending		
@historiaparadormirencalma		pending		
@HistoriaPrime1212		pending		
@HistoriasConElenaYT		pending		
@HistoriasConFania		pending		
@historiasdeabuelayt		pending		
@HistoriasdeAntonio		pending		
@historiasdeayerydeahora		pending		
@historiasdecastigo		pending		
@HistoriasDelPresidente		pending		
@historiasdemamagata	UCfCIhltUzmxccBVTEXLmYFw	ok		Historias de Mama Gata
@HistoriasdeMatilda		pending		
@HistoriasdeMillonariosESP		pending		
@historiasdequienrieultimo		pending		
@HistoriasdeQuienRíeÚltimo		pending		
@historiasderedditparadormir88		pending		
@HistoriasDeVida-j8x		pending		
@HistoriasdeVincent		pending		
@historiasdolobiancoo		pending		
@historiasenelcafe		pending		
@HistoriaSobreLaVida66		pending		
@HistoriasParaDormir0125		pending		
@HistoriasqueAbrigan335		pending		
@HistoriasqueEnriquecen1		pending		
@HistoriasQueNadie		pending		
@historiasromanas		pending		
@HistoriasVivas-1		pending		
@historiatoons261		pending		
@Historical-Time-Travel		pending		
@historical_shorts_Ai	UCWgeM1h_4eNUSFWBxRn-yXw	ok		TECH WITH AI
@Historicalabsurdities		pending		
@HistoricalAIVideos-Viral		pending		
@HistoricalAttractions		pending		
@HistoricalCinematicUniverse		pending		
@historicalfacts-f8n		pending		
@HISTORICALLOVESTORIES-r6v		pending		
@HistoricalNotesyt		pending		
@HistoricalPhotos-o5r	UC2SnKz75BfoolIwcJ11JDAA	ok		Historical Photos🕓
@HistoricalRabbitHoles		pending		
@HistoricalSpark		pending		
@historicdave1		pending		
@HistoricDive		pending		
@Historics-wars		pending		
@HistoricSkylines		pending		
@historicsleepofficial	UC6kSZsMLSQcVaK9AsyBpQjw	ok		Historic Sleep
@HistoricsRetold		pending		
@Historictales-s1o		pending		
@HistoricWarfare-m8f		pending		
@HistoricWhispers-g5d		pending		
@historiecodzienne-1		pending		
@Historieemocjonalne-b6r		pending		
@historiektorychnieopowiedziala		pending		
@Historiektórychnieopowiedziała		pending		
@HistorieUkryte		pending		
@historieukryte10		pending		
@HistorieZostaja		pending		
@Historim		pending		
@HistoriologyHub		pending		
@HistorischerSchiffbau143		pending		
@HistorischeTechnik		pending		
@HistoRoamTV		pending		
@history-past-seeker		pending		
@History-Rest		pending		
@History-Unleashed7		pending		
@history.and.mysteryy		pending		
@history.detective		pending		
@history1to1		pending		
@History_Al_shorts		pending		
@History_at_Night		pending		
@History_Facts_Unplugged		pending		
@History_Grip_DE		pending		
@History_of_Old_America		pending		
@HistoryAI-LAB		pending		
@HistoryAI-y4d		pending		
@HistoryAIVids		pending		
@historyaliveanimated		pending		
@HistoryandChill11		pending		
@HistoryandLegends-UnitedStates		pending		
@HistoryArchiveVault		pending		
@HistoryASEAN		pending		
@HistoryBack-l9j7f		pending		
@historybeforesleep88		pending		
@HistoryBeyond786		pending		
@HistoryBeyondTimee		pending		
@HistoryBlends		pending		
@HistoryByComics		pending		
@HistoryBypass		pending		
@HistoryBySimon		pending		
@HistoryBytemain		pending		
@historybytes_ai-y8h		pending		
@historychronicles96		pending		
@Historydad_ai		pending		
@HistoryDarkBook		pending		
@HistoryDecode6		pending		
@HistoryDoc-e8v		pending		
@HistoryEchoesAI		pending		
@HistoryEmpireGlobal		pending		
@historyempiresog		pending		
@HistoryforSleep-4U		pending		
@historyforsleep-grownups	UCIkWRzxt9zzxnpR52FlzW-A	ok		History For Sleep
@HistoryForYou-zw6ci		pending		
@HistoryFound_YT		pending		
@Historygraphy11		pending		
@HistoryHideout		pending		
@HistoryhouseChannel		pending		
@HistoryHubOnline		pending		
@HistoryInsideWW2		pending		
@Historyismyth		pending		
@HistoryJourno		pending		
@historykaal		pending		
@historyliveyt		pending		
@HistoryLullabySleep		pending		
@historymakesyousleep		pending		
@HistoryMysterySchool		pending		
@historyneedtoknow705	UC_LpLbGbXnQD4txubpKC3qg	ok		History: need to know
@HistoryNutshells		pending		
@HistoryofAIOfficial		pending		
@HistoryofBrands-n3r		pending		
@historyofcoins-xyz	UCVOuJaoEkpHpoyjXikKpWsA	ok		history of coins
@HistoryofEconomicShifts		pending		
@historyofeverything-b9p		pending		
@HistoryofHustle-0		pending		
@HistoryOfSCP		pending		
@historyofsimplethings		pending		
@HistoryoftheFuture-c7k		pending		
@historyofwarstv	UCNLFKDUjKlg4WKmCJfKM0lg	ok		History Of Wars
@historyportal-369		pending		
@historypov11-q8t		pending		
@historypovyt		pending		
@HISTORYREBORN90		pending		
@HistoryRebuilds		pending		
@HistoryRecapOfficial9091		pending		
@HistoryReconstructionTV		pending		
@HistoryRecreated-f9v		pending		
@HistoryReExamined		pending		
@HistoryReforgedYT		pending		
@HistoryReimaginedWithAI		pending		
@HISTORYREMIX-t2l		pending		
@historyrevived-official		pending		
@HistoryRewind-i8p		pending		
@HistorySalvage_WW2		pending		
@HistorySecretsUSA		pending		
@HistorysEnigmaOfficial		pending		
@historyshift.channel		pending		
@HistoryShocks		pending		
@HistoryShortsXA		pending		
@historysleepytime2		pending		
@HistorysLeftovers		pending		
@HistorysNoEscape		pending		
@historyspace-s2w		pending		
@HistoryTheAIScrolls		pending		
@HistoryThroughTime1		pending		
@historytisory		pending		
@historytochill		pending		
@HistoryUncovered-q2k	UCAFRau9Qq3EKZvt_PT3hMuA	ok		Mystery History Files
@HistoryUnfilteredTV		pending		
@HistoryUnleashedOfficial		pending		
@HistoryUnlocked55-r4v		pending		
@HistoryUnwalled		pending		
@HistoryVaultRetold		pending		
@HistoryVaultxz		pending		
@HistoryVerseAI-HQ		pending		
@HistoryVersez		pending		
@Historyvintg		pending		
@Historyvisit	UCXH77GkxVRzZBNL3TySrIHg	ok		History Visit
@HistoryVisualized-AI		pending		
@Historyvlogg		pending		
@HistoryVlogged6618		pending		
@HistoryVlogHub		pending		
@HistoryWalls-k7k		pending		
@HistoryWarfareNow123		pending		
@historywith_Ai123		pending		
@HistorywithAI-u9h		pending		
@historywithfitbotai		pending		
@historywithmichael-e2i		pending		
@HistoryXposedOffical		pending		
@historyyai8		pending		
@Histraction		pending		
@histrome		pending		
@HISTRYStudios		pending		
@HisYTStory		pending		
@Hitocast		pending		
@hitonotemusic		pending		
@hitpaw		pending		
@HitPawEdimakorOfficial		pending		
@HiTSmymessage		pending		
@HitSongwriterMeetsAI		pending		
@HitWaveMusic-c2u		pending		
@hixanafrica		pending		
@hkproductionsentertainment		pending		
@hktrailer		pending		
@HLMeowMeow888		pending		
@hlstories-u5j		pending		
@HlSTORY.		pending		
@hny-video-FemaleWithMaleVoice		pending		
@HOA-9		pending		
@HOA-Confidential-HA		pending		
@HOA-KarenStories		pending		
@HOA-Nightmares-6686		pending		
@hoa-stories		pending		
@HOA-Unmasked-h		pending		
@hoa-zone		pending		
@HOA.FilesStories		pending		
@HOA_Drama-u8k		pending		
@HOA_Madness_YT		pending		
@HOA_Reckoning		pending		
@HOA_Reddit_Stories		pending		
@HOA_StoriesDaily		pending		
@hoa_storiess		pending		
@HOA_UncoveredYT		pending		
@HOAAccountability		pending		
@HOABackfired-u6x		pending		
@hoabattle		pending		
@HOABetrayals		pending		
@HOABLACKTALE		pending		
@HOABlocks2026		pending		
@HOABoardMembers		pending		
@HOABoardroomBattles		pending		
@HOABusted		pending		
@HOABUZZM		pending		
@HOAcase		pending		
@HOACasefile-j2v		pending		
@HOACasesYT		pending		
@hoachronicles23		pending		
@HOAChroniclesRevealed		pending		
@HOAChroniclesUncovered		pending		
@HOACodexFiles		pending		
@HOACommunityYT		pending		
@Hoaconfidential2.0		pending		
@HOAConflictFiles		pending		
@hoaconflicts07		pending		
@HOACourtFiles		pending		
@HOACRAZYFILES		pending		
@hoadarkfiless		pending		
@HOADisaster		pending		
@HOADisasterStories-X9		pending		
@HOADispatched		pending		
@HOADominion		pending		
@HOADossier		pending		
@HOADrama-t5o		pending		
@HOADRAMADIARIES-u2p		pending		
@HOADramaDiaries1		pending		
@HOADramaHQ		pending		
@HOADramaStories-t7o		pending		
@HOADramaStories-x8j		pending		
@HOADramaStories1		pending		
@HOADramasYT		pending		
@HOADramaYT		pending		
@HOAEliteStories		pending		
@HOAEntitled		pending		
@hoaevidence		pending		
@HoaExposed-YT		missing		
@hoaexposedStoriess		pending		
@HOAExposer		pending		
@HOAFallout-h4g		pending		
@HOAFallout-y3f		pending		
@HOAFalloutStories		pending		
@hoafiles-x1d	UCf0I9xW5sKD_EFW4nKV9Cjw	ok		HOA Files
@HOAFilesYT		pending		
@HOAfreezone		pending		
@hoafunstories		pending		
@hoagonetoofar		pending		
@HOAGoneWild		pending		
@HOAGoneWild-f1g		pending		
@HOAGrid		pending		
@HOAHavoc		pending		
@HOAHelli		pending		
@HOAHiddenReality		pending		
@HoaHieStories		pending		
@HOAHorrorStories3		pending		
@HOAHorrorTales-y7r		pending		
@HOAInsiderYTz		pending		
@hoaissues		pending		
@HOAJustice1		pending		
@hoajustice22		pending		
@HOAJusticeRealStories		pending		
@HOAJusticeVault		pending		
@hoakaren-99		pending		
@hoakaren-d1t	UCZXtwHxEahmSWAiNAEcWLng	ok		HOAKaren Stories
@HOAKaren-e3m		pending		
@HoaKaren-story		pending		
@hoakaren365		pending		
@HOAKarenCases-w2m		pending		
@HOAKarenDiaries-z3i		pending		
@HOAKarenDrama-g3o		pending		
@HOAKarenFiles27		pending		
@HOAKarenKarma-l4o		pending		
@HOAKARENSHORTS		pending		
@hoakarenshowdown69		pending		
@HOAKarenStories-f7q		pending		
@HOAKarenStories-m5d		pending		
@HoaKarenStories-n4g		pending		
@HOAKarenStories2		pending		
@hoakarenstoriesse	UChbNQ7jXT2LxRDitS8AwMNg	ok		HOA Karen Stories
@HOAKARENSTORIESVLOG2026		pending		
@hoakarenstorytime	UCJfktJt1w9PSDmJZ8OxuiNg	ok		HOA Karen Storytime
@HoaKarenStorytime-i4o		pending		
@HoakarenTales786		pending		
@hoakarentales_786		pending		
@HoaKarenToday		pending		
@HOAKarenvsKarma		pending		
@HOAKarenYT	UCIuFL9ozmrO6FS82OIfVv0Q	ok		HOA Karen
@HOAKarmaGroup		pending		
@HOAKarmaStories-b3v		pending		
@HOAkarmatales36		pending		
@Hoaliars		pending		
@HoaLineCrossed		pending		
@HOALoudPower		pending		
@HOAMadness-r2x		pending		
@HOAMadnessYTZ		pending		
@HoaMeris		pending		
@HOAMoment		pending		
@HOANarrate		pending		
@HOANightmares-n1w		pending		
@hoanightmares0	UCXCyOsISR3sIJvdYgNfqRDQ	ok		HOA Nightmares 0
@HOANightmareStories		pending		
@HOANonsense		pending		
@hoaofficialstories		pending		
@HOAOutcry		pending		
@HOAOverlordsExposed55		pending		
@HOAPatrolYT		pending		
@HOAPayback-s2l		pending		
@HOAPresidentStoriesUS		pending		
@HOAPULSE-x7e		pending		
@HOARafiq		pending		
@HOARealStoriesYT		pending		
@HOAReceipts-d7p		pending		
@HOARevenge-99		pending		
@hoarevengefiles-k7g		pending		
@hoarevengelab7		pending		
@HOARevengeStories		pending		
@HOAREVENGESTORIES-i4o		pending		
@HOARevengeStories-m3i		pending		
@HOARevengeStories01		pending		
@hoaSaga		pending		
@HOAShieldYT		pending		
@HOAShocks		pending		
@HOAShowdowns-z7l		pending		
@HOASilentWars		pending		
@HOAStori		pending		
@HOAStories-10M		pending		
@HOAStories-6686		pending		
@HOAStories-97		pending		
@HOAStories-bk		pending		
@HoaStories-k8		pending		
@HOAStories-l6i		pending		
@hoastories-n6v		pending		
@HOASTORIES-o9g6r		pending		
@HOASTORIES-y5l		pending		
@HOAStories02		pending		
@HOAstories2026		pending		
@Hoastories22		pending		
@HOAStories24		pending		
@hoastories450		pending		
@HOAStories59		pending		
@Hoastories66		pending		
@HOAStories68	UCQCmksN28EJ21h1tmTdMm2Q	ok		HOA Stories
@hoastories73		pending		
@HOAStories80		pending		
@HOAStories85		pending		
@HOAstories880		pending		
@HOAstoriesAI		pending		
@HOAstoriesEnglish		pending		
@HOAstorieshub96		pending		
@HOAStoriesredditstoryHoajustic		pending		
@HOAStoriess		pending		
@HoaStoriessLab		pending		
@HOAStoriesUS		pending		
@HOASTORIESUS-14		pending		
@HOASTORIESUS-786		pending		
@HoaStoriesWithDamien		pending		
@hoastory-o3n		pending		
@HOAStoryEntertainment		pending		
@HOAStoryFiles-c2h		pending		
@hoastoryhub-q4h		pending		
@HOAStoryHUB8		pending		
@hoastorymoments		pending		
@hoastorytime-j5s	UCcxX30m_I7o4KAhWBVCFuNA	ok		HOA Storytime
@hoastorytime-y4k	UCPMohkV52EvsUzxbKfJoHFQ	ok		Hoa Storytime
@hoastorytime1	UCBRdHKaQWHzGG-HFqG2CY3g	ok		HOA Storytime
@Hoastorytime_2421		pending		
@HOAStoryVault-s1u		pending		
@HOAStoryVault_k16		pending		
@HoaStoryVerse-d4e		pending		
@hoasu2025		pending		
@HOATALES-22		pending		
@HOATales-h2u		pending		
@HOATALESSTORIES-w5y		pending		
@HoaTalesYoutubeStories		pending		
@HOATalkYT		pending		
@HOAtea99		pending		
@hoatories	UCtkzJ4m-NDpBUXkbM0bqLvA	ok		HOA Hell
@HOATroubles-r8o		pending		
@hoatrueexperiences		pending		
@HOATrueStories-t3w		pending		
@HOATrueTales-c5c		pending		
@HOATVYT		pending		
@HOAUncovered-US		pending		
@HOAUnderFire-n7o		pending		
@HOAUNHINGED-i7l		pending		
@HOAUntoldTruths		pending		
@HOAUpdate		pending		
@HOAUprising		pending		
@HOAVerdictFiles		pending		
@HOAVictims		pending		
@HOAvsHomeowner		pending		
@HOAvsHomeownerStories		pending		
@HOAWeeklyStories		pending		
@HOAWhisperTales		pending		
@HOAWhite23		pending		
@hoaxpresss		pending		
@HOAZONE07		pending		
@hobbesp		pending		
@hoch-01	UCz7wKwZhgTlbda0PydIXrFA	ok		Hoch
@hockeyprime-b7q		pending		
@HOCTales		pending		
@Hodgesstrategicreport		pending		
@hoffcinematicuniverse		pending		
@Holid-AI		pending		
@Holiday-Medley-2027		pending		
@holiday-xmas		pending		
@HolidaySweater		pending		
@Hollow_Reaches		pending		
@hollow_realmhr		pending		
@HOLLOWFALLEN		pending		
@hollywood_ai_studios		pending		
@HollywoodAiTrailers		pending		
@HollywoodArchivesID		pending		
@hollywoodcelebinsider		pending		
@HollywoodenVoz		pending		
@hollywoodfonda		pending		
@hollywoodgossip578		pending		
@HollywoodObserverHis		pending		
@HollywoodRemixes		pending		
@HOLLYWOODSTORY191		pending		
@HollywoodUnwritten		pending		
@hollywoodvault_264		pending		
@HollywoodViceYT		pending		
@HollywowYt		pending		
@holo-holo-holo		pending		
@holowaifu_app		pending		
@Holy-Bible-ai		pending		
@Holyaltarfanmademusic		pending		
@holybibleStoriesingles		pending		
@HolyBibleTamilAI-JDM		pending		
@HOLYCINEMA-m5j		pending		
@HolyMotionStudio		pending		
@HolyRosarySacredNovenaPrayers		pending		
@HolyTales-e8f		pending		
@HolyTruth7		pending		
@Hombres_con_Poder		pending		
@Home_Me		pending		
@homealoneagain.		pending		
@homecollected		pending		
@HomeGadgets-o7t		pending		
@HomeGPT1		pending		
@HomelabAI		pending		
@Homeofstories-p6d		pending		
@homeofthebrave.youtube		pending		
@homesteadrootss		pending		
@hometowntavern		pending		
@HominidDawn-1		pending		
@HominidOriginsAi		pending		
@Homolix1		pending		
@HonestCarAudio		pending		
@HonestHiFi		pending		
@Honestvoices4		pending		
@HoneyBlissFilms		pending		
@honeybunbun_123		pending		
@HoneyBunny25299		pending		
@HongleMoneyOilWar		pending		
@honjrai		pending		
@Honmokisdu		pending		
@Honmooon		pending		
@HonorDarkStories		pending		
@HonoriZemsta		pending		
@HONORLINE-j2i		pending		
@HonorTales-e2f		pending		
@HonorUnspoken		pending		
@hoochietunes		pending		
@HoodedTeachings		pending		
@HoofCareHubpro		pending		
@HookedConspiracy		pending		
@HoopsCentral-x9e		pending		
@HoopsCrown		pending		
@HoopsStoryAI		pending		
@HoorumvsHistory		pending		
@hopanbabu1432		pending		
@hopeafterdespair-i6t		pending		
@Hopontababu-1520s		pending		
@HopperToonss		pending		
@hoppyshortss		pending		
@Horace-Music		pending		
@horizonmotionpictures		pending		
@HorizonofSouls-u9s		pending		
@Horn_Studio-A		pending		
@Hornstromp3D		pending		
@horoscopos_del_sol		pending		
@HORROR_AI_24		pending		
@Horror_storyXyz		pending		
@horrors_dont_sleep	UCx601D9-4KQIpgdw3bJqz9w	ok		Horrors Don't Sleep
@HorrorStoryAI-n6z9d	UCDj_72No3WCIhTmYk7z_VDQ	ok		Horror Story AI
@Horrortaining		pending		
@horrorvideos6211	UClK7sy58Ek_8ZhC2SHDuPmA	ok		Horror movies & stories
@HorseHeartHealing		pending		
@horyzontxzdarzen		pending		
@HoryzontxZdarzeń		pending		
@Horóscopos_del_Sol		pending		
@HoshiAIMusic		pending		
@HoSong07		pending		
@hospitalchronicles		pending		
@HospitalHeartStories		pending		
@hosseinparsa-k6h	UCjfHS_3yxMsEdNSOcTNLvZw	ok		AI_ASMR
@hossons		pending		
@hostnationreport		pending		
@HotBoomDramaZone		pending		
@hotfox-music		pending		
@HotLick-ub6kd		pending		
@HotlineKaren911		pending		
@Hotnews-od9qh		pending		
@hotpotdrama.official		pending		
@HotSpotUkraine		pending		
@hottakesbyaxel		pending		
@house-yt10		pending		
@House_Of_Veils		pending		
@HouseBluesMusic		pending		
@HouseCrisis101		pending		
@houseofdarkconfessions		pending		
@HouseofHer9986		pending		
@HouseofLunaire		pending		
@Houseofmede		pending		
@houseofmeowx	UCy8RL0xxSYJz4DhB48tGgAQ	ok		House of Meowx
@HouseofRevenge-i2b		pending		
@HouseofSpirique		pending		
@houseofvalekeep		pending		
@housetransformationtk		pending		
@how-it-scales		pending		
@How2Cado		pending		
@HowardArt2323		pending		
@howdidwho		pending		
@HowItHappenedStories		pending		
@howitsfactorymade		pending		
@howitsmade-hn	UCQyRL6PdgHa4hs6nhsf6vqA	ok		How It's Made + HN
@HOWITSMADE-q8v		pending		
@howitsmade100		pending		
@howitsmade_factory	UCdjEOnMsOYmJEObj1Hw26uQ	ok		How It’s Made Factory
@howitsmadefactories		pending		
@HowItUsedToBe		pending		
@HOWMADE-n7b		pending		
@HowStuffRuns-m5s		pending		
@howsystemsfail_yt		pending		
@Howtodrawanything-s4y		pending		
@HowToGuys		pending		
@HowToIn5Minutes		pending		
@howtothomasyt		pending		
@HowWealthGrows		pending		
@howyoufall		pending		
@hoymengheang8039		pending		
@hpmine843		pending		
@HPZ-28		pending		
@HQFamilyFiles		pending		
@HQStories-r2w	UC7FJ87w2JKCMEMUPjW9wtmQ	ok		HQ Stories
@hqueen-w5g	UCWjkTQQd5PfuZhTHEXYWbvA	ok		AI Meow😺
@HRAutoReviews		pending		
@hrcartoons345		pending		
@HRCuteCat	UCKYJ292Z_SP_S990k8_XCSg	ok		HR Cute Cat
@hridayamverse		pending		
@HrishikeshRoyOfficial		pending		
@HSLabsyt		pending		
@HSNL_Official		pending		
@hsov-p5v		pending		
@HT-HiddenTreasures		pending		
@HT-Videos		pending		
@Htechbyhassan	UCwBZXNMq-6bkIUzfpGoQBXw	ok		HTech
@HtetOriginalDrama		pending		
@htrixvision		pending		
@HTT-AICatStory_US		pending		
@HTThing		pending		
@huangugu2257		pending		
@Hubble_plpl		pending		
@hudaayanvidz		pending		
@hudansmusiccover		pending		
@Huellas_Eternas_0000		pending		
@HuemanInstrumentality		pending		
@HuexLabs		pending		
@huey3232		pending		
@hugluk		pending		
@HugTimeSeason		pending		
@hukio		pending		
@hulaalohaleah		pending		
@HuldraoftheNorth		pending		
@HulkboyAizone		pending		
@HulkCinematicUniverse		pending		
@hulkroganclips387		pending		
@hulku_jiiii		pending		
@Hulkvideoai-u2l		pending		
@humal_music		pending		
@Human-Codee		pending		
@human-paradox-official1		pending		
@HumanDecode-g6s		pending		
@humandecode000		pending		
@humandiscoveryy	UCzGbKiWbKakgJJdC-e9rZsg	ok		Human Discovery
@HumanFateStoriesbyYM		pending		
@HumanFrontier-d5s		pending		
@humangrits-ns		pending		
@HumanHeartStories-b1m		pending		
@HumanHistoryforSleep		pending		
@humanhistorysimplified1		pending		
@HumanidadPrimero		pending		
@HumanityFudge		pending		
@HumanityHFY-y3d		pending		
@HumanityRiseHFY		pending		
@HumanityStories-t1e		pending		
@HumanityUnbound-s6e		pending		
@HumanityUnleashed-e6c		pending		
@HumanityUnleashed-US		pending		
@HumanityUnleashed-v7w		pending		
@HumanityUnleashed73		pending		
@humanoid_robot-r8i	UCxD4Rf6PvrwxLRR-jo6gedw	ok		humanoid robot 2025
@humanoid_robot07	UCxlxLwvNo4mMGCzPbo9MUMA	ok		Humanoid Robot
@HumanOriginoTA		pending		
@humanoriginslabs		pending		
@HumansAmongOrcs		pending		
@HumansemotionalStories		pending		
@HumanSignalLab		pending		
@HumansStrikeBack		pending		
@HumanSurvivalProtocol		pending		
@HumanvsGalaxy3.0M		pending		
@HumbleRevenge		pending		
@Humesha0701		pending		
@HumRooms		pending		
@HunBun-p5r	UCdP6S4DHJpDh3bARYQ_qCnQ	ok		Molly
@Hundehdd		pending		
@HungryBeatsClub		pending		
@hungryfor_morekebab		pending		
@Hunter-Beat		pending		
@HUNTERPOKE3		pending		
@huntershelton19		pending		
@HuntForge-2026		pending		
@HuntrixDream		pending		
@HuntrixOtherStories		pending		
@huntrixplanet		pending		
@HuntrixVib		pending		
@HupStory		pending		
@HurmakR		pending		
@Hurumtales1		pending		
@Hushcraft_ASMR		pending		
@hushwaveco		pending		
@HuskyOps	UCUWHyzevuaWupx5UeFn210w	ok		HuskyOps
@HustleGan		pending		
@Hustlehope1		pending		
@hutrixworld		pending		
@huubuu-e7p	UCsL0uTjZridZgUMO3kxomQg	ok		h uubuu
@huzifamahmood	UCDMvFGtNOwRCMlqh_QcB0dg	ok		Cute animal picture
@hvalatiknitika		pending		
@HVLGamer		pending		
@HWHBEYOND		pending		
@hybrid_explain		pending		
@Hybrilo		pending		
@hydraulic_crash_channel	UCkwUz09VEiHH5qjZWs1Iw8A	ok		hydraulic crash channel
@HydroASMR-q5w		pending		
@HYF-FireintheVoid		pending		
@hyjju-w3s		pending		
@HymnsHorizons		pending		
@hyottokoai		pending		
@HypeDecay		pending		
@hypekage		pending		
@Hyper-AI-Studio		pending		
@Hyper-Band-Sound		pending		
@Hyper_Wook		pending		
@HyperAI-x		pending		
@HyperAi01	UCKN5qxC5YEPTY9A0Pv8RyxA	ok		Hyper Ai
@hyperbolicclub		pending		
@HyperChromeFlux		pending		
@hyperdrivesound		pending		
@HyperGameMusicRemix		pending		
@HyperGenMechanics		pending		
@HyperRealPOV		pending		
@hypershq		pending		
@HypIm2.0	UCqpYZ89NuPa0fzKFoj9bwxw	ok		Hyp Im 2.0
@hypnmusic		pending		
@HypnoLore		pending		
@HypnoTranceMixFlow		pending		
@hypotheticalrankingyt		pending		
@HystoryAlternativ		pending		
@HérosetGuerresOubliés		pending		
@HØUSE-YT10		pending		
@iA-ction		pending		
@IAComicCine		pending		
@IAcunning	UCs5IsqmF0JvxhTiu32xQZbg	ok	@iastutoai	IAstuto
@iafavasmr		pending		
@IAlovetoo.studioes		pending		
@IAMAICOOL		pending		
@iamAImaster		pending		
@IAmAzharAhmed		pending		
@Iambgtimetraveler_01bg		pending		
@iamderektower		pending		
@iamgeorgeleads		pending		
@iamgostbhai007	UCoSBxhyOtU7FufaeM2kUl6g	ok		iamgost007
@iamJatinSehrawat		pending		
@iamkoushik21		pending		
@iamkylebalmer		pending		
@iammrprompt		pending		
@IAMOGJOHNAG		pending		
@IAmReddits	UCwzu1fkRtMIWWIML5_5JoGw	ok		I Am Reddits
@IAmSobo-n4u		pending		
@iamYork_		pending		
@ianews-01		pending		
@IanOchiengAI		pending		
@IanVonKira		pending		
@IAREALLIFE		pending		
@iartworl		pending		
@IAskAIShow		pending		
@Iaskedai-f1u		pending		
@iastutoai		pending		
@iauhsehc		pending		
@ibadatfxpro		pending		
@IBBEJOE		pending		
@Ibelieveyoujesus		pending		
@iberianliving1		pending		
@IbizaDeepMix-e6f		pending		
@IbrahimTraoreUnfolding		pending		
@Ibuiltathing		pending		
@icecreamcartooncharacters		pending		
@IceHockeyPOV		pending		
@iceinstory		pending		
@IceRevenge25		pending		
@icerikuretici0707	UCoWmedBmAMbrJle1auDSSWw	ok		içeriküretici0707
@iconesdhier		pending		
@iconicnewzealand		pending		
@IconicScoop		pending		
@IconicUSATales		pending		
@IconsofMetal1		pending		
@icppriceprediction		pending		
@Icreatorofficial		pending		
@ICYFOG		pending		
@IcyRevengeUs		pending		
@Icytransformation66		pending		
@IcônesdHier		pending		
@IdeaCortex1		pending		
@Idealsmaker		pending		
@Ideas-Behind-Power		pending		
@Idfolktales		pending		
@idlehuntrix.oficial		pending		
@Idrako.official		pending		
@idyllasoundscapes		pending		
@ie-explains		pending		
@iEstoicos		pending		
@IfeanyiEzenekwe		pending		
@ifemioluwa_Ai		pending		
@iFinney		pending		
@ifmusic20502		pending		
@iftikhar.hussa9		pending		
@IfunanyaCinema		pending		
@IfysAfricanTales		pending		
@IGAFRICANSTORYS		pending		
@IGBETACINE		pending		
@igboticstoryteller		pending		
@Ignis_Umbra		pending		
@igorotplaylist		pending		
@IGreenScreenThings		pending		
@Ihateportals55		pending		
@iHistobridge		pending		
@ihsanink		pending		
@ihuomaengineeringgroup		pending		
@iINTELLIGENCEiTechnology		pending		
@ikahariawanai		pending		
@Ikeake.mp4		pending		
@IkeeAiWorld		pending		
@IkhwanulMuslim-z4x		pending		
@Ikigai_AI_Guy		pending		
@IkigaiNexusLite		pending		
@IKnewItYT		pending		
@ikuy_bhhb		pending		
@ILIKESUSHIMUSIC		pending		
@ILivedToTell-qx	UCFvOvozUhroR0ihY76c88-A	ok		I Lived To Tell
@Illumentary		pending		
@ilovecat-3		pending		
@ilovedoorbellsYT		pending		
@ilovedyouineverylife		pending		
@IlyaGolubev		pending		
@Im-an-Eighties-Baby		pending		
@im.animasi	UC9GQvZICMJXklwr7_jYa-5g	ok		Naimation AI
@im_braja		pending		
@Image_Game		pending		
@imaginarii-videos		pending		
@ImaginaryInk-wb9by		pending		
@imaginarypenguins	UCT_rCLNQozwVB74E7S7Ptug	ok		IMAGINARY CATS
@ImaginativePrompting		pending		
@ImaginaTixAI		pending		
@imagine_whatif		pending		
@imagineartofficial	UCPo3m7P4hC0ZYDA5ty8CAOg	ok		ImagineArt
@imaginedreality019	UClA1gRXfsqcIQvwbM4vw-ww	ok		Imagined Reality
@ImaginePhysics2.0		pending		
@ImaginethePhysics	UCQmp1YRdjbLNBJfSQX7sYsw	ok		Imagine the Physics
@ImagineTheUniverse-1M		pending		
@ImagineVerseAI	UCCLyeSlSkAVz22SLh6b3AkQ	ok		ImagineVerse AI
@ImaginoSphere		pending		
@Imatales_stories		pending		
@ImBlinky-B		pending		
@imdadul__9		pending		
@ImDigitalHistorian		pending		
@imesafricanstories		pending		
@imfonia		pending		
@imfranzyt		pending		
@Imheretohelpyou224	UC1jYOomx7yjGx-TFqgIYybg	ok		I’m here to help you!
@imissmewav		pending		
@imjstories		pending		
@imjust5taku		pending		
@imlogz1		pending		
@Immagina_ai_dream		pending		
@ImmanuelAI		pending		
@ImmersiveBibleStories		pending		
@ImmersiveHistoryAI		pending		
@immortalrecaps005		pending		
@ImmortalWarriorSoul		pending		
@immyfitt		pending		
@imnotarobotytb		pending		
@ImoleAIStudios		pending		
@Impekable		pending		
@ImperialIterator		pending		
@ImperioPerdido		pending		
@ImperiumPAG		pending		
@ImperiumRelics		pending		
@ImpossibleASMR78		pending		
@ImpossibleASMRDreamsss	UC3syGni4kP9zGVxswttoSqw	ok		Impossible ASMR Dreams
@ImpossibleBattless		pending		
@ImpossibleTales96	UC0E7glQa93NN21DC8Z_GXlg	ok		Impossible Tales
@impossibletextures		pending		
@ImpressiveNarratives1		pending		
@Impressiverecaps		pending		
@ImpressiveStorie		pending		
@ImpressiveStoriesRealEmotions		pending		
@ImprobablePictures-oc		pending		
@ImranAIKitchen		pending		
@ImranTeam-d3c		pending		
@imretronow		pending		
@imskaigenerated		pending		
@IMStudio4U		pending		
@ImtiazShishir360		pending		
@imvjkohli		pending		
@ImWise		pending		
@In-Ai-World		pending		
@Inaczejyt		pending		
@inam__khan__0		pending		
@InAramaic		pending		
@InayaCartoonTv		pending		
@incirtiyatrosu		pending		
@incredhistory		pending		
@incrediblehidden		pending		
@incrediblestories4286		pending		
@Indeceptions		pending		
@IndependentFinancialHistorian		pending		
@IndexSense		pending		
@Indian_Cinematic_Universe		pending		
@indianarmy120s		pending		
@IndianArmyMotivation95		pending		
@Indiancookingbyai		pending		
@IndianJukeBox-kr2jo		pending		
@IndianLoveSymphony1		pending		
@IndianRajesh-47		pending		
@Indiapur		pending		
@IndigoEmeryStory		pending		
@IndigoScenery		pending		
@INDIsynth		pending		
@indoorgardenweb001		pending		
@IndoSphereMedia		pending		
@IndoToonAI		pending		
@Indra_andini		pending		
@Industara		pending		
@IndustraIQ		pending		
@industrialasmrinsider	UCSWOBGMoFtvDt7BRaihiP1w	ok		Industrial ASMR Insider
@IndustrialDecayUSA		pending		
@industrialfactoryprocess	UCBHKGKnhLK_4TWJCgfHmOaQ	ok		Industrial Factory Process
@IndustrialInsiderGlobal		pending		
@industrialprocesscontrol	UC5yC1d7NRWwG6CIunzkMbQA	ok		industrial process control
@IndustrialProcessTV		pending		
@IndustrialRebornTV		pending		
@IndustrialSouth		pending		
@IndustrialWorld-f4j		pending		
@IndustriesfromthePast		pending		
@industriesprocess		pending		
@InEarMusicYT		pending		
@InedibleEats		pending		
@inekt		pending		
@Inersense		pending		
@Inerturium		pending		
@inews_magyarorszag_info		pending		
@iNews_Magyarország_info		pending		
@iNews_Sverige_info		pending		
@infact4754	UCVZgVpQR4BxAOfUk4vPvB4A	ok		Straight Facts
@InFactYourRide		pending		
@InfaKidsAi		pending		
@infamous007-1		pending		
@InfectedMansAIKitchen		pending		
@infectedmanseats		pending		
@inferenc_es		pending		
@infidelitytaleslab		pending		
@infiniteAi2-n5c		pending		
@Infinitebeds		pending		
@InfiniteEssenceoflife		pending		
@InfiniteFantasy-j3q		pending		
@infinitefuture-l6k		pending		
@InfiniteHarmony-p6f		pending		
@InfiniteHeartYT		pending		
@InfiniteHumanFrontier		pending		
@INFINITEINSIGHTS05		pending		
@Infinitemusicai-ykb		pending		
@InfiniteUnderstandingReal		pending		
@Infiniteverse-s3i		pending		
@InfiniteWarChronicles		pending		
@InfiniteWarzone		pending		
@Infinity-mj5		pending		
@Infinity-Visuals-Ai		pending		
@Infinity3DWorld-r5j		pending		
@InfinityAnimeStudio-IA		pending		
@infinitybeats-f5l		pending		
@InfinityEDM615		pending		
@InfinityFruitdDrama		pending		
@InfinityHubEN		pending		
@InfinityLogical		pending		
@InfinityLoop-w5z		pending		
@InfinityNature8KUHD		pending		
@InfinityPulse-b5b		pending		
@infinityshortsvibes	UChy6Fm_wjOnUIAwsQ8T9Bug	ok		Infinity Shorts Vibes
@infinitytosh		pending		
@InfluenceCircuitTV	UCogt5s8KT8CVHADVTVNyBSA	ok		Influence Circuit
@infoia_		pending		
@InfoInsightAI		pending		
@Infokini247		pending		
@informehardware		pending		
@InfotexMedia		pending		
@InfoZing-p		pending		
@ingenieriatrascendental		pending		
@IngenieríaTrascendental		pending		
@inintrospection		pending		
@InjoyReelEnglish		pending		
@inked_intj		pending		
@Inkexplainer96		pending		
@inklyHQ		pending		
@InkofthePast		pending		
@InnaFrame		pending		
@innerbalance-d1g		pending		
@InnerDeepRadio-r4j		pending		
@InnerJoyStories		pending		
@innerkingdom1		pending		
@InnerLensMind		pending		
@Innerlight_kids		pending		
@Innermindpsychology_01		pending		
@innermindtruths		pending		
@InnerPeace-u2h		pending		
@innerpeaceandmeditationmusic		pending		
@InnerPeacesMusics		pending		
@innerrelaxationhealingmusic		pending		
@INNOPULSE1		pending		
@InnovateJoy		pending		
@InnovationFrontierTv		pending		
@InnovationProfessor		pending		
@InnovationUncovered		pending		
@Innovative-Foundry		pending		
@innovatronixtv5025		pending		
@InnowacjeRzymskie-v2t		pending		
@InnuAI		pending		
@ino-khk		pending		
@INOSKEnew		pending		
@InoUsaplet6ex		pending		
@InPlainBite		pending		
@InsaneHOAMadness		pending		
@INSANESKILL-f1zx		pending		
@insciaitrend		pending		
@insectsaiart		pending		
@InShowStudio		pending		
@Inside-House-of-Secrets		pending		
@InsideAmericanJustice		pending		
@insideamodernfactory-x	UCtYEgXXU_eUb7GyqRBghs2Q	ok		Inside a Modern Factory
@InsideBuffettMind		pending		
@InsideBuick		pending		
@insideEngPod-l9z		pending		
@InsideEuropeToday		pending		
@insideeveryfactory	UChsKIF6Uj8gnPAgrs48I-oA	ok		Inside Every Factory
@InsideEveryRank		pending		
@InsideFactory1		pending		
@InsideFactory1.0		pending		
@insidefactorymanufacturing	UCbt9IWZOnc7qDRlfYX9PJ9w	ok		Inside Factory Manufacturing
@insidefactoryprocess-q7x	UCEWSPbebTrjS_hFPQ0RYeSg	ok		INSIDE FACTORY PROCESS
@InsideFactoryProcess-y5x		pending		
@insidefactoryprocessv	UC0rFbUEoXjLMRQRHl9saBpQ	ok		Inside Factory Process
@insidefactorysecrets1	UCoq8Zt39q7dSluB1m6u3FbQ	ok		inside factory secrets
@InsideFactoryWalls		pending		
@InsideFactoryxte		pending		
@InsideMegaFactories-o2h		pending		
@insidemodernfactory	UCOTGfqm21n9xt835FPoWsbQ	ok		Inside Modern Factory
@insidemodernfactory-v4j	UCgDtT4dJFXaXx8oLt7Z8X9g	ok		Inside Modern Factory
@InsideOfPhysics		pending		
@insidepetbehavior	UCukI5ROvD_E4yG3h9Smd9ug	ok		Inside Pet Behavior
@insideprocessai	UCAvSnbi77yF1w77Ja5MT1LQ	ok		Inside Process AI
@insidetheassembly999	UCmq2mg4NXmE6GjJkLYOnfYA	ok		Inside The Assembly
@insidethefactory00		pending		
@insidethefactory3.0	UC7xcyFqwP0CjCj064rg9TMQ	ok		Inside The Factory 3.0
@insidethefactoryofficials	UC4im-Q0PoHrsIIBMaZ3Ppkg	ok		Inside The Factory Official
@insidethefactoryyt	UCuHdtW5xaERBWPTv_ozeFWQ	ok		Inside The Factory
@InsidethePlant-g4d		pending		
@InsidetheWorks-j3c		pending		
@InsideVietnamStories		pending		
@InsideWarStories		pending		
@Insight-Relay		pending		
@InsightAI-12		pending		
@INSIGHTFROMABOVE		pending		
@insightfulworld3729		pending		
@Insightout-x4h		pending		
@InSlowSpective		pending		
@insomniac-historians		pending		
@InsomniaRadio-49		pending		
@InsomniaStories		pending		
@InspirationabiblestoryAI		pending		
@inspirationbiblestoryai		pending		
@InspirationJamz		pending		
@InspireandThriveYT		pending		
@inspiredstory101	UCKMmDmpg4wzpaZVu2Xz4WSg	ok		Inspired story
@InspiredTV-d4p		pending		
@inspirevibestories9827		pending		
@inspiringstories24h		pending		
@InspiringStoryWithKindness		pending		
@inspirujacehistorie		pending		
@InspoTalesByShoaib		pending		
@inst-a		pending		
@instantgai	UC29CuIhYV1UKA1oCQ3EzA6w	ok		Instant Ai
@Instintopuro1		pending		
@InstynktPrzetrwania1		pending		
@intelligentjungle		pending		
@INTERASTRAE		pending		
@interdimensionalbasiccable		pending		
@InterestingFactsClub		pending		
@InterestingHistoryDaily		pending		
@InterestingHistoryLore		pending		
@INTERGTA		pending		
@internationalaimusic		pending		
@InternationalStacker		pending		
@interstellareroute		pending		
@InTheEasyWay		pending		
@IntimacyandWellness		pending		
@IntimateActiveAfter60		pending		
@intimateconfessionscheating		pending		
@INTIMATEROMANCESTORIES		pending		
@IntotheDreamLofiMusic		pending		
@intothewild_0543		pending		
@intromuz-ok8in		pending		
@intueas		pending		
@InugamiKanade		pending		
@investale		pending		
@InvestiCore-v9o		pending		
@InvestigateAsia		pending		
@investigatemoney		pending		
@Investing-with-Buffett		pending		
@Investingtutorial		pending		
@InvestKnow		pending		
@InvestmentAssistantAidyn		pending		
@Investonomics		pending		
@INVESTORALARM		pending		
@Investors-Compass-1		pending		
@InVideoOfficial		pending		
@Invisiblegyan_official		pending		
@invisiblegyanextra		pending		
@InvisibleUniverse9		pending		
@InżynieriaWojny		pending		
@ionvscovrigel		pending		
@IQ9-y2u		pending		
@iqrasaiworld		pending		
@iqtuber		pending		
@iranusawarnews		pending		
@IRebornasanAnimeOpening		pending		
@ireneofure		pending		
@iReportage		pending		
@IRestor		pending		
@iridiumbeats		pending		
@IrinaKuznetsova-u4e		pending		
@irinmoss9010		pending		
@IrisOgli		pending		
@Iron_man_ai		pending		
@IronAcre		pending		
@IronAcreStories		pending		
@IronAge-r8t		pending		
@IronandMemory		pending		
@IronandRuin		pending		
@ironbeatz_official		pending		
@ironbellychronicles		pending		
@ironbluesrevival		pending		
@IronCircuit1		pending		
@IRONFROSTREQUIEM		pending		
@IronHeartsChronicle		pending		
@IronHighwayRadio		pending		
@IronHorseNarratives	UCpkl1uO7e6JCMQrZED-iJ9g	ok		Iron Horse Narratives
@IronLedgerUS		pending		
@IRONLEGACY-z5j		pending		
@ironlegacyhistory		pending		
@IronLensBodycam		pending		
@IronLoreHistory		pending		
@IronManVlogz1		pending		
@IronMoviesHD		pending		
@IronNPine		pending		
@IronPulse6		pending		
@IronRoadMusic	UC3NdZGn6WwvBWQLsz7KEIEw	ok		Iron Road Music
@IronSaga-q3f		pending		
@IronSignal_01		pending		
@Ironstark05		pending		
@IronValor8		pending		
@IronWest7		pending		
@IronWolfHymns		pending		
@IronwoodNarratives		pending		
@IrshadWahab-k8h		pending		
@isaacoliver7329		pending		
@Isaacstories07		pending		
@isabella96146		pending		
@isadoesai		pending		
@IsakMus		pending		
@ISEKAIBGM-k7z		pending		
@isekaiplanet		pending		
@ishowamspeed		pending		
@iShowDiscoveries		pending		
@IshtiaqKhan-c6n		pending		
@ishwarshelke5205		pending		
@isikalmusic		pending		
@isitsundayalready		pending		
@IslaAncients		pending		
@IslaBrooksmusic		pending		
@islamiccartoonvideostory	UC3uY1xeo4Vy_8fIlTRRhbtw	ok		Ai Cartoon video & story
@islamicfatansticmessage		pending		
@IslamicKidsOficial		pending		
@islamicshorttv75	UCPRWgTmnBnpoT97OFCoHu0Q	ok		funn toond& 74k
@Island-Reggae-Vibes		pending		
@IslandDragonfly		pending		
@islanddub		pending		
@IsleofAerlinn		pending		
@Isnt_That_Interesting		pending		
@istinkofpoox2		pending		
@istnovaa		pending		
@IT-HAPPENED26		pending		
@Italian-Romance		pending		
@Italian1960s		pending		
@italian60-80s		pending		
@Italian_Brain_Rot_1		pending		
@ItalianAmoreFilms		pending		
@ItalianAtmosphereStudio		pending		
@ItalianDelulu		pending		
@italianvintage		pending		
@Italianvintage-Radio		pending		
@ItalianVintageRomance		pending		
@ItaliaRivieraMusic		pending		
@ItaliaSerenade-22		pending		
@ItaloProfonda		pending		
@ITellComic		pending		
@itgirlplaybook		pending		
@ithueti		pending		
@iTradeAIMS		pending		
@its.layers		pending		
@its.taty12		pending		
@Its.TinyMafia		pending		
@its_peely		pending		
@itsclydetv		pending		
@ItsDeepSleepPodcast		pending		
@itsdreamboxcinema		pending		
@itseasy-e4x		pending		
@ItsEIJI-13		pending		
@itsfknjimmy		pending		
@ItsHiddenConstructions		pending		
@itskamper		pending		
@itskikiboom		missing		
@itslayto		pending		
@itsmagnii		pending		
@itsmarkfinance		pending		
@itsmekirans		pending		
@itsmyself		pending		
@itsnataliefong		pending		
@itsonlysixty		pending		
@itsrandomy		pending		
@itsRoland23		pending		
@itssniks		pending		
@itstheflopguy	UCyYH7sWR4NzXDHJXCE3iMNg	ok		Flop Guy
@ItsTheHollywoodPulse		pending		
@itsto-t7n	UCc9FOtAMYgM7NHmjZXgdZeQ	ok		it's to 👍
@itstruepompeo		pending		
@Itsxnotkenz11		pending		
@ItxMusic-q6e		pending		
@itzneonvxx		pending		
@Itzquanta		pending		
@Itzz_ishoo		pending		
@iubireinvestulsalbatic		pending		
@IubireînVestulSălbatic		pending		
@Iuckyonline		pending		
@IvanJackson-l7b		pending		
@ivanshistory		pending		
@IvicaMilaric		pending		
@ivietellsourstory		pending		
@IvyDoesAI		pending		
@IvyRevenge.us33		pending		
@IvySensations		pending		
@Ivyuniquelibrary		pending		
@IWasEgyptian		pending		
@iwatipis		pending		
@iyamqwaw		pending		
@Izaivisions		pending		
@izodiacguru		pending		
@izzygoeswest8603		pending		
@İncirTiyatrosu		pending		
@J-POP-AI-MetalCover		pending		
@J-POP_Quality		pending		
@J-POPisMetal		pending		
@J-RePOP		pending		
@J.C.Howard-b6w		pending		
@j2-industries		pending		
@J3ssn3ss_Records		pending		
@j4aqu1n	UCgW6ZgsCxQZCs-SzGvER0MA	ok		alfonso flores
@JaafeliStudio		pending		
@JabreelSagas		pending		
@JaceElton		pending		
@Jack__ai-62		pending		
@Jack_AT		pending		
@jackdavis42		pending		
@Jackk-ph9gz		pending		
@JackmakesAI		pending		
@jackpot-n7o		pending		
@JACKRABRVIDEO		pending		
@jackrebornhistory		pending		
@Jacksons_ai		pending		
@JackStoryWorld2	UCRJYCBNni4GrggtwafzQj-A	ok		Jack's Story World
@Jacktech_yt		pending		
@Jackthinks515		pending		
@JackVsAI		pending		
@jackyaiflow88		pending		
@jacobamishsecrets		pending		
@JacobiteStudios		pending		
@JadaStories		pending		
@JadeDynastyStories		pending		
@JadesStories-b7k	UCHfSibEv83DISWmRSJJxOmQ	ok		Jades Stories
@Jadewolfsoundscapes		pending		
@jadiclipper12		pending		
@JaduiKissatv		pending		
@jagdambamusicstudo		pending		
@Jaggystoriesandtales		pending		
@JahLightmusic-v4r		pending		
@JaiMelodieslabs		pending		
@jajajajaja-f5m		pending		
@JakAISongs		pending		
@JakeRetires		pending		
@JakesTechLab-z6u		pending		
@JakeWildEx		pending		
@Jakwczoraj		pending		
@jamalirlam-o8q		pending		
@jamelshabasmr		pending		
@JamesGraham-i1b		pending		
@JamesJimRichardson		pending		
@jameslimSFA		pending		
@jamesquinnpiano		pending		
@JamesWalkerTheStoryteller		pending		
@Jamie-kq1rz		pending		
@jamiestorie		pending		
@jamjamtales		pending		
@jamoutai		pending		
@janellefilms		pending		
@JanerithDemonQueen		pending		
@JanesAlphaRomanceStories		pending		
@Janevisualstoriesstudios		pending		
@JANGALJOURNEYSTORYAI		pending		
@janhein2640		pending		
@JanKorslund		pending		
@jannatmansoori2404		pending		
@january1stAI		pending		
@janwronskcichagranica		pending		
@JanWrońskCichaGranica		pending		
@japan-ahead		pending		
@JAPAN20TH		pending		
@JAPANAHEADing		pending		
@JapaneseAircraftChronicles		pending		
@JapaneseCarInsider		pending		
@JapaneseCarSecrets		pending		
@japanesechilllounge		pending		
@JapaneseClassicSoundscapes		pending		
@JapaneseDarkInstrumentals		pending		
@JapaneseWW2Stories		pending		
@JapanPhrasesExplorer		pending		
@JapanSong歌スキ		pending		
@jarodsbeatsmusic		pending		
@JashuTeacher-N20		pending		
@JasnaStronaTajemnice		pending		
@Jason-productions		pending		
@Jason_Abadi		pending		
@jasonandmichellestorytales2		pending		
@Jasonki1990		pending		
@jasonkitchenlab		pending		
@Jasonmurmuofficial		pending		
@jasonrivasdj		pending		
@Jasons_TalesHFY		pending		
@JasperNatalie-j6w		pending		
@JavedAbshar3131		pending		
@JavierHistoriasAudio		pending		
@Jawerly4chan		pending		
@jawerlydiaries		pending		
@jawsbar_music		pending		
@Jaxsonholecai		pending		
@JaxsRevengeDomain		pending		
@Jaxxor9		pending		
@Jay_I_TV		pending		
@jayd.ev4		pending		
@JaydenKeva		pending		
@jaydiLOGIC		pending		
@jaydonehistory	UC-q-_DVLrAfmVApgnJTIa9A	ok		Jaydone History
@jaymataji-o4q		pending		
@JayMechStory		pending		
@JayReedTV		pending		
@JayRiddle77		pending		
@JayStoryHubAi		pending		
@jayvasudevan9572		pending		
@JayyyFacts		pending		
@JazmineLozano-r8g		pending		
@JAZZ1930s		pending		
@jazz_as_objet		pending		
@jazzandspace		pending		
@JazzAyoLounge		pending		
@JazzBrown09		pending		
@jazzcafecore		pending		
@JazzCometMusic		pending		
@JazzDiaryy		pending		
@JazzEchoStudio		pending		
@jazzgak		pending		
@JazzHazeYT		pending		
@JazzHive		pending		
@jazzhousestudio		pending		
@JAZZINDIP		pending		
@Jazzip888		pending		
@JazzMeowlody-h7r		pending		
@jazzmink1		pending		
@Jazzmusicstory		pending		
@jazzneverdie		pending		
@jazzntimemusic		pending		
@JazzPassport		pending		
@JazzPeanuts		pending		
@jazzsoda-y6e	UConiwPkKOhJUInCo65iIkww	ok		jazzsoda
@JazzThroughWindow		pending		
@JazzwithChrist		pending		
@jazzygypsy8		pending		
@JazzySoul-Music		pending		
@jbp-v6f		pending		
@JCGAIVisuals		pending		
@JDDokko		pending		
@jditos		pending		
@JDM-ENGINE-ARCHIVE		pending		
@JDMusicOfficial-f8b		pending		
@Je_Lee		pending		
@JeanFalcaoMusicLab		pending		
@Jeanne-AIASMR		pending		
@JeanniesDishes		pending		
@jeberecap		pending		
@jeeksdoneit		pending		
@jeetanimation9	UCRZVlB4GB_6VubmC-1x77CQ	ok		JEET ANIMATION
@jehanasker5310		pending		
@Jelly_World_ASMR		pending		
@JellyBed_ASMR		pending		
@JellyCorn_7		pending		
@JellyEllyASMR		pending		
@JellyJam-q4o	UCn7C6ijXTzxaCiVSodRpE4g	ok		Jelly Jam Studio
@JellyNightASMR		pending		
@JellySoundsMusic		pending		
@JellyVerseAI		pending		
@JemianSutanto		pending		
@Jenniefolktale		pending		
@Jennysfolksandtales		pending		
@Jensailab		pending		
@JenyBluz		pending		
@jenzsiemons7466		pending		
@jeremynewberger		pending		
@jernblod		pending		
@jerrekhan2687		pending		
@JerryNoirJazz9999		pending		
@jeshurunswake		pending		
@JesseMichels		pending		
@JesseSpeaksYT		pending		
@jessicagarba		pending		
@jessrees4025		pending		
@JessTechStudio		pending		
@JessyDelight-g1f		pending		
@JESSYMINDCRAFTSTORIES		pending		
@JestAi-Official		pending		
@JesterEngine		pending		
@jesterforyou-q5x		pending		
@Jesus-d2i7j		pending		
@Jesus-international		pending		
@jesus-Meditation-love		pending		
@jesus-r6c8w		pending		
@Jesus-speaks-f8i		pending		
@jesus.vibes_official		pending		
@Jesus34383		pending		
@jesusai9	UCkQMeKOty2xnfI2kvt1DeLA	ok		Jesus AI
@JesusAiStories-j3u		pending		
@jesusalonetv-r2c		pending		
@JesusBYS		pending		
@JesusChristbyyourside		pending		
@JesusChristfollowyt		pending		
@JesusDailyBlessings		pending		
@JesusDeclaresOfficial		pending		
@JesusDevotee		pending		
@JesusGlobalPath-Officia		pending		
@jesushelpusa	UCCWU1Jr7lER5bwFTFaGl-8w	ok		Jesus Help US
@jesushopestories		pending		
@JesusLightAI00		pending		
@Jesuslover396		pending		
@jesuslovesyou12607	UCat4D39E3MmgA_3l7ahQ3ig	ok		JESUS LOVES YOU
@JesusMessage-f6n		pending		
@JesusMiracles-e6i		pending		
@JesusPeaceDaily		pending		
@jesusstorymr	UCtdO7BIs9OujRjHa6T9VAfg	ok		Jesus Story MR
@jesususa20		pending		
@JesusVerse-i8l		pending		
@JesusWalksWithUsOfficial		pending		
@Jesuswordmemorizedaily		pending		
@jesuswords-w7e		pending		
@Jet.Animation-p5n		pending		
@JetForceDaily		pending		
@JetInsight-v9b		pending		
@JetStyle-pl		pending		
@JewishFinancialCode		pending		
@jfcourtroom1		pending		
@jfMarvel5		pending		
@jgirls47		pending		
@jgvisionmedia		pending		
@JH-anku		pending		
@JH-kk31		pending		
@jheckplays6992		pending		
@JhonFeeds		pending		
@JhumkaSurBeats		pending		
@jiabro-yt	UCgtouXhJXgZFd6ERZrGJIxw	ok		RJ Jia
@JiangHistoriaPredictiva		pending		
@JiangInspiration		pending		
@JiangIntel		pending		
@JiangliveNews		pending		
@JiangPointInsights		pending		
@jiangshan001		pending		
@jianshorts	UCbgQVshkYOsnFnDE17RodxQ	ok		JianShorts
@jiashustroy		pending		
@jibanrajak-xz1jt		pending		
@JibihangRaiOfficial		pending		
@JiffanAzakho		pending		
@jigglytots	UCwlM0SopcxVDLbQNdUvZ5BA	ok		Jiggly Tots
@JillShorts-e7e		pending		
@jilvweiyuan		pending		
@JimiCinematicUniverse		pending		
@Jimmy.the.bigfoot		pending		
@Jimrohnmotivationfans		pending		
@jimrohnmotivationvideos		pending		
@jinenvyas284		pending		
@jinifam		pending		
@jinikal-art		pending		
@jinseinomonogatari101		pending		
@jinwoo-hka		pending		
@JisanFlow		pending		
@jitendra8116	UCRRG1Cc3OS6DrMoRwIDN_HQ	ok		Jeet AI
@JitendSahu-55		pending		
@Jitolydstudios		pending		
@jiyu.ai.editing	UCwjatMg2r0NsnXMk2ZobjiQ	ok		Animation vedios creater
@JJAIStudio13		pending		
@JJGold_storytime		pending		
@JJGugc		pending		
@JJINDEX		pending		
@JJJezebel		pending		
@JJPlays_		pending		
@JKAiRemix		pending		
@jkcricketarena		pending		
@jksfantansies		pending		
@JKsTinyEpicStudios		pending		
@jkstoriesofc		pending		
@jmcshorts-c8y		pending		
@JMHexMusic		pending		
@jmjfilmybeats		pending		
@jmjmusichub		pending		
@JNagaraj-f3t		pending		
@jnkesiencetechnology-aishorts	UCQ80E_6Pp2oezyrjqriQQCw	ok		Jn ke ai shorts videos
@joanniemunson5764		pending		
@jobixai		pending		
@JobsiteKarma		pending		
@JockedEuls		pending		
@Joe_Tunes		pending		
@JoeeInks		pending		
@JoeExplainsEverything		pending		
@JoeHistoryCorner		pending		
@JoelAIBibleTales		pending		
@joelben-k2j	UCMyRoXqEfFZOz9iAfhLroBg	ok		meow AI
@JoelleShenassa-w6t		pending		
@JoelRichardson		pending		
@john-uncle-official		pending		
@john_the_ai_creator		missing		
@JohnAG-j8k		pending		
@JohnAG-p9p		pending		
@johnag-r3d		pending		
@JohnAG-x8g		pending		
@JohnAG2		pending		
@JohnAGCrisis		pending		
@JohnAGHere-1122		pending		
@JohnAGMacro		pending		
@JohnAGThinks		pending		
@JohnAGUnfiltered		pending		
@JohnAIArt		pending		
@JohnBoringCurrency		pending		
@JohnBrownyt		pending		
@JohnCapital09		pending		
@johneconomic-h1k		pending		
@JohnEdwardsBus-m1f		pending		
@JohnGotClipped		pending		
@johnharrishyt		pending		
@JohnJamede		pending		
@johnjanuary7249		pending		
@JohnLennontheuntoldstory		pending		
@JohnMartinez-s7f		pending		
@JohnMartinII		pending		
@Johnnagg		pending		
@JohnnyBlasePiano		pending		
@JohnnyRoxxer		pending		
@JohnnySpruceCreations		pending		
@JohnOG1M		pending		
@JohnOgReports		pending		
@JohnPeters-n8j1d		pending		
@Johnprepares		pending		
@Johns-Vault		pending		
@JohnWayneArrived		pending		
@JohnWayneForgottenLegends	UC3FmM1juP0xjkMGizwmL_7w	ok		John Wayne's Forgotten Legends
@johnww2-t8d		pending		
@JohnyTralaly		pending		
@joinfitpro2		pending		
@JoJinksMusic		pending		
@Jojo_asthetics		pending		
@JoJoAi_Visual_Zone		pending		
@JoJoaiVisualzone		pending		
@Jojolimo		pending		
@JoJoMoonKidz	UCRu4jRnMLkANNh0fIiNdrMw	ok		JoJoMoonKidz
@Jojostudio16		pending		
@joker9898-x7i		pending		
@JokerProtocol-l2m		pending		
@Jokes-b7q		pending		
@JollofToons		pending		
@JollyBubbleKids		pending		
@JollyLove123		pending		
@JONA-LORE-jn		pending		
@JONAGCC-j3p		pending		
@jonascallmormon		pending		
@Jonash.R		pending		
@jonasminivlog		pending		
@jonasscholer-san		pending		
@Jonasschöler-san		pending		
@joncvvault		pending		
@JonelArroyo28		pending		
@jonexplainsfinance		pending		
@jonfinance-1		pending		
@jonisusanto1985	UCgAlNut5askVj6wfOEMZoGA	ok		CAT AI
@jonjaroska2319		pending		
@jordanjerome7569		pending		
@JordanJoaquin-f8o		pending		
@JordansRevengeDramaine		pending		
@JordanWealthSystems		pending		
@JordiVisserLabs		pending		
@jorgitoteloexplica		pending		
@jorus_90		pending		
@josegalindo-j3w		pending		
@josephcorpuz8441		pending		
@JosephProsper-i6y		pending		
@Josephs_ai		pending		
@JoshGeoLive	UCFYarPVsyrfC2dnJFhtwjJA	ok		Josh Geo
@joshuabrown3654		pending		
@JoshuaMayo		pending		
@JoshuaOguamanam		pending		
@JossSparverMusic		pending		
@JotakarloArtAI		pending		
@JournalsOfArt		pending		
@journey-of-life07		pending		
@JourneyofWords-z7d		pending		
@journeys3	UCwO8BGaLTnfwHTI3C07DtVg	ok		ai animation
@JOXARONMC		pending		
@Joxxstorytime		pending		
@JoYBoY-o4s		pending		
@JoyfulJourney786	UCzoEKgqVZDATzBvrFhXa5Ng	ok		Mikey
@JoyJolly_TV		pending		
@joykidsstories11		pending		
@Joyland-Animation		pending		
@joyleyler7955		pending		
@joypixai		pending		
@JoyPopStories		pending		
@joystories11		pending		
@JoysWerewolfRomance		pending		
@jpoprebirth		pending		
@JpsinghRajpoot-v1u		pending		
@JQAnimationsOfficial		pending		
@jqcreations		pending		
@JRECollection1		pending		
@jrecollection1-fanchannel		pending		
@JREShorts		pending		
@jrinspiredmotivation		pending		
@jrohnmindsetmastery		pending		
@jrollthedj		pending		
@jscats-gt4pc	UCUWEjYvQjqOLAswnA5_1zfA	ok		JS CAT'S
@Jsfilmz		pending		
@jShadowFrameStories		pending		
@JsMusicYT1		pending		
@jspaifilms		pending		
@jubayerscabin		pending		
@Jud1cium		pending		
@JudahsBibleAnimations		pending		
@Judge_Judy.filesYT		pending		
@Judge_Reacts		pending		
@JudgeAuditCourt		pending		
@JudgeCaprioPerspective		pending		
@JudgeMyLife		pending		
@JudgesClapback		pending		
@Judgesmoments		pending		
@judiomillonario		pending		
@JudithCarverSeniorAlerts		pending		
@JudysLineofSight		pending		
@JudíoMillonario		pending		
@JuecesReales		pending		
@JugaarYT		pending		
@JugOfJunk		pending		
@Juicy-Dramas-AI		pending		
@JuicyAIAffairs		pending		
@JuicyBoom-m4p		pending		
@juicydramahq		pending		
@JuicyDramasAi		pending		
@JUICYFRUITSAI		pending		
@Juicylore1		pending		
@JuicyPlot		pending		
@Juke__11		pending		
@jukebox-america		pending		
@Julia2026-i3w		pending		
@Juliaaaa1212		pending		
@JulianGoldieAI		pending		
@JulianGoldieSEO		pending		
@JuliAnimationn		pending		
@julianwatchguide74377		pending		
@JulianWeber-t3g		pending		
@juliaray.timelogs		pending		
@JuliChristar_Visuals		pending		
@juliemoneymatters		pending		
@julievirdhi	UC3aXAqKN2eokp5Vq7prQSsA	ok		Ai world
@julioguillermo7609		pending		
@Julius-YT187		pending		
@JumiOye		pending		
@Jumpcutstories12		pending		
@jumperstales		pending		
@JumpSprinkle		pending		
@juna-afrokorean		pending		
@junaidshaikh8918z	UCK_Nzo92QoBCtR_I9gY_Ttg	ok		@AI ANIMATION STORY
@JunaihaBathool		pending		
@Junedcoolboy		pending		
@JuneeGarden		pending		
@Jungifilozofia		pending		
@junglewizards		pending		
@jungleXsecrets		pending		
@JungNotess		pending		
@JungTeach		pending		
@JungThoughts		pending		
@jungyelcodigodelostraumas		pending		
@JungyelCódigodelosTraumas		pending		
@junieee45		pending		
@JuniperMinuet		pending		
@JunkBondInvest		pending		
@jusdecerveau		pending		
@Just-Curious-Channel		pending		
@just-feel-satisfied		pending		
@just1nshorts		pending		
@JustAboutEarth		pending		
@Justachillguyplsbro		pending		
@JustAIonly		pending		
@justAIthings12-x5f		pending		
@JustanObservation		pending		
@JustanotherstoryyYT		pending		
@justchoosesmart		pending		
@JUSTDREAMING-q2e		pending		
@justexplainedyt		pending		
@JustforKidsSongs-i6w		pending		
@JustGimmeFacts		pending		
@justhenryfr		pending		
@JusticeAfterDarkStories		pending		
@JusticeBeyondHOA-b7d		pending		
@JusticeClashAmerica		pending		
@JusticeDecode-v9c		pending		
@justicehour3		pending		
@JusticeMyWay	UCNHTNweQRY65i_huwhaO3tg	ok		Justice my way
@JusticeNeverSleeps-i9l		pending		
@JusticeOnBodycam	UCHDrb4LbE2XDcBTYgPri21w	ok		Justice On Bodycam
@JusticeOnTape		pending		
@JusticeScopeOfficial		pending		
@JusticeStands-u7b	UCUngX0d3efj1em2cD6akD6g	ok		Justice Stands
@JusticeUnfolded68		pending		
@JusticeWatchTV-j2e		pending		
@JusticeZoneTV		pending		
@JustinGermany		pending		
@JustIrishMusic		pending		
@justmemoryvision		pending		
@JustMoviesAI		pending		
@justpaintthefacts		pending		
@justphophun	UChTN2JwOna_02Z9wBbdfqbQ	ok		JustPhoPhun
@justrewind939		pending		
@justsomeguystories		pending		
@JustStartAI100		pending		
@JustTalkz-Avus		pending		
@justtryderr		pending		
@JustuhAiThings		pending		
@justus_x		pending		
@JustWatchNow.1		pending		
@JustWhatIf-b2i		pending		
@juziaixiaojuchang		pending		
@JWBrokenVeteran1		pending		
@JY-KK32		pending		
@JY-KK99		pending		
@Jyanime		pending		
@JZ014-u7e		pending		
@K-AIMusic-ACK		pending		
@K-Dpop-w		pending		
@k-dramaost6868		pending		
@K-DramaStories25		pending		
@K-MafiaBossObsession		pending		
@K-Manga_Universe		pending		
@K-popAIDEMONVERSE		pending		
@K-series61		pending		
@K.kirashima		pending		
@K4CHANs	UCn42-S1ojtldi417uJWdbMw	ok		K4CHAN
@K5CatMeow	UCc74Ozpgu9jUd1FHpMp7VsQ	ok		K5 CatMeow
@K9HonorStories		pending		
@K_BeeeLOriginal		pending		
@k_pop_lovers-d4m		pending		
@k_random3		pending		
@k_s_vaja_gaming		pending		
@KaaliKaalu-d2x		pending		
@kaalyatraai		pending		
@kabar10the		pending		
@kabeer2233	UCdL4IMsPN60BBvNHIdZP7FQ	ok		Ai Animated
@Kabir_J		pending		
@KacperOrlowskiOpowiadac		pending		
@KadryzPrzeszłości		pending		
@KaelEmberfall		pending		
@kaelofficials		pending		
@kageyume7		pending		
@KahaniAI-f7f	UCE0QzVluW60xus2od7hC8GQ	ok		Kahani AI
@KahaniEmpireAi-q8v		pending		
@KahaniKalyugKi-l9p		pending		
@Kahanitime-p5j		pending		
@KahaniVibes17		pending		
@kahshksbh		pending		
@KaiBiganClips		pending		
@kaiexplainsYT		pending		
@KaifRamzee		pending		
@KaiKimhan-UGC		pending		
@kailashai123		pending		
@kailer1000		pending		
@kainyaoimochi		pending		
@kaique-v9h		pending		
@kairosofficial7		pending		
@Kaisel-n5n		pending		
@kaizenalltag		pending		
@kak-nu	UCYr8hjyODjGXuehusyBJyXQ	ok		Kak Nu
@kakkotsuketai_tochan		pending		
@kakuunikkiya		pending		
@KALCHAKRA_Studio		pending		
@kalimba99		pending		
@kallistusmusic		pending		
@Kalma-Lang-24		pending		
@Kamal_Storyverse		pending		
@kamalkumar-u6s2h	UCqQrfi2ClNQINUPNMYIJD-g	ok		@kamal....m
@kamalnz		pending		
@KambiTales		pending		
@kamechanTV-official		pending		
@KamenGameAI		pending		
@Kamicutsss		pending		
@kamillkz		pending		
@Kampfzone-YT		pending		
@KAMS_AI		pending		
@Kanal13AZ		pending		
@KanałPoznawczy		pending		
@kaneinvestsus		pending		
@kanizcreative		pending		
@kanjengqueencapcut		pending		
@kannadaaichannel		pending		
@KANTOVIBEPH		pending		
@Kapandascat		pending		
@kapantobat7091		pending		
@kapitalenthullt		pending		
@kapitalenthüllt		pending		
@kapitalverse		pending		
@Karen.Givens		pending		
@Karen_DiariesYT		pending		
@Karen_stories1		pending		
@KarenArchives1		pending		
@KarenBoundaries		pending		
@KarenBusters65		pending		
@KarenChronicles-e7v		pending		
@KarenChroniclesYT		pending		
@KarenConfessionsYT		pending		
@karencurbsidetales1	UC5WW6_q2j0du17upQS4PXNw	ok		Karen Curbside Tales
@KarenDrama-p8h		pending		
@KarenDrama-t1j		pending		
@KarenFallout-w5e2i		pending		
@KarenHOAStories-z4t		pending		
@KarenHQ-k1k		pending		
@KarenKarmaStories		pending		
@KarenMeltdown77		pending		
@KarenontheBoard		pending		
@karenpropertyfiles		pending		
@KARENRevenge1		pending		
@KarenSpeaksYT		pending		
@KarensRulesYT		pending		
@KARENSSTORY-d5t		pending		
@karenstorien5x		pending		
@karenstories2		pending		
@KarenStories5		pending		
@KarenStoriesCentral		pending		
@KarenStoriesss		pending		
@KarenTalesYT		pending		
@KarenTrueStores0		pending		
@KarenvsHOA		pending		
@KarenvsTheWorld-w4e		pending		
@KarenWerewolfRomanceCollection		pending		
@kari-channel3		pending		
@karinagomescruz		pending		
@karl.explains		pending		
@Karloff_AI		pending		
@karmaaifilms		pending		
@Karmabuzz		pending		
@KarmaDoorbell		pending		
@KarmaDramaStories-j8n		pending		
@karmaechostories-c8e		pending		
@KARMALANDD		pending		
@KarmaNeverForgets-p1y		pending		
@KarmaStoriesLab35		pending		
@KarmaStrikesPorch		pending		
@KarmasTwist-c5e		pending		
@KarmaTelltales	UCCFttsS64cNEX2f3XBTbOBQ	ok		Karma Telltales
@KarmaWatchOriginal		pending		
@Karme-rank		pending		
@karmicverdictvault		pending		
@Kartik-q4q6h		pending		
@Karumba-254		pending		
@KasiFolktales		pending		
@katastrophen.offiziell		pending		
@katerynakononova		pending		
@kAthrsIs		pending		
@katilionaire	UC5d6g0ZmR5jhzVDF-E6dUdQ	ok		Katie
@KatkatShortz		pending		
@KATLOVEAI		pending		
@kato_220	UC5l5z1EnrXdRR9f5fBTydVg	ok		KATO
@Katyushatulip	UCtWqBox28va_bo2GrqSK8AQ	ok		Katyusha tulip
@kau-73		pending		
@Kaushal.1148		pending		
@KavishkaStudios	UCLr1g13qLNvwsQUEiQo3S2w	ok		Kavishka Studios
@kawaii_neko_kuru		pending		
@KawaiiBassHolic		pending		
@kaye_creative		pending		
@kayladavisstudio		pending		
@kazdapostac		pending		
@Kaze_Oni		pending		
@Kazu-en		pending		
@kazura70swingneck		pending		
@KażdaPostać		pending		
@KB016-v6n		pending		
@kcatdance	UCHfuZQOPtd8MJE3y87cPKlw	ok		K catdance
@KCSeriesNetwork		pending		
@kdhblox		pending		
@Kdramastories1		pending		
@kdstabularium		pending		
@Keatans		pending		
@KeBLStories		pending		
@KechiBravo		pending		
@Kee0111		pending		
@KeenCollective		pending		
@keepitcosy		pending		
@keepitsimplestupidai	UC0ZgJ_TrXjC_t2OFy9hAZag	ok		KISS AI
@KeepTravellingYAV		pending		
@kegelroutine	UCZ9NaPt_4KQvozJe2t6eMCw	ok		케겔 루틴
@KeilsGarage		pending		
@KeioncitaFM		pending		
@KeithRichardsTheUntoldLegacy		pending		
@KellanVoss-y9c		pending		
@kellyeld2323	UCfXg6PpmyP6c1h4vuerWUhw	ok		Kelly Boesch AI Art
@kelonebohara		pending		
@KelpCurrent		pending		
@KelvinMichael-gj5zm		pending		
@kembeats-l3b		pending		
@kemetsaga		pending		
@kemetwood		pending		
@Kemi_folktales		pending		
@kendibble9963		pending		
@keneneto		pending		
@keneversetv		pending		
@KenjiSatoCleaning		pending		
@KennisKompass		pending		
@KensAITinyLab		pending		
@kentapogo		pending		
@KentMent-f5i		pending		
@KENZO-OFFICAL19		pending		
@Kenzo51214		pending		
@kenzofinance		pending		
@KeraniHembromOfficial		pending		
@KernCore-HL		pending		
@KeshavDeshmukh-p4g		pending		
@KetoKamp		pending		
@KevinFinanceK		pending		
@KevinHendrawanInvesting		pending		
@KevinRetires		pending		
@KevinRetiresCA		pending		
@kevintw8888	UCMpT5TMvg_VDHnbbC5jZH3w	ok		Cute AI animals
@Kevzth		pending		
@kexing-ai		pending		
@keyaki1117		pending		
@KeysandChaos-yt		pending		
@kfail-meme827		pending		
@kfantasy-fiction		pending		
@kfl1900		pending		
@KForKindness-w2z		pending		
@Khabargaon		pending		
@Khalil-story		pending		
@KhanOfficialTK	UC4IavTIill5ntpLWCp5T0iA	ok		Khan Official TK
@khanrespect01		pending		
@KhanzaMoto3GP		pending		
@khawaja_yt		pending		
@KhayalSound		pending		
@khmervillagelife168		pending		
@KHRUSHCHEVKA24		pending		
@KhushiChauhan-i5y		pending		
@KhushiKanwar-l5c		pending		
@KhushiParihar01		pending		
@kibimara		pending		
@Kibothechimp		pending		
@kicking_tighs		pending		
@kickinview		pending		
@kickzor		pending		
@KidAICartoon01		pending		
@KiddoByte		pending		
@kiddos-q7w	UCs1iwltDIusfHCtnGfrMyaw	ok		cartoon ai
@KiddoToons_TV1		pending		
@kiddozstudio	UC6snTnbRD4p_kPONpisXyYg	ok		Kiddoz Studio
@kiddyclownandfriends9313		pending		
@kidnamedfinger-u7x		pending		
@Kids-Ai-videos11		pending		
@kids_ai_rhymes_tv		pending		
@kidsai-m7x	UC_N_MXMg8scr_jf_0nUToIg	ok		kidsAI
@KidsAIAnimationclub		pending		
@Kidsaicartoon30724		pending		
@kidsaicats	UCMGJeqNHqmNDqSWUexUHbeQ	ok		Kids Ai Cats Story
@kidsaifuntv		pending		
@kidsaishorts	UCaGzFzO5BqPJo3LuNU6og9g	ok		Kids Ai Shorts
@KIDSAITOONS2.0		pending		
@KidsAivideos-x3c		pending		
@kidsanimationworld-4u	UC2t4fj3oiUMva4d1f7vj6VA	ok		Kids Animation World
@Kidsanimeai-v9c		pending		
@kidsbhaktiworld	UCkB-KNNDdxLek6RhBv8Qdcw	ok		chhota cartoon world
@kidscartoonsworldd	UCl5kUZjmfYky3LvMrmhcafw	ok		Kids Cartoon World
@kidsEducationUk		pending		
@KidsFunSongRhymes		pending		
@KidsFuntv09		pending		
@kidsfuntvvideos		pending		
@kidsjunior-t5n	UC7B7IUO-fUMpX-yNFq5KroA	ok		kids junior
@kidsklasses	UCYnFySoI7Mm3Cpv4zGvMbuw	ok		Kids Klasses
@kidsmeowkitten	UCNHx_GumsW_xZbLx8_87jdQ	ok		Kids Meow Cat
@KidSpark-World		pending		
@kidspoem-x4j	UCBqmPtNpegj78aSnP3fCXpA	ok		kids poem
@KidsQuestAI2026		pending		
@KidsScienceAcademyAI		pending		
@kidsshowhub01	UCRA5XMp4rHz6uoa6xxtA0TA	ok		Kids Show Hub
@kidssirvi	UCofGpt8XDr9jLZCVHFsCl8g	ok		kidssirvi
@kidsstories-h2m		pending		
@KidsStory-7878		pending		
@KidsToonverseYT		pending		
@KidsWithai-x5r		pending		
@KidsworldwithAI45		pending		
@kidzakku	UChwiUScf9f_tZsYI-ytgcfw	ok		Kidz Akku
@kidzcodeai		pending		
@KidzfunaI		pending		
@kidzwidzai		pending		
@kiii.design		pending		
@KikiDramakk		pending		
@KiKisASMRlab		pending		
@Kikisfolktales		pending		
@kikitinyadventures	UC05zFpbxdoTa8lFkQxJ7xZQ	ok		Kiki's Tiny Adventures
@killusall92		pending		
@kilometroceroo		pending		
@Kilowow-h9k		pending		
@KilómetroCeroo		pending		
@kiman5982		pending		
@kimanirachie901		pending		
@KimiTalkss		pending		
@KIMovieverse		pending		
@kimtellstales		pending		
@Kimy_K_AIMusic		pending		
@KinaHistorias		pending		
@kindcat12.12	UCaEigLhlOHOL1V8zZmMI_Ww	ok		KIND CAT
@kindcatai1	UCHffPeqvxxVewSQOmCxv9jw	ok		Kind Cat Ai
@kindermate		pending		
@KindLens-g1c		pending		
@Kindnesschronicles-x3y		pending		
@KindnessCornerStories		pending		
@KindnessDiary-x3t		pending		
@KindnessHub2.0		pending		
@KindnessLights		pending		
@KindnessStoriesUSA-g9e		pending		
@KindnessTales-k8j		pending		
@KindnessTaleStories1		pending		
@KindredAnimalTales		pending		
@KindredEchoStories7py		pending		
@KindredHouseTales-t2x		pending		
@KindredlinkAI		pending		
@KindSoulStories-z4z		pending		
@KindTales-v2x		pending		
@KineticIntelTV		pending		
@KING-AIFruitopia		pending		
@King_AI47		pending		
@KINGAMVsOFFICIAL		pending		
@KingCristianoTV		pending		
@KingdomChroniclesUS	UCqeepnoKssZUnQ6ZCsXQiXQ	ok		Kingdom Chronicles
@kingdomEncountersTv		pending		
@kingdomGlory-r4q		pending		
@KingdomOfGhostlikeYoungWoman		pending		
@KingdomofJesus-m2w		pending		
@kingdomofpredatorstv		pending		
@kingdomoftalesafrica		pending		
@kingdomsatdusk		pending		
@KingdomSounds-m5j		pending		
@KingEnglishKids		pending		
@KINGFATBOY1		pending		
@KingLaughtrackAIFunnies		pending		
@kingmovieai		pending		
@Kingofaivlogs	UC1efKn0v43vMEAdIEI0XzpQ	ok		Edge of Honor
@kingofchill74		pending		
@KingofDubai779		pending		
@kingqorane8		pending		
@kingrana789		pending		
@kingsmoney9561		pending		
@KingStoic101		pending		
@KingTimAiStudio1		pending		
@KingXOfXPop		pending		
@kingy-ai		pending		
@kiniqotalks		pending		
@kinjalba_024		pending		
@KinoderSchatten		pending		
@kinzaman		pending		
@Kionisalpha-rom		pending		
@KionMusicRoom		pending		
@kira_ai_graphics		pending		
@KiraAIASMR		pending		
@KiranAifilms77		pending		
@Kiraslovestories		pending		
@kirchnershipman		pending		
@kiroo-r7x		pending		
@kirtipalai		pending		
@kirudoc		pending		
@Kisahkedua-n9h		pending		
@KisaragiRecords		pending		
@kishatareen		pending		
@kiskukuri3		pending		
@KissaKohaku		pending		
@KissBliss-me		pending		
@KisTheHistory		pending		
@kitcat_0007	UCwvCprKYPfbfYnvzWYzEFxw	ok		KiTCaT
@kitcatsfamily	UCifl733gS0_0eM41uaZDDGw	ok		Kit CAT`s-Family
@KitchenAI-010		pending		
@KitchenAi-u6o		pending		
@kitchenAi04		pending		
@kitchenAI221		pending		
@kitchenaiapp		pending		
@KitchenAIArt		pending		
@Kitstory-l6h		pending		
@KitsuneAIMusic		pending		
@kitteenfamilyy		pending		
@kitten.Storys	UCIeZESv8skwy5Y0GJIwCqjQ	ok		kitten Storys
@kitten_mag	UCBUfK4Vn1sd7-q2p9k_fVLA	ok		Magic kitten
@kittenaiadventure	UCI01vkm8I8oWYPNuDRmF7Ng	ok		Cat AI Adventures
@kittencute786	UCj6gXzRszqO0rYcZM_kq-Fg	ok		kitten Cute
@KittenCuteness8713	UC0igyAEQKolwyUwks50Yrsw	ok		Kitten Cuteness
@kittenlifeee	UCRdYRK_TFpBTRSdWGI2ulUA	ok		Kitten Life
@kittens-i3i	UCyb-JmyJ1nKFIJ2qItnITuw	ok		ai kittens
@KittensAdventure-t8v		pending		
@KittensFarm-l6y		pending		
@kittenskiten	UCe-AFWsGDmFB69LeXcEZ-NQ	ok		Ai cat Story
@kittenstory1211	UCNN0XICv2v3KUljVkPl9tEw	ok		Kitten story
@KittenTales-x9g		pending		
@KittufoodAI		pending		
@kitty-r3b5j	UCf509r--GUwqND74bkmzUsg	ok		Kitty’s
@kitty-t3s4p	UCu9LwTRkGzllZaf4oX8_MGw	ok		kitty
@kitty.aiverse	UCzUXPX49rDDDB4tJXjAfoLg	ok		Kitty.AIverse
@kitty_cats_ai	UCT48LaT3e73aVHnD2IRJ4CA	ok		Kitty Ai
@kittyaistory6	UCEI-kjlOO5xYKGer7qToRKw	ok		Kitty Ai Story
@kittyandrabby		pending		
@kittycat-o9f	UC7cgO2I_ttaYZg5qU7BDfEA	ok		Kitty cat🐈
@kittycat-s2k	UCg225nFtmJ5zkuUGPQ_UC7Q	ok		Kittycat-s2k
@kittycatai-11	UCMxS0lqx-SfuROC2otzCvKQ	ok		Kitty cat AI
@kittycatsaistorys	UCbHxiwfvmFiktbZwFeu_kMw	ok		Kitty Cats AI Storys
@kittycatventures	UCTN8vdNYDZP43BJ-Qpn9Ejw	ok		Kitty Catventures
@KittyCraze-v4j		pending		
@kittydazzle1	UCDZ4F_NdKzwFyzMcKYMV5YQ	ok		Kitty Dazzle
@KittyFusionai1		pending		
@kittykitten-hm	UCqGy8jycpkUHV1fdUbmtsvA	ok		kitty kitten 🐾
@Kittykomedychronicleshow	UC62ioeOXXbuS_bHQ3DQ7d_Q	ok		Kitty komedy chronicles show
@kittykommotion	UCe_9qXnuVAKeJRQSBNJGZoA	ok		Kitty Kommotion
@kittylaughs24	UC6S4KlEkDTUK75WGZ59xOzQ	ok		KittyLaughs
@kittymeowmeowai	UC-0F8pbSXD5x0mxfioEJAqw	ok		Kitty Meowmeow AI
@kittypodcasts		pending		
@Kittys-sweet-BGM		pending		
@kittystoriesfun	UC8h2EXldrrL7unD-ilQLYwA	ok		Kitty Stories
@KittyTailss		pending		
@kittytalse	UCQdPlGVZDITiRpRPdkL_3xA	ok		KittyTalse03
@kittytots	UCv_ETrSQ2_IcgN_nLQQgS3Q	ok		Kitty Tots
@KittyTrails		pending		
@kittyVerse-729		pending		
@kivobee		pending		
@KiwiExplica		pending		
@KIZUKU_MUSIC		pending		
@kizzombie		pending		
@kjelloso-AI		pending		
@KK88-u5w		pending		
@kkalkkom_zip		pending		
@kkpa-v9w	UCPpKawUnKd4n7qligfO3x1w	ok		Kevin
@KlaserCountry		pending		
@KlausvomMetzgerblock		pending		
@Kling_ai		pending		
@klubgentlemanow		pending		
@KlubGentlemanów		pending		
@KLWARFRONT		pending		
@kmcclinton71		pending		
@Knabogit		pending		
@KnappExplains		pending		
@KnightlyNewsClips		pending		
@knights.of.the.revival		pending		
@KNmoneytalks		pending		
@KnockAIVideos		pending		
@KnowaBitMoreOfficial		pending		
@knowing_jep		pending		
@KnowledgeHubtv		pending		
@knowledgeisrandom74		pending		
@KnowSense01		pending		
@KnowTechGlobal		pending		
@Knowz7		pending		
@knugu_solov-inoiy		pending		
@KO-SHIKI		pending		
@kobee017		pending		
@KobiMusic-Software		pending		
@Kobinathmarak02		pending		
@KobiStorylabofficial		pending		
@kochansong		pending		
@kodilofi		pending		
@KodSiły		pending		
@KoenigderDramen		pending		
@Kofi_Ama26		pending		
@kofifolktalesss		pending		
@KohiReels		pending		
@koko_gpt	UCjzSVnUTv5c4UirjNRZxKKw	ok		KoKoGPT
@kokoradio25		pending		
@KolaDepth		pending		
@KolejOneNews		pending		
@kolimprintart		pending		
@Kolobokrodilsa		pending		
@Kombi26		pending		
@KomorebiSleep		pending		
@KompasFearsome		pending		
@KONGUNIVERSEAI		pending		
@konnybear		pending		
@KoopaKeys0000		pending		
@KooPsychology		pending		
@KopuzunTeli		pending		
@KoraWave-j4u		pending		
@Korea-Seolhwa		pending		
@KOREAAIBIBLE		pending		
@Korean-Mafiaworld		pending		
@KoreanFolktaleRadio		pending		
@KoreanHistoryTalesKR		pending		
@KoreanMafiaDog		pending		
@KoreanMafiaHeartStories		pending		
@KoreanStoryCorner		pending		
@KoreSession		pending		
@KorpiAI		pending		
@KorvenLine		pending		
@KoryoKeeper		pending		
@korzenumyslu		pending		
@KorzeńUmysłu		pending		
@koshikrenu610		pending		
@KOSLANS94		pending		
@kosmetykipodlupa		pending		
@KosmicznyAlarm		pending		
@kosmirex		pending		
@kosmischewellen		pending		
@KosmosBezGranic		pending		
@KotoStillness		pending		
@kowbojskamilosc		pending		
@KowbojskaMiłość		pending		
@koyuchi_ShamisenBeats		pending		
@kozmio		pending		
@kozmorecords		pending		
@kpop__core-h1x		pending		
@KpopDance-co1		pending		
@KPOPDHunter-e5r		pending		
@KpopFree23		pending		
@KpopNovellas		pending		
@kr_sora-k4e		pending		
@Kraina-h4e		pending		
@Kraken89Music		pending		
@KrakenHaul		pending		
@KrasnovMusic		pending		
@kratos67287		pending		
@Kraul_en_Clips		pending		
@KRB_761		pending		
@kreatif-s1n		pending		
@kreation_tv	UC1yxYiAT99KI4cAhYosLflw	ok		Kreation
@KreativReklame		pending		
@KreenToon		pending		
@KrimsonTheFox		pending		
@krisha2455		pending		
@Krishna-w9i6p		pending		
@krishnabhaktishorts02		pending		
@krishpatel123-ct	UCZsYW8WGIIbkg6K5IwPOmnQ	ok		CARTOON ZONES
@krishrock-b6u		pending		
@KristaAiverse		pending		
@Kristyaistories		pending		
@krisvstheworld		pending		
@kritzVyonera		pending		
@Kro.nl2000		pending		
@kROCKi1		pending		
@KronikiFrontu		pending		
@KronikiWielkich		pending		
@kronikizelaza		pending		
@KronikiŻelaza		pending		
@KROOVE_records		pending		
@Krounder		pending		
@KruStormAi		pending		
@Krynn0007		pending		
@kryptokonzil-podcast		pending		
@KrzykEpoki		pending		
@ksautoadventures		pending		
@KseniaKon_AI		pending		
@KsiazkaW3Minuty		pending		
@KSU-BRAIN.2.0		pending		
@ksu4000		pending		
@KTechVision-r8z		pending		
@KTNStory-f6b		pending		
@kubikmilk		pending		
@kuchu_puchu-p9f		pending		
@kumarhemlal69	UCuhXJCAWT1j6jRkJliJZVQQ	ok		Hemlal Kumar
@Kumarkant777		pending		
@Kundustudio		pending		
@Kuon9812		pending		
@KurisamiASMR		pending		
@Kurova2		pending		
@KurtCobainTheHiddenLegacy		pending		
@kushina_music		pending		
@kushnamusic		pending		
@kusto_music		pending		
@kutai-muzik		pending		
@kutai-müzik		pending		
@KutAIVideos		pending		
@kuusou_music		pending		
@KuwaitMoneyHub		pending		
@KuyaKiy		pending		
@Kuzniaumyslu2		pending		
@Kvasirson		pending		
@kvmamathareddy		pending		
@kwachistales		pending		
@KwantFizyka		pending		
@KwantowyOdkrywca		pending		
@kwebbelcop		pending		
@kwebbelkop		pending		
@KwebbelkopAI2.0		pending		
@KwentongPinoyTV13		pending		
@KWENTOTAYOPH		pending		
@Kweshfolktale2		pending		
@kweshstories		pending		
@KwinsAfricanFolktalestory		pending		
@KYD-3M		pending		
@KyleKabasares_PhD		pending		
@KYNGLS		pending		
@Kyoponchocom		pending		
@kyotoalleyjazz		pending		
@Kyoto雅		pending		
@KyricFinancial		pending		
@KyryloVolkov		pending		
@kyucchientruong-z7h		pending		
@kyukei_00		pending		
@kyviskz		pending		
@L-NERA		pending		
@l2dstudio		pending		
@L_MoneyStories		pending		
@la_sophia23		pending		
@LaBibliaRevela		pending		
@labintales		pending		
@lablife2026	UCar2eimCqSdmD1jvuEVjHAA	ok		AI SHORTS
@LabofDub		pending		
@LabofLife科学人生		pending		
@LaBondadReescrita		pending		
@LaborLegacies	UCwDaPMi_rYvs118OmNkccvg	ok		Labor Legacies
@LabubuVerse-v4n		pending		
@LabXIII		pending		
@LacasadelBL-f2d		pending		
@laclavedivina-f6t		pending		
@LaClaveDivina-o6b		pending		
@LaCosaEsSimple		pending		
@LadderTheoryREAL		pending		
@Ladenstarfish		pending		
@LadhaFilmsTv		pending		
@LaDolceMusica22		pending		
@ladydayaneluzdasilva4534		pending		
@LadyGenevieveStories		pending		
@ladypengy	UCZdVBF3Rl0OslZGgr09WiFA	ok		ladypengy
@ladysarisamusicai		pending		
@Ladyt_storytimehub		pending		
@lafabricadealvaro		pending		
@LaFabrikaAi		pending		
@laffertyyadira		pending		
@LaFrecuenciaSagrada		pending		
@lafuriadelabueloo		pending		
@lagrimasdehierro		pending		
@LaGrotteSilencieuse		pending		
@laguceriabubu	UCTWUbFqRwwS5maVf-VRIJDg	ok		AIautoshorts
@laidbackhobbych		pending		
@LailaMajnunOfficial		pending		
@LaLeLoBard		pending		
@LaLeydelInvisible		pending		
@lalsaha123	UCbSWnDGKluS2vkEv96BvsZQ	ok		work & gaming
@lamentedeldinero-x3h		pending		
@LaMentePersuasiva		pending		
@LaMenteQueOcultas		pending		
@lampheart.studio		pending		
@LampoftheHeart-x4b		pending		
@Lampoonery		pending		
@lamrumbaofficial		pending		
@LandSchicksale		pending		
@langcat	UCzuswSXDB4bmQF8e_qQVJkQ	ok		LangCat
@LangitAminor		pending		
@lanser9407		pending		
@lanskiebaldemor		pending		
@LanternandLegend		pending		
@lanternliving-f5b		pending		
@lanternroomstories-l6q		pending		
@LanternwoodMusic		pending		
@laoliushuoshi		pending		
@LaPalmaVisible		pending		
@Lapse-bgm		pending		
@larasafrokoreanstories		pending		
@larefvlog		pending		
@LarissaHFY	UCpUQZf0uI8XCosJnM0wpEiw	ok		Larissa HFY
@larrycashmode		pending		
@LARRYSURVIVOR		pending		
@larrytrustee		pending		
@lasaladelanalisis		pending		
@LaSaladelAnálisis		pending		
@lasaladelavenganza-1		pending		
@LasCronicasBelicas		pending		
@LaserRustHFY	UCFJ7D5utfnNYH7IEAYdq59g	ok		LaserRust HFY
@lasichi		pending		
@Lastbreath33-z		pending		
@LastChanceIsToday		pending		
@LastconfessionStudio		pending		
@LastDuckStanding		pending		
@LastEchoWar		pending		
@LastingWisdom-US		pending		
@LastManHFY		pending		
@LastNightSessions		pending		
@lastquestionai		pending		
@LASTSCENEAI		pending		
@lastseatjazz		pending		
@LASTV86		pending		
@LastVoice48		pending		
@LastWordsYouTube		pending		
@LaSuaStoria		pending		
@LasVegasDecoded		pending		
@LatarniaHistorii		pending		
@Late-NightLegends		pending		
@Late_Science		pending		
@LatemEkonomi		pending		
@latenight_science		pending		
@LateNightArgument		pending		
@latenightjazz6868		pending		
@LateNightReport-u6m		pending		
@LatentDiffusion		pending		
@LatentHarmony		pending		
@LatentStory		pending		
@latestfolktalesbyhannah		pending		
@LatestMovieRecaps-x8s		pending		
@LATESTNEWSBLASTER		pending		
@latestnewstvofficial		pending		
@LatestTrend-e9k		pending		
@LatestTrendsWithGemini		pending		
@latinomix7		pending		
@Latitude-Tales		pending		
@laucam.studio		pending		
@lauda-archiv		pending		
@Laugh2cry	UCuKCXDQRnQrWFOini-24Yrg	ok		Laugh2cry
@laughbellofficial	UCxE9vLkG-cKAOw-uSrK89pw	ok		Laughbell
@laughctrete		pending		
@LaughingPawsHD	UC_Z-A84u3goLgZ3F7J1mBmA	ok		Laughing Paws HD
@LaughLearnAIStories		pending		
@LaughLoop-m6l		pending		
@laughplanett-d8w		pending		
@laughplug254		pending		
@laughriot68		pending		
@laughterzone-2.0		pending		
@laughwithvenkey		pending		
@lava_lab		pending		
@LavaBites-i6p		pending		
@LavaCreations2026		pending		
@lavenderdiaries-1111		pending		
@lavenderstoriesthatheal		pending		
@LAVENO1		pending		
@LaVerdaddeCarlos-e5r		pending		
@LaVidaVictoriana		pending		
@lavinyls		pending		
@LavishKumar-c1g		pending		
@LaVoixdeParis-x9r		pending		
@LaVozdelosAncestross		pending		
@LawCaliber		pending		
@LawfulForceCOPSCAM		pending		
@LawJusticeStories		pending		
@LawnAngels-e2f		pending		
@LawrenciaStories		pending		
@LAYOTELLS		pending		
@LazyBluesGuitar		pending		
@lazycatroomstudio		pending		
@LazyChillHistory		pending		
@lazydays-yurunichijyou	UCCXyqGH-lggKQTrWAx0Au5w	ok		LAZY DAYS ーゆる日常ー
@Lazygardener-t8u		pending		
@LazyMonkeyEconomics		pending		
@lbiskiss3		pending		
@LC666ManhwaRecap		pending		
@ldkmoments88		pending		
@LDS_ai		pending		
@LeaderSpeeches		pending		
@leafdeepfocus		pending		
@Learn_With_Chigozie		pending		
@LearnAiWithNakshatra		pending		
@LearnAIwithRitika		pending		
@LearnBright		pending		
@learnexploregrowofficial		pending		
@learnhistorysimply		pending		
@Learnify_Tech		pending		
@Learning-r2p		pending		
@LearningAnimalswithAI		pending		
@LearningPines		pending		
@learnlib		pending		
@learnthemachines		pending		
@LearnwithCeecee		pending		
@LearnwithCompow		pending		
@LearnwithEmnet		pending		
@LearnWithFeynman		pending		
@LearnwithFun1099		pending		
@LearnwithLEESI		pending		
@LearnwithSkyofficial		pending		
@LEATALES		pending		
@LeatherLies		pending		
@LeavemealoneIamRelaxing		pending		
@LeCafeParis-j4u		pending		
@Lecciones_Ocultas		pending		
@LeccionesdeVida11		pending		
@lee_hwang0827		pending		
@Leearmar		pending		
@leedudek		pending		
@leenorthequeenofai		pending		
@LeezyanFinance		pending		
@LegaciesoftheMultiverse		pending		
@legacyfinance1		pending		
@LegacyLines-d4t		pending		
@legacylooprip		pending		
@LegacyMotoring		pending		
@LegacyofHumanityt		pending		
@LegacyofRichStories		pending		
@legacyofrome7		pending		
@legacyofvalor_45	UC8Y0rqFgprlj7hA_P8mujVA	ok		Legacy of Valor
@LegacyRapVault		pending		
@LegacySwitchStories		pending		
@LegacyTales3		pending		
@LegacyUnfold-o9e		pending		
@LegacyUntold-g9e		pending		
@LegacyUntold-v6d		pending		
@legadosocultos-w6k		pending		
@LegalAffairsNetwork		pending		
@LEGALEXPOSUR3		pending		
@legend.era2		pending		
@LegendaryLives-f3d		pending		
@legendarynhls	UCqbkYM_DVIr_BeKb8_7J1tA	ok		legendary tennis
@legendarystories_yt		pending		
@LegendsbytheFire-j6b		pending		
@LegendSeeker-z4u		pending		
@LegendsforSleepStories		pending		
@legendsinsong		pending		
@LegendsMelodies		pending		
@legendsnight-c9p		pending		
@legendsofcommand-o8d	UC42HgnDKiYhEHU2mUkh18TQ	ok		Monsters of History
@legendsoflove2		pending		
@legendsreimagined13		pending		
@LegendsUncovered-Us		pending		
@LegendsWeLost-w9t		pending		
@LegendsWhispersbytheFire		pending		
@LegendToon-l7o		pending		
@LegendverseAI10		pending		
@LegendX-s3h		pending		
@LegenFyt		pending		
@legin3		pending		
@LegionKrwi		pending		
@LEGOBibleAdventures		pending		
@LEGOLifeMachines		pending		
@legoutdelaprovince		pending		
@LeGoûtdelaProvince		pending		
@LeilaniRamiriz		pending		
@leilanstories		pending		
@LeiluRedacted		pending		
@leisure_dept		pending		
@leixinvibes	UCGLzKUQN-6gr8LpxoSwZntw	ok		Ashleel Raja
@lekahil		pending		
@Lemon-AI-ASMR		pending		
@lenaparker-q2o		pending		
@LenaStoryUs		pending		
@LenaToons		pending		
@lendingacaringhand		pending		
@leng12		pending		
@LENIELASAFRITALES		pending		
@LennyInTech		pending		
@LensChrono		pending		
@LensHistory		pending		
@Lenversdupassé		pending		
@LeoDogGuy		pending		
@leofarmus		pending		
@LeoHannahBibleStories		pending		
@leoknight4842		pending		
@LeonEvelakesAiBs		pending		
@LeonKennedyASMR		pending		
@LeoOfficeRevenge		pending		
@LeosManhwa		pending		
@leostar-t2k	UCw8s2Xt92WNZb1mNbz-TiEw	ok		Meowgical Clips AI
@leosynthess		pending		
@LeoThearter888		pending		
@leougc		pending		
@Leoyang8509		pending		
@LeoZodiacPower		pending		
@Lepreezy		pending		
@LepszeHity		pending		
@les-annees-davant		pending		
@LeScribeDeLhistoire		pending		
@LesGrandsEmpiresduMonde		pending		
@LesSecretsdesCivilisations		pending		
@LessonsFromLongLife		pending		
@lessonslearnedtoolate		pending		
@Let-Me-Tell		pending		
@LetANonagon		pending		
@LeTechDaily		pending		
@letitgovancky		pending		
@letsreewind		pending		
@letstalkfaithnow		pending		
@LetSteveExplain		pending		
@LetsUncover		pending		
@letters.to.myself_in		pending		
@LettersFromTheHeartStudio		pending		
@LettersSent		pending		
@letterswrittenwithtears		pending		
@LetTour360Travel		pending		
@leuleth		pending		
@levelhigher		pending		
@LevelLore-f6z6q		pending		
@LevelLoreYT		pending		
@LevelUpBeats-s9m		pending		
@LevelupwithBlessing		pending		
@LevelZero-w6o		pending		
@LexingtonScoopCo		pending		
@lexopulse		pending		
@Lexx_Cloud		pending		
@LeyendasDelRing-c7j		pending		
@lfkaiju		pending		
@LGMUSSound		pending		
@lgx-g1l		pending		
@LHistoireReveillee		pending		
@LiaCarmensi		pending		
@LiamCarterEnigma		pending		
@LiamPorterai		pending		
@libertadeconomicatv		pending		
@LibertadEconómicaTV		pending		
@liberty_narratives		pending		
@libraryofterence	UCr3l94Qiju7dZNztzJR9ZEg	ok		Terence Fung - My Small Library in 3D
@LibraryofThoth		pending		
@LibroEstoico-YT		pending		
@LicbeAIMedia		pending		
@LichterderHoffnung		pending		
@lida4ever		pending		
@LidiAI-Stories		pending		
@Lidori-n5n		pending		
@LiebeundPsychologie		pending		
@liesafterdark-1		pending		
@life-lenses		pending		
@life-with-lida		pending		
@Life_By_Rank		pending		
@life_diary16		pending		
@Life_in_koreya		pending		
@Life_On_Mars_AI		pending		
@lifeafter700		pending		
@LifeasEveryRole		pending		
@LifeAtEvery-Level		pending		
@LifeBeyondRoots		pending		
@Lifecanvasstories		pending		
@LifeExplains-1		pending		
@LifegateAfricantales		pending		
@LifeHub-z2h		pending		
@LifeinMotionAiStories		pending		
@LifeinPOV-b8l		pending		
@LifeLens-Military		pending		
@lifelessons-g8e		pending		
@LifeLessonsLibrary-p5f		pending		
@Lifelinecorner		pending		
@LifeLoveConsequences		pending		
@Lifeofinsects123		pending		
@LifeofLoveStories		pending		
@lifeofnemi		pending		
@lifeofthemilo		pending		
@liferank_pov		pending		
@LifeScriptsStories		pending		
@LifesLesson4u		pending		
@LifeStoryIrum		pending		
@LifeStoryLounge-l9m		pending		
@LifeStoryPodcast-2		pending		
@LifeStyleOnTheGoEnglish		pending		
@LIFETALES-l9z		pending		
@LIFETIMEGAMING4		pending		
@LifeTwistStories-v5jh		pending		
@lifewellloved365		pending		
@lifewith-u9f		pending		
@lifewithann1016		pending		
@LifeWorthLivings	UCjGdOsazaxARHxFhVaiBJDw	ok		LifeWorthLiving
@Light_Faith_nhk		pending		
@Light_in_Christ		pending		
@lightbearernetwork		pending		
@lightedtalestv		pending		
@lightningStrike_ai		pending		
@LightofChrist-1111		pending		
@LightofFaith-u2d		pending		
@LightofJesus-j1r		pending		
@LightoftheWord-x6z		pending		
@lightsoninvest		pending		
@LightStories-S3		pending		
@LightyearAnime		pending		
@LilaromanceStories		pending		
@lilcraftygenius		pending		
@LilianEgwa		pending		
@liliytales		pending		
@LillianDavisTV		pending		
@LillianDavisUS		pending		
@lillianvalentina77	UCr5mqMJA27UGzA9kDI_2_kg	ok		LillianValentina77
@Lilychanson		pending		
@LilyDiaries_01		pending		
@LilySecretStories-r2i		pending		
@LilysStories-i7l		pending		
@LilytaChannel		pending		
@lilytales123		pending		
@LilyVideoAi	UCCtMc5j48LzLOQH3DIZMlxg	ok		Lily Video AI
@lilywritesstuff		pending		
@limencore		pending		
@liminalityShortz		pending		
@LiminalPhate		pending		
@LiminalSpaceMuzic		pending		
@LiminalStages		pending		
@liminaltech_y2k		pending		
@limliAI		pending		
@LimoOfficialMusic		pending		
@Linas-Love-Stories		pending		
@linasromantasycollection		pending		
@Line45_		pending		
@LineCraft3.0		pending		
@linestodesigns		pending		
@lingua.mediaa		pending		
@linhnguyen-du2ib		pending		
@LiniaPekniecia		pending		
@LinkenelBardo		pending		
@linuxaibyadnan		pending		
@LinuxAIbymazhar		pending		
@linuxaistudio		pending		
@linuxaistudios		pending		
@Linuxbyurooj		pending		
@LinuxPowerAI		pending		
@LinuxTechAI		pending		
@liongameplay-px5if		pending		
@LionHeartAfricanFolktales		pending		
@LionheartReggae-DK		pending		
@LioraAIWorlds		pending		
@Lioukx7		pending		
@LipsLies		pending		
@lipunbanchhor-j5m	UCaLiQnBWLjkXbDKZz9mbnvg	ok		aishort video
@LiquidDunes		pending		
@LiquidMemory-x1r		pending		
@liquidmind		pending		
@LiquidNeko		pending		
@LiraAIASMR		pending		
@lisaingquran22		pending		
@LisaInvest		pending		
@LisaRomanceTales		pending		
@Lisasromancelibrary4-y4o		pending		
@LisaTales-b2z		pending		
@Lisette-o6u		pending		
@LisiaNora0		pending		
@ListentoTales247		pending		
@LitanyOfIgnition		pending		
@Literaturein60seconds	UCPQ99BTv8-lxef2YVoO4r9Q	ok		Literature in 60 seconds
@littechefmice		pending		
@little-lofi-panda		pending		
@little.ai.world_07		pending		
@little.dancing01	UCEa0meM9BWaej3sKeD45c_Q	ok		Little Dancing 01
@little.kattycat	UCRcMT4Zm2gyPvcBU-L2-xEw	ok		Little Katty Cat
@little_cheif.ratatouille		pending		
@little_soul		pending		
@LittleAbihaToons		pending		
@littleadventurekid3.0		pending		
@littleafricantales1		pending		
@LittleAILearners666		pending		
@littlealivestudio1		pending		
@littlecatloverss	UCGVVfmbfaYgxIXl2kV5N25A	ok		Littlecatloverss
@littlecatstoryyy		pending		
@littlechefsai		pending		
@LittleChefStories-26		pending		
@littledevilworld		pending		
@littledreamversekids		pending		
@littlefairy-c7k	UCh2J0JpH8IBilcFRl3YBGeg	ok		little fairy
@littlefeetbeats-ppm	UCrT3GZeRYaSQvi0SQndDreg	ok		Little Feet Beats
@littlefoodies87		pending		
@littlefoodstudio2026		pending		
@LittleHorizonsRhymes		pending		
@LittleJesusSongs-q9j		pending		
@littlejoytv000		pending		
@littlekindness123		pending		
@littlekittenfriends		pending		
@littlekitty-1998	UCOUUzilAuTe2NqYh__M2a5Q	ok		Little Kitty
@LittleLesson-k4b		pending		
@LittleLife_frames		pending		
@littlelightsforjesus-l5o	UCaRithbojAWE1n_6mjXXmLQ	ok		Little Lights for Jesus
@LittleLumosTube		pending		
@LittleMan-x5x	UC48V8wcQywW55ilsrr4b9Kg	ok		Little Man
@littlemelodytalestv		pending		
@littlemeow06	UCEL3zRRSjyZrK-H0Y0AJ4Zg	ok		little meow
@littlemonk8m		pending		
@LittlePaw888		pending		
@littlepawbigpaw		pending		
@littlepenguinacademy	UCksTHo6ayhZ5EHpdJu4Mgbw	ok		Little Penguin Academy
@littlepenguinmoments	UCL2t47-HtddY83LNRuoykEA	ok		Little Penguin Moments
@LittlePetsKingdom-t3o		pending		
@Littlephonghing		pending		
@LittleSoulStories-s8g		pending		
@LittleStar3DAI		pending		
@littlestillstudio		pending		
@LittleStoriesAI		pending		
@littlestorypages-c9i		pending		
@littletaco567_sab		pending		
@LittleThing_moment		pending		
@littletrumpcartoons		pending		
@littlewaddle	UCQj1zGpVAicTqh8_N6f3qhw	ok		Little Waddle
@littleworldanimation1		pending		
@live.love.stories		pending		
@LiveActionCartoonTrailers		pending		
@liveb		pending		
@Livecaughtai		pending		
@livedfilms		pending		
@LiveLeaked2		pending		
@LivesatWW2		pending		
@LivesBeforeOurs		pending		
@LiveWeatherReport-l9z		pending		
@livin_in_Japantv		pending		
@LivingAIUniverse		pending		
@LivingHistoryShorts		pending		
@livingmythology1405		pending		
@LivingStoriesago		pending		
@LivingThroughLove-z5t		pending		
@LivingWithTatiana		pending		
@LivingwithWisdom6070		pending		
@LivRecaps		pending		
@LixiaLuo-e4m		pending		
@LiyanaFemme		pending		
@Lizshortfilm4u		pending		
@lizzytales-official		pending		
@ljfrdoesugc		pending		
@LLe-9999		pending		
@Lluctyrson		pending		
@lmckidstv		pending		
@LMCOOKINGASMR		pending		
@lnsscutecatai	UCdLtn43LNQFbXeTV3pUlNkQ	ok		LNSS cute cat ai
@lo-fi-rock-metal	UCWKJuQKakPhEwUNFvLW5FMg	ok		Lo-Fi Rock-Metal
@Lo-Fi-SerenityChannel		pending		
@Lo-Fi_Mellow_Cafe		pending		
@lo-fimusic7851		pending		
@LOAF.SOUNDS		pending		
@LobotomySoundRecords		pending		
@LockedBeatsmusic		pending		
@lockedRecap		pending		
@Locketledger		pending		
@LocomotiveGeek		pending		
@LocumIntegration		pending		
@LodiBotPH	UCirmnX3lvXmhQTvAaJMvM1Q	ok		LodiBot PH
@LodowaHistoria		pending		
@lofai33		pending		
@LoFi-Node		pending		
@lofi_bloomroom		pending		
@lofi_cafe_s2		pending		
@lofi_cozy_vibes.		pending		
@lofi_intheworld		pending		
@Lofi_JapanDreams		pending		
@lofi_metal		pending		
@lofi_pot		pending		
@Lofi_REWIND		pending		
@LoFi_TOKYOCITY		pending		
@LofiAilurophile-lq4oi		pending		
@lofiatmoslab		pending		
@lofibeatbluey		pending		
@lofibeatsboy444		pending		
@LofiBreeze-Music		pending		
@loficafeteria		pending		
@loficatpremium		pending		
@LofiDream-ytb		pending		
@LofiDrift-f5u		pending		
@lofiduck_		pending		
@LofiDudeMusic		pending		
@LoFiFiLoMusic		pending		
@lofigrizzly		pending		
@lofihood369		pending		
@lofiinreallife		pending		
@LofiJazz-97		pending		
@LofiJazzCafe-jp		pending		
@Lofijunglebeats		pending		
@lofikeepyousafe		pending		
@LofiKomorebi		pending		
@LoFiLoura		pending		
@lofimusic-i3b		pending		
@LofiNightBeats-e5j		pending		
@lofinightcalm		pending		
@lofiondo		pending		
@LofiPicture		pending		
@Lofiradiochillstation		pending		
@LofiRainGlow		pending		
@lofiroomst		pending		
@LofiSeminar		pending		
@LofiSignalFM		pending		
@LofiTokyoDreamsOfficial		pending		
@lofitone-q3f		pending		
@LoFiTunesEscapes		pending		
@LoFiVanSoul		pending		
@LofiZenSpot		pending		
@lofizoociety		pending		
@Logan-83x		pending		
@LoganMurry		pending		
@LogicallyAnswered		pending		
@LogicalMoney72		pending		
@LogicalWealth-x7p		pending		
@LogikaBisnisID		pending		
@logikaciala		pending		
@LogikaCiała		pending		
@Logivexchain		pending		
@LOGOLANDA.I		pending		
@logsecreto		pending		
@LOLgorithm-clips		pending		
@LoliiDrama365		pending		
@Lolitacercel		pending		
@LOLOTICAStories		pending		
@lolysasmr1		pending		
@LOmbredesEmpires		pending		
@lomnastudio		pending		
@lomondoremon-j4m		pending		
@londonliveson		pending		
@lonecolonist1		pending		
@LonelinessLiminals		pending		
@LonelionZK		pending		
@LonelyBlueNotes		pending		
@LonelyGentlemanBlues		pending		
@LonelyShelter		pending		
@LoneRiderChronicles-CM		pending		
@Lonescapessci-fi		pending		
@LoneStarShadows		pending		
@Long_Night_Tales		pending		
@long_story99		pending		
@LongsongUbonRatchathani		pending		
@longstormjones		pending		
@lookhere32		pending		
@Loomee0		pending		
@loomroomsounds		pending		
@LoonyThrone		pending		
@loopersday		pending		
@loqueestaescritobiblia		pending		
@loquenoseve15		pending		
@LoQueSomos-es		pending		
@loran-ai10	UCBK_x-6DuHw15tjV26S4XZw	ok		Loran AI
@lordcats90	UCh9-OIAaqJVVUmcrL2eL6cg	ok		Cats Short Vids
@Lordpecalon		pending		
@lords_light01	UCA6n1JBXTWc9-PM5MNsR5Qg	ok		Lord’s_LightAI
@LordsAndDukes		pending		
@LordsandGods		pending		
@Lore2Life		pending		
@lore2RPG		pending		
@LOREFRAMEAI-p3k		pending		
@LoreinSeconds	UCdK4kYxxc41wOroNm4AJF-g	ok		Lore in Seconds
@LorekeeperAudio		pending		
@LoreLockdown1		pending		
@lorenzoarens		pending		
@lorenzobettoli1202		pending		
@LoreSleepStories		pending		
@LoreSnapMovie		pending		
@LoreSpillr1		pending		
@Lorethica-f6h		pending		
@LoriHeder		pending		
@lorine001		pending		
@Lorkuluptv		pending		
@loromusic1		pending		
@LOSDOCUMENTALES1		pending		
@losEnigmasdelTiempo		pending		
@Lost-Factory-Archives		pending		
@Lost_Holocrons		pending		
@Lost_UK		pending		
@LostAeon		pending		
@LostAeonOfficial		pending		
@LostAIHistory4		pending		
@LostAILegends		pending		
@lostamericanhistory		pending		
@LostAmericanMemories		pending		
@LostAndForgottenPlaces		pending		
@LostArchiveofficial		pending		
@Lostarchivesai		pending		
@LostBibleSecrets		pending		
@LostBuildArchivez		pending		
@LostCanadianMemories		pending		
@LostCivilizationsNordic		pending		
@LostCodexOfficial		pending		
@LostContine		pending		
@LostFootageArchiveOfficial		pending		
@LostGenre		pending		
@LostGrandeurUK		pending		
@LostHeartWhispers		pending		
@LostHope-y1p		pending		
@lostinbritain1975	UCkVg5yKRl48whhhOfCHSdrA	ok		LostInBritain
@LostInTimeStory		pending		
@lostlegacyfiles-llf		pending		
@LostLegendsVault		pending		
@LostLore1		pending		
@lostmemory.mp3		pending		
@LostMethodsArchive		pending		
@LostPlantRemedies		pending		
@LostRealmsAi_ai		pending		
@Lostrealmsstudio-b2v		pending		
@LostRecords22		pending		
@LostReggaeFromZion		pending		
@lostsignal.mp3		pending		
@LosybezMasek		pending		
@loteriadiariomx		pending		
@Lotixio		pending		
@LotusEchoMix		pending		
@LouisFournie-b1b		pending		
@LouisGrandesVilles		pending		
@LounaRomanceCollections		pending		
@Lounge4ever		pending		
@LoungeMusicChannel		pending		
@Love_BeyondBorders		pending		
@Love_TalesYT		pending		
@loveai007		pending		
@loveandfreedompath		pending		
@loveandleveragestories		pending		
@LoveandLiesDadStories21		pending		
@LoveAndLogic-v1		pending		
@LoveAnimeRecap-v6m		pending		
@loveanti-p5b	UCDzN01EQ__hIeHWwnMhrfGg	ok		Ammanda & Alfie
@LoveBeyondColor-us		pending		
@Lovebeyondmidnighhtt		pending		
@LoveBeyondThePorch		pending		
@LoveBoss-g7z		pending		
@LoveCoupleTales1		pending		
@LoveDadStories		pending		
@lovedeathnanoverse		pending		
@LoveDestinyRevealss		pending		
@LoveDiaries-g4c		pending		
@LoveDiary99		pending		
@LoveDrama-r6q		pending		
@LoveDramaHub-j1s		pending		
@LoveDreamASMR1		pending		
@LoveFallout969		pending		
@LoveFrameAI-t3u		pending		
@LoveHubbyMagdaKay		pending		
@LoveinLifeStories		pending		
@LoveKillsChannel		pending		
@LoveMessengerMusic		pending		
@LoventoFilms	UCI3-YbYcx-rfnQjwU9P9fwg	ok		Lovento Films
@LovePetalsStories		pending		
@LoveReel-L		pending		
@LoveRevengeDrama-z8v		pending		
@LOVEROMANCEMUSIC		pending		
@LoversArchive-w8e		pending		
@LoversEcho23		pending		
@loverumi-2q		pending		
@lovesinhistory	UCI8uF89T7ZH7Vum9UZPbXjg	ok		loves in history
@LovesJesusVideos		pending		
@LoveSongsCollection_lil68		pending		
@lovesongsmelody_6868		pending		
@lovesportsmovie		pending		
@Lovestoriesaroundtheworld		pending		
@lovestoriesspace		pending		
@LoveStoryAIMovies		pending		
@lovestoryDeessencetv		pending		
@LovesVibeSounds		pending		
@LoveTruth03		pending		
@LoveVerse-AI-1127		pending		
@LoveVerseStories-x1t		pending		
@loveycats3256	UCst9NK1MqP2lkAKcYp-4fbQ	ok		AI Cat Shorts
@LovingDadStories		pending		
@LovingKingdoms		pending		
@LovingSoulStories		pending		
@lovingUK1		pending		
@lovingukH		pending		
@LovingVoices-m3s		pending		
@lovyromance		pending		
@lowkeyai		pending		
@lowkeyambient		pending		
@lowkeynpcexplainsYT		pending		
@LowPolyDreams64		pending		
@lowtechgrandma		pending		
@LowVolumeCapital		pending		
@LoyaltyOfAngels	UCrZl0UIjZNBEy_k0ECHzobw	ok		Loyalty Of Angels
@lp35789		pending		
@lryyhann		pending		
@LSHMusicAI		pending		
@lsinforma		pending		
@ltahiran-ai		pending		
@LTDesign97		pending		
@lu.lueffects		pending		
@luansvillagelife		pending		
@luatcoldly8883	UCqUNnRtkIzzzAozf9MyMyiQ	ok		HVL stories tv
@lucaasmr-1		pending		
@Lucas_Opinion		pending		
@lucasaiacademy		pending		
@LucasAII		pending		
@LucasAIStudio		pending		
@LucasBiblicalOriginsCinema		pending		
@LucasGrant-usa		pending		
@LucasHarlan-t1k		pending		
@Lucaswatch		pending		
@Lucerna_Harmonia		pending		
@luchys_Storytime		pending		
@LuciaTeikarawa		pending		
@LuciaTravelAI		pending		
@LucidRevenge-k9i		pending		
@Lucidrift_mp3		pending		
@LUCIDVFX-w3z		pending		
@LucienValeStories		pending		
@Lucifer_Ai_Edits		pending		
@LuckArs		pending		
@lucky_reddit_story_12	UCg04RnaRrJ3ajylgNHJm-VQ	ok		USA PUBLIC CHANNAL
@LuckyCat-x6y		pending		
@luckycoincidences		pending		
@LuckyDuckyParadise		pending		
@LuckyGirl-r9n		pending		
@LuckyHop88		pending		
@LUCKYJOESPH80		pending		
@luckystorieshub-o5g		pending		
@LuckyWithfinance		pending		
@LucrativeCreativityAI		pending		
@LucydLoopASMR		pending		
@LucyLorthobrok		pending		
@lucymeowqt	UCiba9G1AFOuJzfbhke02aew	ok		Lucy Meow
@LucíadelCorazón		pending		
@ludovitnastisin		pending		
@LudzkieLegendy		pending		
@luffychillmusic		pending		
@LugiaMedia2003		pending		
@luigtiberi		pending		
@luincelticmusic		pending		
@LuioAI		pending		
@LuizaaoAIMovie		pending		
@luizahafner		pending		
@lullabands		pending		
@lulufolktale		pending		
@luluofficial22		pending		
@LULUstories49		pending		
@luma_baby_vlog		pending		
@lumaaistories	UCXhjqIZGvEgO6tayWCV3FXg	ok		Luma ai stories
@LumaBeatsStreet		pending		
@LumaNoir		pending		
@lume-channel	UCRMHn-rak9qpukKv4-r8G5w	ok		Lume
@LumeMatrix		pending		
@lumencityAIdrama		pending		
@LumenTheoryTv		pending		
@lumentry		pending		
@lumeosBB		pending		
@LumeStories3		pending		
@LumiBaby-baby		pending		
@Lumicus-yt		pending		
@lumimusic.official		pending		
@Luminae_Official-s9t		pending		
@LuminaEcholeaders		pending		
@LuminaSqueezeStudio		pending		
@luminastories-s6w		pending		
@LUMINASTUDIO3		pending		
@LumineBeatsz		pending		
@luminescencehere		pending		
@LuminexCreative		pending		
@LuminoxTerritory		pending		
@LuminoxZenith13		pending		
@LumioseSage		pending		
@LumiVale_Stories		pending		
@LumivaleStudio-c7b		pending		
@LumiYing		pending		
@lumora9800		pending		
@LumoraAIASMR		pending		
@LumoraDrama-m7k		pending		
@LUMOSCURIA		pending		
@LumosManhwaRecap		pending		
@lumynorofficial		pending		
@Lumz-Cinema		pending		
@Luna-AI-ASMR		pending		
@LunaAIArtStudio		pending		
@LunaCozyForest		pending		
@LunadeAmoreRiviera		pending		
@LunaEnyaCollection		pending		
@LunaGLHeat		pending		
@lunaitsme_official		pending		
@lunaqueen-91		pending		
@lunara_music-u6i		pending		
@lunara_vibes_official		pending		
@LunarLore-v7m		pending		
@LunasRomance		pending		
@lunasstories-n8r	UC5JrdXWIRtFqqvkK9nf2qcQ	ok		Luna’s Stories
@LunaTales-k6g		pending		
@LunaTokiTimeTraveler		pending		
@LunaTunes-i3p		pending		
@LunaVincentMusic		pending		
@LunaWisdomTale		pending		
@LUNEXIQ		pending		
@LunveilRomance		pending		
@LupinLabb		pending		
@Luqivasheep		pending		
@LuqmanAutomation-e5v		pending		
@Lush_Sounds_ASMR		pending		
@LushLiquidDnB		pending		
@LustDeep		pending		
@LutoifatTales		pending		
@luvrgrlmusic		pending		
@LuvsStories	UCycmwhS5HvsWWF-i7Ii9xtA	ok		Luv's Stories
@LuwengelaMartis-s2g		pending		
@luxautox		pending		
@LuxeChillout		pending		
@LuxeDriveReview		pending		
@LuxeLoveLab		pending		
@LuxeSecrets-v1o		pending		
@luxetnoxinvictus		pending		
@LuxeWavezRecords		pending		
@luxoranoir		pending		
@luxsio.official		pending		
@LuxuryCars-x9v		pending		
@LuxuryMaldives		pending		
@LuxuryManufacturing		pending		
@LuxuryRebuilds-u7c		pending		
@LuxurySecret-772		pending		
@Luzdeesperanza_TV		pending		
@LWTWildlife		pending		
@lycador		pending		
@lyfonova		missing		
@lyg-animation		pending		
@LymaEv2e		pending		
@Lynkvero		pending		
@LyraAIDrama		pending		
@lyrafizz		pending		
@LyraLane		pending		
@lyrastrings.celticmusic		pending		
@LyraStrings·CelticMusic		pending		
@LyraVesperi	UCyKMXQn_Wd43N8mU9Nb7-5w	ok		Lyra Vesperi
@lyricalvibetunes		pending		
@LyricCliff		pending		
@LyricLabNation		pending		
@Lyricshubb		pending		
@lyricvibe-c6z		pending		
@Lyriholic		pending		
@LyriqTunes		pending		
@lyvarisai		pending		
@LágrimasdeHierro		pending		
@LúinCelticMusic		pending		
@LúinCelticMusicENG		pending		
@M-Drama-i5g		pending		
@M.M_Learn		pending		
@m.o.music-jp		pending		
@M.OStoriesOfficial		pending		
@M.R.deSamson		pending		
@m2ai-mad	UCpnLagEqunPdlDgw9QvSI4g	ok		M2 ai
@M33kafrictales		pending		
@M3m3KING1		pending		
@M4-v-v		pending		
@M4KChannel		pending		
@m_ai_academy		pending		
@M_D_R_L_AI_ART		pending		
@maahenewaa		pending		
@macaroff01		pending		
@MachiavellianStoicism		pending		
@MachiavelliBezCenzury		pending		
@Machiavelliwisdom		pending		
@machidamusic		pending		
@Machine-View-yt		pending		
@MachineEye		pending		
@machinekind-u6l		pending		
@machinekindx		pending		
@MachineSoulCollective		pending		
@MachineSquadMS		pending		
@MackExplains7		pending		
@macon5636		pending		
@MacProTexts-l6w		pending		
@MacroCurrency		pending		
@MacroCurrencySignal	UCsveQfVifpSEdnHwb3XHEfw	ok		Macro Currency Signal
@MacroFinanceExplained		pending		
@macrofold		pending		
@MacroGardenAI		pending		
@MacroGlitch		pending		
@MacroHistoryReal		pending		
@MacroIntelligenceHub		pending		
@MacroLens-d2s		pending		
@MacroMechanics-x1n		pending		
@macronest-j3g		pending		
@MacroShieldMethod		pending		
@MacroSignal-inc		pending		
@Macrosignallive		pending		
@MacrovaultAU		pending		
@mad_lab		pending		
@maddarkk		pending		
@maddownavy2026usa		pending		
@made.simplewithai		pending		
@madebyaistudio		pending		
@MadeInHistory		pending		
@MadeMenFiles		pending		
@madeonwallstreetUS		pending		
@MadeThisAI		pending		
@MadeVision-TV		pending		
@MadeX-z8q		pending		
@Madhuz_Kitchen		pending		
@MadmamFLAGS		pending		
@madoromiwagaku		pending		
@madpeoplemadlook1		pending		
@MADRASOWAPL		pending		
@MadsonBrief		pending		
@MaeHolloway-w3n		pending		
@MaelstromTales-y3m		pending		
@maestosorealm		pending		
@Maestro_Enigma		pending		
@MaestroEstoico_77		pending		
@Mafia-Love-Stories		pending		
@Mafia-Syndicate6368		pending		
@Mafia.Romance.Stories		pending		
@MafiaBoss-e4f		pending		
@MafiaBossLoveStoryy		pending		
@MafiaDarkRomance		pending		
@MafiaDiariesUntold		pending		
@MafiaHeartStories-r6b		pending		
@MafiaLegenden		pending		
@MafiaLoveStoriesyt		pending		
@MafiaMeetsCurves		pending		
@mafiamodeempire		pending		
@MafiaPassionStories-r8p		pending		
@MafiaRomanceStories22		pending		
@MafiaS.T		pending		
@mafiastories-2		pending		
@mafiastorytelling		pending		
@MAGANEWSCENTRAL		pending		
@MagdaKayHub		pending		
@magdelenamay-p5o		pending		
@magecrypto420		pending		
@magic_kitchen_1k		pending		
@magic_kitchen_shorts		pending		
@Magic_Soul_AI		pending		
@magicaikidsog		pending		
@MAGICAISTORYIES		pending		
@magicaitrends		pending		
@magicalaicats	UC1Z80sgox_DOGHlsZQ60tJQ	ok		Magical AI Cats
@magicalais1		pending		
@MagicalChefStudio		pending		
@Magicalfairytales1-j3r		pending		
@MagicalRelaxingTerritory		pending		
@magiccats11	UCCsIdUJYeLitH7xAbrN1Y0w	ok		MagicCats
@magicgirlfunnymoment	UCmMiXY5m-y1o2ffNtL_lP5Q	ok		Magic girl funny moment
@magichourai		pending		
@MagicLaughStories1		pending		
@Magiclight-Ai	UCJhkCFmxN_PORk2cIIdK6Og	ok		MagiclightAI
@Magicmatess		pending		
@magicmeow2	UCwQEUWwHkEtfm7UbSqiiqIg	ok		Magic Meow
@magicpawtales_0		pending		
@magicrealmstories88		pending		
@MagicSlimeAi		pending		
@magictalentus		pending		
@MagicTalesPH		pending		
@MagicTrianglesMelody		pending		
@MagicUncoveredYT		pending		
@magneticjazzclub		pending		
@Magnibeasts		pending		
@magnific_ai		pending		
@magpiepicapica		pending		
@MagyarFruitsAI		pending		
@Maha.2624Khan		pending		
@mahabholenath		pending		
@MahadevShorts-m5q		pending		
@mahimahmmad-d9k	UC70fnKBNBpkBD7Zxw9Kb_Rw	ok		Kids Movie 24
@mahiraj008		pending		
@mahirulofisounds		pending		
@mahmir_studio_ai		pending		
@mahmodakram6281		pending		
@MAICU05		pending		
@maidandduke		pending		
@Maiden_Whispers		pending		
@Maidens_Payback		pending		
@maikaz		pending		
@main_street-c8l		pending		
@MajarayMusic		pending		
@majestic_crafts	UCoJpYZT_I4c4m9Ftoa1OHlA	ok		Majestic crafts
@MajesticAIStudio		pending		
@MajesticPOV1		pending		
@MajoraiMusic0		pending		
@MajorPandemic		pending		
@Makapangyarihan001		pending		
@MakeAiGreatAgain1		pending		
@MakeitSimple2		pending		
@MakemeASMRAI		pending		
@makemovieai		pending		
@MakerAI-i7s		pending		
@MakeriumOfficial		pending		
@makespacebatter-g8n		pending		
@MakeTechFuture		pending		
@MakeTheseMovies		pending		
@Maketopia-l7p	UCjx9GoQg73JaOPzwY3ZHwzQ	ok		Maketopia
@MakeUpJ-POP		pending		
@MakimonTune		pending		
@malahistoria99		pending		
@Malaikaimani-M1		pending		
@MalayaCrisostomo		pending		
@MalcadoriusRex		pending		
@MaleLoveBook		pending		
@malii-reddit		pending		
@MalikZeshanAi	UCEga1fYd8k6Vg9AJPZpyBjw	ok		malikzeshanai
@Malimusic_Center		pending		
@malluboxAI		pending		
@maltshopmemories		pending		
@malvaAI		pending		
@mamacat03	UCP52Var2X6t1QgtFGlqWRYA	ok		MAMA Cat & Kittens
@mamacat18725	UCmpZMuUi9mXQQEKKX5uhteg	ok		Mama Cat
@mamacatand-kittens	UCdaZZHBwes8IQ3aDeGVIiBg	ok		Mama Cat and Kitten
@mamacatandkitten1	UC92ZIC0fKzbE8Pxag2GRLFQ	ok		Mama Cat and Kitten
@mamacatandtango	UCH6AJMeP66eIsZrKrk5uJpA	ok		MAMA CAT & TANGO
@MamaCatDailyy	UCU7TW8kF6lnuxKZQHrkJReA	ok		Mama Cat Daily
@mamacatdiary	UCEctkyYo0nv-9ax5leixkXQ	ok		Mama Cat Diary
@mamacatdream	UC9vxsNMao6NaC-ECHX9eoWA	ok		Mama Cat Dream
@mamacatfamily-gt	UC0BYYIGaHrQiAxUPwyZtAlA	ok		Mama Cat Family
@mamacatfamily-l6u	UCKaFMOYGNt2vnORUgpUkuCw	ok		Mama Cat Family
@mamacatfamilyfun	UC60zrUgnCqromm25mQOHfgw	ok		Mama Cat Family Fun
@mamacatfamilytnmedia	UCC-HuRI7h0IsMidw9azycjg	ok		Mama Cat Family
@mamacatkittens-95	UCIVuRPNdEZ-IXGtE79VvjbQ	ok		Mama Cat n Kittens
@mamacatmoments-g4l	UCqKRUjF41ZeSw8HI0yFgdjg	ok		Mama Cat Moments
@mamacatroom	UCE444aOGhqikb1GKaxI-now	ok		Mama cat room
@MamaCatStoryTNMedia	UCD83OXKPizLA9hRZDWsNMgw	ok		Mama Cat Story
@mamacattv-gt	UCNdml3L5mtQyyi0KkDmULSg	ok		Mama Cat TV
@Mamachiomaaiedit		pending		
@MamaKamithestoryteller		pending		
@Mamameow-64		pending		
@Mamas_Meow1		pending		
@mamatoldmestories2		pending		
@mamayevkurgan		pending		
@mamtaherland		pending		
@ManaAIStories18	UCOdNvQXAQ-kA-X4XzMwTO4A	ok		Mana AI Stories
@ManaAiVlogs		pending		
@manabiblekathalu		pending		
@ManagerRevengeStories		pending		
@ManamisSwingBeats		pending		
@ManavSinghAI		pending		
@ManBesideAi		pending		
@MandarinMotors		pending		
@mandrama-666		pending		
@mandy_hubtv		pending		
@mandy_media		pending		
@mandy_taleshub		pending		
@Manekklaser		pending		
@manen-glowdrama		pending		
@ManForgeHFY	UCH9lhO5JF7uTR1VuDVOqx7g	ok		ManForge HFY
@MangaAIUniverse		pending		
@MangaDubTGTF		pending		
@MangaExplainer-1M		pending		
@Mangai168		pending		
@MangakaStories-n6y		pending		
@MangaStudio-c5q		pending		
@MangaXHuman		pending		
@MangiiApp		pending		
@MangoAnimationMeme		pending		
@MangoDramaStories		pending		
@MangoExplica		pending		
@MangoExplicaSP		pending		
@Manhwa_StormX		pending		
@ManhwaAlex9		pending		
@ManhwaMax9		pending		
@manhwapast		pending		
@Manhwarecap137		pending		
@manhwarecap994		pending		
@ManhwaRecapOriginals		pending		
@ManhwaResumenIA		pending		
@ManhwaSenpai99		pending		
@ManhwaSOS		pending		
@ManhwaVerseStories		pending		
@ManhwaZeno		pending		
@ManhwaZERo0		pending		
@ManiaComics12		pending		
@manifestaxis		pending		
@Manifestyoursuccess123		pending		
@ManiMajhi_2.B		pending		
@ManipulationUnleashed		pending		
@manish-q2tr		pending		
@ManishaRamani-g7e		pending		
@manishmusicproduction83		pending		
@ManofSuperHero		pending		
@manoikura		pending		
@manojkaushik2800		pending		
@Manoranjan_Tales	UCouFMRkK7JMv86iHNG1BJ9A	ok		Manoranjan Tales
@ManpreetonMission		pending		
@MantavirusLoreMusic		pending		
@manthann.45		pending		
@mantradubreggae26		pending		
@manualdelfilosofo		pending		
@manuelneff1983		pending		
@ManufactureMystery-123		pending		
@ManufacturingAtlasOffices		pending		
@manufacturingsecrets-m4f	UCXHO5hyEVCvaLU_SWWw-lQg	ok		Manufacturing Secrets
@ManufacturingWorldOfficial		pending		
@Manumoments67		pending		
@ManurathUniverse		pending		
@Manyhatslab		pending		
@manzarhussain9927		pending		
@mao_steps		pending		
@mao_vsc		pending		
@mapapolitycznaswiata		pending		
@MapaPolitycznaŚwiata		pending		
@maplefamilyenglish		pending		
@MapleJusticeTales		pending		
@MapleLaneMemories		pending		
@maplemarketbrief		pending		
@MapleMarketbrief-e2z		pending		
@MapleMoneyTalks-e2g		pending		
@maplenightcozy		pending		
@maqamstudio01		pending		
@maqaroon		pending		
@MaquiaveloDiario		pending		
@Mar-v4o8k		pending		
@MarantsAI		pending		
@MarbleRevenge-s8e		pending		
@MarbleZoid_world		pending		
@marcbongartzclips		pending		
@marcmarqueznewsin9min		pending		
@MARCMÁRQUEZNEWSIN9MIN		pending		
@MarcoPoloExploresTime		pending		
@MarcRyderProject		pending		
@MarcusColeLaw		pending		
@MarcusExplainsHQ		pending		
@MarcusLee0721		pending		
@MarcusRDR		pending		
@MarcusStories123		pending		
@Mardc0903		pending		
@MarFluxMusic		pending		
@Margarita_Elena		pending		
@marginiq		pending		
@Marginof-Safety		pending		
@MargoReddit		pending		
@MarIA_Animated		pending		
@Mariaiart		pending		
@MarianasAIDreams		pending		
@marianatorresytt		pending		
@MarianGraceMusic-z1y		pending		
@marianmokry3009		pending		
@MariaTimeVoyage		pending		
@MarioFanmade		pending		
@MarioNicolaMisino		pending		
@MarioObiektyw		pending		
@mariostories6		pending		
@MariusFeat.TheAmazingAIMachine		pending		
@Markaiguy		pending		
@MarkColorSkit		pending		
@MarkDouglasWisdomFans		pending		
@MarkenKlaus		pending		
@MarketAcme		pending		
@MarketArchitectCapitalResearch		pending		
@MarketDecode-n3j		pending		
@marketeasyhai		pending		
@MarketFaultLines		pending		
@MarketFlowInsights		pending		
@marketflux8		pending		
@MARKETHISTORY-k7p		pending		
@MarketingbyVijay		pending		
@MarketIntelligenceDesk		pending		
@MarketMeridian-j6v		pending		
@MarketMindset-e3b		pending		
@MarketMornings-p8k		pending		
@MarketPrognosticator		pending		
@marketpulsedaily68		pending		
@MarketRulesthatmakemoney		pending		
@MarketShockBrief		pending		
@Marketsir		pending		
@MarketsofthePast		pending		
@marketwise-j1e		pending		
@markkollarretirementexpert		pending		
@Marklife-ID		pending		
@MarleyUniverse001		pending		
@Mars.RogueRabbit		pending		
@marsalsiring		pending		
@marshalltr-t		pending		
@marshmallowmelody-yb7ok		pending		
@marsmarsm		pending		
@martaplaywheels		pending		
@MartikFinance		pending		
@martin-mafia		pending		
@MartinAIArt		pending		
@MartinsAIStudios		pending		
@MartyWisdom		pending		
@maru6s		pending		
@marujeong		pending		
@MarunouchiOLCaty		pending		
@MarurinLife		pending		
@MarurinnoMainichi	UCbITJDVt-OX4LsxMKbvmD6g	ok		まるりんの毎日
@marvalaiedit1122		pending		
@marvalaishorts		pending		
@Marvalmitra-k10		pending		
@Marvel-DC_AI		pending		
@Marvel-h8g		pending		
@MARVEL.Ai00		pending		
@marvel.mb89		pending		
@MARVEL13		pending		
@MARVEL2.0AI		pending		
@marvel_A.i0		pending		
@Marvel_AI_entertainment		pending		
@MARVEL_Editor_2025		pending		
@Marvel_ExtraaOP		pending		
@Marvel_Fun_Ai		pending		
@Marvel_Machine		pending		
@Marvel_Squid_no1		pending		
@MarvelAi-07		pending		
@MarvelAi-c4m		pending		
@MARVELAI-g1q		pending		
@MARVELAI-n6p2z		pending		
@MarvelAI-s4d4l		pending		
@MARVELAI-t8s		pending		
@MarvelAi25		pending		
@MarvelAI8		pending		
@MarvelAIAdda		pending		
@MarvelAIFactory		pending		
@marvelaihistory		pending		
@MarvelAIHistory-j9x		pending		
@MarvelAIinteresingfacts		pending		
@MarvelAIMashupShorts-s1j		pending		
@MarvelAIRSM		pending		
@MaRVeLaishorts		pending		
@MARVELAISQUAD		pending		
@MarvelAIStoriesVs		pending		
@MarvelAIStory96		pending		
@MARVELAISTUDIO44		pending		
@MarvelAiTales		pending		
@marvelaivideo		pending		
@MarvelAIVideos1		pending		
@marvelavengersbut		pending		
@Marvelb8i		pending		
@MARVELBTS-AI		pending		
@marvelcharactersai		pending		
@MarvelCharactersAnimated		pending		
@MarvelCinematicUniverseAI		pending		
@MarvelDCAIBot		pending		
@MARVELDCAIFUN		pending		
@MarvelDCAIMashup		pending		
@Marveleditz011		pending		
@MarvelFactsAI		pending		
@MarvelFight-t4d		pending		
@marvelfightanimations		pending		
@MarvelfunAi		pending		
@Marvelfunofficial		pending		
@MarvelGuyofficial		pending		
@MARVELHEROAI-2005		pending		
@MarvelHeroes1010		pending		
@MarvelHindiai		pending		
@marvelhulkure		pending		
@MarvelHungamaai		pending		
@marvelinai		pending		
@Marvelkids_AI		pending		
@marvelmalak4426		pending		
@MARVELMANIAAI		pending		
@MARVELMASALAai		pending		
@MarvelMashAi6		pending		
@MarvelMashupAI		pending		
@Marvelmeshcode66		pending		
@MarvelMocks		pending		
@MarvelMultiVerseAi		pending		
@MarvelNexusA		pending		
@Marvelofff		pending		
@Marvelous-r1j6u		pending		
@MarvelReimagined		pending		
@marvels_art5		pending		
@MarvelsAI-d1y		pending		
@MarvelStream_AI		pending		
@marveltransform213		pending		
@MarvelVSai		pending		
@MarvelXDc-z5c		pending		
@Marvelxdca		pending		
@MarvexAI		pending		
@MarveyAiStories		pending		
@MarvisMedia64		pending		
@marvsdigitalai		pending		
@MaryannChioma-i7w		pending		
@MaryroseUche		pending		
@MarysHeartLibrary		pending		
@MarysPen		pending		
@MarysRomanceLibrary		pending		
@maryStory-pj2xx		pending		
@masAilife		pending		
@masalladelashistoriasbibli-o7r		pending		
@mascaraalma		pending		
@mascotsmall		pending		
@masibellaafricanfolktales		pending		
@masjatika		pending		
@MaskandiVibes-p8o		pending		
@MasseyFergusonFarm-o6o		pending		
@massiveinside		pending		
@massmanifesto		pending		
@massproduction91225	UCbw8GjsLF1o04ekZqt94Mzg	ok		Mass Production
@masteraidaily		pending		
@MasterBot-69		pending		
@mastercharm2167		pending		
@masteringaitool		pending		
@MasterOfChants		pending		
@masterofnonelearn		pending		
@masterrj99		pending		
@MastersOfProphecy	UCHdH2ijb9dtQRRH08u1jd7A	ok		Masters Of Prophecy
@MastersOfTheRiff		pending		
@MasteryofUSA		pending		
@mastiwithtoon-r1		pending		
@mat-siems-production		pending		
@mata_jiwa		pending		
@MatanMintz		pending		
@MatchaChocoMeow		pending		
@mateoexplicacine		pending		
@MateriaFuncionalConsciente		pending		
@MateusAugustohistorias		pending		
@MathInfinitum-m2g		pending		
@mathinvests		pending		
@Mathproven		pending		
@matiasderivia		pending		
@MatiSurAI		pending		
@MatrixMonster		pending		
@matrixStudio-l7i		pending		
@Matshubaba		pending		
@Matt_Reconstructs_History		pending		
@MattEvkuranPodcast		pending		
@MatthewWilliams-j6p		pending		
@mattinvestsUS		pending		
@MATTLABS-AI		pending		
@MattyInvests		pending		
@MatureElegance50	UCa0oVGz5EA8Ufwz6SRJI46w	ok		Mature Elegance
@matureglowbeauty		pending		
@maureen_diaries		pending		
@mauryayt-h9z	UCuPBdnLVtCZEZVr8SKtJF7w	ok		maurya yt cartoon
@MauvePanel		pending		
@mave_official		pending		
@maveloop		pending		
@MAVIRAofficial		pending		
@maviratales		pending		
@max-economics		pending		
@MAXAIMOVIE		pending		
@maxanimai	UCjxRy2Y096ga9O9o7nrhGgg	ok		MAX ANIMAI
@MAXDRIVEDNB		pending		
@maxfinancialfreedom		pending		
@MaxFlashback		pending		
@maximlansiquot3331		pending		
@MaximStarkOfficial		pending		
@MaximusA.I		pending		
@MaxTVx-s8c6v		pending		
@maxx_ai_music-hi7qp		pending		
@maya-hanum-admin		pending		
@mayank_leo_1		pending		
@MayaVishwash		pending		
@mayavitalhealth		pending		
@MayaVoyages		pending		
@mayhongtv25		pending		
@MayorKingAI		pending		
@mazedarai3	UCGYh-t_FkMfE8o1lmYq-7qQ	ok		Aivideos
@mazeguru_ai		pending		
@maziemmanuelstories		pending		
@MB.LoveStories		pending		
@Mbilalapriansyah		pending		
@MbitsStudio		pending		
@Mbu_Story		pending		
@MbuotidemEzeiloh-l3l		pending		
@mc998_official		pending		
@mccatcooking1		pending		
@McQueenCity-b3e		pending		
@mcumrinal		pending		
@MdakhtarUzair		pending		
@MDev_Fun_World_AI		pending		
@mdfaizanfaizan-r8q	UCR8bCCUkkZMvOO0L6HXYfHg	ok		Cat ai video
@mdm_pod		pending		
@mdmujahid1613	UCgvQv3zYHWf4Q_C53GIEIag	ok		NokoLoom AI
@MDMZ		pending		
@mdraja-v8k5y	UCKCST6dEc5bigNaieyIoR6A	ok		video studio
@mdsajibhossen-dv9cv	UC957OpTAH-9wZybsSN0SVVw	ok		S'O Cat Official
@mdsarif-920		pending		
@ME-ELLEN-YT		pending		
@MEAfricanTales		pending		
@MEALTIEYSTUDIO07		pending		
@MeaningfulFilms0330		pending		
@MeaningfulLifeStoriesTV	UCeysYiEbYWzbhZ5b-HGs8uA	ok		Hollywood Immortal Legends
@MEANINGLESSLIFE-b9f		pending		
@meaostories-x1g7g	UC_aKSa3SSpfzrsWPIqKxvBg	ok		Meao stories
@meaowmeaowshorts	UCKOF5COate_PdhCweeRGHtQ	ok		meaow meaow shorts.
@MeasuredRevenge-e6g		pending		
@MeatingAI		pending		
@MechaArchive-s4m		pending		
@MechaFactoryProcess-k4m		pending		
@mechanizmypl		pending		
@mechatransformations		pending		
@MecheyeX		pending		
@medaka_channel_mdc		pending		
@MedeoforAIVideo		pending		
@mediaairecords		pending		
@MediacollapseYT		pending		
@mediapeanut		pending		
@MedicalHeroesStories-1	UCykuFenYLuwSMpSgEeF6SMA	ok		MEDICAL HEROES STORIES
@medicine031		pending		
@MedievalCelticMelodies		pending		
@MedievalChronicles1066		pending		
@medievalconfessions		pending		
@MedievalEchoesMusic		pending		
@MedievalExplained		pending		
@MedievalExplorations-h1t	UCzlU4IMmqPbvDY6GXK_YDYQ	ok		Medieval Explorations & More
@medievalfrontlinesde		pending		
@MedievalHearth		pending		
@MedievalHistoryChannel		pending		
@MedievalHistoryGuy		pending		
@medievalhorizonsmusic		pending		
@MedievalIngenuity	UC6jL9MmbtUCO5jhTS9lZ_4A	ok		Medieval Ingenuity
@MedievalLegends-g1y		pending		
@MedievalMagic-Ambience		pending		
@MedievalMelodies88		pending		
@MedievalMelodiesOfficial		pending		
@medievalmotionchannel		pending		
@MedievalOak		pending		
@MedievalRealityG		pending		
@medievalrelaxing		pending		
@MedievalSerenity-e1t		pending		
@MedievalTavernTunes		pending		
@MedievalTimesDiscovered		pending		
@MedievalUnfilteredAI		pending		
@MedievalVibes808		pending		
@MedievalWarriors		pending		
@MedievalWay		pending		
@MedievalWisdom		pending		
@MediMusicLab		pending		
@MedInMinuteschannel		pending		
@meditaiapp		pending		
@Meditation_Ambient		pending		
@MeditationFlow-m9m		pending		
@meditationforheart		pending		
@Meditativeharmony8686		pending		
@MeditativeHistory		pending		
@meditativemind		pending		
@MeditativeUrbanAmbience		pending		
@MediterraneanFunk		pending		
@MEDULLAH_HUB_KE		pending		
@MeerkatExplains		pending		
@MeethiSongs		pending		
@meetkaren7	UCBZ-9beXmoLeTvZlHa-5jtA	ok		Meet Karen
@Mega-Tsunami83		pending		
@Mega4gus		pending		
@MegaCatCut		pending		
@MegaConstru468		pending		
@MegaFactoryDiscovery		pending		
@MegaFactoryProcess		pending		
@megaforgeai		pending		
@megamachineexplained		pending		
@MegaMachinesHistory		pending		
@megamanlofi88		pending		
@MEGAMANUFACTURING-j6f		pending		
@megaplay		pending		
@MegaProcessTV		pending		
@megaproduccion7353		pending		
@megaproductionplant	UCZ0hcHf2otEM9HydrjDcRFA	ok		Mega Production Plant
@megaprojects9649_pl		pending		
@MegashipMedia		pending		
@megawealthcraft		pending		
@megcu_sick		pending		
@MehakAiStudio		pending		
@MehboobKhan-u5j		pending		
@mehedi_family_english_38		pending		
@MeiaAmore		pending		
@meinsabzihureh		pending		
@mejoradiaria		pending		
@Mekonene.Nigussu		pending		
@Melanskiareal		pending		
@Melinahbeauty		pending		
@MelloMarshMusic		pending		
@MellowAcousticGuitar77876		pending		
@mellowbloxasmr		pending		
@MellowCoMusic		pending		
@MellowDay555		pending		
@mellowflow7		pending		
@mellowmoodmixes		pending		
@mellowmoodstation		pending		
@MellowVibess1		pending		
@MelodiadItalia-i6v		pending		
@MelodicGirlRock		pending		
@MelodicGuitarSanctuary		pending		
@melodicmoments-s9l		pending		
@melodicmoodsbgm		pending		
@Melodies_Love_68		pending		
@melodiesofcalmora		pending		
@MelodiesOfHistory		pending		
@MelodiesOfTheRisingSun		pending		
@MELODIESOFWORSHIP-i4f		pending		
@melodix_music		pending		
@melodraYTB		pending		
@melodrex		pending		
@MelodriftOriginals		pending		
@Melodrivebeatz		pending		
@MELODY-CHANNEL-139		pending		
@MelodyAIVerse		pending		
@Melodybyola		pending		
@MelodyCraftChannel		pending		
@MelodyCultivator		pending		
@MelodyDrama1-j5r		pending		
@MelodyFactory-t7s		pending		
@melodygarden_song		pending		
@MelodyHub_001		pending		
@MelodyMusic68		pending		
@MelodyOfHeavenOfficial		pending		
@MelodyOfMemories7080	UC8vX2aZRz7FGA_KbL54fgDw	ok		MelodyOfMemories
@MelodyoftheWanderer		pending		
@melonyamigos		pending		
@MeloPop_candy		pending		
@Melozia.official		pending		
@MeltLabASMR		pending		
@Melty_ASMR_Love		pending		
@MeltyAIASMR		pending		
@MeltyASMR2		pending		
@MeltyLoopASMR		pending		
@memecatstory	UCZISrdfu-9yfV1e6TpE6_RA	ok		Meme Cat Story
@MemeFlock		pending		
@memelover-alla		pending		
@MemeMachiine		pending		
@memenovafood		pending		
@memesjunction1		pending		
@MemorableTales		pending		
@MemoriadeBatallas		pending		
@memoriaprohibida19		pending		
@MemoriasdelaBiblia		pending		
@MemoriasdePatricia		pending		
@memoriesfrombritannia-b1m	UCH1vVNEokkDEPBVlhp3Zvvg	ok		Memories From Britannia
@memoriesfrombritannia-z3g	UCCnNNhfgbtvt9hjlb_imz9g	ok		Memories From Britannia
@MemoriesofEdowithKenji		pending		
@memoriesreanimated		pending		
@MemoriesStories-69		pending		
@MemoryFMOfficial		pending		
@MemoryJukebox1290		pending		
@MemoryRenderArchive		pending		
@MemorySoundAI		pending		
@Men-Without-Borders		pending		
@menafter50		pending		
@MenHealthWithDrJocelyn		pending		
@MenOver50Vitality		pending		
@Menrevengetales		pending		
@MensajesqueSananyt		pending		
@MensHealthOver50-60		pending		
@mensincensa		pending		
@Mental_Circle1		pending		
@MentalHell-x7u		pending		
@mentalidaddeperro		pending		
@Menteclara_21		pending		
@mentedevonneumann		pending		
@MenteeAnimada		pending		
@MenteenMovimiento-l8x		pending		
@MenteInquebrantable.100k		pending		
@mentemaestra_es		pending		
@mentor3_cut		pending		
@MentorPOV		pending		
@Meo_i7	UCit2e92Zo1IIq0jsyl-JjFQ	ok		Meow Motion©
@meoaicat	UCPI0BT0RnMaQ4nwV5S1oafw	ok		Mèo AI Cat
@meofliks	UCLG2bkcplw3SaIB9gR30_1Q	ok		Meow flicks
@Meofunny1		pending		
@MEOincrediblemoments		pending		
@meoowpurrfect	UCkiqJe87hxnF8KdhcZNSJyA	ok		MeowPurrfect
@meoowtoonstudio	UC5AEXN1jzAm5KcVbqN36K8Q	ok		CatiMatioN🐱
@meostoryshorts	UCq8gCtri5dgBJNKZ9Tpj_mQ	ok		Storyshorts
@meovmeowcats-u1h	UCz1iu9TeJW24yGH7EeE2k8w	ok		meow meow cat
@meow-9696	UCZxCbAq7p1x48YOQr5Gax9g	ok		Meow9696
@Meow-Guardian	UCV9WL8tc0nqHPX1Mkwp4Z3g	ok		Meow-Guardian
@meow-jazz-bgm		pending		
@Meow-Kitten-cat-Quest		pending		
@meow-magic1-z1v	UC31eZGUND4-6920Ye_o7pFw	ok		Meow Magic
@meow-space-cat	UCbVBmDyPjwJ5lM5iNbNyuHQ	ok		Space Cat
@meow-trixanimations	UCfFX8B7VsajjtG0xdp75J9w	ok		Meow-Trix Animations
@meow-z7i1x	UCXi1lbXA5k_6XFUdGmS8vdw	ok		Meow
@Meow.Motion-00	UCfxmpHCjjr0Nrc43yiwT5DQ	ok		Meow Motion
@Meow09i8i	UCSJDXG1Sv68NW93qni2D-Lg	ok		Meow meow cute
@Meow_Ai_Story	UCEU4Emf7dFcCXaTkPsoMZvQ	ok		Meow Ai Story
@Meow_Funny	UCzj4FIisedxxT6GWw7XR09Q	ok		Meow Funny
@meow_lover_shorts	UC3WjodtNhAMSCJ1ixxzOgtA	ok		Meow Lover Shorts
@meow_meow_dramas		pending		
@meow_shorts-21	UCrw4S0IJc3pFLRHUrHL67Kw	ok		Meow animation shorts
@meow_storys-q9j	UCZd_HVxN1FKwnBNp-Vg4agA	ok		Stories Meow
@meowaicat-u2l	UCSjpk18uz8u0sN6UjCMkykw	ok		Meow Aicat
@meowaishorts-n4g	UC0oS2VX7jg7ko6gQU4QytnQ	ok		Meow AI Shorts
@meowaitvof	UCEvE1RkhF3NcLr2PUZXbnOA	ok		MEOW AI TV
@MeowAndMisha		pending		
@meowandmootv	UCB6bgXgIU7nAaz319N02iFQ	ok		Meow and moo tv
@meowcat-n9b	UC2ocafsfoMIH09T8Im4QTBQ	ok		Cat Story Ai
@meowcat09-c3n	UCNIPU8fanQnSzY7wLiwt5Ag	ok		MeowCat09
@meowcat201	UCpwO3GYz6FFhazR4uAENugA	ok		Meow Cat Story
@meowcatale		pending		
@meowcatales-23		pending		
@meowcats19		pending		
@meowcats9	UCb30TTnX5rUOFr9Ss4BQexQ	ok		Meow Meow Cats
@meowcatsai-24	UCugwgKSik4q3LPgU5dp1T7A	ok		Meow cats AI
@meowcatsshorts143	UCoMXo3Yr6RATp7FAKvPRa2A	ok		Meow Cats Shorts
@Meowcooks-l5j7c		pending		
@meowcreativeworld	UCcZhPUNRB1wz6jT8h5K6NMw	ok		Meow Creative World
@MeowDelish		pending		
@MeowDramaStudio		pending		
@MeowEase		pending		
@MeowFamilyAI-6677		pending		
@meowfun-1	UCuhKxBrz5rawGuX8WcePJpQ	ok		MeowTenCat
@MeowgicMind-01		pending		
@meowgicprow3694	UCcAXC3vaLeZIKrbGkkQlBiw	ok		Meowgic paws Ai
@meowhaha2	UCsygY9SMi3dR1F2r-ZoLR4w	ok	@fantasyheart	Fantasy Heart
@meowhallo79	UC_Ghd0zak3CIGmfQ6NDx02Q	ok		Meow Hallo 79
@meowhookai	UC58OhOPy1t0k6i7I4jkNTUQ	ok		meowhookai
@meowkitten0707	UCjhUKCgMrczT22SuCnV921Q	ok		MeowKitten
@meowkittenie-k9l	UCu86R9xzUFhEgZJgyGUpGsg	ok		Meow Kittenie
@MeowLaand	UClDo0Y3rowKANoQgZ06Rpvg	ok		MeowLand
@MeowLifeTNMedia	UCqsAaUIpbBuUH6xpagHZNvA	ok		Meow Life
@MeowLofiTokyo		pending		
@MeowMagicTV1		pending		
@meowmamaas	UCYjYTSh2xFrz-4_wg7h3bCA	ok		Bareez Bay
@meowmamaslife	UCWgcD8VkVYueZCIlB9LJKkQ	ok		Meow Mama's Life
@meowmasti-y5k		pending		
@meowmationsz		pending		
@MeowMeals.worlds		pending		
@MeowMemoirs97	UCnY0kszMeI2FpS0IhGPIYAg	ok		Lily Media AI
@meowmeow00-n6g		pending		
@meowmeow2025-1	UCbCzERY9ZQ82u1fwKw2tVdA	ok		MEOW MEOW
@meowmeow_stoory	UC-akqDggF-a_VmLVehbjlmA	ok		MeowMeow Story
@meowmeowcatsstory	UCjR7n90g4BSQKkaTEVm2eaw	ok		Meow Meow cats story
@meowmeowcrazycat	UCiUyedgCmq2wYXsg2_bzk4g	ok		Meow Meow Cat Official
@MeowMeowKitchen-b2i		pending		
@meowmeowvideos7	UCczbS6AxrPIByTAss9OtKOg	ok		Meow Meow videos7
@MeowMio-i4r		pending		
@meowmix-g2s	UCClu6YbHyrXMZxekVKggn8g	ok		MeowMix
@MeowMoments-2025		pending		
@meowmoments-x7q	UCJWSIoUSQ0YAadzAyCRDZEw	ok		Meow Moments
@MeowMotion-610	UCxCARssJrPXJHVNDSRgZGTg	ok		Meow Motion
@MeowMotion-k4t	UC8nZXAz-ZjJ4wEG-VMu_y_A	ok		Meow Motion
@MeowMotion-nt9wu	UCS-mt6iPS5SCJSxXX-_RCig	ok		Meow Motion
@MeowMotion-t4x	UC1y8n7p8wXHCN1iFiRzWuGA	ok		Meow Motion 🐈
@meowmotion-y4r	UCrlzgVy7I6-dMa9YNwKa7oA	ok		MeowMotion
@MeowMotion531	UCGGc1t6EEcgNa1qn9WYKryw	ok		Meow Motion
@MeowMotionAi25	UCXh4KvyGuM3nuHGgjnT1odA	ok		Meow Motion Ai
@MeowMotionStories	UCdiBwMHpdAb_padUckenfWA	ok		Meow Motion Stories
@meowmovesx	UChycTn7Pn46gQPihgyh71Lg	ok		Meow Moves X
@MEOWMYMY-n9d	UCSkutx33VAav76oDfpP6V_g	ok		MEOW MYMY
@meowneow-g9d	UCEfrN7xPPiuSwLXLdove1Ow	ok		meowneow
@MeowPaPa-e8d		pending		
@MeowPapa-w3e		pending		
@MeowPapaStories		pending		
@MeowPawdcast		pending		
@meowrescuers	UCrWCBelg_6k9bJ4XpmBMDEg	ok		Meow Rescuers
@MeowsCafe		pending		
@MeowsicChannel	UCA7uuwvz0GuYjE9YR_lvVnQ	ok		Meowsic Channel
@MeowsterpieceComedy-b5w		pending		
@MeowStories-u6f		pending		
@meowstories001	UCL0bu-INYzvJDTI6fcm5tWA	ok		Meow Moral Stories
@meowstories3d	UCb1T_nG2xWxo5_B8DAZmwZQ	ok		Meowstories3D
@meowstory_us	UCAuyFSeu50ASh5Z9FSNMvtQ	ok		Meow story
@meowtales-g4x	UCuJd1s9GgJ3ZbKfgHIJX5pA	ok		MeowTales Studios
@meowtales-g6p		pending		
@meowtalestv1	UCzXjmcBVSPYHUcIpHxDf0Xg	ok		MeowTales
@meowtasticai-k9o	UC4pZCb1n_6o7rTZ98iULfuA	ok		Mechani Meow
@meowtasticlife-i8c	UCHSXXD6qX40TDrNpNUfmE2A	ok		themeowtasticlife
@meowtationtv	UCowkABOQs_QxwjZGzCcZRCQ	ok		Meowtation
@meowtoonshorts28	UCKwfHrhRHiItv9NrGhyKQXg	ok		Meow Toon Shorts
@Meowtopia-k8z		pending		
@Meowtrix.AI91		pending		
@meowtubeshorts-n9c	UCbtUXuoYK3tdivtCwCK-2TA	ok		MeowTube Shorts
@meowuniverse99	UCU7QdvWZobpazipMQKL5CjA	ok		Meow Universe
@meowverse-aii	UCzVj9953GbHGXUs-_iVnFvg	ok		Meowverse AI
@MeowverseAI-g9s	UCw8sf1rxgMG_N057sIQoJIA	ok		Meowverse AI
@meowwmeoww-b4u	UCE1pyzUimMioEZ8LGqwqNnw	ok		Amazing Ai stories
@MeowWoofAI		pending		
@meowworldcat-c9m	UCR87jaI6KfZ_v5um5gmdO_A	ok		meow world .
@meowww-v6t	UCryg7FG3ebttfAvefnG4Cig	ok		Meowww
@Meowwww-AI		pending		
@Meowzi-v3q		pending		
@MERCEDESSO-c5n		pending		
@MercyAfricanTales		pending		
@MercyAfterMidnight22		pending		
@mercycreekcountrygospel		pending		
@mercyhairtalks		pending		
@mercyhaven88		pending		
@MercyInaStories		pending		
@mercyisromancetales		pending		
@mercyobotstories		pending		
@meridian_ytube		pending		
@MermaidRealm		pending		
@Merrysai-c6s		pending		
@mersospace		pending		
@mertwla		pending		
@mervo01		pending		
@MesaRatMusic		pending		
@Meshachstories		pending		
@MESMERIZINGAIVIDS		pending		
@Meso_MattYT		pending		
@MessengerofGod-		pending		
@messicr7_comedy		pending		
@MessToMarvel1		pending		
@MessyLabAIASMR	UCFVSXgCRijJU5vGwaDq4VRg	ok		MessyLab
@Meta-Veil		pending		
@MetaFlicks-i1c		pending		
@metaflow2220		pending		
@metalandmacro		pending		
@metalandrockrevolution		pending		
@MetalGirlViral		pending		
@Metalgorithm-g4q		pending		
@METALJPAI		pending		
@metallicmusicFM		pending		
@MetalMacroInsights		pending		
@metalmelodisvibes		pending		
@MetalMindFinance		pending		
@MetalPrompt		pending		
@metalsandmarkets		pending		
@MetalusPrime		pending		
@MetalWisdom-g8l		pending		
@MetaMuscle-v6f		pending		
@metapix.me-app		pending		
@MetaRant		pending		
@MetaversesianMuse		pending		
@METAVERSODOROCK		pending		
@Metavoicesmusic		pending		
@MethodeFeynman		pending		
@metimecomfort		pending		
@metodoframeoficial		pending		
@metodowarrenbuffett		pending		
@MettleUK		pending		
@MetzgermeisterKlaus		pending		
@mewo20m	UCJpJj4F26r9Xj3LW16TzIzg	ok		Mewo10M
@Mews_Flash	UCl-Rt7A--j84szCFCwxDYfA	ok		Mewsflash
@mewwonders	UC1uh4Nkro1gftnGnqQiKHcQ	ok		Mew wonders
@mexicodesprotegido		pending		
@mexicoindustrial03		pending		
@MexicoNewsDaily-d4h		pending		
@mexiconipon		pending		
@MexicoNipón		pending		
@mexzy_visual-n8q		pending		
@meyouNight		pending		
@MF235XBR		pending		
@MFFarmStories		pending		
@mfontales		pending		
@MfWRecordsMetalforWorld		pending		
@MG21AISTUDIO		pending		
@mgakuwentonilola-ph		pending		
@MgaKwentongPampatulog		pending		
@mgakwentonilyca		pending		
@mgstories-vu4gd	UCOs5f4g9iimmGtZqMpiPJlg	ok		MG stories
@mhai11211	UCKmICL27Jyvwus8OSENwj-g	ok		ZH AI
@Mia-Romance		pending		
@Mia-y5v4o		pending		
@miakhalifaailife		pending		
@Mianbao69		pending		
@MianjiVeggieStudio		pending		
@Miaou-Drama		pending		
@MiasDigitalLab		pending		
@MiaSlime		pending		
@MiaStoriesHN		pending		
@miaumiaushorts-x3e	UC9RO89ehdkOSt7ZdTghShBA	ok		Meow Meow Shorts
@micanalMUSICALFAMILIAR		pending		
@MicBennSongs		pending		
@michael_jolls		pending		
@michaelbathurst		pending		
@MichaelEdwards-f7o		pending		
@MichaelHarrisAnalysis		pending		
@michaelhimself-ai		pending		
@MichaelHughley-n3k		pending		
@MichaelJacksonLifeStories		pending		
@MichaelJacksonTheUntoldLegacy		pending		
@MichaelMassanelli		pending		
@MichaelsHistoricalVlogs		pending		
@Michi-Create		pending		
@Michuu-AIMusic		pending		
@MicPROStudios		pending		
@Micro_Lens_POV		pending		
@micromealmakers		pending		
@MicroWild-l1t6u		pending		
@microworix		pending		
@Midasチ		pending		
@middayindia		pending		
@Middle-earthStory		pending		
@MiddleEastMETAL		pending		
@MiDiarioBiblico-b2q		pending		
@Midlife		pending		
@MidlifeAdvice		pending		
@MidModMusic		pending		
@MidnighMafiaStories		pending		
@midnight_archives77		pending		
@Midnight_Noir_0		pending		
@MidnightAi-w3s		pending		
@MidnightAngelStories1		pending		
@MidnightArchive-y7p		pending		
@MidnightBluesGentleman-m6h		pending		
@MidnightBluesLounge9		pending		
@MidnightBourbonBlues-1		pending		
@MidnightChicagoBlues-p5x		pending		
@MidnightChicagoBluesCH		pending		
@midnightcitypop		pending		
@MidnightCosmos-z2s		pending		
@MidnightDossier-g2u		pending		
@Midnightempire-v9h		pending		
@MIDNIGHTEMPIREROCKBAND		pending		
@MidnightFoxJazz54		pending		
@MidnightheartSecrets		pending		
@MidnightHighways		pending		
@MidnightHistorian-MH		pending		
@MidnightHistorian1473		pending		
@MidnightHistorian9		pending		
@midnighthistorys	UCEO4EmISl8VHwjxpz37grzQ	ok		Midnight History
@MidnightHypothesis		pending		
@midnightinnewyork1		pending		
@midnightmanila-j4u		pending		
@MidnightMirage-80s		pending		
@midnightmysteryfiles01		pending		
@MidnightMythologist		pending		
@MidnightNurseNotes		pending		
@MidnightOilProductions		pending		
@midnightplay99		pending		
@MidnightPromiseStories		pending		
@midnightradiomemories		pending		
@MidnightRain_Piano		pending		
@midnightrainlo-fi		pending		
@MidnightRainSounds.838		pending		
@MidnightRapFM		pending		
@MidnightRoomJazz		pending		
@MidnightScience_1		pending		
@MidnightSecrets-f3s		pending		
@midnightsessionsofficial		pending		
@MidnightshortstoriesMSS		pending		
@MidnightSignal_AI_4u		pending		
@MidnightStoriesByElara		pending		
@MidnightStorytelling-g9g		pending		
@MidnightsVigil		pending		
@MidnightTailLounge		pending		
@MidnighttalesAI0		pending		
@MidnightTheoriesYT		pending		
@midnighttofucinema		pending		
@MidnightTruthStoriesTv		pending		
@MidnightTunes-p2f		pending		
@midnightuncovered-g3h		pending		
@MidnightVengeance-t7g		pending		
@MidnightVerse-j9x		pending		
@MidnightZone96		pending		
@MidoKorgCover		pending		
@MidoriTapes		pending		
@midoyoru		pending		
@MiDreamAI		pending		
@Midtech3		pending		
@midzury		pending		
@miedzygalaktycznyszept		pending		
@MielKi-u2w		pending		
@MiestenKoodi		pending		
@mifasfolktales		pending		
@mifrahtabassum	UCJdfr7aI5nDoKsLEyELhT1g	ok		Ai Animated short videos
@migoroedu		pending		
@MiguelSerranoyt		pending		
@MiiliT3CH		pending		
@miiworks		pending		
@mijbaulhaquerounok	UCPIdDHOdQK-8X-fxIrGltCw	ok		Animation With Ai
@Mike-explainer-7		pending		
@mikedev2969		pending		
@mikemoney4u		pending		
@MikesForbiddenGarage		pending		
@MikesPOVHistory		pending		
@Miketales1		pending		
@miketalksss		pending		
@mikku_billu	UCoyslDcYJsHFNRsg5yZmrKg	ok		Mikku Billu
@Mikotoons7		pending		
@MikrofonunRuhu		pending		
@miks4000		pending		
@mikutvrhymes	UCUG3iQNbOMhvozIPzQTvADQ	ok		MikuTV Rhymes
@MilanFolktales		pending		
@MilanJaramCreations		pending		
@MilaReviewsHistory		pending		
@MilaStory12		pending		
@milczacekrolestwa		pending		
@MilcząceKrólestwa		pending		
@MildJusticeStories		pending		
@Mildwavee		pending		
@MileHighVibz		pending		
@MilenaWiseAdvice		pending		
@Milesspiderclothes		pending		
@MilGearExplainer		pending		
@MiliSmartKitchen		pending		
@military-oops		pending		
@MilitaryBlue-Official		pending		
@MilitaryForceYT		pending		
@MilitaryHistoryAI		pending		
@militaryhistorytalks		pending		
@MilitaryHQ1		pending		
@militarylabtv		pending		
@MilitaryLoadoutArchive		pending		
@MilitaryStoriesHistoryy		pending		
@MilitaryVeteransArchives		pending		
@MilitaryWhatIf		pending		
@Militopia1		pending		
@MilkyStellarSpace		pending		
@MillenniaChronicles		pending		
@Millionaire_Romance_us		pending		
@MillionaireBreakthrough		pending		
@MillionaireDramaStories		pending		
@MillionaireInLove		pending		
@MillionaireRabbi		pending		
@MillionairesInvestmentSecretx		pending		
@MillionYearJourney-d7n		pending		
@millitaryWarfare-1		pending		
@Milo-z4d4s		pending		
@miloexplorer		pending		
@miloluluenglish		pending		
@miloscidzikiegozachodu		pending		
@miloscnadzikimzachodzie		pending		
@MilosVasiv		pending		
@MimiCafeBGM		pending		
@mimichilllofimix810		pending		
@mimilofichill		pending		
@MimiMeow66		pending		
@MimiMooAnimations		pending		
@mimirswell		pending		
@MiMisMeowWorld		pending		
@Mimisromancediary		pending		
@Mimousic		pending		
@minatao_edits		pending		
@Mind-N-Madness		pending		
@mind.ai0		pending		
@Mind_Drift_ASMR		pending		
@Mind_rott		pending		
@mindafter143		pending		
@mindaftermidnight-o1k		pending		
@MindAmend		pending		
@MindAnatomy-r8g		pending		
@mindasmr-t2s	UCrDijJCRg62PZ2cbpBk3o3Q	ok		Mind ASMR
@mindbaffled		pending		
@MindBasicsHub		pending		
@MindBlowingF		pending		
@MindBlownFactsDaily-m3x		pending		
@Mindblueprint86		pending		
@MindBookJesusSongs		pending		
@mindbreezemusic		pending		
@mindclips.official	UCTP4m3x6_Mo9Ck4T8fyrsvw	ok	@hasanzng21	HasanZengin
@mindcodemusic54		pending		
@mindcrafix1		pending		
@mindcraft-improvement		pending		
@minderanimasi		pending		
@MindFactsOfficialGLB	UCDYFi8dB084RkCKGns97mcg	ok		Mind Facts - Why ?
@MindFlow-Focus		pending		
@MindFocus-Music		pending		
@mindfold-tv		pending		
@mindforge2568		pending		
@MindFragmentsProject		pending		
@MindfulAICreations	UC5zxikBVkj-PZMTqmqa0pbQ	ok		Mindful AI Creations
@MindfulMindsMoney		pending		
@Mindfulmomentswithzafer		pending		
@MindfulPatterns597		pending		
@mindfulstories-v2l		pending		
@MindHaven_withJung		pending		
@MindHustle_quizplatform		pending		
@mindlessvideo		pending		
@MindMasculinity_938		pending		
@MindMatrix360		pending		
@MindMeldCreations-xj2px		pending		
@mindmeshai-9	UCiZ7QgUqypN51WMuDUQXAQA	ok		MindMesh AI
@MindMorph121		pending		
@MindNest01		pending		
@MindNuggetsssss		pending		
@MindOf-TheAlpha		pending		
@Mindofbrucelee		pending		
@mindofmachine-l2k	UC4Dlb1NPDwlUKsRVt-jUXig	ok		Mind of Machine
@Mindorizon		pending		
@MindOverMarket7-k9f		pending		
@MindOverMoney5-p2n		pending		
@MindPalace0		pending		
@MindPixelAIFILMSTUDIO		pending		
@Mindplicit		pending		
@Mindplot01111		pending		
@MindRelationshipHub		pending		
@MindRiseStories-p7m		pending		
@mindrisestories7		pending		
@MindsetCapital_Elite		pending		
@mindsetmasteryAI01		pending		
@MindsetMechanics-c9k		pending		
@mindsetstory1		pending		
@MindShiftMotivation-r3j		pending		
@MindSnackLabltm		pending		
@MindsOfFree		pending		
@mindsparkcartoon	UCi7zRI35aIVd2DpJV0zw6nQ	ok		MindSpark Cartoons
@mindstory-d5n		pending		
@MindToAct		pending		
@mindwave.studio		pending		
@MindwithinS-d1k		pending		
@MindZone-c8b		pending		
@MinecraftMemories-m9v		pending		
@MinecraftXXXAI		pending		
@Minee-966		pending		
@mineongaming43		pending		
@ming-ming-x6p	UCZIyTqDcyoBwU4m7GcduQGA	ok		Ming-Ming
@MinhasCreativeStudio		pending		
@minhbeoluong		pending		
@MinhBéoLương		pending		
@mini-aijourney		pending		
@mini-mania26	UCibzaFDE-oTJJ1hzTtYCJLg	ok		MINI-MANIA
@mini.creator-s9	UCfY4LACjhiQU_HOiByYvvTw	ok		mini.creator
@Mini_Tiny_KitchenTv		pending		
@MiniAiChef-y9x1r		pending		
@MiniAiKichen		pending		
@minianimasyonlar		pending		
@MiniAnnn		pending		
@miniasmr-x		pending		
@miniatureai-00	UCLCJDrJoOxfCpnc3dA5XcFw	ok		Miniatur-AI
@miniatureaifood		pending		
@Miniaturefood20		pending		
@miniaturekitchenstories-4		pending		
@MiniatureMagicKitchen12		pending		
@Miniaturesvideos		pending		
@miniauthority		pending		
@MiniBattlesYT		pending		
@MiniBite-b9e		pending		
@Minibites-10		pending		
@Minibrainrot03		pending		
@minibuddiesworld		pending		
@MiniBurgerai		pending		
@MiniChefAI-Official		pending		
@minichefieai		pending		
@MiniChefItalia		pending		
@MiniChefWorld.23		pending		
@MiniCookAIOfficial		pending		
@MiniCooking-t6h		pending		
@MinicookverseAI		pending		
@MiniCrewCook		pending		
@MiniCrinch		pending		
@MinicutJoy		pending		
@MiniDish_World		pending		
@MiniDramaClub-c9c		pending		
@MiniDramaLab		pending		
@minidramas-de-epoca-diarios		pending		
@minidreamlet_ai		pending		
@MiniDriveVlogsAi		pending		
@miniduniyaai-zk2		pending		
@MiniFlicksAI		pending		
@minifood.s	UCjpiUkWAWzvt_-rEp1VPS9A	ok		Mini Foods
@minifood125		pending		
@MiniFoodAi		pending		
@MinifoodAi-Mahi		pending		
@MinifoodAi-p8e		pending		
@MiniFoodFactor		pending		
@MiniFoodFactory-q1z		pending		
@MiniFoodFactoryAI		pending		
@minifoodieeee		pending		
@MiniFoodMagic-t7t		pending		
@MiniFoodMagic10		pending		
@minifoodstudioofficial		pending		
@MiniFoodTajmahal		pending		
@MiniginniHub		pending		
@MiniHeroRescue06		pending		
@miniherosia		pending		
@MiniHérosIA		pending		
@MiniiChefs		pending		
@MiniJoyKidsYT		pending		
@Minikitchen_ai		pending		
@MiniKitchenAI-g1l		pending		
@Minikong91		pending		
@MiniLabYoutube		pending		
@MiniLegendsAcademy		pending		
@minimalist-wealthbuilder		pending		
@MiniMarvelAI1		pending		
@minimarvels-g4t		pending		
@MiniMasalaFood		pending		
@MiniMaxai_61		pending		
@MiniMelody_MM		pending		
@MiniMind.AI_77		pending		
@minimoodstories		pending		
@MiniMooneyAi		pending		
@minimotionstudo		pending		
@minimousechef-x5t		pending		
@MiniMunchiesKitchen_11		pending		
@MiniMuslimWorld-t6m		pending		
@MinionASMR1		pending		
@Minipawsai	UChxB_zJL-fLmU1ahWMHkv2w	ok		Mini Paws AI
@minipets7	UCfDLPUVvzScnsn7ygxpjnxw	ok		Mini Pets
@Minisaga2		pending		
@MiniShortDrama-e7z		pending		
@ministerioyeshua0		pending		
@MiniStories_001		pending		
@Ministryoffilms		pending		
@MiniTinyTasty		pending		
@miniverse-x1l		pending		
@miniverse_creationss	UCBjFsRe1DVIggHcHaCaA_qg	ok		MiniVerse Creations
@MiniVerseAI1	UC-0xXU11UG48zyjtAzw--xg	ok		MiniVerse AI
@MiniVerseKitchen-p7c		pending		
@Miniversekitchen10		pending		
@MiniVillageAI		pending		
@MiniVillageai01		pending		
@minivlogs-ai		pending		
@MinivoraAI		pending		
@miniworkerstory	UCf_C6Xam3Wgw1ja0mi1AJ9g	ok		Mini Worker
@miniworld24-r2w		pending		
@minizoo-x3j	UCnzSGV5sAmkKIDFpcq8SmUg	ok		Minizoo
@MinstrelCool		pending		
@MintFeverCo		pending		
@MintlyWise		pending		
@Minu_ki_rasoi04		pending		
@MinuteMachines-videos		pending		
@Mioneroraa		pending		
@MiraChan-x92d		pending		
@MiracleAiHub		pending		
@MiracleRevenge		pending		
@mirada-p		pending		
@MiraFunny01		pending		
@MIRAGEPHANTOMJP		pending		
@MirageVoxe		pending		
@MiragoldenTales		pending		
@MirainoPast		pending		
@MiraKitchenTips		pending		
@miramakesai		pending		
@MiranMythos		pending		
@mirareacts42		pending		
@MiraShyamhub		pending		
@MiratsCulinaryJourney		pending		
@mirianofime8911		pending		
@MirrorsofLogic		pending		
@MirrorverseAI		pending		
@mirrorversemusic		pending		
@Mirthhall		pending		
@misaki.mp4		pending		
@misbuilt-us		pending		
@miskar-youtube		pending		
@miskatonicsaistudio		pending		
@misoandmom	UCi5L6WGaJZsRXFTrgh_8osQ	ok		Miso & Mom
@misolabo		pending		
@MissAi-w9m9y		pending		
@missannu222		pending		
@MissBeastAI		pending		
@misscrystal-s9m	UCV4s9rrqNtNmKxmbL-gv9VQ	ok		Miss Crystal
@MissG15th		pending		
@missghiblilife		pending		
@MissileDiscovery		pending		
@MissilesduFutur1		pending		
@MissingNumber		pending		
@missionraksha		pending		
@MissionXplainer		pending		
@Mississippi-Willie		pending		
@MissJenny15		pending		
@misssamantha_ph		pending		
@Missterrifica		pending		
@MissXuniverse2026		pending		
@Mistaxr		pending		
@misterfinanceyt		pending		
@misteriosdelespacio_8		pending		
@MisteriosdeShinn		pending		
@MisteriosenlaNoche666		pending		
@misteripek		pending		
@MisterJcStudios		pending		
@MisterWhite-en		pending		
@mistforestofsouls		pending		
@mistrielle-lofi		pending		
@mistsofserenity		pending		
@mistxplainer		pending		
@mistymini_cooking		pending		
@mistyrain1413		pending		
@MiSuspiro		pending		
@MithuAi-h4i		pending		
@mito.universe		pending		
@Mitosnasen		pending		
@mitra_dainik		pending		
@mittikiKhushboo-r6y		pending		
@miu_ai_studio	UCSTZceKZwhWORQfF85hD1hA	ok		미우 [ MIU AI ] HUMANOID
@mivorafood		pending		
@mixaishorts-g6e		pending		
@mixeryjack_remix		pending		
@MixHive-t1k		pending		
@mixnova_official		pending		
@MixNovae		pending		
@mixology_remixes		pending		
@MixstationRadio		pending		
@MiyaViAmore		pending		
@miyunaka2559		pending		
@Mizomusicproduction		pending		
@MiędzygalaktycznySzept		pending		
@MiłościDzikiegoZachodu		pending		
@MiłośćnaDzikimZachodzie		pending		
@mj-aishort-2.0m	UCsrllYrhe2jVI7IJK8HNj-g	ok		MJ AI short-2.0
@mj24basa		pending		
@MJ_Music_AI		pending		
@MJAIStudio-k		pending		
@MJaved124-q1k		pending		
@MJazzLounge		pending		
@mjgtrendsai	UCT0-drxBzSgVNEqERzz_BAA	ok		MJG Trends AI
@MJXSCAPADE-MIKEFLIX		pending		
@Mk_gj		pending		
@Mk_king_0072		pending		
@Mkheroshow		pending		
@mkpaniboy		pending		
@Mkstory912		pending		
@MLBウルトラ速報		pending		
@MLB最新ニュース1		pending		
@MLTPOD		pending		
@MM-recapsofficial		pending		
@mmjjprods		pending		
@mmlmeaningful		pending		
@MMMC_Music		pending		
@MMMUSICAICOVER		pending		
@mmorycrd		pending		
@MMSTUDIO-q6p		pending		
@MMStudioX		pending		
@MMTelevisions-s9z		pending		
@mnslaw		pending		
@mnthoi		pending		
@mny-anime		pending		
@Mo.Beats.Brothers		pending		
@mo2ive4		pending		
@mo_AIstories		pending		
@MoAfriTales		pending		
@moAI-anim		pending		
@mobecmedia		pending		
@MobileAlert-p4v		pending		
@MobileRedline-t9g		pending		
@Mocaladyy		pending		
@mochadott		pending		
@Mochi-Melty		pending		
@MochiCatLofi-s8b		pending		
@MochiPlanetAI		pending		
@MockTuneAI		pending		
@MocneKocieHistorie		pending		
@Modern-Life-Studio		pending		
@moderncapital-h3z		pending		
@moderndefenseglobal		pending		
@ModernDiscoOfficial		pending		
@ModernFactory-r4q		pending		
@ModernFactoryFlow68		pending		
@modernfactoryinsight1	UCYfT7cBwNVEkNPX6cRnfb5Q	ok		Modern factory insight
@modernfactoryinsights1102	UCUnNgRY2IfCtGY_VHVWbSKA	ok		Modern Factory Insights
@modernfactoryprocess-hq	UC7Pdd-Q1YdOJPjIKLQ9EAfQ	ok		Modern Factory Process
@modernfactorysecrets-john	UCHwCJmHFp8YngeZUn921WcQ	ok		Modern Factory Secrets
@modernfactorystream	UCYtjnul233QRUPkGiuvi08w	ok		Modern Factory Stream
@ModernHistorians		pending		
@ModernHistorians2026		pending		
@ModernHOAStories		pending		
@ModernstoryVault-y5j		pending		
@moderntunes001		pending		
@modomillonarioesp		pending		
@Modtease		pending		
@ModusAssembly		pending		
@moebiusfm		pending		
@MoekeGroove		pending		
@MoeMoeVibeChan		pending		
@moewmentos	UCwVy21iGMl6Vh7FfoXaTKOQ	ok		Meowmentos
@MoewMotion-f9	UClY9TwMm17myz96-AZ5Hkqg	ok		Meow Motion
@mogingerstudios	UCn10uasYxDULdkX_S849wag	ok		MoGinger Studios
@MoguMogu_Haze		pending		
@Mogverse		pending		
@mohamedazim5701		pending		
@mohammed_harun-m5b		pending		
@MohanlalAIUniverse		pending		
@MohdHamza-j8m		pending		
@MoHero-123		pending		
@MOHFILMSAi		pending		
@Mohitxgaming99		pending		
@mohiuddin-g6i	UC_j4RyjhLekgsfSMv4812Dw	ok		@Kitten AI
@mohomodousadou	UCrUX1cvj3hBc4exFKipmDLA	ok		CAT WORD
@Mohsinjaved		pending		
@moja-san-3104		pending		
@mojasshendage2716		pending		
@Moka3ab		pending		
@mokkamonkey-2025		pending		
@MokshaSoundscapes		pending		
@mol_aiasmr	UCni2UUEXveNusEhhW9lg4Hw	ok		MOL AI ASMR
@MolisFamily		pending		
@MomentsThatLinger-i2		pending		
@Momoaistudioz		pending		
@momoboy-1	UCDvYepdup9r4Tf2Uh-ABegg	ok		MOMO BOY1
@MomoCuteKittens		pending		
@MOMOStudioOfficial		pending		
@MomscalmStories		pending		
@momslittledoggotnmedia	UCRcJQ6_VIA2URjgQ66JCYWw	ok		Mom's Little Doggo
@momuaiworld		pending		
@mona_pl		pending		
@MONAASMR-j1z		pending		
@MonaEnigmaEng		pending		
@MonarkAnime98		pending		
@Monarrates		pending		
@monastym		pending		
@MonekyMadeItAi		pending		
@MonetizeMindbysam		pending		
@MonetryHeretic		pending		
@Money-Lessons-Daily		pending		
@money_minded5		pending		
@Money_Neuron		pending		
@moneybags73		pending		
@MoneyBehindhistory55		pending		
@MoneyBehindPowerofficial		pending		
@moneyblueprintlab01		pending		
@moneybrainusa		pending		
@MoneyCovered31		pending		
@MoneyDaily001		pending		
@MoneyDecoded-08		pending		
@MoneyDegree		pending		
@MoneyEmpiresYT		pending		
@MoneyExplain_US		pending		
@MoneyFilesCasebook		pending		
@MoneyGuideUk		pending		
@MoneyHauL		pending		
@MoneyInsights-s5x		pending		
@MoneyJournal-v7d		pending		
@MoneyLegends90		pending		
@MoneyLens-c8i		pending		
@MoneyLevels2k3		pending		
@MoneyLogicUSA		pending		
@MoneyMadeSimple-z9g		pending		
@Moneymadesimpleeee		pending		
@MoneyMarket-t5y		pending		
@MoneyMeaning2025		pending		
@MoneyMentorHub-y8k		pending		
@MoneyMethod-w5y		pending		
@MoneyMind336		pending		
@moneymindunfiltered		pending		
@MoneyMonkeyhub		pending		
@MoneyMonsterENG		pending		
@moneymoves9		pending		
@MoneyMovesDaily		pending		
@Moneynationpowerglobal		pending		
@MoneyOdysseyOfficial		pending		
@MoneyOnMyMind-z9k		pending		
@MONEYOUTSIDER-e8k		pending		
@MoneyPulse-n7g		pending		
@moneyrisefromscratch		pending		
@Moneyscop-y9e		pending		
@MoneySenseOfficial		pending		
@MoneyStories060		pending		
@MoneyTom-m7n		pending		
@MoneyTruthTV		pending		
@moneyuntold_786		pending		
@MoneyUntoldEX		pending		
@moneywarexposed1		pending		
@MoneyyStrategist		pending		
@monicastales1		pending		
@moniquecamara.imoveis		pending		
@monisamontoya401		pending		
@monishbhakatvlogs4875		pending		
@monitoresmonster4352		pending		
@MonkeeQuiz		pending		
@Monkey_journeys	UCUudcpNgniLyUwvRqRk1_Ew	ok		Monkey journeys
@monkeyaishort123	UC8xNbS348jWYFqCJ4ezluJg	ok		monkey ai short
@monkeyanimation-v3f	UCo8chxJqPJShDA9t_u3is3Q	ok		monkey animation
@monkeyanimationai-g8	UC4KtHhiyBlGAUViHnxq61LA	ok		MONKEY ANIMATION AI
@MonkeyBlocks-US		pending		
@monkeycattales1		pending		
@MonkeyExplains1999		pending		
@monkeylogiclab		pending		
@MonkeyManhwaRecap-fw7su		pending		
@MonkeySproutTV		pending		
@Monkeyvlogar_ai		pending		
@mono-e3t		pending		
@monoroomvibe		pending		
@monroe_ai		pending		
@MonsieurGinger		pending		
@MonsterBoyfriendASMR		pending		
@MonsterBoyfriendSleepASMR		pending		
@MonstersMysteriesUnveiled		pending		
@MonsterVideo-fv2zi		pending		
@MontlouisMane		pending		
@monumental.shorts		pending		
@MONUMENTALvideos		pending		
@moodinsong		pending		
@moodloopsai		pending		
@MoodWoven		pending		
@mookaxuka		pending		
@MoonAlAnimation		pending		
@MoonboundLoveStories		pending		
@mooncatcafe-4t		pending		
@MooncatCafé-4t		pending		
@MoonCinema007		pending		
@MoonCreator-w8h		pending		
@MoonFactsTv		pending		
@Moonfairy1707		pending		
@moonfireblues		pending		
@MoonFiretales-t2b		pending		
@moonhugai	UCN6rtzEJEILnImtIgcLe-kg	ok		MoonHug AI
@moonierch		pending		
@Moonizikai		pending		
@MoonkightMotion		pending		
@MoonlightAfricanTales-k5h		pending		
@moonlightafricantales1		pending		
@MoonlightandProverbsAfricanTal		pending		
@MoonlightDrama-j4u		pending		
@moonlightdrama1222		pending		
@MoonlightinKorea-Dana		pending		
@MoonlightLoungeMusic		pending		
@MoonlightMatesLibrary		pending		
@MoonlightMelodies-168k		pending		
@moonlightmelodylounge-h5o		pending		
@MoonlightNovel		pending		
@MoonlightRomanceLibrary		pending		
@moonlightsoundstales		pending		
@MoonlightStorytime-s7g		pending		
@MoonlightTalesAfrica-s2l		pending		
@Moonlighttalesbydoubled		pending		
@moonlighttalesbykamso		pending		
@MoonlightVinyl-lko6565		pending		
@moonlit-beats		pending		
@MOONLIT_BGM_Factory		pending		
@Moonlit_Groove26		pending		
@MoonlitAlphaRomance		pending		
@Moonlitbl-r3b		pending		
@Moonlitdesires-w6i		pending		
@Moonlitfocusmusic		pending		
@MoonlitRainn		pending		
@MoonlitRomanceLibrary		pending		
@MoonlitTransformations		pending		
@Moonpassio		pending		
@MoonRabbitWhispers		pending		
@MoonshotInvest		pending		
@MoonsRomanceCollection		pending		
@MoonStoryGt		pending		
@MoonTalesAIvideos	UCl_hSMYsczvr-T0roMEPZQw	ok		MoonTales AI
@MoonTeluguAI		pending		
@moontimestudioai		pending		
@Moonvail_luna		pending		
@MoonveilAIStudio		pending		
@MoonwalkChronicles		pending		
@MoonwalkReimagined		pending		
@MoonwaveLoFi-j3m		pending		
@MoonwellMelodiesMusic		pending		
@MoonWhisperassmr		pending		
@MOPOK-cw		pending		
@MoralLessonStories		pending		
@MoralResistance		pending		
@Moralstorywithai1		pending		
@MoranaChoir		pending		
@moranmanjuclub		pending		
@moraproductions-m1x		pending		
@moreagiert	UCj9zpsRYZPsAl5ZT8Mnwy9A	ok	@dierentnerdeutschland	DieRentner
@MOREJESUSPRAYERS		pending		
@morganbenny-28		pending		
@MorganDrama		pending		
@morgarreacts		pending		
@MorgueSecrets		pending		
@mori_shorts1		pending		
@MormonDeepDive		pending		
@moroksaga		pending		
@moromibegum2120		pending		
@morpheaxaai		pending		
@MorphFoundry		pending		
@MorphiStruct		pending		
@MorphitectAI		pending		
@MorphVisionAI		pending		
@MorphXTV		pending		
@morris_records		pending		
@MorrisonMadeMusic		pending		
@mort.animation		pending		
@Mortal-Saga		pending		
@Mortonlab		pending		
@MortoryYT		pending		
@MorvangionPrime		pending		
@MosNoirJazz		pending		
@mossadscope		pending		
@Most_Dangerous		pending		
@MostafaZeinAii		pending		
@MostInfluentialGameGameIcons		pending		
@mostinworld		pending		
@mostspenders		pending		
@Mostwantedus-e2e		pending		
@MOTAKUKISTUDIO		pending		
@motavation_z7		pending		
@motech8117		pending		
@mothercatfamily	UCzOOuGzwrSLAhLWiVP5Ev9g	ok		Mother cat Family
@MotherFolktales		pending		
@motherland_african_tales		pending		
@MotherlandFolktalesStories		pending		
@Motherlandtalesmedia		pending		
@MothersRevenge		pending		
@MothersTactics04-99		pending		
@MotifKabe		pending		
@Motifmelodies		pending		
@motion-film7	UCb6ICa53AZV7je8IDTa2-4A	ok		Motion-Film
@motionai_09	UCTRzGKEJYurR5Tw6sw7LPsA	ok		Motion Ai
@MotionGarageReels		pending		
@motionstorybangla	UCZnAKYE3JhDxogAqhU1Ox2g	ok		Motion Story Bangla
@MotionStudio-650		pending		
@motivandohastaelexito		pending		
@Motivandohastaeléxito		pending		
@Motivation2Invest		pending		
@motivation_7940	UCveo8zLUlchzY7uXpBWmvEg	ok		今日も料理する柴犬
@MotivationHub-o6o		pending		
@Motiviber		pending		
@Moto.Engine		pending		
@MotoChrono		pending		
@motoelite-n5r		pending		
@MotoLynxpro		pending		
@MotoMagzYT		pending		
@Motor.Majesty		pending		
@MotorCityTunesA.I		pending		
@MotorcycleheadsML		pending		
@MotoresdelPasado-v6h		pending		
@MotorForge-h2i	UCjWiFfE3-d1LYEboQozk7ig	ok		Motor Forge
@motoriqa74		pending		
@motormafiaa	UC7pQl8Sd2qBCeSppP1ug9rQ	ok		Motor Mafia
@MOTORROCK-89		pending		
@motors2569		pending		
@MotorsCentralYT		pending		
@motoryzacjanabiezaco		pending		
@MotoryzacjaNaBieżąco		pending		
@MotorZen-p3h		pending		
@MotorZenthx		pending		
@motto_yukemuri		pending		
@mounikaanilvlogs		pending		
@mountain-job		pending		
@MourningMuse-k3y		pending		
@MouseChefAi		pending		
@MOVA-AIVideoEditor		pending		
@MovaFlow		pending		
@movie_hopper		pending		
@movie_mind555	UClkxbIJDEv3E1ZXQ9aCI2qQ	ok		Movie Mind
@movie_shortssss		pending		
@MovieAi-official		pending		
@MovieAiTrailers		pending		
@MovieAsAService		pending		
@MovieBytes-k8i		pending		
@MovieChain-0		pending		
@moviedramaexplanation		pending		
@MovieFlowAI		pending		
@MovieFluxAI		pending		
@moviefuny-n6f	UCEZPRU-vXvXPefN_-AIOVGg	ok		Funny movie
@MovieMasti-143		pending		
@MovieNO1LoveDrama		pending		
@movieparodyai8286		pending		
@MovieRecapNL		pending		
@MovieRecast		pending		
@MovieRockstar		pending		
@Movies-o6j5v		pending		
@movies.hub.orignal		pending		
@Movies_Shelter		pending		
@moviessexplained	UCbkS1HHx_oeQwxL7M9XLVUA	ok		movies explained
@moviestarrows		pending		
@Moviesteasers1		pending		
@moviestrailerai		pending		
@MoviesTrailersAI		pending		
@Moviestube-k1h		pending		
@MoviesUnlocked07		pending		
@movietime_flicks		pending		
@movietimewithmary		pending		
@MovieTrailerGPT		pending		
@MovieZom7	UCFUDOc6FUz0XcRWj1GxRCdA	ok		MovieZom
@movilmovil6983		pending		
@Movio_studio_en		pending		
@mowdudahmed		pending		
@MoxieCeleb		pending		
@MozaicofJesus		pending		
@MozoAivisual		pending		
@MP_Novels		pending		
@MpcBplus		pending		
@mpelembe		pending		
@Mpminds_	UCal_2JvDuhNySJ64Wz1TACg	ok		Mpminds
@mr.ace67	UCDBy1zWZ827JxHnYzekjRwQ	ok		Mr.Ace67
@MR.ADWANAI	UC1weD5rkPF20_M_DzORzpuw	ok		MR. ADWAN AI
@Mr.AlexanderStories-j2z		pending		
@Mr.Ciggyofficial		pending		
@Mr.CreepinessUncut		pending		
@mr.crushai	UCuaHbZ4wm_rYatV2XNIersg	ok		Mr. Crush
@Mr.DanielStories-u2p		pending		
@Mr.DavidWilder		pending		
@Mr.DeanStories		pending		
@Mr.Death.Official		pending		
@Mr.DeepHistoryYT		pending		
@mr.dheeraj001	UCujAhoq3c07Xyxp3GYrTucg	ok		Mr.Dheeraj
@Mr.DudeExplained		pending		
@Mr.EdwardStories		pending		
@Mr.EerieTale		pending		
@Mr.Greendude		pending		
@mr.Hark1		pending		
@Mr.HarrisonStories-s1n		pending		
@Mr.Histories1		pending		
@MR.Jimmy-72		pending		
@Mr.JonathanStories		pending		
@Mr.Ledger-m6r		pending		
@Mr.LucianStoriesYT		pending		
@Mr.meme-funny		pending		
@Mr.MeorBeyond		pending		
@mr.metal.official		pending		
@Mr.Mistiq		pending		
@Mr.PeterForeverLoveStories		pending		
@Mr.PeterTales-TV		pending		
@Mr.PeterTrueLoveStories		pending		
@mr.pintukumar18		pending		
@Mr.qatipi99		pending		
@Mr.Ravenhurst		pending		
@Mr.Silas1		pending		
@Mr.TheodoreStories		pending		
@Mr.ThomasStories1		pending		
@Mr.Twist.2077	UCkOQCslS8BC_zP3Cu5FQKvQ	ok		Mr_Twist
@Mr.VelMash		pending		
@Mr.VincentStories		pending		
@Mr.Wang-DJ		pending		
@mr.whosetech		pending		
@mr_ai_creates		pending		
@MR_ARUN_5		pending		
@Mr_foxAi		pending		
@Mr_SkeletonAI-d6q		pending		
@MrAdilART2026		pending		
@MrAG_Asian_Guy		pending		
@MrAi51214	UCNlkbjOAEkelg30FbZ4pUjA	ok		Mr Ai
@MrAI_Cinemax-xj5yq		pending		
@MRAIHACKER-p4c		pending		
@mrakashkankal		pending		
@MrAlexyStories		pending		
@MrAmbitiousYT		pending		
@MrAndyLoveStory		pending		
@mraryanx7m	UCDoZHUhgSw2UmSszgIELNXA	ok		ai. video...
@Mrassho666		pending		
@MrBakhronov	UCw4WBX2JyvlhjaoI73-NPDw	ok		MrBakhronov
@mrbeaztwood		pending		
@Mrbhaijcartoon		pending		
@MrBookandMeStories	UCoYIEq7_E9Ya75Fis0dScPQ	ok		Mr Book and Me Stories
@mrbradstories_1		pending		
@mrbyte-exp		pending		
@mrcat-2002		pending		
@mrcat1414	UCO89UGsMlNWJVEnVvmErSXw	ok		Mr Cat 2
@mrcurioussyt		pending		
@Mrdiamondhuntertv		pending		
@mrdipoktantidancer	UCdqDTvOrmSzvSkZBRdaEmSg	ok		Ai Shorts video
@MrDiscoveryTV		pending		
@MrDkay4		pending		
@MrEmilioIllegalKnowledge		pending		
@MrFinanceBrands		pending		
@MrFinanceHorror		pending		
@mrfolktalesreal		pending		
@MrFruitDrama		pending		
@mrgssofficial		pending		
@Mrhaardyt2009		pending		
@MrHalloradio		pending		
@MrHarrisEdu		pending		
@mrheadcannon		pending		
@mrhoodieq8		pending		
@mrifydet		pending		
@MRJ_Metal		pending		
@MrJohnBriefing		pending		
@mrjunaidofficialyoutubechannel		pending		
@MRKASMR0		pending		
@mrkrishnamorereacts		pending		
@mrl-i3j		pending		
@MrLukku7		pending		
@MRMarvelAi2026		pending		
@MrMemesito		pending		
@mrmilo-k4j	UCS3CS1FRL3rtCZoM6l8aCHA	ok		Mr Milo
@MrMiniatureAi		pending		
@MrMonolithOfficial		pending		
@MRMUSO_AI		pending		
@MrMythology123		pending		
@mrnightcode1		pending		
@MrNightwood2477		pending		
@mrnobody-gw1yy		pending		
@MrOddLives		pending		
@MrPeterDramaStories		pending		
@MrPig-c5y		pending		
@MrPiggyRider		pending		
@mrpotato44-h3n		pending		
@mrpsychologytalks001		pending		
@mrrawpeeler		pending		
@Mrrecappedofficial		pending		
@MrRetired-y2b		pending		
@mrrstarshow	UCECvqVy13hAwvHbA_zAYl5w	ok		Welcome to Cyberverse with Davutstar
@mrsdonepiecestudio		pending		
@MrShajil-u7e		pending		
@MrShawnsStories		pending		
@mrshivamjack		pending		
@mrshort_page		pending		
@MrSmakShorts		pending		
@mrsopidocreatives		pending		
@MrSpaceExplainer		pending		
@MrStickySensei		pending		
@MrTech-y3q		pending		
@mrteng-tv		pending		
@MrTony16		pending		
@mrtung2	UC_3YxVMYLWLh89pTZwSGCLg	ok		Mr Tung
@MrVex_YT		pending		
@Mrvoid-Ai		pending		
@Mrwahalaofficial1		pending		
@MrWealthyfinance		pending		
@MrWebtasticOfficial		pending		
@MrWeirdAI		pending		
@MrWhyReport		pending		
@MrWilliamStories	UCJYwBl2bYnzlOuTC7WEhTnQ	ok		Mr. William Stories
@MrWondersofficial		pending		
@mrxn0xlif3		pending		
@msai_music		pending		
@MsB_Tales		pending		
@MSectorLo-Fi		pending		
@MSeeDaly		pending		
@MSimplifiedx		pending		
@MsMojo		pending		
@MT-FamilyDrama		pending		
@mt15dreamer12		pending		
@MTALab12		pending		
@Mtftgtfstories		pending		
@MtLabanishorts		pending		
@MTouch-SUNO		pending		
@mtstudioai99		pending		
@MuazAIWorld05		pending		
@MubTime		pending		
@muchomono		pending		
@muftprachar		pending		
@MugenPalette		pending		
@mugiwave		pending		
@muhammad_bilal-officia		pending		
@MuhammadAhmadRaza-z1i		pending		
@MuhammadEhtisham-t2d	UCc43uBuaos6ZYzAohfLiC-w	ok		U.S. Mint Mysteries
@MuhammadFareed-r3l		pending		
@MuhammadIrfan-b8d1o		pending		
@MujeresdeLuzyAmor		pending		
@mukkultaluja		pending		
@MulberryRevenge		pending		
@multifunctionhacks		pending		
@multiversea.i		pending		
@MultiverseClash-c1e		pending		
@MultiverseExplorer-2k01		pending		
@multiversematrix		pending		
@MultiverseMayhem444		pending		
@multiverseofai777	UCT6CFc--SRIayEcv-U7rc9g	ok		Multiverse of AI
@MultiversumTV-k9n		pending		
@multivibes01	UCdKgB-hqW4Zu1461Ngj9nCg	ok		multivibes
@MuMuRADIO		pending		
@munchkinmonkeys	UCq8ZUfO4VE82Yc0Es6oGzqA	ok		Munchkin Monkeys ASMR 🐒🍓
@MundoDeFuerza		pending		
@MundoDinerovideos		pending		
@mundoenimpacto		pending		
@mundomanhwa-c5p		pending		
@MUNEERAIOFFICIAL.01		pending		
@MuneerLabs		pending		
@MungerRationalGeopolitics		pending		
@munybinfluencers		pending		
@MuqaddasWaheedAICreates		pending		
@MuqiiVerse		pending		
@Murph-b5y		pending		
@MurthyFinanceAcademy		pending		
@MurtRGuitar		pending		
@musafamusic1		pending		
@museandsnooze		pending		
@musecraftcinema		pending		
@MuseGolden		pending		
@MuseInfinite		pending		
@MuseLuxeAI		pending		
@musereels		pending		
@musestories3		pending		
@musguess		pending		
@MushfiqRahid_93		pending		
@MUSIC-AND-SONGS-ai		pending		
@Music-Lab2026		pending		
@music_is_all_you_need		pending		
@MUSIC_OF_LIFE_EDO		pending		
@Music_of_the_Valley		pending		
@music_potions1		pending		
@music_tongue		pending		
@musicalaura-l3k		pending		
@musicanimecreations		pending		
@Musicanku		pending		
@musicaqueedificaelalma-o8x		pending		
@musicas_IA-BR		pending		
@MusicBeatsNeon		pending		
@musicblender7227		pending		
@musicboxmusic-c8o		pending		
@MusicBuzzmedia		pending		
@musicbyai64		pending		
@MusicCans-007		pending		
@MusicCatTv	UCTNqh14T0TPyzhvqMVVrcqw	ok		MusicCatTv
@musicchill5694		pending		
@MusicDubara		pending		
@MusicFilm1		pending		
@Musicfusion_34		pending		
@musicheads888		pending		
@musicihanproduction		pending		
@musicismytherapy2025		pending		
@MUSICKIJY		pending		
@musiclab-k90		pending		
@musiclab0223		pending		
@MusicLabChill		pending		
@MusicMarks8		pending		
@MusicOfAngels-q4b		pending		
@MusicOfOurTime	UCU2JcOFRl6AEIjDTlBfyoug	ok		Music Of Our Time
@musicpinpi		pending		
@MusicPlanet-AI		pending		
@musicrecords-k7v		pending		
@MusicReviewPodcast		pending		
@MusicRivieraEterna		pending		
@MusicStoryAIAI		pending		
@MusictoFeelWorse		pending		
@musictok95		pending		
@MusicVibeChannel		pending		
@MusicVibesOfficial387		pending		
@musicwithmk26		pending		
@musicworldlabel		pending		
@musiczethron		pending		
@Musiklectik		pending		
@MusikMelodiezFanMadeMusic		pending		
@MUSKRECORSD		pending		
@muskrelationships		pending		
@MUSONGM2U		pending		
@Mustafaaimusicbg		pending		
@mustafasamejo	UC7MRr1bJskgIv27cZPWwvkA	ok		cats funny video
@mutahharplayzz	UCRJ_NSUUeHgytGfXeuK_gFA	ok		Ai 3d Videos
@mutatemix		pending		
@Mutation-1		pending		
@MuteMatr1x	UCEbP27rtLk-C5UjGaYeqoXA	ok		MuteMatrix
@MutualFundMantra-0012		pending		
@Muzek-t1z		pending		
@Muzikawii		pending		
@MuzikBot-fm		pending		
@MuzikWorld232		pending		
@MuzycznyKalejdoskopAI		pending		
@mv1900		pending		
@MVPStoriesSG		pending		
@mwangucomedys		pending		
@mwangufilms		pending		
@mx6maximus		pending		
@mxr996		pending		
@mxride96		pending		
@My_Ballz_Smell2		pending		
@my_cat_2025	UCdxBoDzkMU_AqGvxrlmuWeQ	ok		my_cat
@mya_ai_records		pending		
@MYAFRICANTALES-d6u		pending		
@MyAiCreativity-162		pending		
@myaidog12	UCNkr7frB0h2AZlycXwmoJUg	ok		My ai dog
@myailife1		pending		
@myailifeai		pending		
@MYAISTORYFOREVERYONE		pending		
@myaitalkingcats	UCGb13k9EEm7quYGwDtyPM5g	ok		my ai talking cats
@MyAIThings		pending		
@MyAmbience		pending		
@myanimeestudio		pending		
@Myanmar-AI-Music-Studio		pending		
@myanmarverse3		pending		
@MyBetrayalDiaries		pending		
@MyBetrayalFamily		pending		
@MyCareersFeed		pending		
@mycatpets	UCFZ7_k73qsix_pwAHj_UgGQ	ok		Mycatpets
@mycatstoryland		pending		
@MyCatsx1		pending		
@mydj-77-h7z		pending		
@mydramaanimated		pending		
@Myelox.offical		pending		
@mygodlovecom		pending		
@MylasMovies-l3n		pending		
@MyLifeAfter65		pending		
@MyLifeIsaMovie-ym7dy		pending		
@MyliRome0		pending		
@Mylittlebarrio		pending		
@myllynen24		pending		
@mylovelyaicats	UC8HS_gjZf4fZpabTT2SsOYA	ok		My Lovely AI Cats
@MyMarvelEvolutionAI		pending		
@mymcuai34		pending		
@MyMeow_US		pending		
@Mymoralwonderland		pending		
@mymoviewood		pending		
@mymystories		pending		
@MyMythicRealmChronicles		pending		
@MyNotebookOverview		pending		
@mynt.studio		pending		
@myobscureart		pending		
@myour-music		pending		
@MyPassionDiaries		pending		
@MyRAMsGarage		pending		
@Myrasor		pending		
@MyreliaEchoes		pending		
@MyrhaelAIOriginals		pending		
@mysalsad12		pending		
@MySketchNote		pending		
@mystarlifestyle5696		pending		
@mysteriamentis2025		pending		
@Mysteries_of_Humanity-h1z		pending		
@Mysteriesanimals		pending		
@mysteriesofAdonai		pending		
@MysteriesOfMythology		pending		
@MysteriesoftheBible-P		pending		
@MysteriesoftheUniverse00		pending		
@MysteriousChroniclesMC		pending		
@MysteriousInsights-tj		pending		
@MysteriousLoves-ML		pending		
@mysteriousoftheworld-e7k	UCx5kyLUReKirztlFsyyMS9g	ok		Mysterious of the World
@MysteryAIMan		pending		
@MysteryCrimeCase-YT		pending		
@mysterycrunchofficial		pending		
@MysteryDecoded-o9n		pending		
@MysteryDiscoveryVault-k3f		pending		
@Mysteryhistoryforsleep		pending		
@mysterymarketvault		pending		
@MysteryOfDoorbell		pending		
@MysteryTales-l6x		pending		
@MysteryTales-y8i		pending		
@mysteryUniverse-f5y		pending		
@MysteryVerseAI_01		pending		
@mysteryversearchive		pending		
@mystic.dreamlands		pending		
@Mystic_Highlands		pending		
@Mystic_journey09		pending		
@mystic_lofi_dreams		pending		
@Mystic_Swamp_Trips		pending		
@mystical_ai8		pending		
@mysticaladdin_stories		pending		
@MysticalGhibliStories		pending		
@MysticalIlluminator		pending		
@MysticalMusicVoyage		pending		
@MysticAncientEchoes		pending		
@MysticASMRLab21		pending		
@mysticbeams		pending		
@mysticcelticmusic		pending		
@mysticcreationsstorytime		pending		
@MysticDragonChronicles		pending		
@mysticdubzone		pending		
@MysticGirlVibes		pending		
@MysticLens-e4p		pending		
@MysticLoveStories		pending		
@mysticnotess		pending		
@mysticrainworld		pending		
@MysticReggae		pending		
@MysticStudio777		pending		
@MysticSwampSounds		pending		
@mysticvideoai	UC0tpBPe3PVzy7Xj3qf9D0FA	ok		Mystic Video AI
@MysticVoyagee		pending		
@MystikManor		pending		
@Mystora-Flow		pending		
@Mystorastories-h2s		pending		
@Myth_Legends9		pending		
@MythAIDigital		pending		
@MythandMysteryYT		pending		
@mytharionfilms01		pending		
@mythbykia		pending		
@mythcoretv		pending		
@MYTHFLIXAIUNIVERSE		pending		
@mythica-celtic		pending		
@mythical-history		pending		
@Mythical-Storyteller1		pending		
@MythicalCinematicUnivers-ch4sm		pending		
@MythicalDreamz		pending		
@MythicalEpoch		pending		
@MythicalRealities2026		pending		
@MythicalTalesHaven		pending		
@MythicalVinyl		pending		
@MythicChronos		pending		
@MythicCozy		pending		
@MythicDimensions-o9f		pending		
@mythiclorebound		pending		
@mythicmachineryai		pending		
@MythicMashup		pending		
@MythicMelodyJourney		pending		
@MythicMoodsReverie		pending		
@mythicmysticmusic		pending		
@MythicOriginsOfficial		pending		
@mythicrealms12		pending		
@MythicTalesAI-y4l		pending		
@MythicTune		pending		
@MythicWings-327		pending		
@MythicWoodsMusic		pending		
@Mythmeaningstories		pending		
@MythologyAnthems		pending		
@MythologyAtDusk		pending		
@MythologyFolkloreForSleep		pending		
@mythorafilmm		pending		
@mythorafilmslj		pending		
@mythoravideo		pending		
@MythosandhistoryYT		pending		
@MythosChroniclesStories		pending		
@MythosCronics		pending		
@mythosmotion		pending		
@MythoVerse0143		pending		
@mythpaws		pending		
@MythReel-GK		pending		
@mythsandmadness		pending		
@mythsandmagicmusic		pending		
@mythsofthekeep		pending		
@mythsofwar-w1z	UC9jgTEEiHz9kbxcfTzFCpMg	ok		Myths of War
@MythsReborn-s4b7r		pending		
@MythsStoriesfromAfrica		pending		
@Mythstoldme		pending		
@MythsUnraveled-s5f		pending		
@MythVerseAI-g1i		pending		
@MythWorldExplained		pending		
@MythWorldStory		pending		
@Mythyx-16		pending		
@mytv8362		pending		
@myunrealplanettv.		pending		
@Myveiltales		pending		
@MyWorldofAiCreations		pending		
@myYellowMeow		pending		
@MyYouTubeofBibleStories		pending		
@MZ003-f3p		pending		
@Mz_sohee		pending		
@MZdsj6-e4w		pending		
@MZEYES-3		pending		
@MásAlládelasHistoriasBíbli-o7r		pending		
@MÁSCARAALMA		pending		
@mâyhồngtv25		pending		
@MétodoWarrenBuffett		pending		
@MéxicoIndustrial03		pending		
@MúsicaQueEdificaElAlma-o8x		pending		
@N1ghtGear		pending		
@naanyaar1481		pending		
@nacht.herz_aimusic		pending		
@nadeemmughal06		pending		
@NadeemUllah-t3s		pending		
@nadieselopregunta		pending		
@Naflodiaries		pending		
@NagishiroInori_AI		pending		
@Nagpuri-Remixx		pending		
@NAGPURILOVERSk		pending		
@NagpuriMusicJunction		pending		
@Naiara_song		pending		
@NaibaKhan-k3m		pending		
@naijadrama-1		pending		
@Naijalifestories24		pending		
@naijastory_studio		pending		
@NaijaStoryChronicles199		pending		
@NaijaStoryVerse27		pending		
@naitikmaurya07		pending		
@NajaRelaxing		pending		
@NajibDigital6		pending		
@Nalarka		pending		
@namcartv		pending		
@NameAi-j6w		pending		
@Nameless_Ronin		pending		
@NAMICHILLWAVE		pending		
@NamiLoveStory		pending		
@NamQuach88		pending		
@nana_jianwenlu		pending		
@nanabananainternational		pending		
@NanaDrama-y6z		pending		
@NaNaDramaNO1		pending		
@NanjuEdits		pending		
@nano-charges		pending		
@NanoBitesAI		pending		
@NanoKitchenAI		pending		
@nanoLifeGroove		pending		
@NanoSwift		pending		
@nanoTalkTV_Eng		pending		
@NanoworldAI		pending		
@NanXyz9		pending		
@Naomiloveromance		pending		
@napkin-markets		pending		
@NappingOrange		pending		
@napsea		pending		
@NaraAIyt		pending		
@NaravaStory		pending		
@NARCEO05		pending		
@NARCIFIC-t6h		pending		
@Narciscope_klo		pending		
@Narcisight719		pending		
@NarcisismoAlDescubierto-c2k		pending		
@NARCISSISMEXPLAINED-n2s		pending		
@narcissist-b5e		pending		
@Narcist-jk		pending		
@NariMusicSong		pending		
@NarkogReports		pending		
@NarratedAfricanFolktales		pending		
@NarratedEmotionss		pending		
@narrativedrivenart		pending		
@Narrativesoflove321		pending		
@NarrativeStories0		pending		
@NarrowPathEntertainment		pending		
@NarutoAIUniverse		pending		
@NarutoRebornAI		pending		
@Narvik_Stories		pending		
@NarzaryMelodies		pending		
@NasDaily		pending		
@Nash-Invests		pending		
@naSHImanyv		pending		
@NashvilleDreams-7		pending		
@NastyCatMeow		pending		
@Nate-Bishop		pending		
@nateanim8		pending		
@NatGeoPocket		pending		
@NathalieGottmann		pending		
@nathanartnet		pending		
@Nathanbwj		pending		
@nathannarrator1		pending		
@NathanWallace-r7f		pending		
@NationalMeme1		pending		
@nationfilmsstudio		pending		
@NationNex21		pending		
@NATIONSTHEORYYT		pending		
@NativeAmericanFluteOriginal		pending		
@NativeSoulRomance		pending		
@Nativetales-v2q		pending		
@NatsuMusicChannel		pending		
@nattygreensyt		pending		
@naturalbeauty-t2v		pending		
@NaturalFrontiers_Channel		pending		
@NaturalHealthRemedies		pending		
@NaturalHomeHacks		pending		
@NaturalneRolnictwo		pending		
@naturalsounds-tk6ex		pending		
@nature-escape-4k		pending		
@nature_neuro	UCZ1fRtz9wOBLnlQKgRfGtgg	ok		Nature Neuro
@nature_reborn-1		pending		
@NatureBeatSound		pending		
@NatureBuiltFirstDesign		pending		
@natureismytherapy8459		pending		
@NatureMeditationAmbience		pending		
@NatureshockTV2		pending		
@NaturesLostArchive		pending		
@NatureStoryAI-p2n		pending		
@NatureTrip3	UCEuWlk8r7gcFfCHDE0AivLQ	ok		Nature Trip
@NavalBlitz		pending		
@NavalHorizon-s4v		pending		
@NavalSalvage		pending		
@NaviaStudio		pending		
@NavinSpear		pending		
@NaviqoAi		pending		
@navvalwatch		pending		
@NavyaK-m6f		pending		
@NavyClash		pending		
@NavyDecoded		pending		
@NavyFirestorm	UCGRas1ih2fVtrX6GPap50KA	ok		Navy Firestorm
@NavyFutures		pending		
@navyseallegendstories		pending		
@NavySecrets-q6t		pending		
@NavyVector		missing		
@NAZFruitKingdomStudios		pending		
@nazzhenis		pending		
@Nbancineluxe		pending		
@NBKAIStudio		pending		
@NCash		pending		
@NCrimby	UCT1ElwRTqX_GQU-fukdq0oA	ok		Vester
@ncunanda		pending		
@ndukaStudios		pending		
@Near-DeathExperiences		pending		
@NearSilence-j4g		pending		
@NebulaAudioUSA		pending		
@nebulabreeze		pending		
@nebulafrequencies		pending		
@NebulaProphecy		pending		
@nebulonyoutube		pending		
@Neche19Stories-1		pending		
@nedex12		pending		
@NedTalksBusiness		pending		
@neerajchaudhary4727		pending		
@NEETUVRX		pending		
@neha_video_creator-z1f	UCExK4b1JzJcydPtXBBNx5Zw	ok		cartoon animals video
@NehaSingh-x9e2m		pending		
@neighbordisputestories		pending		
@NeighborhoodConflicts		pending		
@NeighborhoodTaleYT		pending		
@Neighborsfromhell-k3b4k		pending		
@NeighborWarsYT		pending		
@Neilnex		pending		
@neizvedannoe5		pending		
@neko-nan		pending		
@NekoDiary-z3m		pending		
@nekonoma-k		pending		
@nellisrosebreaking		pending		
@nelvox		pending		
@Nem-Novaeramusical		pending		
@Nemesis-y3g		pending		
@NemosDreamscapes		pending		
@nengstickers	UCWroNVpYoqU8C8NsewR4tXQ	ok		Neng Stickers
@NennysMedia		pending		
@NENUJAZZ		pending		
@Neo.Origin01		pending		
@Neo_2ff		pending		
@Neo_Gram		pending		
@Neo_Kynetics		pending		
@NeoAfricaChronicle		pending		
@NeoAIMusicLab		pending		
@NeoAIMusicLabANNEX		pending		
@neoarc-xmusic		pending		
@NeoCityVisions8		pending		
@NeoCraftStudio		pending		
@neodevicelabx		pending		
@Neoflux-u3p	UC9MKQrtqdreXk-IB3dFjfSw	ok		Neoflux
@NeoGenWorkflow91		pending		
@NeoModelAI-v2v	UCekwRjUn4rO3F8xLS8Zu9Rg	ok		NeoModel AI
@Neomusicbr		pending		
@Neon-DriftNight		pending		
@Neon-Rush-3D		pending		
@Neon-X-01		pending		
@neon.orchestra.project		pending		
@Neon_Aliens		pending		
@NeonAIStudio69		pending		
@NeonAlieni		pending		
@NeonAstronaut80sSpaceSynthwave		pending		
@NeonBeatz-b2n		pending		
@NeonBeatz-l9k		pending		
@NeoncoreFM		pending		
@NeonDrift420		pending		
@NeonEchoDistrict		pending		
@NeonEnso		pending		
@neonglitch3.0		pending		
@NeonKnightGaming-e5n		pending		
@NeonLoreAnimeStudio		pending		
@neonneko-c2q	UC5-fd-OwOePwNCsKcN6lnUA	ok		Neon Neko Hindi Horror 💀🕷️
@NeonNerveASMR		pending		
@NeoNostalgiaAI		pending		
@NeoNostalgica		pending		
@neonretroscapes		pending		
@NeonSolitudeOfficial		pending		
@neonsoulradio-z5u		pending		
@NeonTherapymusic		pending		
@NeonTokyoLounge		pending		
@NEONVERSE-Al		pending		
@neonxvikash534		pending		
@NeoonRewind		pending		
@neosoulessence		pending		
@NeoSoulReimahe		pending		
@neostar99		pending		
@NeoVasquez-f7v		pending		
@neoviralclipss		pending		
@Neow-AI		pending		
@NepAI.Melody.Studio		pending		
@NepalAustralia-d8w		pending		
@Nepali-ai-music		pending		
@NepaliAIRemake26		pending		
@NepaliMusichHub		pending		
@NepaWaveAI		pending		
@Nepo-AI		pending		
@neptuneai-x4l		pending		
@nerd.mp4		pending		
@Nerdtown-e5m		pending		
@NerraNetwork		pending		
@NessyAI47		pending		
@nestalgiamusic		pending		
@nestflics		pending		
@NestKeeper-w2y		pending		
@Nestoria-5		pending		
@NesyaTravelVlog		pending		
@Neter-kemet		pending		
@NetflixAITrailers		pending		
@netflixromanticstory		pending		
@netramai		pending		
@NetShort-app		pending		
@NetworkMediaShow		pending		
@NetWorthFinance-GNR		pending		
@neu-youtube		pending		
@NeueZeitDE		pending		
@Neural-Awakening		pending		
@Neural-eaz		pending		
@neural-films		pending		
@Neural_Nashvllev		pending		
@neural_wire		pending		
@neuralbeats.audioAi		pending		
@NeuralCatastropheAI		pending		
@neuralclips-u8o	UCI0o6nJznIlQYiPkyR8oFnQ	ok		NeuralClips
@NeuralCoreAudio		pending		
@NeuralDepthAI		pending		
@NeuralDerpMemes		pending		
@NeuralDerpMusic		pending		
@NeuralDrift27		pending		
@neuralframes11		pending		
@NeuralMelodies5		pending		
@NeuralMiniFood		pending		
@NeuralMixStudio		pending		
@neuralmotionstudios04		pending		
@neuralnavin-ai		pending		
@neuralninjaaa		pending		
@NeuralNomadDocss		pending		
@NeuralNonsense-x		pending		
@NeuralNote-wp7xx		pending		
@NeuralNova-k1o		pending		
@NeuralProtocol-p2l		pending		
@NeuralSounds-v4b		pending		
@neuralsoundwave-fan_inspired		pending		
@NeuralStorycrafter		pending		
@NeuralTunes001		pending		
@NeuralViz		pending		
@Neurews		pending		
@Neuro-Brief		pending		
@neuro-music-lab		pending		
@Neurobeatsounds-d6s		pending		
@Neurobiasoffical		pending		
@neurodisciplinabl		pending		
@NeuroFilmsLab	UC5n9sFEq0VOn_XYOUSLua4w	ok		NeuroFilms — AI Movie Concepts
@NeuroFramesAI		pending		
@NeuroIntelE		pending		
@neurokosmos		pending		
@NeurolynAI		pending		
@NeuroMint.Studio		pending		
@Neuropolis_ai		pending		
@NeuroReel		pending		
@Neurosama		pending		
@neuroticoyt		pending		
@NeuroTrailers		pending		
@Neurovibe-Ai-o5z		pending		
@NeuroWavesLabMusic		pending		
@NEUVERT		pending		
@NevaTales-w7b		pending		
@Neverenoughconfessions		pending		
@NeverHappilyEverAfter		pending		
@NeverJudgeStories-us		pending		
@NeverlandSymphonicMetal		pending		
@NeverTooOldChannel		pending		
@NEVRAINE		pending		
@New-Vibe30		pending		
@newaicosmos		pending		
@NewanimationYt-i2u		pending		
@NewChristianRap2025		pending		
@newDiscoveryofficial		pending		
@NewGenFactoryOfficial		pending		
@NewGotTalent		pending		
@newharborfinancial		pending		
@NewImagineStudio		pending		
@Newmusicmader		pending		
@NewMvpAuto-r2s		pending		
@newonenooneee		pending		
@news_ai_flash		pending		
@news_drishti		pending		
@news_today001		pending		
@NewSciTech		pending		
@NewsExxpress		pending		
@newsfootball365		pending		
@NewsGalaxy-i		pending		
@NewsInsight-n8n		pending		
@Newsique		pending		
@newstoriesaicat	UC9ZP22X38T1UUvDM5dMT16g	ok		new stories Ai cat
@NewTechInsights-c8f		pending		
@newtimestorieshq		pending		
@NewTravelInsight		pending		
@NewUkrainMusic		pending		
@NexaOS		pending		
@NexaProcess01		pending		
@NexcopeAI		pending		
@NexifyTunes		pending		
@nexoraa71		pending		
@nexorafiled		pending		
@NEXORAStories_DH		pending		
@Next-GenCar		pending		
@Next-LevelTech-p3p		pending		
@next-process		pending		
@next.level.ai.9	UCAqkh5OlvCBejSi3lac2bMQ	ok		╠𝒩eﾒ†𝖑eve𝖑~คᎥ
@Next_Episode-c		pending		
@NextAIShortFilm.69		pending		
@NextDoorFootageAI		pending		
@NextEraTech01	UCeekDCpKCMDkADIwAOEsXoA	ok		NextEra Tech
@NextGen-Trailerss		pending		
@nextgen_industry		pending		
@NextGen_Safety		pending		
@NextGenAI-k7b	UCObzOc614A1JU8JB0cZGasw	ok		NextGenAI
@nextgenai120	UCncX5Hg604n5tOeKR8RUYuQ	ok		NextGen AI
@nextgenai_1nr		pending		
@NextGenAIAnimation		pending		
@nextgenaifactory		pending		
@NextGenAiTEC		pending		
@nextgenbusiness-26		pending		
@NextGenDigitalSystem		pending		
@NextGenerationFactory		pending		
@NextGenFactorAI		pending		
@NextGenFactoryWorld		pending		
@NextGenFactoryWorld_1		pending		
@NextGenFootballq		pending		
@NextGenGamers-k6x		pending		
@NextGenMachina		pending		
@NextGenmanufacturing-MFH		pending		
@NextGenManufacturings		pending		
@NextGenMyanmarMusic		pending		
@NextGenProcessLab0		pending		
@NextGenProcessVault		pending		
@nextgenrobotai51	UCHLDJ5kwvGLZ8GcAP47COJg	ok		NextGen Robot AI
@nextgenwarr		pending		
@NextGenXFactory		pending		
@nextgoaltips-b1b		pending		
@nextlevel-you-101		pending		
@NextlevelAIOfficial-d5r		pending		
@NextLevelTravel-e6r		pending		
@nextmeme-yt		pending		
@NextMindMedia-z5v		pending		
@nextmovierecap		pending		
@NexToneCSM		pending		
@NEXTPROCESS-d6r		pending		
@nextrecapped		pending		
@NEXTTECHZONEi5		pending		
@Nextvibe-altf4	UC8WmiO1tSdt0cmbo1MLrHXA	ok		Nextvibe
@nextwaveai042		pending		
@NEXTYOU-j3j		pending		
@nextzenfactory	UCXIt9FLpOoknG_vnM3BleTQ	ok		NextZen Factory
@Nexus		pending		
@NexusAtlas-p1f		pending		
@Nexusboom-v9d		pending		
@nexusmanualinvestidor		pending		
@NEXUSPOLSKA-z6w		pending		
@nexusprimerealism		pending		
@nexy_sports		pending		
@NeyoNene-l6i		pending		
@nezlomnelidstvo		pending		
@NezlomnéLidstvo		pending		
@nfsmotorsport		pending		
@ngamcuocsongquanhta		pending		
@Ngcult_ai		pending		
@NgerockAI		pending		
@NGfinance01		pending		
@nghiepba8133		pending		
@NgocKim-lj9ht		pending		
@nguoikevasach		pending		
@nguoithanhcong1991		pending		
@nguyenhuuhai-l8l		pending		
@NguyenthanhNguyenthanh-sd6jv		pending		
@NguyenthiHuedeg		pending		
@NhacCuaBanYou		pending		
@NhatKhoaCao-y9h		pending		
@NhuGiao-q7x4x		pending		
@nhungoc8614		pending		
@NIa-tale-r4q		pending		
@nianalynch		pending		
@nic3880		pending		
@Niccyan		pending		
@nicemen.6276		pending		
@NicheAmbiance		pending		
@NicheNotFound		pending		
@Nick-On-Gaming		pending		
@NickelVerseMusic		pending		
@nickfinance-w7w		pending		
@NickFinance-w8z		pending		
@nickinvestsUS		pending		
@nickiperrystudio		pending		
@nicksfieldai		pending		
@NicksLedger		pending		
@Nico_and_Luna	UCGnAOrM3bGlKsjrJ_kNkAJg	ok		Luna & Nico
@NicoleHarrisTV-b6h		pending		
@niemozebyc_pol		pending		
@NIEMOŻEBYĆ_POL		pending		
@niespelnionamilosc		pending		
@NiespełnionaMiłość		pending		
@NIEZNANY_KOSMOS		pending		
@niezwyklepociagi		pending		
@niezwykly-umysl		pending		
@niezwykłepociągi		pending		
@Niezwykły-umysł		pending		
@NigerianDiary		pending		
@Night-of-Evil		pending		
@NIGHT-SYSTEM-STUDIO		pending		
@NightBloodTales		pending		
@NightBlues4You		pending		
@NightChristmasTunes1110		pending		
@NightDriveRadio80s		pending		
@NightEgypt		pending		
@NightfallFamilyTruths		pending		
@nightfallmusic-w2p		pending		
@Nightfallversee		pending		
@NightfallVillage-q7f		pending		
@NightFarer-z7k		pending		
@NightFlowStories-e5		pending		
@nightingaleseries		pending		
@NightinOsaka		pending		
@NightJazzBGM8386		pending		
@NightLagoon		pending		
@NightmareFrames-l2k		pending		
@NightmareVault1122		pending		
@NightMiraNoir		pending		
@nightofyfvt		pending		
@NightPineStudios		pending		
@NightsEmbrace		pending		
@NightshadeAnthem		pending		
@nightskyghibli		pending		
@NightSoundscape-r7e		pending		
@NightSpaceToSleep		pending		
@nightstaticbeats		pending		
@nightstories3		pending		
@NightTales-y5i		pending		
@NighttimeBiographies		pending		
@NightWatchWithFrank		pending		
@nightynightmusic99		pending		
@nikaic		pending		
@NikhilChauhan-h8x		pending		
@nikhilrajput0142		pending		
@nikhilsentino		pending		
@Nikiphore		pending		
@nikitadotechh		pending		
@Nikki_Cody		pending		
@nikogamingvn		pending		
@NikotinKilla		pending		
@NilKaps		pending		
@NillsAIHub		pending		
@NimbleMind-x7y		pending		
@NIMBLESTORIES-s2j		pending		
@nimbo_moments		pending		
@NimmaStoryVault		pending		
@ninadrana_701	UCxNTt_PW5wwFSc7J0ORvNeg	ok		Super AI Cat Tales
@ninafalonnemago8302		pending		
@ninaknowswhy		pending		
@ninecatsonelife		pending		
@NiniNazriRockabilly		pending		
@NinjaEconomicCollapse		pending		
@NinjaIA26		pending		
@NinjaMomClips		pending		
@NinjaOneITTechTips		pending		
@Ninjaotaku		pending		
@ninosdejesus-r8w		pending		
@ninosgeniosconmozart		pending		
@NintendoDreams		pending		
@Niomagickids		pending		
@Niraj_Cinematic_Universe		pending		
@Niranal_2007		pending		
@niro_flux		pending		
@nirufunnyai	UCthuS6Thci90zEnNAi5adeA	ok		Funny Meow Ai
@NirvanaGrooves		pending		
@nisaslittleworld		pending		
@NiteshNayak02		pending		
@nitinkatam	UCNYOQpyNWEBcA1VSkvoSPjw	ok		SAVING THE BABY
@nitinsharma0341		pending		
@nitinverma-h6q	UCGbAkTN5SbIAdLwMDeagFgQ	ok		Nt Cartoon
@Nivazdramazz		pending		
@NiñosdeJesús-r8w		pending		
@niñosgeniosconmozart		pending		
@NİRO_FLUX		pending		
@njstoryofficial	UC7WIwWyoo17Qi29hrIbpSnQ	ok		NJ STORY
@NkTufan1998		pending		
@NmasInnerVoice006		pending		
@NneAfricanTales		pending		
@nnesfolktales		pending		
@Nneuronovai		pending		
@nnrr-n4u4x	UCmAlwjq9DnsTpDofiH1wtvw	ok		Creative Animal & Cute Cat AI
@No.14VinylShop		pending		
@No.music2026		pending		
@NO1ShortDrama		pending		
@no_talking0		pending		
@NoahDrama9		pending		
@NoahMiller1		pending		
@noalexploration	UCeuaJvL3E9g5-AvdMcZQWiw	ok		Noal Exploration
@Noalid		pending		
@NobleLoveStories-u2k		pending		
@NobleManorStories		pending		
@NobleStorybook		pending		
@NobleTech269		pending		
@NobleTunesBeats		pending		
@nobody.realized		pending		
@NOCAMERASTUDIO		pending		
@nocamfc		pending		
@nocap1062		pending		
@nock_nock_ai		pending		
@NocnyMitologg		pending		
@nocopyrightaisounds		pending		
@noct_aiofm		pending		
@nocterra_music		pending		
@Noctilion		pending		
@NOCTIVISS	UCcjZbkLOD3kDqQdncPGcBFQ	ok		Noctivis
@NOCTIVMOFFICIAL		pending		
@Noctoonn		pending		
@nocturnalfrequencies		pending		
@NocturnalRecords-1		pending		
@NocturnalVibes.6		pending		
@NocturneCello		pending		
@nocturnedominus		pending		
@nocturneechoesviolin		pending		
@NocturneFM-k5y		pending		
@NocturneSanctum-m5g		pending		
@node_404m		pending		
@NoEdits-Org		pending		
@NoelPoloTV_en		pending		
@Noem_AI		pending		
@noerabroma		pending		
@NoEraParaContarlo2006		pending		
@NOFUNNYLINES		pending		
@NogmanStudios		pending		
@Noh777v		pending		
@nohurrydontworry		pending		
@Noir-Archive-m1v		pending		
@noir.the_kitty		pending		
@NoirAudioSociety-i		pending		
@NOIRBOLDEN		pending		
@NoirCatLounge-sgt		pending		
@NoirCrown_Studios		pending		
@NoirGorilla-u8l		pending		
@NoirJazzCats_Playlist		pending		
@Noirjazzhome		pending		
@NoirVerse-tunes		pending		
@NOIRVIBES-k3o		pending		
@NoiseIn_Silence		pending		
@noko-ai-music		pending		
@NolanzoAnimationtv		pending		
@nollo_lofi		pending		
@NollyWood_Studio		pending		
@NollywoodVillageTv		pending		
@NOMADAIMUSIC		pending		
@nomdelachaine-t8o		pending		
@NomiaSleep		pending		
@NomNomicsYT		pending		
@non-stop-kahani		pending		
@nonbindingfinance		pending		
@nongan2005		pending		
@NoNichePasha		pending		
@NoniMotto		pending		
@NoobManhwa-b5e		pending		
@NoobologyRBLX		pending		
@noochanchantrarat5328		pending		
@NoOneKnowYourDarkness		pending		
@NoonProcess		pending		
@Noor_E_Hidayat-786-p		pending		
@noorkiduniya-jt3oo	UCJ3lG1t2Gsw8AN26s-6H0Tw	ok		mehndi design
@NoorNexKidsAI		pending		
@NoorNoor-n7q9v		pending		
@nootbabypenguin	UC1-AYusymCQ-fwJ5s6jngUw	ok		NootPenguin
@nope.1-k3o	UCbKKk70p-FbwiEg-UOIvsaQ	ok		n o p e .1
@NopeLab		pending		
@Norahwood22		pending		
@norasaiasmr		pending		
@NordicArt		pending		
@nordicbars		pending		
@nordicdreamhaven		pending		
@NordicGrounds		pending		
@NordicStorySongs		pending		
@NordicVersecraft		pending		
@NordicWarEchoes		pending		
@norgemilitar		pending		
@NORGEMILITÄR		pending		
@norman-explains		pending		
@north-signal-news		pending		
@NorthernEconomics		pending		
@northernnews1		pending		
@NorthernVeil		pending		
@northfieldtales		pending		
@NorthforgeSaga		pending		
@northkoreadecoded		pending		
@NorthLineReportt		pending		
@northtexasunexplained		pending		
@northwakevikingduet		pending		
@northzeroofficial		pending		
@NoRushJazz7		pending		
@Nos-AI-stuff		pending		
@NoShade-yb	UCmI7CoHg9atfY5t1r1o3jtQ	ok		NoShade
@noskinyt9497		pending		
@Nostalgames_XP		pending		
@nostalgiadotexe		pending		
@nostalgiagirluk	UCFxTz3cPeEpporJ_2IuDQfw	ok		Rewind Retro Quiz
@NostalgiaInMotion-k1e		pending		
@NostalgiaMelodies-Music		pending		
@NostalgiaWavesYT		pending		
@nostalgicbritain	UC-iPrYgNW5f3w7uPnFLjVog	ok		Nostalgic Britain
@nostalgicnotes0		pending		
@NostalgicRadioYT		pending		
@NostalgicRivieraFrames		pending		
@nostalgictunesstudio		pending		
@NostalgicWarStoriesOfficial		pending		
@NostalgicZimbo		pending		
@nostalgiekuss		pending		
@NostalziaM		pending		
@notalking12		pending		
@noteboklmfin		pending		
@NotebookDives		pending		
@NotebookILM		pending		
@NoteNova-o6t		pending		
@NOTHINGMANUFACTURES		pending		
@NothingSacredStudios		pending		
@noticiasescalantes		pending		
@notmemeow		pending		
@NotQuiteRock01		pending		
@notquiterock02		pending		
@notsnipysigma		pending		
@notsong_official		pending		
@notsuitguy		pending		
@NotTeriD		pending		
@NotThatLongAgo		pending		
@NotTodayKaren-m4s		pending		
@noumena-exe		pending		
@noupulse		pending		
@NouraSoul		pending		
@nouspsychology159		pending		
@nova-ai-us	UCILvm3-d51INxmP0LXSRMeQ	ok		Nova AI
@nova-kkstudio		pending		
@Nova_Relax		pending		
@Nova_Vision_Ai_04		pending		
@NovaAI57		pending		
@NovaAiStudio-t6l		pending		
@NovaBlackwoodMusic		pending		
@novaclipz101		pending		
@NOVAFRAME-1		pending		
@NovahistoricalVlogs		pending		
@novalionessroots		pending		
@Novaloopstudio1		pending		
@NovaNestShorts-m8z		pending		
@Novantra-music		pending		
@NOVARAARMENIA		pending		
@novaraone1		pending		
@NovaRushAI-b1n		pending		
@novasteam-c9p		pending		
@NovaStoryAii		pending		
@novastorydrama		pending		
@NovaSymph		pending		
@novatales-e1l		pending		
@NOVATECH971		pending		
@NovaToneID		pending		
@novaversemp		pending		
@novawisdomtales	UCTxEqJkuKGkPQLdRiJUZ-hA	ok		NovaWisdom Tales
@Novelasgay		pending		
@NovellaPlay		pending		
@Novelora-c5o		pending		
@novelreelpicks	UCDo_bUzUbk19Cnr-uduYjIw	ok		NovelReel Picks
@NovelStoryFMHindi		pending		
@NoveraFilms-x7h		pending		
@novivibes.youtube		pending		
@NowaDoktryna		pending		
@nowayout.8		pending		
@nowfifa-c2t		pending		
@NowGospel-FanMade		pending		
@NowhereTravellers		pending		
@Nowit-b9k		pending		
@NowoczesnaArmia-g3c		pending		
@NoxCantabile		pending		
@Noxen00008		pending		
@noxeram		pending		
@noxiras_official		pending		
@noxiras_production		pending		
@Noxium-d2h		pending		
@Noxium-e1d		pending		
@noxresonantia		pending		
@noxveltofficial		pending		
@NP9Films		pending		
@NPCFinance100	UCPc6dOIh2cfKsXw3MfRWM7A	ok		NPC Finance
@NPCSIGHTINGS		pending		
@npzeerrt		pending		
@NRAIBible		pending		
@nrayrecords		pending		
@NSM-US		pending		
@NSMovieflix		pending		
@nstorygem		pending		
@NTECH-kechuyen		pending		
@NTTStories		pending		
@NubiAnimationTV		pending		
@nudnyvesmir		pending		
@NudnýVesmír		pending		
@nuestraconciencia		pending		
@Nuestrasagrada		pending		
@nuggethuntersstudio		pending		
@nujuutv		pending		
@Nukereadit		pending		
@NullParade		pending		
@Numb-Zhang	UCrk37uJAH5JOVj93x-lmn8A	ok		Numb-Zhang
@Number1Story-d8p		pending		
@Nur-AAI		pending		
@nurA_Asmr_desu		pending		
@NurdaSound		pending		
@NurIslam-s19		pending		
@NurseGraceJournal		pending		
@NurseryKidsAI_Offical		pending		
@NurtureWithNurse		pending		
@nusantararockai		pending		
@Nutribody-l3l		pending		
@NUTTYP38		pending		
@NUTZAI		pending		
@nuvi_taless	UCbulY9xIbjNPocUCbwsoW6g	ok		nuvi_taless
@Nuvoluxe		pending		
@nuwankumara1190		pending		
@NWXpranks-f5		pending		
@nxhaidizileri		pending		
@NXHAIFilms		pending		
@NxloopAiASMR		pending		
@nyannyandaily	UCWcgJsZPtNwZTefF1Hg4X9w	ok		Nyan Nyan Daily
@nyanrisa2		pending		
@nynphie		pending		
@NYNTechplay		pending		
@NyotaNightTales		pending		
@nyrarevengetales		pending		
@nyxawave		pending		
@NyxenKuromiya		pending		
@nyxera_music		pending		
@NyxiaAIMusic		pending		
@nyxOffc		pending		
@nyxteraa		pending		
@O-HAIPictures		pending		
@o-sodox		pending		
@OakstoneStories		pending		
@oanhha-i5g		pending		
@OanhHà-i5g		pending		
@Oasisaistudio		pending		
@OASISOFPASSIONS		pending		
@Oasthar		pending		
@oazamuzyki		pending		
@ObaTales		pending		
@obcy_majki		pending		
@Obianujustories		pending		
@ObitoTV-j3n		pending		
@OBJAWIENIADUCHOWE		pending		
@Objectionai		pending		
@Oblivion_Radio		pending		
@ObscuraSonora		pending		
@Obscurience		pending		
@observervlog		pending		
@ObsessedWithAfro-Korea		pending		
@obshchiyg		pending		
@obsidianstudio1		pending		
@ObsidianVengeance-x2n	UCc4evWbh34a5RDVZsd39Wdw	ok		Obsidian Vengeance
@OcarinaofBass		pending		
@OceanCatchDaily-u2o		pending		
@OceanCity2090-1		pending		
@oceanic-room		pending		
@Oceanicvibes294		pending		
@OceanPiratesStudio		pending		
@OceanRainVibes2847		pending		
@OctoLabYT		pending		
@Oczamiwojownika		pending		
@odayakaASMR		pending		
@OdbudowaneHistoriawAI-BR		pending		
@odd-verse	UCSZBPfh1QWfRuym4wYwKhpw	ok		OddVerse
@OddAncientsHQ		pending		
@OddButGoldEN		pending		
@OddDudeExplained		pending		
@OddHistoryBites		pending		
@Oddly-AI-26		pending		
@oddlyaistudio		pending		
@OddlyAIWorld		pending		
@OddlyASMRHUB6888		pending		
@oddlycravingasmr	UCUOdaW--iAhCAwYTQ7tLo8Q	ok		Oddly Craving ASMR
@OddlyFruits		pending		
@oddlysatisfyingfruitaiasmr	UCJ3kXphF9E54Ri9pP-qzdzg	ok		Crystal Cuts – AI ASMR Glass Fruit Slicing
@OddlyZen-AI		pending		
@oddmellow		pending		
@oddminutestoriessl		pending		
@OddNest-c5s		pending		
@oddorbitshorts		pending		
@OddWhys	UCtT7zVqZ6xvOeexZ6Zl3RUA	ok		Odd Whys
@Oderatech		pending		
@OdetoAfricans1		pending		
@OdiaAIUniverse-n3x		pending		
@odiaredefinesongs		pending		
@odinwander		pending		
@Odkrytesekrety		pending		
@OdkryteSekretyBushcraftuRetro		pending		
@OdkryteTajemnice		pending		
@OdLuisMarcano		pending		
@odrantic		pending		
@OffDutyCatJazz		pending		
@OffGridSolutionsTV		pending		
@OfficeRevenge666		pending		
@officerevengebyjack		pending		
@OfficerExposed		pending		
@OfficerPenguin	UCgzjireDhqKLYjcKw7JitIQ	ok		Inspector Penguin
@official.illusionmedia		pending		
@Official.ThePromptPlug		pending		
@official2amthoughts		pending		
@Official_BibleDude		pending		
@official_latency		pending		
@OfficialAIASMRLab		pending		
@officialaibreakdown		pending		
@officialascendai		pending		
@OfficialBoringHistory		pending		
@officialchistales		pending		
@Officialciliarose		pending		
@officialcineuniverse		pending		
@OfficialCineVerseAI-i9b		pending		
@officialdeepunknown		pending		
@OfficialDogflixAI		pending		
@OfficialDorceyTouch		pending		
@officialjohnog		pending		
@officiallofiwork		pending		
@officialLostWorldVlogs		pending		
@OfficiallyLastBrainCell		pending		
@officialmanufaktory		pending		
@officialmiraclew		pending		
@officialneuralsoundlab		pending		
@officialpopcornstudios		pending		
@officialrivalsrofls	UC00dO81vbadwwP2SPAolMpg	ok		Rivals & Rofls
@officialsoundrave		pending		
@officialtikiti		pending		
@officialTinyNibbleStudio		pending		
@OfficialVaralaruVerse		pending		
@officialzenc		pending		
@offmapamerica		pending		
@offmode0		pending		
@offscriptdocumentaries		pending		
@oftheMystery		pending		
@OG-AIanimereels		pending		
@OGAMAUDIO		pending		
@OgeStoriesAndTales		pending		
@OGJOHNAG1990		pending		
@OGJohnAG2.0-g9z		pending		
@OGJohnAGHub2		pending		
@OGJONAG		pending		
@ogojide		pending		
@OhAyeAI		pending		
@OhFunny66		pending		
@OhinoyiStories		pending		
@OhioVibe		pending		
@ohmyfrog		pending		
@ohtanishohei-mlb-episode		pending		
@OigiangbeBlessingOareN		pending		
@oilerspuckpulse		pending		
@oilerswatchnews		pending		
@OiMaammeSuomi		pending		
@OJeitoFeynmandePensar		pending		
@OKNBeatsFuture		pending		
@Oladoja-m1l		pending		
@oladooculto-k3o		pending		
@OlasFolktales-d5z		pending		
@OLASSTORIESS		pending		
@old-time-fiddle-banjo-band		pending		
@Old_Whiskey_Blues		pending		
@OldAmericanDays		pending		
@oldamericastorys		pending		
@OldBeekeeperSecrets		pending		
@oldblackmoney		pending		
@OLDCOINSTV-k7h		pending		
@OldDadREVEN		pending		
@OldEarthStories		pending		
@Olden_Explains		pending		
@OldEraHistory		pending		
@OlderMomsDoingAI		pending		
@OldeWorldMelodies		pending		
@OldFactoryStories		pending		
@OldFriendsShortTheatre-t7n		pending		
@oldgold-studio		pending		
@OldGoldRecap		pending		
@oldhollywoodechoes01		pending		
@oldhollywoodexposed1605		pending		
@OldHush		pending		
@OldiesJazzLounge		pending		
@OldiesLegend		pending		
@OldiesMemoryLane6868		pending		
@OldiesRockMemoriesHits86		pending		
@OldiesvibeAi		pending		
@OldLinePower		pending		
@oldmansanimation		pending		
@OldManStoryteller		pending		
@oldmemory.mp3		pending		
@OldMoneyAllure		pending		
@OldMoneyDocumentaries		pending		
@OldMoneyDynasty		pending		
@oldmoneyluxury		pending		
@OldMountainWorship		pending		
@OldOakGardening		pending		
@oldphilippinesarchive		pending		
@oldpodcast1		pending		
@OldPulse		pending		
@OldSchoolCanada	UCgH5wY8apgbLFvy5wxigG5Q	ok		Old School Canada
@OldSchoolStudio		pending		
@OldSciFiMovies		pending		
@OldSoul-NewVibe		pending		
@OldSoulMusic-Music		pending		
@OldThingsFactory		pending		
@OldTVcinema		pending		
@oldtymz		pending		
@oldvegaslegendsyt		pending		
@OldVeteranStories		pending		
@OldWarStoriesandMysteries		pending		
@OldWestEchoes-v4r		pending		
@oldwestexplain		pending		
@OldWestLife_Official		pending		
@OldWestRange		pending		
@OldWestSecrets		pending		
@OldWorldAI		pending		
@OldWorldPhotos		pending		
@OldWorldProof		pending		
@OldWorldtube		pending		
@olga_aigc		pending		
@OliveChapter		pending		
@Oliver_Bennett-m3l		pending		
@OliversMelodicFelt		pending		
@olivesblueprint		pending		
@oliveshorts-yt		pending		
@OliviaAfricanfolktales		pending		
@OliviaStoryUS		pending		
@oliviasuna		pending		
@OllieandPoco		pending		
@Olliee_Finance		pending		
@OllyLumenStudios		pending		
@olpergeopolitics		pending		
@OlympusDreamsNight		pending		
@om-niai		pending		
@OmahaAfterDark		pending		
@OmaPresh-f9j		pending		
@OmarB-p1y		pending		
@omas.hausgeheimnisse		pending		
@omasafricantales_oat		pending		
@Omasfolktalestory		pending		
@OmasTaless		pending		
@omega_entertainment-N		pending		
@OmegaClassicRecordsTV		pending		
@OmegaCrownTales-z2u		pending		
@OmegaDestinyTV		pending		
@omegageopolitics		pending		
@OmegaMidnightTales		pending		
@Omni-Cat-Luna		pending		
@OmniAi3d_Official		pending		
@Omniautica		pending		
@omnisoundsoul		pending		
@OmniTales-vp		pending		
@Omnius-Trades		pending		
@omniverse-global		pending		
@OmoAIStudio		pending		
@Oncamera-23		pending		
@OnceAndWhy		pending		
@onceuponabritishtime		pending		
@Onceuponamythh		pending		
@OnceUponTomorrow-o4h		pending		
@One8Animation		pending		
@one_more_story_kr		pending		
@oneaishorts	UCMMgIKj5nJoocmowNydYlzw	ok		One AI Shorts
@OneDecipi		pending		
@OneHeartStudioAI		pending		
@OneHourSomewhere		pending		
@onelastthingl0		pending		
@onelifesaved3		pending		
@OneLoveFusion		pending		
@OneLoveSessions		pending		
@onemileextra		pending		
@oneminutefinance		pending		
@onemoreshot-ai		pending		
@oneofakindmusic		pending		
@OnePawWiser		pending		
@OnepeopleAfro		pending		
@OnePercentFinance26		pending		
@OnerankFox		pending		
@OneSmallQuestion		pending		
@Onesownstyle-d2k		pending		
@OneStepSuccessStory		pending		
@OneTakeVids		pending		
@OneTimelessWitness		pending		
@oneworldaffairs		pending		
@oneworldknowledge		pending		
@oniaplaylist		pending		
@OniverseArquivosSecretos		pending		
@Onkelunc		pending		
@onliexplain		pending		
@onlineflow7045		pending		
@onlineshopping939		pending		
@only-ai-short-video	UCbMLqOppZwf6MiAXdHirrTw	ok		AI-SHORT-VIDEO
@only.compilations		pending		
@only_facts_tv		pending		
@only_msq		pending		
@ONLYAISONGS-u2t		pending		
@OnlyAIWonders		pending		
@OnlyAltrAi		pending		
@OnlyCatsMeow123		pending		
@ONLYREALMESS	UCPV_n5yes5W57SuEaSZ3lrA	ok		ONLY REAL MESS
@OnlyVampireRomance		pending		
@onoffsound		pending		
@OnTheRecord-q6s		pending		
@onyedinmagladys8091		pending		
@OnyiistoriesTv		pending		
@OnyxDramaFilms		pending		
@OnyxHouse-b8u		pending		
@ookklllllll		pending		
@oopsmomentss-n9w		pending		
@Oopsology-w3z		pending		
@oopspaws123	UCUD60WwQkUMm4rwa_gQfecA	ok		Oops & Paws
@OopsSparkie		pending		
@OpalStories999		pending		
@opcontentcreater-c8z		pending		
@OpenBeat_Studio1192		pending		
@Openeyesmedia-x1p		pending		
@OpentheRecords		pending		
@opentiera		pending		
@OpenWorldMelody		pending		
@OperationFury		pending		
@OPorquedasCoisassimples		pending		
@opowiescispodserca		pending		
@opowiescizyciowe		pending		
@opowiescwojennasciencefiction		pending		
@Opowieścispodserca		pending		
@Opowieściżyciowe		pending		
@OpowieśćWojennaScienceFiction		pending		
@OpticExpedition		pending		
@Optics_Armor		pending		
@optimal_focus_music		pending		
@optionandstory		pending		
@OpusReimagined		pending		
@oracaoemmelodiagospel		pending		
@oracion_de_medianoche		pending		
@oracioninspirada		pending		
@OraciónInspirada		pending		
@Oracle-Capital-1		pending		
@Oracle-Capital-9		pending		
@oracoesnoturnaspelapazebencaos		pending		
@oraculo_estelar		pending		
@orange.cat92	UCx22POkBCnv_qd6M-0YnPHA	ok		Ai Orange Cat 😺
@orange_cat2026	UC2gldTgey0Oj5c20k6iF9Lw	ok		orange cat
@orangecat-1205	UCBwvUzGULLBsFfhSOwJjgKg	ok		Orange Chubby Cat
@OrangecatYT-1H	UCJJKmW0A8U5EpqWP_onbOYA	ok		Orange cat YT
@OrangotanTV		pending		
@orasesanjay		pending		
@Orbit_Beats_Music		pending		
@orbitalodysseymusic		pending		
@orbitost		pending		
@Orc-m1w		pending		
@OrcAshenCrown		pending		
@orcbondsaga		pending		
@OrcboundEternity		pending		
@OrcboundLegends		pending		
@OrcBoundSaga		pending		
@OrcboundStories-k4n		pending		
@orcboundstoriesextra		pending		
@orcboundtales		pending		
@OrcBridesSecret		pending		
@OrcChronicles		pending		
@OrcEverAfterStories		pending		
@OrcGirlChronicles		pending		
@OrcGirlSaga-v3r		pending		
@OrchardOrigins		pending		
@OrchestralMasterpiece		pending		
@Orchiverse		pending		
@Orclove-Chronicles		pending		
@OrcLoveChronicles-n7z		pending		
@OrcRavenheartTales		pending		
@OrcRealmStories25		pending		
@Orcs_tales		pending		
@OrcSeductionTales		pending		
@orcstories		pending		
@OrcStories-z3m		pending		
@OrcStoriesHub		pending		
@OrcStormheartTales		pending		
@OrcSwornRomance		pending		
@orcvieltales		pending		
@OrdinaryEconomics		pending		
@OrdinaryLegends287		pending		
@oreomiao	UCNhq50VdgQ73psB29mgIFtQ	ok		OreoMiao
@organicgardening101		pending		
@OriaPixel		pending		
@oriensaiart		pending		
@OrientalDreamscape		pending		
@OrientalJupiter		pending		
@OrigenExplicaSP		pending		
@Origin_labs		pending		
@originalframe1		pending		
@OriginBloom		pending		
@OriginDecoder		pending		
@OriginExplorer-u3g		pending		
@OriginLine0		pending		
@OriginsDocs		pending		
@ORIGINSFACTORY1234		pending		
@OrigynX		pending		
@oriondemirage		pending		
@OrivonHorizon		pending		
@Oriyalofi		pending		
@OrleanStories		pending		
@Orlestra		pending		
@OromoAIMusicOfficial		pending		
@oromoaimusics		pending		
@OrpheusMusicProject		pending		
@orsonwild1		pending		
@Orvak-Official		pending		
@orvionlab		pending		
@OrynEtheria		pending		
@Oryon1z		pending		
@osandarangana1467		pending		
@Oscar-Theater		pending		
@oscarinvests		pending		
@osdriftent		pending		
@osefilms44		pending		
@osmartoonkidsstories		pending		
@osso-so		pending		
@OssumScottz		pending		
@OstatecznyWyrok		pending		
@Ostatnia-Lekcja		pending		
@ostatnigatunek		pending		
@OtakuEx90730		pending		
@otakurecaptv		pending		
@OtakuRush12		pending		
@Otakusrin		pending		
@OtaxonAI		pending		
@otc_roman.reigns9		pending		
@OtherPeopleBrilliantIdeas		pending		
@otherworldfauna		pending		
@OtnielThigpen-l5e1f		pending		
@OtodamaM		pending		
@OtogiMusic		pending		
@Otoneko335JukeBox		pending		
@OtterLandfun		pending		
@otterLOFI-j7v		pending		
@OtterSounds-FantasyAmbience		pending		
@Otterspace-Lofi		pending		
@OtterStories-s9n		pending		
@OTTOONLY		pending		
@OudSpirit		pending		
@ourcat_04	UCH394ugRqpC7qShuKPTyong	ok		Our Cat Stories. Ai
@OurForgottenWorld		pending		
@OurGreekMythology		pending		
@ourjohnag		pending		
@ourlishi		pending		
@OurLìshǐ		pending		
@OuroborosFM		pending		
@ourplanetearth012		pending		
@OurTimemachine1972		pending		
@ourworld-estv		pending		
@OusideTales		pending		
@OutbreakSignal		pending		
@outerdark-films		pending		
@OuterRimHaulersUnionRadio		pending		
@OutfoxApocalypse		pending		
@OutlawEcho-o8t		pending		
@outlawfiles-tv		pending		
@OutlawHistory1		pending		
@Outpost-Nowhere		pending		
@OverBuilt0		pending		
@overcomingprayer		pending		
@OverdoseofSilent		pending		
@OverdriveTV-g2m		pending		
@overkai		pending		
@OverlayTube		pending		
@OverrideHFY		pending		
@Overscaled		pending		
@oversimplifiedfilms-7		pending		
@OverTales02		pending		
@OvertheFence3		pending		
@overthinkers-tv		pending		
@OVERWATCH-v6v		pending		
@OverWheelsYT		pending		
@ovideoio		pending		
@ovienlobamercy2784		pending		
@ovixedit		pending		
@owencloses		pending		
@owisdiary	UCCps5pWuLskb9r2916U-nOg	ok		Owi's Diary
@owlclandestine		pending		
@ownersofficial1		pending		
@OwnHome45		pending		
@owumistories		pending		
@owumitales		pending		
@OxideProtocol		pending		
@oxii3357		pending		
@oxwilll		pending		
@oxy-ai-studio		pending		
@oxytoons1		pending		
@oyed.d3175		pending		
@Oyerindebukola-w8n		pending		
@Oyintalesnaija		pending		
@ozeaneneas		pending		
@ozotx_10	UCY-qxLEP8Vfwd31ZwP_PVUg	ok		Ozotx_10
@P4POV		pending		
@paathexpress		pending		
@PablolaughsTV		pending		
@PacificReggaeVibes		pending		
@Pacifierpolitic		pending		
@pacingcapitalmd		pending		
@PadaTales	UCE4Iy6mCjgm1PFzBRAmm8Xw	ok		Panda Tales
@PadhoPunjab		pending		
@PAEVORA_MUSIC		pending		
@pagalKarahi		pending		
@PageTurnerTrailers		pending		
@Paint-it1		pending		
@PaintedClassicTales		pending		
@PaintedThrone		pending		
@Paintitsimple		pending		
@PaintManiac-u5v		pending		
@PaintowyNauczyciel		pending		
@PaintWizzard		pending		
@PAISATRACKER		pending		
@paitunes		pending		
@palabrasdelalma01		pending		
@PalabrasNarradas		pending		
@PalaceGayageum8X1		pending		
@PalaceInsider1		pending		
@PalaceSecretsTV1		pending		
@palaceserenade		pending		
@PalaceTruths		pending		
@PalaceUncovered2		pending		
@PaladinApp		pending		
@PaladinHistoryDose		pending		
@PaloSaloo		pending		
@PALtae		pending		
@pamahon		pending		
@pamelamessias-p5s		pending		
@PamHealing		pending		
@PanaVisioned		pending		
@PanchhiPlanetAI		pending		
@Panda_Market_News		pending		
@panda_pop1	UCWd7My9eUMWOjIU8BaTuVVA	ok		Panda POP
@PandaAIDuniya	UCUC7NGYw-25U5p7FBhFJW4A	ok		Panda AI Duniya
@pandabitesmukbang		pending		
@PandaPopStudio23		pending		
@PandaRevenge.us22		pending		
@PandasagaAI		pending		
@PandaStudioAI		pending		
@Panditcomputers		pending		
@Pandora_Beat		pending		
@pangaoinflatable		pending		
@Panicmusic84		pending		
@paniepodróżnik		pending		
@Pankajtechnical28		pending		
@PantryFiles		pending		
@PapaAIStory	UCB_PgCb3Qm6j-y_DHmX0rUQ	ok		Papa AI Story
@PapaKitty22_US		pending		
@PapaMeat		pending		
@PapaZapp		pending		
@PaperclickYT		pending		
@PaperHandProd		pending		
@PaperHistoricalOfficial		pending		
@papers_by_hand		pending		
@paperstoryboy		pending		
@papierwelt		pending		
@papoyasmr		pending		
@PAPStories1	UCXsJYtVQL9XaKRq05sRDPoA	ok		PAP Stories
@ParadaProgramada		pending		
@PARADISE80s		pending		
@PARADISO0-w7p		pending		
@ParadoxicaWorld		pending		
@ParadoxMind7-e2l		pending		
@ParadoxPoints		pending		
@parallaxcinemas2790		pending		
@Parallel_Pixels		pending		
@ParallelCourt		pending		
@PARALLELGALAXY-TV	UCag6zGrF6jI-QMPm_ABm6Yg	ok		PARALLELGALAXY-TV
@PARALLELIDOL		pending		
@ParallelVisions-m4e		pending		
@PARANORMALWEATHER		pending		
@parasgupta2013		pending		
@parasol_ai		pending		
@ParentingTrix		missing		
@Parentitude		pending		
@pariscafemusette		pending		
@ParisCafeVibes		pending		
@ParisCaféMusette		pending		
@parischansondreams		pending		
@ParisfromAfar		pending		
@pariskingstonvibes		pending		
@parkerprompts		pending		
@parkjungil_aikorea		pending		
@ParkzMedia		pending		
@parodyanimation0		pending		
@ParodyMockTrax		pending		
@parodytrailerSG		pending		
@particlepanic		pending		
@partsthatchangedhistory		pending		
@PartThatChangedAmericanHistory		pending		
@PartTimeExplainer		pending		
@parutoons	UCVbgcHvSgWg0VgB-6S1XImQ	ok		Paru Toons
@pashtify		pending		
@pashtoaivideo-r3g		pending		
@Pashtomusic00		pending		
@pashyza_music-j6		pending		
@PassadoExpandido		pending		
@passchillin101		pending		
@Passion-Drama-y4q		pending		
@PassionateLove76_US		pending		
@PassionEgypteAntique		pending		
@PassiveHouseTechnology		pending		
@Past_Historia		pending		
@past_lifee		pending		
@pasta-power		pending		
@pastab01		pending		
@PastaBOBI		pending		
@PastAmerica		pending		
@Pastandpresenttt		pending		
@Pastandpresentwithabubaker		pending		
@pastcaps		pending		
@pastcompass		pending		
@PastelMotionAI		pending		
@PastExplained-r6v		pending		
@pastForge-x5p		pending		
@PastFutureSounds		pending		
@PastGone_Wild		pending		
@PastHistoricalEvents		pending		
@PastInsideOut		pending		
@pastloremedia		pending		
@PastMorph		pending		
@PastofaNation		pending		
@PastoriumX		pending		
@PastP_ortals		pending		
@PastPortals1		pending		
@PastPOVreal		pending		
@pastprofit_7		pending		
@PastProof-pp		pending		
@PastPulse-qgt		pending		
@pastuncoveredhere		pending		
@PastUnlocked-h6v		pending		
@PastUnsealed-t8c		pending		
@PastUnveiled-h1u		pending		
@Pastwithmax	UCJgTBuO9fbNvgL_IS8pqtqg	ok		Maximus
@pasyar		pending		
@PatapimAi		pending		
@PathofStillness-t6q		pending		
@PATHOFTHECHOSEN01		pending		
@PathoHubb		pending		
@pathsofromance		pending		
@PathsoftheBibleTV		pending		
@PathwaytoPeace-j3k		pending		
@pathWealthMindset		pending		
@patiaiofficial		pending		
@PatienceAsuquo-v7e		pending		
@patienceiskey05		pending		
@PatinaYT1		pending		
@Patiphatchwn		pending		
@PatrickHistoryRemaker		pending		
@Patricks_AI	UCOiYLMeYfCDg5bZ-JT8hGSw	ok		Patrick‘s AI
@patrigomezzz		pending		
@PatriotBattlefront01		pending		
@patriotwars		pending		
@pattonrescript		pending		
@Paul-McAllister1		pending		
@paul10031003		pending		
@Paul_theorist096		pending		
@paulbryhanson		pending		
@pauledwardsofficial		pending		
@Paulieuncovered		pending		
@PaulRavieProductions		pending		
@paulvince-trance		pending		
@pause_maybe		pending		
@pavolira		pending		
@PavotStudio		pending		
@PawBurst2		pending		
@Pawcast-Talk		pending		
@Pawdcastic		pending		
@PawDramaWars		pending		
@pawfectlaughsz		pending		
@PawKind-Stories1		pending		
@pawmedian	UCsZmPz7wiNdRDfg9ZV9EJtQ	ok		Pawmedian
@pawmeowcats		pending		
@PawPausReacts		pending		
@Paws-AI	UC4dYQMCom8JhmDebID8GHng	ok		PawsAI
@paws-that-heal	UCaQeoInsh3adc5Dk3kPBZ0Q	ok		Paws That Heal
@Paws_OfJustice	UCzvkgfbw_h1EYFzU_RgFhkw	ok		Paws Of Justice
@PawsAIStorie		pending		
@pawsandpixelss		pending		
@Pawsclouds		pending		
@PawsEveryDay-z7f		pending		
@Pawshock-t3q		pending		
@pawsiestudio		pending		
@pawsin60s-v7e		pending		
@PawsofCourage-s7d		pending		
@PawsomeAIToons		pending		
@pawsomepanic	UCWknYcsQxaGhBZdY_FJOArA	ok		Pawsome Panic
@PawsOnAirxD		pending		
@PawsPrejudice-fora	UC23Gmfzn4-lnjoUBr4jFOEg	ok		Paws & Prejudice
@pawspunchlines0		pending		
@pawssmiles001	UC6ucZLAMp-08BXT6JA7075A	ok		Paws & Smiles
@pawstory-ng6pp	UC4i31ICjBAvmVFFcPZ81BIg	ok		PawStory
@PawsTunes		pending		
@pawtracks-jnk	UC8SsnJcbOfRdoztK0oQQkAA	ok		PawTracks
@paybackchronicles-x8v	UCniAqjIeHTfAFQseACeabzg	ok		PayBack Chronicles
@Paycheck_Paradox		pending		
@pbeatsofficial		pending		
@pbstrategy		pending		
@PCAlerts		pending		
@PCControlLab		pending		
@pcsense21		pending		
@PCStories4u		pending		
@PCUAICINEMA		pending		
@PeaceAnimation-y4p		pending		
@PeacefulAnimalMoments01		pending		
@PeacefulChristianLullabies		pending		
@peacefulcooking-r5r		pending		
@Peacefuldogsdreams		pending		
@PeacefulHarmonyBeats		pending		
@PeacefulNatureRelaxingMusic		pending		
@peacefulpianotunes98		pending		
@PeacefulRealmsMusic		pending		
@peacefulsologuitar-l1o		pending		
@peacelookinside		pending		
@PeaceplayMovie1		pending		
@peacesstories		pending		
@peachdrama-i9z		pending		
@PeachiWorld67		pending		
@PeachPuffDrama		pending		
@peachylee7110		pending		
@PeachyNightASMR		pending		
@PeakAiStudios		pending		
@PeakMale_Health		pending		
@Peaknollytv20		pending		
@Peaktoon		pending		
@PeanutBrain-t9s		pending		
@PebblesTV520	UCgYN2zhWiqUZTeL5Bog6zEQ	ok		Pebble's TV
@PeculiarHistory		pending		
@PeculiarTownStories		pending		
@peculiastories		pending		
@PeddammaVsChittiRobo		pending		
@pemudacakep		pending		
@pengagum_sunyi		pending		
@pengpeng-22	UCWve-U7mDIR3OnFiYlKNfiQ	ok		Peng Peng
@pengufun	UCh-1WUVaB1Cfli3pJk2GHTA	ok		PenguFun
@penguin_louis	UCQHRacnCtd9hvkq06O863Gw	ok		Penguin Louis
@penguinadventure88	UCxWdoR0gWdl72eGCpFoIk0w	ok		Penguin's Adventure
@PenguinAITech		pending		
@penguinbaby-86	UCIccQFZquwWIB6pEtlF0ZTA	ok		Penguin baby
@penguinlminds	UCk2KcebLtkG83TM9Jgtgsdg	ok		Lamminds
@PenguinMiniVerse		pending		
@PenguinOrbit	UCVLUCouYzwi0DbLW1MI3b9Q	ok		PenguinOrbit
@penguinpalz	UCsZGM8Si7wsN7jMJFjd0nQg	ok		PenguinPALZ
@penguinpegy	UCZDLfH2xtOq_GWJWS0meGXw	ok		Penguin Pegy
@PenguinShortDrama		pending		
@PenguinTales-h4v	UClB6rHRSpR7lAZQOjdbYUtQ	ok		Penguin Tales
@PenguReader		pending		
@PenroseMindCosmos		pending		
@Pensador-oscuroo		pending		
@Penthousediaries11		pending		
@peonyharemlegends		pending		
@PepeTales		pending		
@pepnaya		pending		
@per_simmons		pending		
@PerfectFeel_Ai		pending		
@PerfectHarmonyz_Fan-Page		pending		
@PerfectMerakiystory		pending		
@perioddramaa		pending		
@PERIODROMANCESTORIES-y1c		pending		
@PeriodStoriesYT		pending		
@perpetualkingsdevotion		pending		
@PersianCalmMusic		pending		
@PersianJazzSessions		pending		
@PerspectiveAI		pending		
@Perspektywafizyki		pending		
@PesnyaSoul		pending		
@pesquisadorIntegral		pending		
@Petal-Drama-Studio		pending		
@Petalloop_asmr		pending		
@Petananda		pending		
@petcollective		pending		
@Pete_Rob		pending		
@Petecossaboon		pending		
@Petengine786		pending		
@PeterInvests-us7		pending		
@peterparker-7907		pending		
@peterpatrickparker		pending		
@PetersOrcTales		pending		
@petertheshiba		pending		
@petfun77	UC25etatNcVflpxHR25eQfag	ok		Pet Fun77
@petfunniesai	UCWHrpZ5t0IEJlRcuLwuvn-w	ok		Pet Funnies AI
@pethubai		pending		
@PetitParisPlaylist		pending		
@PetLochaStudios		pending		
@petMeme44		pending		
@petniyi35		pending		
@petofact		pending		
@PetPortal1	UCI4a041CDRVwIF9_4E5Trlw	ok		Pet Portal
@PetsAi-h1v	UC4-V69illzCbCSDQDGQncHw	ok		Pets Ai
@petshub-h1v	UCMo-8--cE5FcWxMpGJXUSog	ok		Pet's Hub
@PetTubeCam21		pending		
@PettyHOA		pending		
@PetVibes1993		pending		
@petwildpodcast		pending		
@PetWisdomDaily		pending		
@PetZen-Studio		pending		
@PetZodiac		pending		
@PflegeKompassKI		pending		
@PfotenderTreue		pending		
@pfyreexplainer		pending		
@Phallyofficial1999		pending		
@phandonggiang		pending		
@phantasiarecords		pending		
@phantasiatracks		pending		
@phantasm_realms	UCJlzrYlKfpzCfTWA2j2IeZQ	ok		Phantasm Realms
@phantom-9696		pending		
@PhantomCosmos		pending		
@PhantomGB		pending		
@PhantomPixelsLab		pending		
@phantomrevengestories		pending		
@PhantomTomato		pending		
@PharaohsNightmare		pending		
@Phasesyndicate19		pending		
@PHILIPDIBOSATV		pending		
@PhilipFolkTalesTv		pending		
@philipmindset-l3m		pending		
@PhilippineFolklore		pending		
@PhilippineRe-Horizon		pending		
@philipvarenz		pending		
@PhiloNauticaa		pending		
@PhilosophicalCafe	UC_5qaBDllWVhLcHSBWZoqew	ok		Philosophical Cafe
@PhilosophyCoded		pending		
@philosophyoriginsespanol		pending		
@PhilosophyOriginsEspañol		pending		
@philosophyunveiled-t1e		pending		
@phnxbae	UCi9eSbl07o0akX_oBhrBgYQ	ok		Phoenix Bae
@PhoenixDrama-i1x		pending		
@PhoenixEchoes3		pending		
@PhoenixHarmonics		pending		
@phoenixmusic_N1		pending		
@phoenixnarrativesYT		pending		
@PhoenixShorts-wo		pending		
@PhoenixSoulStories		pending		
@PhoenixValkyries		pending		
@PHOME168		pending		
@phonewalay99		pending		
@PhongHo-c2e		pending		
@phongwinds1371		pending		
@phonkhub68		pending		
@Photoarchive-24		pending		
@phucson7864		pending		
@phuongdailylife-09		pending		
@PhusTacticalStories		pending		
@Physics_With_William		pending		
@PhysicsAfterDark		pending		
@PhysicsasToldbyRichardFeynman		pending		
@PhysicsbyFeynman-j7c		pending		
@physicsdailychannel		pending		
@PhysicswithFeynman		pending		
@physicunfolded01		pending		
@physiquesecrete		pending		
@PhysiqueSecrète		pending		
@piano_books		pending		
@PianoOdyssey4K		pending		
@PianoViz		pending		
@Pick.choice		pending		
@pickart.online	UC1_EHSPY34voTvgWMsHTKEg	ok		pickart
@PickMeManhwa		pending		
@PickMyStox		pending		
@Pickupautomotive		pending		
@PicStoryAI		pending		
@Piecesign		pending		
@piensanciencia		pending		
@PieRevenge-s3f		pending		
@PierreNiccas		pending		
@Pierwszy_Historyczny		pending		
@PieterDorst		pending		
@pigeon_ai-s8k	UC7sR5VcwvG9TZ3cZkyDZK5w	ok		pigeon Ai
@pigeonai-g2k	UCZuVDbMiZOvLle6_itiQHVA	ok		Pigeon Ai
@pigeonai4k	UCQCA4tvk668jqMI8iTCaXyQ	ok		Pigeon AI 4K
@pigeonaianimation09	UCmCu6Twg2ZxX3sfayxGq0GA	ok		Smart mind ai
@pigeonanimation12	UCcuEBXCazZbV1v0xum0CPVw	ok		pigeon animation
@pigeonanimation18	UCDKoWQJodFQYGLR9Jg4ntQw	ok		Pigeon Animation
@pigeonanimationai0402	UCqO-rXtu5Fe4JfjzIAiiJ1A	ok		Pigeon Animation Ai
@pigeonanimationbyt	UCZ9oVdx6BO9Nfd6KOlC81eg	ok		PIGEON ANIMATION B
@pigeonanimationcartoon	UCX1jeL7GNoZqxf8ZYDgsQOQ	ok		Pigeon Animation Cartoon
@Pigeonfinance		pending		
@Pihukefact		pending		
@Pika22326		pending		
@pikkolakarmy		pending		
@pikupalanpur		pending		
@PillarsOfHistory1453		pending		
@PilotShortDrama		pending		
@PimpleAI01		pending		
@pineconemystic		pending		
@pingguy512		pending		
@pinguzitos	UCiiJdbEU4jqBN2JhRwQnndA	ok		pinguzitos
@PinionNewswire		pending		
@pink-lama		pending		
@Pink-Rose8778		pending		
@pink_blitz		pending		
@pinkcatai	UCgpgNz9lPrXCsEB_PZrtZnA	ok		Pink Cat
@PinkMirage81		pending		
@pinknoise-ai		pending		
@PinkPantherlounge		pending		
@pinkpenguin006	UCbLpKptsMIuMLL7Xx2shTLw	ok		Pink Penguin
@PinkpongPlay68		pending		
@pinkvogue__		pending		
@PinkysTinyKitchen		pending		
@PinkyzBrain		pending		
@pinlastudio		pending		
@Pinnacle_Drama		pending		
@PinnacleTales		pending		
@pinoyaifilmmaker		pending		
@PinoyAIWorks		pending		
@PinoyAmbience		pending		
@PinoyLegendary		pending		
@pinoytechspot199x		pending		
@PinpuWebtoon		pending		
@pintocreation2745		pending		
@piotrcienwronski		pending		
@PiotrCieńWroński		pending		
@piotrwegielek		pending		
@PiotrWęgiełek		pending		
@piotrzaczek-voiceai		pending		
@PipiaCreative		pending		
@pisces16h		pending		
@Piston_Logic-engineering		pending		
@pitbullvibe		pending		
@PittDrama		pending		
@PivotPointHistory01		pending		
@Pix86		pending		
@pixarkstudios		pending		
@PIXARMINICHEF		pending		
@pixaroma		pending		
@Pixel_Room_bgm		pending		
@Pixel_tm_		pending		
@pixel_visual		pending		
@PixelAfterMidnight		pending		
@PixelArtistry_		pending		
@PixelatedAIDreams		pending		
@PixelatedPastVideos		pending		
@PixelBeatsMusicRemix		pending		
@pixeldoomfilms		pending		
@PixelDragonOfficial		pending		
@PixelFeast-AMDR		pending		
@PixelFIow		pending		
@Pixelmind_Ai2605-A		pending		
@PixelPerfectionProductions		pending		
@PixelPlayground-c3x		pending		
@PixelPoet-c9u		pending		
@pixelpulse3z	UC8G0ZcrhyVZeFQzsDNaaIFw	ok		Pixel Pulse
@pixelsandplaythings		pending		
@pixelsmovements.official		pending		
@pixelvision-c1p	UCSjcWiOOEUCvam1OsogyL6A	ok		Pixel Vision
@pixelwaveco		pending		
@PixelWaveSnes		pending		
@PixelWitofficial		pending		
@PixiBotAI		pending		
@pixiedustproblems2000		pending		
@pixifolktales		pending		
@PixMore3d		pending		
@pixoniqai		pending		
@Pixora1c		pending		
@pixshaala		pending		
@pizarramental-m3v		pending		
@PJAnimation01-j1r		pending		
@PJanimation2		pending		
@PKA-c7l		pending		
@pkalyaniworld		pending		
@PKInvests		pending		
@PKStoryscape		pending		
@PlagueTimeASMR0707		pending		
@PlAIboyAIArtGallery-nv6zs		pending		
@plain-sight-channel		pending		
@PlainFinanceYT		pending		
@PlanckFrames		pending		
@PlaneCommand-ut5		pending		
@planet_ai423	UC8V8sBOF9k0NiKM-J0cOqZQ	ok		Planet AI
@Planet_Brief1		pending		
@planet_sappho		pending		
@planetadescubierto01		pending		
@planetai217		pending		
@planetemerveille		pending		
@planetwildnature		pending		
@plantproduct		pending		
@planètemerveille		pending		
@plasmoney		pending		
@PlateauHorse		pending		
@PlatinumDiaries		pending		
@PlatinumPulseDocs		pending		
@PlatinumWaveTV		pending		
@platygoof_lab		pending		
@Playaudiothesmoothjazzchannel		pending		
@playbackrhythm4you		pending		
@PlayersUnlimitedMedia		pending		
@playgroundstudiosofficial		pending		
@PlayingWithPink		pending		
@playlist_ofmylife		pending		
@Playlist_VibesJK		pending		
@Playlixhq		pending		
@PlayOwnAi		pending		
@PlaySatisfyASMR		pending		
@playstudiomovies		pending		
@playtenbox		pending		
@playthemaster	UCx1zTpJ9tC-u3jG0km2rZAQ	ok		Play The Master
@PlayThePrompt		pending		
@PlayTVtw		pending		
@PlayXtra		pending		
@PlintotAnimation		pending		
@PLNWojsko		pending		
@Plotberg		pending		
@plotcorn-official		pending		
@plotdropperai		pending		
@plotglitch-en		pending		
@PlotMagix		pending		
@PlotPops-l3c		pending		
@Plotpulse01	UCvWyksdTj1-wWMpkSBjQ1Vw	ok		Plot Pulse
@PlotTalesDaily		pending		
@PlotTwisttoPower		pending		
@plotzing12		pending		
@pluffymakes	UCojwPiZNwDNo3DaBjORPJWw	ok		PluffyMakes
@PlumbingTheCosmos-r8k		pending		
@PlumstarMusic		pending		
@plunderexe		pending		
@Plus82kpop		pending		
@Pluviophile_Lofi		pending		
@pluviorum-z3t		pending		
@PM-GGH012		pending		
@PM-GGH013		pending		
@PM-GGH014		pending		
@PM-GGH020		pending		
@PM-GGH038		pending		
@PM-lucky016		pending		
@PMFunniesAI		pending		
@PMW_Archive		pending		
@pnrsound		pending		
@pocketbalmfolktales		pending		
@PocketCinema_		pending		
@PocketDrama-mini		pending		
@pocoochannel	UCT1s452IuP8f_Uv-rjcMl7g	ok		pocoochannel
@podcasdoithuong		pending		
@podcast12-o1t		pending		
@Podcast2-h7h		pending		
@PodcastButNoClue		pending		
@PodcastDanillers		pending		
@podcastshorts-sg5gp		pending		
@PodcastStories123		pending		
@podcastteddy		pending		
@podcastwithpets		pending		
@PodcastwithUttamandAI		pending		
@poddybha		pending		
@PoderdelHombre77		pending		
@poderjudio		pending		
@PodsliceAi		pending		
@podziemnalojalnosc		pending		
@Podziemnalojalność		pending		
@Poetic-AI		pending		
@Poetryforheart		pending		
@PoisonIvy-s4c		pending		
@POISONPOPCandy		pending		
@pokemonpark19		pending		
@PokerGoneWild		pending		
@PokeyENG		pending		
@Poko-q9r		pending		
@PokémonPark19		pending		
@polanela2262		pending		
@polemod		pending		
@policeauditauthority114	UCTkn25RhGY_31Sma0aIoFGA	ok		Police Audit Authority114
@policeoverreach	UCkk1TRJgfStc1VC2StSJ2sA	ok		Police Overreach - first amendment audit
@PolicyHOA		pending		
@PolicyProfits-b4h		pending		
@PolishInsomniaTales		pending		
@PolishPiff		pending		
@PoliticalDecrypt-o4f		pending		
@politicalfallout10m		pending		
@politicsreporttv		pending		
@PoliticsUnfiltered0		pending		
@politikfilterfrei		pending		
@politikgorillade		pending		
@poliwoodanimation		pending		
@PolloAI		pending		
@POLLOAI-VIDCREATOR	UCs_Nu9QcXDC4dYilb6WE1qw	ok		Pollo AI
@polscycelebryci		pending		
@Polskie_gwiazdy		pending		
@polyfoxgames		pending		
@polysynthsounds		pending		
@PolyTrailer		pending		
@polyvibzmusic		pending		
@polyzcape		pending		
@PomodoroStudyBgm		pending		
@pomodorowithppopo		pending		
@PonderExplains		pending		
@pongpongpanda	UCcLYHEnTEj7NvQOGdXx835Q	ok		pong pong panda
@ponto-m3h		pending		
@Ponyo_rantz		pending		
@pooja-r3i6g		pending		
@PoolBrooksBand		pending		
@poonmpoonm8218		pending		
@poor_puppy_storyrk	UCurhP-Vt8XpO9u_I8KR68NQ	ok		Poor Puppy Story ⭐
@poorcat-g1g	UCVxf6EmpDgcabDgdPSFpjvg	ok		Poor Cat
@poorcatai	UCW830aVK6Ddw8cduHvYV5Ww	ok		POOR CAT AI
@poorcatais	UCIm8aNIaD3TGqZPGeKLT-XA	ok		Poor Cat AI
@poorcatkitten	UC1dt0DFuJpl-PuH0JUoeIow	ok		Poor Cat Kitten
@poormanz_AI		pending		
@poorpuppyshort-w7j	UC_rU_N7VurIBZf1YoscCzfA	ok		Poorpuppyshort
@PopaSod		pending		
@popcandiz		pending		
@PopDramaHub-7		pending		
@PopFlixEnt		pending		
@PopframePicture		pending		
@PopGoesHeavy		pending		
@Popify-f7p		pending		
@PopIPotion		pending		
@PopLabAI	UCCV6OlhEb9sjxryQD_OxDyg	ok		Pop Lab AI
@PopmageAISketchtoArt		pending		
@PoPoSweetDrama		pending		
@poppinganimalsai	UC-UuALZggu1HUptnl6T6Mfw	ok		Popping Animals AI
@poppulseseven		pending		
@POPPYWASTHERE		pending		
@popularcandy2		pending		
@populermusicchannel		pending		
@PorchChaos		pending		
@PorchlightStories68		pending		
@porksqueak		pending		
@PorkysKitchenAI		pending		
@porquesextranos		pending		
@PorquésExtraños		pending		
@PortalReviewer		pending		
@Porto_Nostalgia		pending		
@positiveenergymeditationmusic		pending		
@possible_mango		pending		
@Post-AGI		pending		
@post-mortem1		pending		
@PostZone-h6p		pending		
@PotenciaMasculinaDraJocelyn		pending		
@PotomkowieGalaktykiSCI-FI		pending		
@PoTTer_Reviews		pending		
@PoundingInsights		pending		
@PoutyFrenchie	UC775l4ifggdTkvyPhfm8hLQ	ok		Pouty Frenchie
@pouya.e.t.i		pending		
@Pouya·E.T.I		pending		
@pov.civilizations		pending		
@Pov.Historic		pending		
@pov.history1969		pending		
@pov_archive_project		pending		
@POV_Sensei_Ai		pending		
@POV_Trailers		pending		
@POV_WhatIf		pending		
@POVAdventuresAI		pending		
@POVAiTimeTravel		pending		
@POVAIWitness		pending		
@POVBeyond-y7p		pending		
@POVepictimetravels		pending		
@povestidecredinta.rugaciune		pending		
@POVexe		pending		
@POVFinanceUS		pending		
@povfinancialUS		pending		
@PovFromAi8		pending		
@PovHistoryCore		pending		
@POVHistoryGateAI		pending		
@povhistoryquest		pending		
@POVLIFECH		pending		
@POVMiragee		pending		
@POVNexus2008		pending		
@POVNomad_yt		pending		
@Povpoint-b6v		pending		
@POVProxima		pending		
@povquadrillionaire		pending		
@POVrank		pending		
@POVShiftOfficial		pending		
@POVStorries		pending		
@POVThroughTimes		pending		
@POVTimeTraveler-POV		pending		
@POVTimeTravelers		pending		
@POVWizard-n6k		pending		
@power_doctrine		pending		
@PowerAbuseStories	UCRx3XHU0Ak5CTjXVaSXcV8w	ok		Power Abuse Stories
@PowerAIAnimation		pending		
@powercats-f5q	UClf5K4CioxiOkbPXNxZ7ngw	ok		Power Cats
@PowerDrama-o2u		pending		
@PowerFallouts		pending		
@PowerFiles-k5g		pending		
@powerhourfocus		pending		
@PowerMetalQuestProductions		pending		
@PowerMindsetA		pending		
@powerofmoney10m		pending		
@PowerofWisdom-qw1ki		pending		
@poweroverhistory		pending		
@PowerxxxRevealed		pending		
@PozaKosmosem		pending		
@ppaton3553		pending		
@ppkids-u4p	UC4J7Uqdz8YccGqmmBVKB0uw	ok		PP Kids
@Ppropertylinestories		pending		
@pr26-vf5gn		pending		
@PracticalWisdom		pending		
@PradawneDzieje		pending		
@PradawneDzwieki		pending		
@Praecz		pending		
@pragnanterklart		pending		
@PrairieEcho-c5e		pending		
@PraiseJesus_Amen		pending		
@PrajuritSilangDimensiAI		pending		
@PrajwalBorkar-ck2zw		pending		
@PralinePop		pending		
@pramod-e6d2c	UCE3kICOugFGgSfBkLO5fJUQ	ok		AI Clip Universe
@PrasadAIStudio09		pending		
@PRASADBHONDE-mw8ch		pending		
@PrastareTajemnicePol		pending		
@praveenkumar-t7g8f	UCdENRSS_D2DKcD3XclaKR8g	ok		short ai animals video
@PrawdaOPieniadzach		pending		
@prayer_faith		pending		
@prayercourt		pending		
@PrayerswithArchangelMichae-e4m		pending		
@PrayUnceasingly		pending		
@PreciesTales		pending		
@preciousalbumyt		pending		
@precisionlinetv	UCBxNeiI48x8IUlG0JXegcCg	ok		Precision Line TV
@precisionx-l8k		pending		
@Precyai		pending		
@precyaistories		pending		
@predmet_ai	UCEdX6vMlOE-E6AtauvC1yiQ	ok		Predmet AI
@PredTalks095	UCfhGdZWtiBiurnZT6TY66_g	ok		PredTalks
@Preetizx		pending		
@Prefect_Storm		pending		
@PrefloAI		pending		
@Prehistoric.stories-w3i		pending		
@Prehistoric_Dude		pending		
@PrehistoricCole		pending		
@prehistoriccreatures9	UCW0KV3sEGfz9kLOnY-UMmkw	ok		Prehistoric Creatures
@PrehistoricJoeYT		pending		
@prehistoricperiod-s1e		pending		
@premakemovies		pending		
@PremiumBrainrotOfficial		pending		
@PremVSHistory		pending		
@Preshytoons		pending		
@presidentai_official		pending		
@presidentplaychess		pending		
@PresidentsPlayHorrorGames		pending		
@PressureePoint		pending		
@PrestigeRevenge2		pending		
@prettyaikittens	UCbPtw4bhb2ZrhYR0aFinsSQ	ok		PrettyAiKittens
@Prettygirladore		pending		
@preview41068		pending		
@PreviewPixel		pending		
@Prexy_stories		pending		
@Primach-Protocol		pending		
@primalhackstv		pending		
@PrimalMind-r2b		pending		
@primalpredatorx		pending		
@primaltoon-01		pending		
@PrimataFari		pending		
@PrimeAIMovies		pending		
@PrimeAutoClub1		pending		
@PrimeBeatRhythm		pending		
@PrimeCaptainHFY		pending		
@PrimeChillLab		pending		
@PrimeClips-677		pending		
@primediscoveries-n4v		pending		
@PrimeDocumentaryStudio		pending		
@PrimeDramaSeries-e1v		pending		
@PrimeFit-YT		pending		
@PrimeFocus-s1y		pending		
@PrimeGenProcessPro		pending		
@PrimeGuardian-1		pending		
@PrimeLuxuryHub		pending		
@PrimeMarketWatch		pending		
@PrimeNarrative-Official		pending		
@primeprogress_09		pending		
@PrimeStory_Lab	UConZjacCeRxb1bbtdHS-ESA	ok		PrimeStoryLab
@primeusavault418		pending		
@PrimevalArchivesYT		pending		
@primevalearth6688		pending		
@PrimevalMythology		pending		
@primitivecooklife		pending		
@primiumcarpro		pending		
@Primoyang-l4b		pending		
@PrinceHammahEqz		pending		
@PRINCEPTA-r3o		pending		
@PrincesaHFY		pending		
@PrinyankaPrata		pending		
@Prism-AI-mk2		pending		
@PrismAIStudio		pending		
@prismasmr.1	UCsD8_h0I1fynPefpcGgtDiQ	ok		PrismASMR
@prismslice_asmr	UCCtUwYLoYnNTB0pyRlIbuJA	ok		PrismSlice ASMR
@prismstories		pending		
@PrismTapes		pending		
@PrismVerseBL		pending		
@PrisonShade		pending		
@PrivacyVault1		pending		
@privatediary_official		pending		
@PriyaHistoryvlogs		pending		
@priyanshigiantstorys		pending		
@priyu-y7p	UCqbAuSCwbckx60rRZYIYQIw	ok		Ai inspire
@pro-o3z3d		pending		
@ProbinsyaGirlInday		pending		
@probioticslive		pending		
@ProBuffetHQ		pending		
@process-g7y		pending		
@process-h2t	UCJtVeXQ9EhSXLer8SNUZhbg	ok		Process
@PROCESS247DC		pending		
@Process_to_Product		pending		
@processasmrfactory	UClZiwPbOBEjO26i032rNEPw	ok		Process ASMR Factory
@ProcessBehind-z8s		pending		
@ProcessCor		pending		
@ProcessesFactorySecerets		pending		
@ProcessFoundry-ASMR		pending		
@ProcessFoundry1	UCgYMHx08pO9SB_PcInba5Ug	ok		Process Foundry
@processinside-official	UCerb5Y8DvtDnpYlKFJkDYAg	ok		Process Inside
@PROCESSMOTION9		pending		
@processnextgenn		pending		
@Processory-l7g		pending		
@processsupreme	UCK7oc1zPlHM2XNkJGZTOtzw	ok		Process Supreme
@ProcessUncovered4u		pending		
@ProcessVantage		pending		
@ProcessVault-h2e		pending		
@Processzonevideos		pending		
@Prochocoyum		pending		
@procometric		pending		
@ProComfy		pending		
@Prodigy_Tales		pending		
@PRODIGYTALES-i8z		pending		
@ProduceLikeaBoss		pending		
@ProducerSteven		pending		
@production_secrets	UCmuPtBqGbcD48omp6fWtBiA	ok		Production Secrets
@ProductionGloballin		pending		
@productionmanufacturingprocess	UCB8hYcQ2L1Ep5g6GqjW3K-w	ok		Production Manufacturing Process
@Productionprocess-c7o		pending		
@Productionpulseofficial		pending		
@productive_tips		pending		
@ProductivityLabfs		pending		
@productivityonyt		pending		
@ProductMFG1		pending		
@Products_Uncovered		pending		
@produkt-inspektion		pending		
@ProduktyPodLupą		pending		
@Prof-X-1	UCGS3meWQE72dEt_ZJatkHPA	ok		Prof X
@Prof.JiangAudio		pending		
@Prof.JiangFrancais		pending		
@profesoramiel2972		pending		
@ProfesorOdWszystkiego		pending		
@profesortodoo		pending		
@Professeur-Cosmos		pending		
@ProfessoorAi		pending		
@Professor_Explainer09		pending		
@Professor_Mass		pending		
@ProfessorArchive		pending		
@ProfessorBlackwood		pending		
@ProfessorBrainEXPLAINS		pending		
@ProfessorByte-s1w		pending		
@ProfessorJiangFiles		pending		
@ProfessorJiangGlobalBrief		pending		
@professorpolicyinsights		pending		
@ProfessorPortfolio		pending		
@ProfessorPOVs		pending		
@ProfessorPowdertonTips1		pending		
@ProfessorPrimalOfficial		pending		
@ProfessorWildfang		pending		
@profetadormecido		pending		
@ProfitMindset-r6h		pending		
@ProfitPro-7		pending		
@profitron-ai		pending		
@ProfitTechAi		pending		
@profjiang123		pending		
@ProfJiangClips-b9q		pending		
@ProfJiangHistoryLectures		pending		
@ProfPatrick-u8w		pending		
@profshinmarkets		pending		
@ProgEchoes		pending		
@ProgNPsyMetal		pending		
@Programadorprimata		pending		
@programistaart		pending		
@Programming_Flow		pending		
@Project_POV		pending		
@project_x.e.r.a		pending		
@projectanimeai		pending		
@ProjectCovMusic		pending		
@ProjectFilmAI		pending		
@ProjectIronMind		pending		
@ProjectMassMonster		pending		
@projectmidasai		pending		
@ProjectOceanuso		pending		
@projetoextremopt		pending		
@PrometheanAction		pending		
@promieniemilosierdzia		pending		
@PromienieMiłosierdzia		pending		
@promixworld		pending		
@Prompt-Logica		pending		
@promptaisharefun		pending		
@promptcinemahq		pending		
@PromptCity		pending		
@Prompted.Vision		pending		
@PromptLabNow		pending		
@promptrevolution		pending		
@PromptsProductsandProfits		pending		
@Promtin		pending		
@Pronoobgodhacker		pending		
@Proof-n9y		pending		
@prop_say		pending		
@PropenomAIx		pending		
@ProperScary		pending		
@propertylinestoriestv		pending		
@PropertyWars		pending		
@PropertyWarStories		pending		
@ProphecyUpdateVideos		pending		
@prophecywatchers		pending		
@PropheticColumns		pending		
@ProSecret2128		pending		
@Prosper_Path_1		pending		
@prosperidadjudia8		pending		
@prostelicap		pending		
@ProtectOurPlates		pending		
@protogenusband		pending		
@Proton-z1y		pending		
@ProtyushSaha-k3p		pending		
@ProudAmericanHeritage		pending		
@ProudVeteranStories		pending		
@Provinciallife-j2r		pending		
@proxwrks		pending		
@prsv_ai	UCXwr_hQSBMK2l787aOofYAw	ok		PRSV-AI
@PryxHM		pending		
@PrägnantErklärt		pending		
@psaimusic		pending		
@PsalmNights100		pending		
@PsalmsoftheRose		pending		
@PsalmsofZion7		pending		
@psalmsretelling		pending		
@Psatodmusicalworld		pending		
@psboxingclassics		pending		
@psico-dibujos-animados		pending		
@psicologia.oculta1		pending		
@psicologicamente-reflexivo		pending		
@Psicología.Oculta1		pending		
@PsicologíaOscuraOficialES		pending		
@Psicopulsoyt		pending		
@psicovision77		pending		
@Psicovisión77		pending		
@PsieLegendy		pending		
@PsiqueNexoo		pending		
@PSKBeats		pending		
@pstoon-i3e	UCoZWFC8tb1cr9XfouH4KWVg	ok		Pstoon
@psy_dubby		pending		
@psy_kye		pending		
@PsycheDesert		pending		
@psychemagination		pending		
@PsychePrismm		pending		
@Psycheria		pending		
@PsycheShift09		pending		
@Psychfeelings		pending		
@PsychInsight-139		pending		
@PsychLens25		pending		
@Psycho-RestorationStoicism		pending		
@psycho-sight		pending		
@psycho__pulse1		pending		
@Psycho_Logika_1		pending		
@PsychologiaKobieca-i4c		pending		
@PsychoLogic1072		pending		
@psychologielinse		pending		
@psychology_facts		pending		
@PsychologyFaith		pending		
@PsychologyGenZ12		pending		
@PsychologyInsight-s8k		pending		
@PsychologyIsSimplified		pending		
@PsychologyLearnma		pending		
@Psychologymind9		pending		
@PsychologyReveal96		pending		
@psychologyscholar		pending		
@PsychologySimplyDecoded		pending		
@PsychologyXplained360		pending		
@psychomanis_official		pending		
@PSYCHOSIS-h6n		pending		
@PsychoStoaMind		pending		
@psychronix-b8e		pending		
@Psychtify		pending		
@PsychToonsHQ		pending		
@PSYCOart-E		pending		
@Psycor00		pending		
@PSYCORE-28		pending		
@PsyDubChillSessions		pending		
@PsyDubMusic		pending		
@PsyFrameToon		pending		
@Psygorithm1		pending		
@PsyLabb		pending		
@PSYofDesign		pending		
@Psyphoria7		pending		
@Psyphos_official		pending		
@psyrithm		pending		
@PsySide01		pending		
@pszcoder		pending		
@PT.DUMAI-dulinanmainan		pending		
@pt5films		pending		
@PTCMUSICHIT90		pending		
@PTteam-k1f		pending		
@PTtourismcrisis		pending		
@ptydrama		pending		
@Public_AffairReport		pending		
@publiceyeaudits	UC348KfMFVBgyjuBJgYwTi_Q	ok		Public Eye Audits
@puchill-h5u		pending		
@Puchoco		pending		
@puffdot		pending		
@Pugagaga		pending		
@puggyroom		pending		
@PukhtoonBeats		pending		
@pukieebaby	UCXgrub6O2Ufgk4lKgy9yvQg	ok		Pukiee Baby
@PulsarManhwa		pending		
@PulseBlendStudios		pending		
@pulsehave		pending		
@PulseLyricsVibe		pending		
@PulsePointReport		pending		
@PulsePointReport-d6e		pending		
@PulseResearch3229		pending		
@PulseTheory79		pending		
@pulsodeloro		pending		
@punchjapan		pending		
@PunjabiTimeRider		pending		
@PunkPenguin-l9u	UC4ggOA1A7PeNqYOqPtS4bqw	ok		Punk Penguin
@PunktKrytyczny-d8t		pending		
@PuntodeQuiebrealMinuto		pending		
@PuParent		pending		
@pupmasti	UChqMo5I_2G3NOLbOffWJi-w	ok		Pup masti
@puppy_sangchu	UC6M4OsbvM8LsPVWGxI4Hifw	ok		상추 SangChu TV
@puppyemotionworld	UC-d11mMTbVAqJJbVed6Zzhw	ok		Puppy Emotion World
@PuppyExplainsCars		pending		
@puppyheartai2	UCTKjBLTQ0hgWrWjhxgXi22g	ok		Puppy Heart Ai
@PuppyMusic2025		pending		
@puppysstorysb	UCjJwCuatQ7RFdANR55t4Miw	ok		Puppy’s Sad Story
@PuppyStory01		pending		
@PupScience_1		pending		
@PUPTHEAI		pending		
@pureaifilms		pending		
@PureCrushDrama		pending		
@PureEconomy		pending		
@PureGritStudio		pending		
@purejazzsanctuary		pending		
@PureLoveTale		pending		
@purelyhealth-tips		pending		
@purelynewborns		pending		
@puremuslinhouse		pending		
@purenostalgieyt		pending		
@PureRainSounds.865		pending		
@PureRelax		pending		
@PureTingles_ASMR		pending		
@pureworldstories		pending		
@purf3ctedits		pending		
@PurpleAvengerUK		pending		
@purralleluniverse	UCesrGc4OC4E6iSG6E5ivVcw	ok		Purrallel Universe
@PurrfectAIVids	UCHR7VFCVFAsDeSrU5e_K2eQ	ok		DreamAsmr AI
@PurrfectCareTales		pending		
@purrfectcats-s3h	UCHLIY4wDd59eSOTo9beDBUQ	ok		Purrfect Cats 🐾.
@PurrfectFacts-USA	UC10ZrtXRUv9zmgrlzw19Uww	ok		Purrfect Facts
@PurrfectIACats		pending		
@purrfectlycuteaishorts	UCu9LLET1iEg3Z-f05O8_m4g	ok		Purrfectly Cute AI Shorts
@purrfectlyviral-j7p	UCgv7BvLGAUZgklOjthDYBkw	ok		Purrfectly Viral
@PURRINGAI01		pending		
@PurrLantern		pending		
@PurrMeowmento-t4g7n		pending		
@Purrverse-US		pending		
@PursuingAi		pending		
@PushpamTech		pending		
@PustaPrzestrzeń1		pending		
@putrishelmadwiagisti19		pending		
@puzzlegamesasmrqueen		pending		
@PWCCowboyMusic		pending		
@pwrfilms		pending		
@PWroom		pending		
@Pxd-Sangita		pending		
@PXNDOREMIX		pending		
@pynade		pending		
@pyona_ai		pending		
@PyratheonOfficial		pending		
@PâmelaMessias-p5s		pending		
@Q.TECHSTUDIO		pending		
@Qadirvoice.786		pending		
@qafruityasmr		pending		
@Qajarjazz		pending		
@qaramood		pending		
@QC-FamilyStory		pending		
@qiaxai		pending		
@QissaKahaniAI12		pending		
@qmiir		pending		
@QProcessHD		pending		
@QS-MUSIC90		pending		
@QT-FamilyDrama		pending		
@qteclips		pending		
@quackdoc		pending		
@QuackHistory-m5l		pending		
@quadristories		pending		
@QuakeScopeOfficial		pending		
@QuantaSpire		pending		
@Quantloop		pending		
@Quantomphiled	UCdYk7wnqw-PZrvwjAxahtww	ok		Quantomphiled
@Quantum-Arsenal		pending		
@QuantumAxisYT		pending		
@QuantumBuzz-s3m		pending		
@QuantumCity1		pending		
@QuantumCuriosityStudio		pending		
@QuantumFrequenciesDJ		pending		
@QuantumFringe		pending		
@QuantumInsights1-e		pending		
@quantumkingai	UCY2jmIVOGA_O4KYmEKia5Mw	ok		QuantumKing AI
@QuantumMeat		pending		
@QuantumPulse11		pending		
@Quantumreadss		pending		
@QuantumRecap-n9m		pending		
@QuantumReflex1		pending		
@Quantumsconcepttudios		pending		
@QuantumSecrets-u2j		pending		
@QuantumSilkRoute99		pending		
@QuantumTech		pending		
@quantumuniversetv		pending		
@quarterdollar1	UCANH1JSjpvVJi3gCl_lABHQ	ok		quarter dollar
@quasizero		pending		
@Queen3369		pending		
@QueenAnimates		pending		
@QueenComebackStories		pending		
@QueenGlassASMR		pending		
@queengracethomas		pending		
@QueenModetales		pending		
@queenofnature-l3o		pending		
@QueenOfSpadesA		pending		
@QUEENROBLOXabc		pending		
@QueenTales-s8o		pending		
@QueerFolktale		pending		
@QuickAfricanTales		pending		
@quickai-f3q		pending		
@QuickAIClips27		pending		
@quickaiworld		pending		
@quickclips-b3f		pending		
@QuickExplainer111		pending		
@QuickLearnAIMakesYouSmarte-f7q		pending		
@QuickLitExplained	UCKHmFVphSFpEIXdiTQEjoqg	ok		Quick Lit Explained
@QuickpulseAl		pending		
@QuickRush8		pending		
@quicktop-official		pending		
@QuickTrial		pending		
@Quiet_American_Stories73		pending		
@Quiet_Baroque_Manor1999		pending		
@Quiet_Betrayals		pending		
@Quiet_Hours_Ambient		pending		
@Quiet_Pluto		pending		
@Quiet_Shepherd		pending		
@quietaiasmr	UC1EdWwa0JuPA9CsQDtcW2cw	ok		Quiet AI ASMR
@QuietArchitectureMusic		pending		
@QuietBearing		pending		
@QuietBias01		pending		
@QuietCapitalHub		pending		
@QuietCowboyStori		pending		
@QuietDadStories		pending		
@QuietFamilyRevenge-j1p		pending		
@quietghibli_life		pending		
@QuietGuard	UCuVAK4BuTSHIJnO0a9fpcJQ	ok		Quiet Guard
@QuietHistory-q3w		pending		
@QuietHistory-s6o		pending		
@QuietHistoryRoom		pending		
@QuietHours-FM		pending		
@quiethours2003		pending		
@quietinvention-q7j		pending		
@quietironstories		pending		
@QuietJustice7		pending		
@quietlifeguide		pending		
@QuietLittleTowns		pending		
@QuietlySharp-1		pending		
@quietmindsstory		pending		
@quietobvious		pending		
@quietpleasefm		pending		
@QuietProoff		pending		
@quietrevenge-o4s		pending		
@QuietRevengeStories68		pending		
@QuietRevengeTV		pending		
@QuietScienceChannel		pending		
@quietstories-n3k		pending		
@QuietStories-real		pending		
@QuietStrength141		pending		
@QuietStrength2		pending		
@QuietSymphonyVid		pending		
@quietude-channel		pending		
@quietude_studio		pending		
@QuietudePiano		pending		
@quietwealth-y5x		pending		
@QuietWisdomTales-444		pending		
@quietypewriter		pending		
@QuilnexaHubASMR		pending		
@QuincyinvestW		pending		
@Quirktvv		pending		
@Quisoop		pending		
@QuiteRevenge-o4s		pending		
@QuizBlitz_		pending		
@QuizBright05		pending		
@quizdojo_yt		pending		
@QUIZMasterADAM09		pending		
@quizonaofficial		pending		
@quiztoastyt		pending		
@quoriiix		pending		
@quote_motivation_official		pending		
@quranicscience1		pending		
@quynguyenvan3544		pending		
@QYRAXA		pending		
@QyverixStudio		pending		
@R.MaddowBrief		pending		
@r_naar		pending		
@ra1nlabs		pending		
@raagaflow		pending		
@RaagBott		pending		
@RaayanAIMagic		pending		
@raba_tales		pending		
@Rababfatima-rz1		pending		
@RabbiBoazTheTorahLifeStrateg		pending		
@RabbiNaomiTheTorahLifeStrateg		pending		
@RabbiShimonTheTorahLifeArchite		pending		
@RabbiShimonTorahBlueprint		pending		
@RabbitDust-f1v		pending		
@Rabbitteooooooooooooo		pending		
@RabbittTALES		pending		
@rabidbonsaii		pending		
@RabinoRevalaciones		pending		
@rabproductions-x1w		pending		
@Raccoon_Music_Studio		pending		
@RacersReverie		pending		
@RachelMaddowFanHub		pending		
@Rachelsstorytime		pending		
@RachelToday-24		pending		
@rachitrajsingh2469		pending		
@RacismMatters-f4o		pending		
@racunwithqis_0		pending		
@Radd_Rúnanna		pending		
@RadhaMishra-u4i		pending		
@radhestudio7340		pending		
@RadiantDrama-q4c		pending		
@RadiatorStudio		pending		
@Radio_Meow_Ai		pending		
@RadioAmoreRetroo		pending		
@radiobotfi		pending		
@RadioEther		pending		
@RadioMandanga		pending		
@RadioReimagined	UCjKPPDKpTr5mtfoS9DaVTiQ	ok		Reimagined Radio
@RadioRuach		pending		
@Radiosak		pending		
@RadmanAi0099		pending		
@RaeCinema		pending		
@RaestaOfficialCover		pending		
@ragabotai		pending		
@RagaForDeepSleep		pending		
@RagaVerseAI		pending		
@RagerenMinistries		pending		
@RageStories-n8d		pending		
@Ragg-ai		pending		
@Raggae-BGM		pending		
@Ragna.Pop.		pending		
@RagnaAITinyCooking		pending		
@RagnarVarkul		pending		
@RaGoCars		pending		
@RAGOVIVFX		pending		
@RagsandRichesFolktales		pending		
@rah-e-deen_92	UCpZZI8JT0_yoHMh8l1PFS-g	ok		Rah-e-Deen
@rahabinspireshub		pending		
@RahasyaChakraa		pending		
@rahasyaraatkahani		pending		
@Rahexmusic		pending		
@RahimeLasala-d3b		pending		
@RahiTrove		pending		
@rahul-470c	UC-cCylSrWXH9ujk8CUB9FKw	ok		Everything in 60s
@rahulaianimation	UCaz7N1PCSZg9veRyMG9rrzA	ok		Rahul Ai Animation
@RahulAIStudio66		pending		
@rahuldedha07		pending		
@rahulgari231		pending		
@RahulHistoryVault		pending		
@rahulkumar-z3u7k	UCFlXiyoqXzKRzfAU8UZGCZQ	ok		Cat dance video
@RahulTechnical6M		pending		
@raicesdeljudaismo		pending		
@raicesolvidadas1		pending		
@railwayrelics		pending		
@rain-leaf-haven		pending		
@rainandrelaxationdeepsleep		pending		
@RainaTales		pending		
@RainbowMaleIdentity		pending		
@RainbowRascals-e4g		pending		
@RainbowSouls01		pending		
@RainCozyCabin-w2c		pending		
@RainDreaming-t6z		pending		
@RaineytheCat		pending		
@RainforestRecon		pending		
@rainforestretreat.692		pending		
@RainLeafSounds-q6v		pending		
@RainlightFilms		pending		
@RainlineArchives		pending		
@rainmuselofi96		pending		
@RainNatureSounds.464		pending		
@rainonleaf		pending		
@RainWhispers-m8p		pending		
@RainXSleep		pending		
@Rainy_CozyRoom		pending		
@RainyCabinAmbience55		pending		
@RainyCorner-d8c		pending		
@rainydays-rud		pending		
@RainyDriveRelaxation		pending		
@RainyHouseAmbience-b4d		pending		
@RainyLofiAmbience		pending		
@rainynightpiano-m6y		pending		
@RainyNook68		pending		
@RainyOnLeaves		pending		
@rainyroomsounds		pending		
@rainyseasidecabin		pending		
@RainyTokyoLofi-h2n		pending		
@RainZenLofi		pending		
@RAIRA_Official		pending		
@Raizmental01		pending		
@raj_yadav_tkg		pending		
@rajaaiviodcretore		pending		
@rajchauhan-l9v	UCdOgNLyN5tP47a69ICK4jyQ	ok		Manjeet Rajput22
@rajchoudhary3795	UCeAhcQrCYyWsAGqYtBlQvOg	ok		Raj Choudhary
@RajeshAiAnime		pending		
@RajeshAiStories143		pending		
@rajeshhansdah-47		pending		
@rajeshkoradia2006		pending		
@RajHereYT		pending		
@rajidaanimal	UCY7cUJ_-qlEdHz0Ar11GXxw	ok		RajidaAnimal
@RajPal-r7t7u		pending		
@RajPhotoEditingMuchMore		pending		
@rajpootcinematicstudio		pending		
@rak-entertainment	UCYS2R-iiEnBEDnL3RZQezZQ	ok		RAK Entertainment
@Rakhifun-y6k		pending		
@RakistaReimagined		pending		
@RakuenAIASMR		pending		
@rallytimenews		pending		
@ram_talks74		pending		
@Ramanai7848		pending		
@RamBhai-q9i		pending		
@RAMCentralHD		pending		
@ramenviky		pending		
@Rames_18		pending		
@Ramesh_Ai		pending		
@ramhub18		pending		
@ramitsaraswat	UC4w3FfZQ5o-k_phXfYPpEZw	ok		ramit saraswat
@rammugaming-x6s	UCEchW6-CdRmGAiRNP36LnxQ	ok		God of world
@RAMotionLab		pending		
@ramranjansir		pending		
@Ramzax598		pending		
@Randomchik-ai		pending		
@RandomDailies-vi1so		pending		
@randomdudefromtiktok-b6f	UCvCQlFL7cpjC0QRf8DEN-Ng	ok		Animal ai
@RandomSoraClips_5		pending		
@Randomspark-w1r		pending		
@RandomTopicsOfficial		pending		
@RandoRank		pending		
@rangeroftherealms		pending		
@ranibabelkheir	UCFY-toiJYUGQqv-LX3wDBfA	ok		Cat and Animals Kingdom
@Raniiiitv-s8x		pending		
@ranjeetrajvlogs007		pending		
@RanjitSingh-b9y1l		pending		
@rankclipsfunny		pending		
@Rankify2004		pending		
@ranking.menace		pending		
@RankingGalore		pending		
@rankitstudios		pending		
@RankLab101		pending		
@RankOnTopEN	UCpIUKbFarxW3wNfRoMVjd5A	ok		Rank On Top
@rankrelax	UCCGGovod0hUGnSW-fr3fwVg	ok		Rank & Relax
@RAOSR87		pending		
@Rap-Checker		pending		
@RapcoreReborn		pending		
@raphaelcreativepen1		pending		
@rapidguesser		pending		
@Rapilion		pending		
@RapKingRecords		pending		
@Rapleaks100		pending		
@RapMusicHDTV		pending		
@Rapoh1	UCy3HoAPkpkOg7yusOjqSz-A	ok		Rapoh
@RaportWojskowy		pending		
@RapRevived		pending		
@RaptoCo		pending		
@raptruths		pending		
@rapzonereborn		pending		
@rare.meme00		pending		
@RarecoinHQ	UC-FjzYGUrBGk6hbNzF8ZbsQ	ok		Rare Coin HQ
@rarecoinsinfo	UC47bu1R-KMZ29uxwyxjmd_A	ok		Rare Coins Info
@rarelycaptured		pending		
@RareOldEngines		pending		
@RarePhotoHub-n3s		pending		
@rashabhbutani		pending		
@rashasmrstudio		pending		
@RastenburgProductions		pending		
@ratanstudios-z5x		pending		
@ratikantafff1172		pending		
@RationalFrontier-h4y		pending		
@RavComm		pending		
@RavenAstrids		pending		
@RavenbornChants		pending		
@RavennaStorm-t1z		pending		
@RavenOath26		pending		
@RavensMourning		pending		
@ravie.zquinn		pending		
@ravikhinchiwealth		pending		
@RaviTiwari-p3m		pending		
@RavnirMusic		pending		
@RavTales888		pending		
@Ravy_Official2k26		pending		
@RAW2READYLAB		pending		
@Raw_Reality_Stories		pending		
@RawartbyRomero		pending		
@RawHistory-n2g		pending		
@RawLeaksTV		pending		
@RawLoveStoriesUnfiltered		pending		
@RaWMachines-g9r		pending		
@RawMateriaMagic		pending		
@RawOldSchoolBeats		pending		
@rawrustrestore		pending		
@raydoesai		pending		
@rayharvey1330		pending		
@raymondsoy		pending		
@raymonroehacks		pending		
@RazNava		pending		
@RazzaProd		pending		
@RaícesOlvidadas1		pending		
@rbcatlover	UC_7j_2NKgQh5klpFLVIv9EA	ok		RB Cat Lovers
@rbxworld1		pending		
@RCB-s6s2		pending		
@rCentMusic		pending		
@rcspktv		pending		
@RDGFLIX		pending		
@RDKMInstruRPGmentals-ur2rw		pending		
@rdx9044		pending		
@Re-SoulLegends		pending		
@ReachMora		pending		
@react.buildcraft		pending		
@react.handyman		pending		
@Reactifybeats		pending		
@ReactionFacts-0		pending		
@ReactionNotes		pending		
@ReactorMind		pending		
@ReactsOP12		pending		
@readingtime.playlist		pending		
@reafton		pending		
@real-ai-country		pending		
@real-john-ag		pending		
@Real-Travvy		pending		
@Real-VerseAI		pending		
@RealAfricanTales-00		pending		
@RealAI-k9m		pending		
@RealAifacts-e6f		pending		
@RealAIFruit		pending		
@realaiqueen		pending		
@realaniket21		pending		
@realanizyroshort	UCL75T26wBgkrL7F_9sw1iRg	ok		Real Anizyro
@RealBibleAI-i6u		pending		
@RealBibleTV		pending		
@RealBigSkilz		pending		
@RealBlackVoices-w6i	UCwViGtapPQCdK_qbzW-q-Jg	ok		Real Black Voices
@realboringhistory	UC1nfjgHIKseiep2WZpPkjNQ	ok		Boring History
@realclipguy69		pending		
@RealConfession-f6v		pending		
@RealCrimsonHistorians		pending		
@RealCriticalReviews		pending		
@RealCrusadesHistory		pending		
@RealDrip7		pending		
@realdude101		pending		
@RealeRachegeschichten		pending		
@RealEstateDramaStories		pending		
@realfacadify		pending		
@realfactsquotes2969		pending		
@RealFamilySecretsHQ		pending		
@RealGG2026		pending		
@RealHOADrama789		pending		
@RealHOAStories-v1u		pending		
@realhoastorytime	UCGpw5wmEFJTd4O6PJ65Rh9Q	ok		Real HOA Storytime
@realhoastorytime-o5q	UClcgoA5GOrmTD7En7D-AzJQ	ok		Real HOA Storytime
@RealHoaStorytime-p6u		pending		
@realhoastorytime-r2e	UCBlLDlKIiiok8PGn7g9u-Tg	ok		Real HOA Story
@realhoawars		pending		
@RealHorrorStoriesVX		pending		
@RealHowNotToDie		pending		
@RealHyperspeed		pending		
@RealidaddelPasado		pending		
@realidadpilipinas		pending		
@realimaginarytalks		pending		
@realisticAIstoriesFaraz		pending		
@realisticbreak		pending		
@realistkixng4990		pending		
@RealityAnimeStudio		pending		
@realitygeneration		pending		
@RealityShiftStory		pending		
@RealityTVRescues		pending		
@RealityUnfiltered-w8d		pending		
@realityZSU		pending		
@realkevrah		pending		
@reallifeanime-z7t		pending		
@RealLifeCanvas-t8l		pending		
@RealLifeGlobalDocumentary		pending		
@RealLoveStories-byLia_Stuart		pending		
@RealLoveStoriesUnfiltered		pending		
@ReallyAi2026		pending		
@ReallyNotAi	UCC-Zhd1UVyJUmjpaunmHvBQ	ok		ReallyNotAi
@ReallyonAi		pending		
@reallyweirdai	UC9CwlpBgAKEeGfTF6vFyfEQ	ok		Really Weird AI
@realmarkethistory		pending		
@realmbattlestudio		pending		
@REALMODERNSTOIC		pending		
@realmofangels90		pending		
@RealMorph_Ai		pending		
@Realmsofambience88		pending		
@RealmsofMusic-z8x		pending		
@RealmsUncoveredOfficial		pending		
@realnorthernempire		pending		
@RealPetStories-d6d		pending		
@realpiratehistory		pending		
@Realpov-n6f		pending		
@realprocessinside-z1u	UC0TojF_kaWnqDBweoA6BS_A	ok		Real Process InsiDe
@realrawaudits	UCmfMSLD4f9CXdNHTcBIVrNQ	ok		Law & Liberty Audits
@realrevengebytruth		pending		
@RealRobinTV		pending		
@realrobtheaiguy		pending		
@RealShittyAIVIdeos		pending		
@realsketchyminds	UCGoKX06lxUAzVS_aq__74RQ	ok		The sketchy minds
@RealStoryHub-k5z		pending		
@RealStrangeAI		pending		
@realtalkwithoby		pending		
@RealTalkWithTime		pending		
@RealTerms-o5v		pending		
@realTwoBrainCells		pending		
@RealUndercoverStories	UCAGGHywyHfEeMMqnYUEbANw	ok		Real Undercover Stories
@RealUnseenStories		pending		
@RealUntoldDadStories		pending		
@RealWorld-RealStories		pending		
@RealXBRecords		pending		
@Reamann95		pending		
@ReAnimeAI		pending		
@ReasonOverRituals		pending		
@reawaker-8k		pending		
@Rebecca-r1s		pending		
@rebeccasuttonn		pending		
@RebelBars		pending		
@REBELLIONMINDYT		pending		
@Rebelpalms-o8v		pending		
@Rebelvids_01		pending		
@rebirthchroniclehub		pending		
@rebirthoflegends1		pending		
@RebornFromZeroBr		pending		
@rebornintechno		pending		
@rebornmachinesal		pending		
@rebrainmoments		pending		
@Rebuild2Life		pending		
@RebuildX9		pending		
@RecapandExplained		pending		
@Recaplly		pending		
@recapman-u6x		pending		
@recapqin		pending		
@ReCastAnime		pending		
@Recessionwarnings		pending		
@RecipifyAI		pending		
@recipy-lotr		pending		
@reconstrucaohistorica		pending		
@ReconstruçãoHistórica		pending		
@records4fun		pending		
@RecuerdosdeCarmenYT		pending		
@RecuerdosdeMaribel		pending		
@recuerdosdepadres		pending		
@Recyclewaste5g		pending		
@red-forge		pending		
@Red_Demomantf2		pending		
@RedAlertMarkets		pending		
@RedAlertReports		pending		
@RedArtMediaAI		pending		
@RedCarpetGhosts		pending		
@RedChapterXIII		pending		
@RedClayGospel		pending		
@Redconomy		pending		
@RedCrossedPaths		pending		
@Reddit-2026		pending		
@Reddit-rina		pending		
@Reddit_Report		pending		
@Reddit_Threadz		pending		
@reddit_twist0		pending		
@RedditArchives-x4k		pending		
@redditchaosdaily		pending		
@RedditChronicles-p3q		pending		
@Redditconfessions-A3d		pending		
@RedditDailyChronicles-m4s		pending		
@RedditEchoes01	UCed3CGd8Zsp3bIlnrt-7U7Q	ok		Reddit Echoes
@RedditFamilyVault6886		pending		
@RedditGigglez		pending		
@RedditKarmaStories-c9m	UCBHdON0ib-363CuMXtAdmlQ	ok		Reddit Karma Stories
@redditkarmazone		pending		
@RedditMorty	UC2eVqbOCj8UmU6QBNP0s1Eg	ok		Reddit Morty
@redditor20		pending		
@redditpeaar		pending		
@RedditPear_0		pending		
@Redditpremiumop2		pending		
@RedditReloop_03		pending		
@RedditReveals0222		pending		
@Redditscreem	UCigaquE_v4LDSeXaEoCAY3w	ok		redditscreen
@REDDITSECRETOS-y3e		pending		
@RedditSphere-10		pending		
@Redditsphere002	UCyjbI_mb0DNDuygNLzL1Wag	ok		Redditsphere
@RedditStall		pending		
@redditstories_dino		pending		
@RedditStoryHour		pending		
@RedditStoryJack-07		pending		
@RedditStoryTimeHQ	UCbPcKBBPSr2EOupjQgtbLGQ	ok		Reddit Story Time
@redditstoryTrail123	UCWlu8zlP4hlyln1x31no2Cw	ok		redditstory Trail
@RedditTales-s4h	UCq3H3RIcy036liYSD476b5A	ok		Drama Threads Unfold
@reddittalesangle		pending		
@RedditTalks095		pending		
@RedditTechDaily		pending		
@RedditUpdatesStorytime	UCTMGQrKVsmhwYpAlf1pK0iw	ok		Reddit Updates Storytime
@RedditVendetta		pending		
@RedditWhispers001	UCK6i-IQftAvgupBb2XYjtvA	ok		Reddit Whispers
@reddomation		pending		
@ReddXYZ	UC2upj7FUywxWQpnR4yZBK5w	ok		ReddX
@reddyhistorypov		pending		
@RedEarthStories33		pending		
@redemptionoutlaws		pending		
@REDEMPTIONRIDERS-v2r		pending		
@RedFlagStories-z7x		pending		
@RedFrontierNews4		pending		
@redhawkdrone3403		pending		
@RedheadinGlobalTrance		pending		
@RedHeart-4U		pending		
@RedInk_History		pending		
@RediscoveredAncient		pending		
@RedJustice-q7k		pending		
@RedLabYT		pending		
@RedLetterElectric		pending		
@RedLineReport99		pending		
@RedMesaTales		pending		
@RedMorphinMaster		pending		
@RednasVGM		pending		
@rednotejazz		pending		
@RedoubtWarHistory		pending		
@Redpillcouncil		pending		
@RedSignal0t		pending		
@redsilence-v8o		pending		
@RedStarFrog		pending		
@RedstickmanYouTube		pending		
@RedTrailz	UCmEBjcZ7Yw6ayn1AOhgAlVg	ok		Red Trailz
@RedUmbrellaYoutube		pending		
@RedVoidSurvivor		pending		
@redwheel9848		pending		
@redwhistle_yk		pending		
@RedWolfsJazzLounge		pending		
@ree_ree0513		pending		
@reed.ing1		pending		
@Reel2Real-TV		pending		
@ReelAIKing		pending		
@reelfry-art	UCW9XhKjpoLesrJMTsk-k-3g	ok		ReelFry Art
@reelifystudio		pending		
@ReelixBox		pending		
@ReelNovaAI-w9p		pending		
@reelpinoyshorts		pending		
@Reelsofloveandfun		pending		
@reelxeditzz	UCNn3b9UfoSiaLdNpVVwIRNg	ok		ReelX
@ReelyPsychology		pending		
@ReenuSahu-wx3ho		pending		
@ReeyVerseAI		pending		
@ReferCoinLab		pending		
@RefereeRoulette		pending		
@ReflexionesAncestrales		pending		
@ReflexionesVidaTV		pending		
@ReformedThinking-c3o		pending		
@REFORMEDTRUTHSERMONS89		pending		
@ReFrameArt		pending		
@RefreshingLoveStories		pending		
@RefugeAndEmber		pending		
@refugio.dos.contos		pending		
@Refúgio.dos.Contos		pending		
@RegencyHeartsAudiobooks		pending		
@regencylovestories-en		pending		
@RegencyLoveTales		pending		
@RegencyRomanceAudiobooks-k1b		pending		
@regentx24bet		pending		
@Reggae009		pending		
@ReggaeBluesParadise		pending		
@ReggaedAway		pending		
@ReggaeFirewave		pending		
@Reggaerootsrecord		pending		
@ReggaeSoulJunction		pending		
@ReggaeVibesDaily-h6n		pending		
@ReggaeVibesHub		pending		
@registros-ineditos		pending		
@regmipm		pending		
@RegnumUmbrae		pending		
@RegretLoverTales		pending		
@RegretRedemptionStories		pending		
@regularcases		pending		
@rehobothsound_mint		pending		
@rehobothsoundtv-j1jfanmade		pending		
@reikialemdacura		pending		
@REIKON_FM		pending		
@Reimagined_Music_Lab		pending		
@ReimagineEngine		pending		
@ReinasLibres		pending		
@ReJ-ROCKAICovers		pending		
@RekonstrukcjaHistoryczna		pending		
@REKVON		pending		
@RelateablePsyche		pending		
@relatone		pending		
@RelatosDeGerald		pending		
@RelatosDeHerald		pending		
@RelatosDeInfidelidades-68		pending		
@relatosdramaticos66		pending		
@RelatosDramáticos66		pending		
@relatosehistoriasdelcorazon		pending		
@RelatosPrimitivosTV		pending		
@RelatosqueConmueven1		pending		
@relax-journal	UCJZrfCkCVQvi32ZeB_NhzCQ	ok		relax-xxgd
@Relax_LofiLife		pending		
@RelaxAI-ASMR4		pending		
@Relaxation-l2o		pending		
@relaxationasmr-o5l	UC9LmxkxLa0E_Mrjs8-ppWcA	ok		Relaxation ASMR
@RelaxationASMR7		pending		
@RelaxationSlowMusic84		pending		
@RelaxHistoryAI		pending		
@Relaxing_Music_Journey		pending		
@RelaxingAIASMR		pending		
@relaxingasmr87	UC5aaRQsSmhKaocggrhVYSCg	ok		Relaxing asmr
@RelaxingBoringHistoryForSleep		pending		
@RelaxingCelticMusic-r9d		pending		
@relaxingchillout99		pending		
@RelaxingDogCartoonTV		pending		
@relaxingfrequencymusic444		pending		
@RelaxingHistorianPodcast		pending		
@relaxingjazzbgm3486		pending		
@relaxingjazzbgm79		pending		
@relaxingjazzpiano6491		pending		
@RelaxingMusicforDogs68		pending		
@relaxingmusicsh		pending		
@RELAXINGNIGHTBED		pending		
@relaxingpianoalexminhofficial		pending		
@relaxingredditstories888		pending		
@RelaxingSmoothBlues		pending		
@RelaxingSoulRaga		pending		
@relaxjazzbmg		pending		
@RelaxJazzCafe1990		pending		
@RelaxJellyWorld745		pending		
@RelaxMusic-s8y		pending		
@RelaxMusicBGMCHANNEL		pending		
@relaxnight90		pending		
@RelaxNightJazz234		pending		
@RelaxoDreamASMR06		pending		
@RelaxoHubASMR32		pending		
@RelaxRadioSignals		pending		
@RelaxTranquilMoss		pending		
@RelaxxMeowMeow	UCaIuA6af7M6aMmZ2hPjc2Vg	ok		Relaxx Meow Meow
@releasemusicgroup		pending		
@Releven_Music		pending		
@RelicTunes		pending		
@ReliefPlace		pending		
@ReligionForSleep		pending		
@ReligiousRonan		pending		
@RELIGIOUSSTORYTELLINGG		pending		
@ReligiousStoryTV		pending		
@relikvariy		pending		
@remarkable_i269		pending		
@REMEMBERED216		pending		
@RememberWhenHQ		pending		
@ReMeshWorld92		pending		
@RemiAI7	UCq_npHutd2LIFapoi5jkztg	ok		RemiAI
@remindmemp3		pending		
@RemmyRetro		pending		
@remusicmylife		pending		
@remyfilmmaker		pending		
@renacerfemenino-nilda		pending		
@Renacimiento_Oscuro		pending		
@RenderFaceAi		pending		
@rene0211		pending		
@RennStudio		pending		
@RenovationVision		pending		
@RePhantasia		pending		
@replicator-ai		pending		
@Reploid-X9		pending		
@Repost9865		pending		
@Repricedofficial		pending		
@reprogramsubconscious		pending		
@Requestedreads		pending		
@requiemofthrones	UCnI5FzXyj8t95_qSWROmbng	ok		Requiem of Thrones
@rescomcontractors		pending		
@Rescue-101		pending		
@rescueanimalsai-q6s	UCEuNyJmuBdS2tqA0YrDY5sg	ok		Rescue Animals Ai
@RescuePath-6868		pending		
@rescuetales38	UCNWwsuqZEE3YfeGwp5JBocQ	ok		Rescue Tales
@researchriderinfo	UCTq9RQ00SWZzg7Y4Zm_gkzA	ok		research rider
@ReserveArc		pending		
@resilienciaycorazon		pending		
@ResilienciayCorazón		pending		
@ReSing22		pending		
@reso-mel		pending		
@resomat6474		pending		
@resonance_diva		pending		
@resonanciadevoxel		pending		
@resonansiaimusic		pending		
@ReSongPROJECT		pending		
@Resonvantaqf		pending		
@ReSoulNation86		pending		
@resound_tokyo		pending		
@RespectMoments1-i5h		pending		
@RespiratoryTherapyZone		pending		
@ResQRaceQ		pending		
@RestfulWealth		pending		
@RestingRhythms		pending		
@RestorationAll-In		pending		
@RestorationReborn		pending		
@RestoredEgypt		pending		
@RestoredTimeline		pending		
@restorefusion		pending		
@RestrictedAreasAmerica		pending		
@RestrictedGround		pending		
@RestWithChristYt		pending		
@ResurrectedAIVisuals		pending		
@resurrectedhistory10mv	UCmw5YZZ7qsemNWpP87AGiew	ok		Resurrected History
@RETAILMORTIS		pending		
@Retale_Media		pending		
@retiredfrank		pending		
@RetiredNotBroke		pending		
@RetirementAIHelper		pending		
@retirewisebulletin		pending		
@ReToJo-Records		pending		
@RetributionDiariesMain	UCR09HhnevvCWCqZTDeAL56Q	ok		Retribution Diaries
@RetributionTales-q4d		pending		
@Retro-Rewind2k26		pending		
@RetroAmoreStudio		pending		
@RetroAnatolianPsyche		pending		
@RetroAnimeBytes		pending		
@RetroAustraliaTV		pending		
@RetroCastUpdates		pending		
@RetrocausalMemories		pending		
@retrochillradio		pending		
@RetroDolceStudio		pending		
@RetroDolceVitaStudio		pending		
@Retroflow1985		pending		
@RetroFrequencyFM		pending		
@RetrofuturaAI		pending		
@RetroGamerLofi		pending		
@RetroHeartbreakRadio		pending		
@RetroHeartwarmingStory		pending		
@RetroJazzVibes-c4g		pending		
@retronostalgiamusic		pending		
@RetroOpera		pending		
@retropicalrecords		pending		
@RetroPulseFM		pending		
@RetroRapp		pending		
@RetroRebootAI		pending		
@retrorhythm-on		pending		
@RetroRivieraCinema		pending		
@RetroRivieraDreams		pending		
@RetroRivieraStudio		pending		
@RetroRivieraVibes		pending		
@RetroShockTV		pending		
@RetrosSurvivalTactics		pending		
@RetroStarAI		pending		
@RetroStation-vhs		pending		
@RetroStudio-u1x		pending		
@RetroSync80s		pending		
@RetrotrekVFX		pending		
@retrotwistsessions		pending		
@RetroVibesStation		pending		
@Retrovivals		pending		
@RetrowaveCat		pending		
@RetroWaveIT		pending		
@retrowavemusic36		pending		
@RetroWaveRadio85		pending		
@RetroWorkdays		pending		
@retrozone-l8k		pending		
@returntosimple		pending		
@REVEAL-v		pending		
@revealmode		pending		
@Revenant_465		pending		
@Revenge-p3l	UCpnx7O83egatKWxkQy5jIFQ	ok		Revenge Astrid
@Revenge54252		pending		
@Revenge_by_Charlotte		pending		
@revenge_drama_story		pending		
@Revenge_Recall		pending		
@revenge_savage		pending		
@Revenge_with_Craig		pending		
@RevengeActivated		pending		
@revengeactually		pending		
@RevengeAftermath-u5z		pending		
@RevengeAlley		pending		
@revengealleyyt		pending		
@RevengeatWork1		pending		
@RevengeBackstory		pending		
@RevengeBoltUs		pending		
@RevengeBrideDrama		pending		
@RevengeBrokenTrustUS		pending		
@RevengeByFacts		pending		
@RevengebyFrank		pending		
@Revengebytruth83		pending		
@revengeclub0		pending		
@RevengeCottage		pending		
@RevengeCrown-q3k		pending		
@RevengeDadUS		pending		
@RevengeDailyUs		pending		
@RevengeDark9		pending		
@RevengeDarmaTales		pending		
@revengediaries-1k	UC5Faf8YAa35SFWSi3whjsFA	ok		Revenge Diaries
@RevengeDiariesUS123		pending		
@RevengeDramaine-YT		pending		
@RevengeEpisodes_1		pending		
@RevengeFamilyTales		pending		
@RevengeFiles-g3x		pending		
@RevengeFlame-e4k		pending		
@revengeflex-k1g		pending		
@RevengeFury9		pending		
@RevengeGiftUS		pending		
@RevengeGlow		pending		
@RevengeGlowFamily		pending		
@RevengeInferno		pending		
@Revengejournal		pending		
@RevengeKatapult		pending		
@RevengeKingdom-p5k		pending		
@RevengeLight-v8t		pending		
@Revengely-k9r		pending		
@revengemall1		pending		
@RevengeManganUS		pending		
@Revengemidnight	UCEWZMayT0kispZLJnYfPjGQ	ok		Revenge midnight
@RevengeMosaicum		pending		
@Revengemountian		pending		
@RevengeMovie888		pending		
@RevengeNation1		pending		
@RevengeNickelus		pending		
@revengenovelupdates		pending		
@RevengeOClock		pending		
@RevengeOTCP	UCZiBcRFX8HOrhLmoCCjtZhQ	ok		Revenge of the Coffee Pot
@RevengePresently		pending		
@revengequeen3		pending		
@RevengeRange-k9m		pending		
@RevengeRealm	UCDays108rp8NWTq8AWyjpPg	ok		Revenge Realm
@RevengeRealmEmpire		pending		
@RevengeRedUS		pending		
@RevengeRegretUS		pending		
@RevengeReturn-s3n	UCdMRX6COop9zWBxOdge0nmQ	ok		Revenge Return
@RevengeRise-n7		pending		
@RevengeRise9		pending		
@revengerize	UCq8ixTNtX0I8_gRPuJWLLkQ	ok		Revenge Rize
@RevengeRowe		pending		
@RevengeSeat		pending		
@RevengeShine-v8j		pending		
@RevengeSignal-w9c	UC45-Fk1xBrehcmK3wDY5QDA	ok		Revenge Signal
@RevengeSignal12467		pending		
@RevengeSoldierStories		pending		
@RevengeSoldierTruth		pending		
@RevengeSpark-YT		pending		
@RevengeStart9	UCb_c6lr0Y2YrjEKIl6mZe1g	ok		Revenge Start
@RevengeStoriesHub-r9c		pending		
@revengestorieswitholivia		pending		
@RevengeStoryOfLife		pending		
@revengetable-h2z		pending		
@revengetalessd		pending		
@RevengeThinking		pending		
@RevengeTiesT		pending		
@RevengeTomato-US		pending		
@revengetrip97		pending		
@RevengeTruth-m2z	UCAnckw1-rr6W7YJW0Xmq-xQ	ok		Revenge Truth
@RevengeTruthBomb		pending		
@revengevanas		pending		
@revengevault-rv		pending		
@RevengeWedding		pending		
@RevengeWithBethany12		pending		
@RevengewithCaroline		pending		
@RevengewithClaireUs	UCDxeAcf1isDkpgTJ46pPZcA	ok		Revenge with Claire
@revengewithdad		pending		
@RevengeWithIris		pending		
@RevengeWithKaren	UCHpC_SwsmIC7paKc4I576Rw	ok		RevengeWithKaren
@RevengeWithKiren		pending		
@RevengeWithLaura2		pending		
@RevengeWithLucie9		pending		
@RevengeWithLyra		pending		
@RevengewithNora1		pending		
@RevengewithTruth		pending		
@RevengewithZara-g7w		pending		
@RevengeZnUS		pending		
@revengezone-s5e		pending		
@RevengeZoneReddit1		pending		
@revengstories24		pending		
@revenira		pending		
@Reverie-n1w		pending		
@ReversHub		pending		
@RevibeMusics		pending		
@ReviewAIVideos		pending		
@ReviewCentral-S2		pending		
@revitala.i.stories		pending		
@revivalwindswrshp		pending		
@revive		pending		
@RevlineMedia-t9b		pending		
@RevNation-d1d		pending		
@RevolverRoomStudio		pending		
@RewatchClub2025		pending		
@RewatchVault2026		pending		
@Rewind.1960s		pending		
@rewind.rogue1		pending		
@RewindeReveal		pending		
@RewindFactsOffical		pending		
@rewindjustic		pending		
@RewindStudio-i8d		pending		
@RexaRecap69		pending		
@rexdayoutube		pending		
@RexTrixAIStudio		pending		
@RexusHD		pending		
@ReyStudio1		pending		
@rezaulkidszone		pending		
@Rezero868		pending		
@rfm97_music		pending		
@rhetthollow		pending		
@RhyElliot		pending		
@rhymellon		pending		
@rhymerealkids		pending		
@Rhymicon3000		pending		
@RhymyNinosTV		pending		
@rhythmandbible		pending		
@RhythmDistrict-s8g		pending		
@rhythmicnotes77		pending		
@rhythmicriff-ai		pending		
@rhythmmusicstudios		pending		
@rhythmoffactory	UC_SAqSTqFCc3nL1no9g5p1w	ok		Rhythm of Factory
@RhythmRebels-x9i		pending		
@RhythmRoulette-m8k		pending		
@riadnoir		pending		
@Riatales1		pending		
@riazjampuri		pending		
@RibibiMind		pending		
@Rica9000		pending		
@ricardoproduction01		pending		
@ricefinger		pending		
@Richard-Faymem-Motivation2		pending		
@Richard-HistoriasEmocionantes		pending		
@richardchingy		pending		
@RichardDavis-d4e		pending		
@richardhalloway		pending		
@richardhallowaycryptids		pending		
@RichardLawson-z1r		pending		
@richardphysicss		pending		
@RichardWykoffTradingMethods		pending		
@RichardYuBusiness		pending		
@RichBeatsAI		pending		
@RichDuckInvests		pending		
@RichFactoryStories		pending		
@RichFutureIndia		pending		
@RichHabitsss		pending		
@RichHearts-x3u		pending		
@RichKit7		pending		
@RichMindMelody		pending		
@RichSecretsLive		pending		
@Rick88888888		pending		
@rickcozycorner		pending		
@RickMoore95		pending		
@Ricky_Oscar		pending		
@RickytheRackoon		pending		
@ricoraccoon-1	UCMdJoDXdoMNJt3Fe5QGNdxg	ok		cat story
@RidamLabels		pending		
@RiddimReborn		pending		
@RiddimVault_1		pending		
@RideflowReviews		pending		
@RIDETOSKY-h9l		pending		
@RidiculousComplaints		pending		
@RIFEL-tv		pending		
@RifleReady		pending		
@RiftFiles-j2k		pending		
@RiftMusix		pending		
@RiftTunes		pending		
@Rigden2289		pending		
@Rijketoekomst		pending		
@RileyREDDIT	UCw1Sxw-z7hyjpA7DMwKuiGA	ok		Riley REDDIT
@Rileystoriesee		pending		
@RinasRomance2		pending		
@rincyjiju6881		pending		
@Ring-cam-ai1		pending		
@ring_vision		pending		
@ringandgiggle		pending		
@ringcam2		pending		
@RingcamAI-i5l		pending		
@ringcamerafootage1808dhruv		pending		
@Ringcamerai		pending		
@ringcameravids-x2k		pending		
@RingdoorbellAI-m9r		pending		
@ringdoorbellfootage0		pending		
@RingDoorbellMoments-o7f		pending		
@RingDoorbellShenanigans		pending		
@Ringdoorbellvideos1		pending		
@ringdoorbellzoo		pending		
@Ringdorbellai		pending		
@RingNightmaress		pending		
@RingVisionAI		pending		
@rio_5uai0	UC8oZJXb5dDwrvanlSoOutsA	ok		rio_5uai
@RioMarksFinance		pending		
@riomovie1130	UC16113nuJLXS7Pg3fFXuJMw	ok		Rio movie
@RioTubeAze		pending		
@RIP_Omar9		pending		
@RipienoSpace		pending		
@RiriAfroWave		pending		
@RiRiEd-i8r		pending		
@RisaafASMR461		pending		
@RisasenCortoOficial		pending		
@RiseAfterBetrayal		pending		
@RiseewithMind		pending		
@RiseHigherForJesus		pending		
@RiseKingStudio		pending		
@RiseMotivationDC		pending		
@risenking4494		pending		
@RisenScarab		pending		
@riseofconquerors		pending		
@RiseoftheChosen777		pending		
@RiseWaveStudio		pending		
@RiseWithGrace-e8x		pending		
@rishabhsandhu4102		pending		
@RishiRoy-k3l		pending		
@RisingFromAshesTrailers		pending		
@risolandiakk		pending		
@riteshshorts-001	UCd9RG_Chr9y5D8TitdxnyMw	ok		VIRAL AI VIDEO
@RitheshSreenivasan		pending		
@RitosdeConciencia		pending		
@RITT-d1h		pending		
@RittHeppding		pending		
@RittikaFunnyworld		pending		
@ritual_archive		pending		
@RITUALSDEEPHOUSE		pending		
@ritussomnus		pending		
@rivariya		pending		
@RivieraAmoreFM		pending		
@RivieraRecordsIT		pending		
@RivieraVintageMusic		pending		
@RivieraVinyl		pending		
@RixioUWU		pending		
@RizalHilman		pending		
@Rizz-Me-Up-lol		pending		
@rizzler.clipz.67		pending		
@rj44funtime	UC2coYVwVCMYLH57qsdjlRRQ	ok		funny cat
@RJsgarage-h7k		pending		
@RKAScope		pending		
@RMaddowDailyLiveNews		pending		
@RMF-1B		pending		
@rn-restoration_1		pending		
@RNJunior-c8z		pending		
@RNT_Producoes		pending		
@road.heritage		pending		
@roadcamfiles		pending		
@roadlawinsider		pending		
@ROADLINEAUTO		pending		
@RoadMotorcycleDiaries	UCoCnqjNAVYBYEm42h-NNmww	ok		Road Motorcycle Diaries
@ROADreams		pending		
@roadreportcars		pending		
@RoamingRamble		pending		
@RoamingReveries2026		pending		
@Roarofgrace		pending		
@roastingpodcast		pending		
@robail_7		pending		
@robbig4134		pending		
@robbinsremix		pending		
@robelin-w4u2d	UCbJUWqXz4JZgCGBoGx-zjdg	ok		Robelin
@RobertAIArt-c6f		pending		
@RobertExplains-x1t		pending		
@roberthaleoldways		pending		
@Robertshistory74		pending		
@RobinHasan-f4o		pending		
@robinhoning3651		pending		
@RobinhoodInvestor001		pending		
@Robinmation07		pending		
@robinracolforiginal		pending		
@RobletoJosef		pending		
@roblop_experience		pending		
@robloxrottedbrain		pending		
@Robo-Jokes		pending		
@roboblues		pending		
@ROBOMETALofficial		pending		
@Robot_Jams		pending		
@Robotechmacrossstories		pending		
@roboticsvers	UCXkZuTMiFa643wIuidta6Ug	ok		robotics vers
@roboverse987		pending		
@Robtech2045		pending		
@rocco.m4a		pending		
@rock-and-power		pending		
@ROCK.IN.AI.J		pending		
@Rock_Neverdie		pending		
@RockandMetals9		pending		
@rockandsoulofficial		pending		
@rockattackofficial		pending		
@RockByte-x3t		pending		
@RockClimber-c3i		pending		
@rockdaduniverese		pending		
@rockid-r5b		pending		
@RockMemoriesVintage	UCtVUGUso595WMsFDmt0n84g	ok		Rock Memories
@RockNRewind		pending		
@rocknroar07		pending		
@RocknTwistEuphoria		pending		
@RockOfAgesWorship		pending		
@RockOrigins.x		pending		
@rockpapersong		pending		
@RockStation80s		pending		
@RockverseAI		pending		
@rockworship94		pending		
@rodolfocalixto1994		pending		
@rodszymusic		pending		
@RodzicielskieInspiracjePL		pending		
@rodzinnyrewanz		pending		
@RodzinnyRewanż		pending		
@rogerguerra1883		pending		
@rogerroger5555		pending		
@Rogers_Stories		pending		
@RogersGoldSilver		pending		
@RogersPreciousMetalsInsights		pending		
@RogueCellPictures		pending		
@RogueHeartLegends		pending		
@RohitAiStories18		pending		
@rohosshomoi0		pending		
@ROISAI21	UCVfrGT9r6ZSMNlnFPNqd8Sg	ok		ROISAI_Ai
@rolaaivideo	UCjVyzMS-IFkL00BJmGSe4YA	ok		Rola ai shorts
@RolexMovies2		pending		
@RollinSoundRelax		pending		
@rolovstheworld	UCEU0JtafzHmQjOSBNESKhDA	ok		Rolo VS The World
@romadianacats	UCXfuKKFv0fzDkanGgnogtSA	ok		Cute cat
@Romance-Bytes		pending		
@Romance-k7m		pending		
@ROMANCEHUB-o7w		pending		
@RomanceMagic		pending		
@romancydelocyrecap		pending		
@Romanos_en_apuros		pending		
@RomantasySleep		pending		
@RomanticPrints		pending		
@RomArtemius		pending		
@romaticpianomusic249		pending		
@RomeoEpicAnimeMusic		pending		
@Romeomaroon		pending		
@Romesecrets		pending		
@RomiFairytales		pending		
@RonaldBrod		pending		
@RonansRomanceTales		pending		
@rondonfusebox		pending		
@ronicmusic-uk09		pending		
@ronitaaicreator_21		pending		
@RonitPodcast01		pending		
@ronrogers		pending		
@ronrose7727		pending		
@RonsleyVaz		pending		
@roof_top_beats		pending		
@room-waves		pending		
@RoomieReports		pending		
@Rooples		pending		
@RootandFire		pending		
@ROOTARA_AI		pending		
@rootcausedocumentary		pending		
@RootedandBroken		pending		
@RootedGrace99		pending		
@rootedinshona		pending		
@Rootedlessons		pending		
@RootExplains7		pending		
@rootfiretales		pending		
@RootsofFaith-SK		pending		
@RootsofNaija		pending		
@RootsofSurvival.1		pending		
@RootsOfWisdom-z8t		pending		
@RootsRevivalMusic-j7m		pending		
@RootsRhymes-w6r		pending		
@RootstersWorld		pending		
@rootsvibes-g8s		pending		
@RootWorld-999		pending		
@RoRoo321		pending		
@RosadeGranada		pending		
@rosangarden		pending		
@RosebudDrama		pending		
@RoseMaryTales-g7z		pending		
@RosendoProhaska	UC7H8EWfr3GwqZa5cvqpgsJQ	ok		Rosendo Prohaska
@RosesRomanceLibrary		pending		
@roshinvestYT		pending		
@RoshPix		pending		
@RoshuAImusic		pending		
@RosieStorytelling		pending		
@Rosii_0128		pending		
@rosreyez		pending		
@rosyledua		pending		
@RotHub_7		pending		
@roti.sounds		pending		
@ROTTENAGES		pending		
@rounduppp		pending		
@RoutinexLab		pending		
@rovansigurd		pending		
@Rovix-w4z		pending		
@Rowanblackmusic		pending		
@rowanunderwood		pending		
@rowdybunchseashanties		pending		
@Rowfishgo		pending		
@Rowmaxo		pending		
@RoxanaReeves-l3v		pending		
@roxysalpharomance		pending		
@roy_cassette		pending		
@Royal.Unfiltered		pending		
@ROYAL_EXECUTIONERS		pending		
@RoyalAI		pending		
@royalchampion7	UC8aCiEL7fS7jVRN1HHC0Gsw	ok		Royal Champion
@RoyalEmpireStories		pending		
@RoyalFrontierr		pending		
@RoyalHush-i9s		pending		
@Royalmelody20		pending		
@royalpetranker	UCPetFXXKQxPQuWvhhb9Qm_g	ok		Royal Ranker
@royalscandalfiles		pending		
@royaltales8998		pending		
@RoyalUnveiled1		pending		
@RoyalVowTales		pending		
@RoyalWhispersStories		pending		
@Royce-j9o		pending		
@rozwiazaniaprzetrwania		pending		
@rozwiązaniaprzetrwania		pending		
@Rozzzaicreativity		pending		
@rp2.0tales		pending		
@rpgtracks		pending		
@RPMGarage-r6v		pending		
@RPMRoyals		pending		
@rqm303		pending		
@rRevengeStorie		pending		
@RSMusicZvanicna		pending		
@RSStoryWorld12		pending		
@RTOAiAcademy		pending		
@RtxFutureFrameAI		pending		
@RuangCeritaKita-y6b		pending		
@RubyAiArt		pending		
@rubyrainewood		pending		
@RubySinclairofficial		pending		
@RubysManhwa		pending		
@RubyStory-v5u		pending		
@ruchinofficial	UC5b8DaCG1SadDAvtFt1wlmw	ok		Ruchin_official
@rudolph-y4m	UCG7PN2EGj0aL9BdD_-sqfyg	ok		rudolph
@RUDRANSHRAJ-r2s		pending		
@rugwemedia		pending		
@Ruin1888		pending		
@RuinCraftLuxury		pending		
@rukhsarzulfiqar-r3t	UCIqpXOBCc57oYc8Iz2-uMFA	ok		Ai storyvarse
@Ruleofthedead-ZombieWorld		pending		
@RulersoftheEmpires		pending		
@RumanViralLabs		pending		
@RumasAnimationVedio1	UCrYBgvJcw1jYK7S9vPQVeFg	ok		Rumas Animation Vedio1
@RumbaGuitarSpirit16		pending		
@rumibembem		pending		
@rumidemonslayer-e4h		pending		
@RumiHunterFX		pending		
@RumiHunters-v6c		pending		
@RumiHunterStorie		pending		
@RumiHuntrix-03		pending		
@RUMIQUEEN-999		pending		
@rumirescuesquad		pending		
@Rumiuwu-y9o		pending		
@RumiVingrt		pending		
@RumourJuice		pending		
@run_with_ai	UCMFWl1ot-KjgOypFt557JIQ	ok		run_with_ai
@runbaremetal		pending		
@RunelightShortFilms		pending		
@RuneMaidens		pending		
@RunesBlades		pending		
@RunesOfSilence		pending		
@RunexisAI		pending		
@RuntimeRadio		pending		
@runvyr		pending		
@runwaybliss	UC_eSwlNhXqjWlzPWyMzY7rA	ok		Runway Bliss
@RunwayML		pending		
@RUNYIAWARA-d7l		pending		
@rupeshlabel		pending		
@RuralAmericanSurvivalWisdom		pending		
@RuralHeartTales		pending		
@rurallawstories214		pending		
@ruraltalesbybormon		pending		
@RushFactorMedia		pending		
@RushMiniDrama		pending		
@RustBluesRadio		pending		
@RusticBluesVibes		pending		
@RusticPoemRecords		pending		
@RusticRoadCountry		pending		
@rusttorevival-o7j		pending		
@Rustung25		pending		
@RustwoodAcoustic		pending		
@Rustyscountryfolkandblues		pending		
@Ruta-Narrada		pending		
@ruthchristieyt		pending		
@RUTHLESSREVENGE-e4c		pending		
@RuvenHigo		pending		
@ryan.codes1		pending		
@ryanbrooksai		pending		
@RyanCollinsAI		pending		
@RyanMusicStudioyt		pending		
@RyansCorporateStories		pending		
@Ryanstorycorner		pending		
@ryh6834		pending		
@RykerDean445		pending		
@ryszardkowalczyk0		pending		
@ryukage99		pending		
@RyVerseStudio		pending		
@Ryvokan		pending		
@RZNAuto		pending		
@Rúnvyr		pending		
@S-CatStory		pending		
@S-EUROBEAT		pending		
@s.o.u.l.s.o.u.n.d.s		pending		
@S.V.M.PRODUCTION-r7r		pending		
@S0LACESOUND2		pending		
@S12AI		pending		
@S_A_F_Production		pending		
@SaasBahuChannel1		pending		
@sabdoesai		pending		
@sabiduriadejung		pending		
@SabiduriadelAbueloTV		pending		
@SabiduriaEstoicaOficiial		pending		
@SabiduriaInterior20		pending		
@SabiduriaJudiaAncestral-m3b		pending		
@sabiduriajudiaeterna		pending		
@sabiduriaorientaltaoismo		pending		
@SabiduríadeJung		pending		
@SabiduríaJudíaEterna		pending		
@SabiduríaorientalTaoísmo		pending		
@SabiosJudios		pending		
@sablal1212		pending		
@SableThroneUS		pending		
@SabreSquad1		pending		
@SabrinaAsif-q1x		pending		
@sabzinagritales		pending		
@SabziStoryTv-r1v		pending		
@sabzistoryworldofficial101		pending		
@sabziyokidunya5		pending		
@sacatufuegointerior		pending		
@SachiAIArt		pending		
@SACHIN.Y72119		pending		
@SachsGlobalAnalysis	UCjkyAwauWwvpdZi5wVPjf-g	ok		Sachs Global Analysis
@sacramana		pending		
@SacredAramaic		pending		
@sacredathos		pending		
@SacredMystery-z8e		pending		
@sacredpulsemusic		pending		
@SacredScrolls-e8j		pending		
@SacredStill-pcn		pending		
@SacredSummaries7		pending		
@SacredWhisperr		pending		
@SadafFarhan-z6x		pending		
@sadaicatstories	UC-3xjSjYtOPBGWxRerF3SBg	ok		Sad AI Cat Stories
@sadboy-h4b4i		pending		
@sadcatstoryai	UCo21DK81g8RRvpEZEvwKn0Q	ok		Sad Cat Story Ai
@SadHistorySleepy		pending		
@SADHULotusCircuit		pending		
@Sadie-Winters-ai		pending		
@SadInstrumentVibes		pending		
@SadiqCargo		pending		
@sadoart2026		pending		
@SadSphere		pending		
@saebyeokseorap_audio		pending		
@SafariStoryNetwork		pending		
@SafaulStoryVerse		pending		
@SafeHarborStudio		pending		
@safeplaceinhere		pending		
@safetyOff100		pending		
@SafetySenior1		pending		
@safyanprince4182	UCpL5gFj7Nt7217gLNlOiU4w	ok		Safyan Prince
@SagaDrama-01		pending		
@SagaForge-j4b		pending		
@SagaLensFilms		pending		
@SagaLoreAI		pending		
@SagamaCH		pending		
@SagarSingh-q7e2m		pending		
@sagas-series		pending		
@sagaweavers		pending		
@sagebrush-vows		pending		
@sagee-v3tm		pending		
@sagestories-h9n		pending		
@SAGEstories3	UCLsYT9vbZoe7MGqUDr_HOBg	ok		SAGE Stories
@Sahani_Cinematic07		pending		
@saharaecho-o1q		pending		
@SaharaEchoMusic		pending		
@saharareggae		pending		
@sahilcreation_ai		pending		
@Sahuritos		pending		
@saicartoon-v7w	UCtF0ACAGtT0mk9n3iPUxUfA	ok		S Ai&cartoon vfx
@SAICINEMAUNIVERSE		pending		
@SaidoxAI		pending		
@saifulaistudio-p4i	UCcGoKNrE0WEneoNlnycfyFg	ok		Saiful Ai Studio
@SaikouNoSaigo		pending		
@Sail-Escape		pending		
@SailSecrets		pending		
@saintstudioaifilms		pending		
@SAIPhonic		pending		
@SairaMoraVEVO		pending		
@saisfyingaishorts		pending		
@sAISMRofficial		pending		
@saitoraflow		pending		
@SAiVlogs-e8m		pending		
@SAJAPHASEBOYZ		pending		
@SajidAliYTWala		pending		
@SajidulHasan-s4v		pending		
@sakamotofilms		pending		
@sakoondill-x4m		pending		
@SakshamYadav-c9f		pending		
@sakura.nanajo		pending		
@sakurabeats.1980		pending		
@SakuraChillzz		pending		
@SAKURACinematicViolin1607		pending		
@SAKURARONIN44		pending		
@Sal_Aurek		pending		
@salaarhussain1177		pending		
@SalemCursed		pending		
@Salloia		pending		
@SalmoraAI		pending		
@saltbreezecafelofi		pending		
@saltercreekcreative		pending		
@SaludconDatos1		pending		
@SaludconelDr.Javier		pending		
@SaludenPractica		pending		
@saludfacil-d7v		pending		
@SaludMasculina50Plus		pending		
@SaludMilagrosa		pending		
@SalvatoreSalBenedetto		pending		
@SalWhitakerCars		pending		
@sam_candler		pending		
@SamCassim-f9w	UCgHDnxXPjSuoMeWUPtx4ngg	ok		Sam 4chan
@SameerAITools		pending		
@SameSound-2026		pending		
@SamEverywhereWorld		pending		
@samhallsinformation		pending		
@SaminYasar_		pending		
@SamiqExplains		pending		
@samitaskn3889		pending		
@sammakesitreal		pending		
@Samoawave94		pending		
@SamodzielnyInwestor		pending		
@sampoint		pending		
@samrayreoung-kakada		pending		
@samrosstheboss		pending		
@samrudhsanatan8884		pending		
@SamsDiaries-AK		pending		
@SamsDragonStories		pending		
@SamsFoodFactory		pending		
@samuella.jessicca		pending		
@Samurai_Resolve_Sounds		pending		
@SamuraiCalmBGM		pending		
@SamuraiGirl-official		pending		
@SamuraiRelax-TraditionalJapane		pending		
@samuraispiritmusic		pending		
@samvelhov528		pending		
@Sam透视镜		pending		
@SanaAITales		pending		
@SanatanCinematicUnivers		pending		
@SanatanCinematicUniverse0		pending		
@SanatanUniverse-g3n		pending		
@sanchezwyjasnia		pending		
@SanchezWyjaśnia		pending		
@sanctumjazzroom		pending		
@sandman1115		pending		
@SandraAfricanTalesandFolks		pending		
@sandraserratiresearch		pending		
@SandyCinematicUniverse		pending		
@sandyleeai		pending		
@sandymayasartwork	UCFiAdn33J055ct76dM-bg9w	ok		Sandy Maya's Artwork Journey
@SaneMadness-s2k		pending		
@Sanesh_ai		pending		
@SangAuto		pending		
@sangiaistudio		pending		
@SangitaSadh-m9g		pending		
@SanguiniusSoundscapes		pending		
@sanidahiya-h3s	UCX-_Kg8BPUgQfkOHUP4U8zA	ok		kids_ cartoon
@SaniyasTinyKitchen		pending		
@Sanjo-m9q		pending		
@Sankofa_Studios		pending		
@SankofaTales		pending		
@sankofawinds		pending		
@sankyverse		pending		
@sanneistories		pending		
@santaliaivideo-2002		pending		
@SantanaSilentstories		pending		
@SanthalPargna-c6c		pending		
@Santos_storyverse		pending		
@santotercohoje68		pending		
@Sapakaribe67		pending		
@sapanvermayt		pending		
@SapiensAplicada		pending		
@sapnaaimusic2.0		pending		
@saqibshahbuilds		pending		
@saqibshahdev		pending		
@saqlainstechworld2		pending		
@SarahBoxStories	UCnLwjgBxl653m6TFS2jP3dw	ok		Smart Build Lab
@sarahexplore_s		pending		
@SarahFranklin-h9n5x		pending		
@SarahOsagieStudios		pending		
@SarahsLifeTales		pending		
@Saransh-AI		pending		
@SargesStories	UCbuuhSxB0YRHgV6gYriXx-w	ok		Sarge’s Stories
@sarvatrahindutva		pending		
@Sasha-AI-hub		pending		
@sashaclinton2820		pending		
@sashblaulicht		pending		
@sassy_.62		pending		
@SassyRevenge.uss22		pending		
@sasvisuals		pending		
@sat15fact10n		pending		
@satif.ai_asmr	UCzDRFCWAqhpp8RJ3x7I1Vqg	ok		satisfying AI ASMR
@SatiFyAI-ASMR		pending		
@satisf-ai_asmr-jp	UCFzoodRotm6iGvrQZBl4FLQ	ok		satisf-AI ASMR
@satisf-o2z		pending		
@Satisfai_aiasmr	UCS33wIoDKjSdLp71s43mLiQ	ok		SatisfAI
@Satisfamine		pending		
@satisfied.asmr.videos	UC0wMQLTvEHpgcwMIjvDnTyw	ok		Satisfied ASMR Videos
@Satisfyai_asmr		pending		
@SatisfyCentralytb		pending		
@satisfyengineer-1985		pending		
@satisfyforge-1		pending		
@satisfyingaiasmr-f1h	UCFqEPqmJsnwWa8lYY3c_DRw	ok		Satisfying Ai Asmr
@satisfyingasmr-ai0.6g	UCsoxtN3nEw9y3GX9dgLhU6Q	ok		ASMR AI 0.6G
@satisfyingasmraivideos	UCrDuU4412GCpKBoAHnMVePQ	ok		Satisfying ASMR AI videos
@satisfyingasmraivideos1	UCLzRE2PSVqiFiCFlNsj3efg	ok		Satisfying ASMR AI Videos
@SatisfyingAsmrAS		pending		
@satisfyingcleanvs		pending		
@satisfyingfactoryasmr	UCS321IRJ4yVbPnv2D2k43PQ	ok		Satisfying Factory ASMR
@satisfyingfactoryprocess	UCDXk2n_qmdnb6-0Yjkdo0BA	ok		Satisfying Factory Process
@SatisfyingJapan		pending		
@SatisfyingLawnSL		pending		
@Satisfyingvideo-0002		pending		
@SatisfyraASMR		pending		
@SatisFyX19		pending		
@satish-d5d1b	UCAJR3u38sYA-90cnNDpFvTQ	ok		SK AI DOCT
@SatisVid	UCtaQTyyQJeCWu3GmrkcXRtQ	ok		SatisVid
@satoshirebel		pending		
@satyabhaichannel7294		pending		
@SatyabhamaPanda-s3f		pending		
@satyamchoudharry		pending		
@SatyamTechInsights		pending		
@SaudadeArcade		pending		
@SaulNLab		pending		
@saurabhonwheelsindia		pending		
@sauravkreations	UComrC9ekIzQUl67DQfyT89A	ok		Saurav Kreations
@sauravsingh3838	UCCRhhtHttLARJsH5wMsAoQQ	ok		AI STORY MAKER
@SauravThakur-p7q		pending		
@sauvo9136	UC7U-wRfzMg2kW0QBjtxtEAA	ok		Cute Ginger cat
@savagefriends-p1n		pending		
@SavannaBeatsMusic		pending		
@SavannaBeatsPulse		pending		
@SavannaPulse78		pending		
@SavannaStoriesHub		pending		
@saveanimalslover	UCf5rsI4yLQBZ-KTJgkLGosQ	ok		Save Animals
@savebabyai	UCmJAZ0KG7Uy_o9wjiAGO-yg	ok		Save Baby Ai
@savedata.mp3		pending		
@savedbyhislove1		pending		
@savethebaby-p4u	UCBLia2TDUsQR_MjDZCyXe_g	ok		Save the baby
@savethebabynow	UCEyI9WFf8AvflsijBnXD4hg	ok		Save The Baby
@SaveTheWild-f4z		pending		
@SaviproductionsAI		pending		
@savoirscaches94		pending		
@SavoirsCachés94		pending		
@savoreaworldkitchen		pending		
@SaxophoneBarMusic68		pending		
@SayaTiu		pending		
@Sayren_012		pending		
@sbbssbbs-v5l2j	UC-oXfAEevVtOCN6XQ-0HDvw	ok		ai cat videos
@SBStyleViral_1M	UCUZ1Q4uiUrbpsJy1R6_eTeA	ok		SB Style Viral
@SC-iFiFutureWar-x6w		pending		
@scafk		pending		
@ScaleHub-i5z		pending		
@ScaleWithStories		pending		
@ScandalousHearts-t9m		pending		
@scapekitchen		pending		
@scaredketchup		pending		
@Scaregasms		pending		
@scarletfandomsongs		pending		
@ScarletHearts-f1y		pending		
@ScarletRomanceDiary		pending		
@ScarsBetweenUs		pending		
@ScaryPodcast24		pending		
@scene-explainer		pending		
@SCENE-lofichillrelaxmusic-		pending		
@Scene_Epic		pending		
@SceneAIShorts		pending		
@SceneLook-m1l		pending		
@SceneOfTime		pending		
@SceneShotsmini		pending		
@ScenesWedLoveToSeeAgain		pending		
@SceneVisionLab		pending		
@SceneZero-g4m		pending		
@ScenyHistorii		pending		
@SchattenderMafia-i1u		pending		
@Schattenlegenden-t6o		pending		
@ScheduledAiChaos		pending		
@Schlachtanalyse		pending		
@schlantologie		pending		
@SchlummerPhysik		pending		
@Schmre	UCDyEc3Lr8Tkm7KuxUqn4yKA	ok		Schmerzreich
@Scholarslore		pending		
@ScholaTales-01		pending		
@SchoolofTales764		pending		
@SchroederLucysInspiration		pending		
@schwwaaa		pending		
@Sci-fi-child		pending		
@Sci-Fi-Guy-Explains		pending		
@sci-fi-movies-clips		pending		
@Sci-FiHFYStories-d7v		pending		
@Sci-FiLines		pending		
@Sci-FiOrbitWars		pending		
@Sci-FiPulse		pending		
@Sci-FiStory-k9z	UCL-yszU0OhoMll9CK6k4-Hw	ok		Sci-Fi Story Today
@Sci-FiStoryToday-y6h		pending		
@Sci-FiTraveler		pending		
@Sci-FiVault		pending		
@Sci-FiZoneX		pending		
@sci_ficton4		pending		
@SciCuriousID		pending		
@ScienceBeforeSleep		pending		
@ScienceFictionUPR		pending		
@ScienceIsAlive		pending		
@ScienceScopeChannel		pending		
@ScienceSun-b4r		pending		
@ScienceTalesBanana		pending		
@SciencetoSleep13.8		pending		
@scienceunlocked-y4d		pending		
@sciezka_wewnetrzna		pending		
@sciezkiPrzepowiedni7678		pending		
@SciFactsInfo		pending		
@scifi.diaries		pending		
@SciFi_Verse		pending		
@SciFiAdventureX		pending		
@scifiaudiostory		pending		
@ScifiEscapes		pending		
@Scifiexperience		pending		
@ScifiExplorers1		pending		
@SciFiGalaxy-h9n		pending		
@SciFiGraveyard		pending		
@scifihfychronicles		pending		
@SciFiHFYLegends		pending		
@scifihfystories-t3h		pending		
@SCIFIpribehy		pending		
@SciFiRealm1		pending		
@SciFiRealmExtra		pending		
@SciFiSignal360		pending		
@scifispace34	UCQE53CsXah9lDXgC90ZqP4A	ok		Sci Fi Space
@scifistories1977		pending		
@SciFiStories22		pending		
@Scifiuniverse1		pending		
@SciTech-Explained		pending		
@SciTechkingdom		pending		
@Scoper_360		pending		
@ScopeRemix		pending		
@ScopeReport-b1q		pending		
@ScoralStories		pending		
@scordalus-studio		pending		
@SCORELYORCHESTRA		pending		
@ScottleyAi73		pending		
@ScottMatthewsFacts		pending		
@ScottRitterFiles		pending		
@ScottRitterUpdates		pending		
@ScoutPaw		pending		
@SCPUnlocked		pending		
@Scrappy-VibesFM		pending		
@ScreenAI		pending		
@screenrest		pending		
@ScreenSecretsexplore		pending		
@Screenstoryxplain		pending		
@screentimewithazhar		pending		
@scribbleevidence		pending		
@Scribblyt		pending		
@Scribe.40k		pending		
@SCRIPTURE_DECODEDz		pending		
@scripture_everyday365		pending		
@ScriptureBeyondKnowledge		pending		
@ScriptureChronicles-d5o		pending		
@ScriptureCodeofficial		pending		
@ScriptureInHistory		pending		
@ScriptureOriginsENG		pending		
@scriptureplaylist		pending		
@Scroll-Fried		pending		
@scrollcatlover-e1o	UCprB2u_0tIYT5rg9pnT8b8A	ok		Scroll Cat Lover
@ScrollixAI		pending		
@SculptedPeace		pending		
@ScurvyDogsYT		pending		
@sd-love-stories-2		pending		
@SDarkwaveBloom		pending		
@SDFilmTrailers		pending		
@sdkmedia-f9b		pending		
@SeaBreezeWildlife		pending		
@SeagalStories	UCIUeJKVudQ9WqPrebRtw2cw	ok		Seagal Stories
@SeaGrace1		pending		
@SeaGreenAIMusic		pending		
@SEALCourageTales		pending		
@SEALDogFury		pending		
@SEALDogLegends		pending		
@SealedConfessions-h8r		pending		
@SealHavenStories		pending		
@SEALMarineWarVault		pending		
@SEALShepherds-l5t	UCO7jfDl6XdnzErrxMN8ufbg	ok		SEAL Shepherds
@SEALTheShepherdk9		pending		
@SealVeterans-o1v		pending		
@SealVeteransChronicle		pending		
@SEALWarriors-v6h		pending		
@SeamlessSystem		pending		
@Sean_Ta1k		pending		
@seandaniel23		pending		
@seanmagnee		pending		
@SeasonalEscapeAmbience		pending		
@SeasonedVengeance		pending		
@sebjefferies		pending		
@SecCometHFY		pending		
@Seckatales15v		pending		
@SecondBrainChannel		pending		
@SecondChanceTales01		pending		
@SecondKoreanStories.2k		pending		
@secondstage-n7n		pending		
@SecondTruth-f2x		pending		
@secret_ledgers		pending		
@secret_lokii		pending		
@secretai3	UClCMcpAIQkEA-TtC6v9giaw	ok		Secret Ai
@secretbobina		pending		
@SecretCoolingSystems		pending		
@SecretDiary1-u2u		pending		
@SecretFiles-y5t		pending		
@SecretFrequencyVibes		pending		
@SecretHistoryAi		pending		
@SecretHomestead		pending		
@SecretInspirationalLetters	UC8I1sf86oaeKTAJjnAlySSw	ok		Secret Inspirational Letters
@SecretKnowledge99		pending		
@SecretLifeChronicles		pending		
@secretlifehacks-n5v		pending		
@SecretList-q3q		pending		
@SecretLoveStoriesromance		pending		
@SecretMafiaLove		pending		
@secretmoly	UCuvhbmffMmID_etSIrWtyiA	ok		Secret Moly
@SecretOfTheZodiac		pending		
@secretojudio7		pending		
@secretoriginsofficial		pending		
@secretosdefabricas		pending		
@SecretosDeFábricas		pending		
@secretosdelariquezadelabiblia		pending		
@secretosdelmafioso		pending		
@SecretosdeSupervivenciaAntigua		pending		
@secretosdivinos.1		pending		
@secretoses		pending		
@Secretosespiriituales		pending		
@SECRETOSJUDIOSMILLONARIOS		pending		
@secretrnbmusic		pending		
@secretromance123		pending		
@Secrets_of_Bible1		pending		
@SecretsdesVillagesdeFrance		pending		
@SecretShelterAlon		pending		
@secretshistory	UCKzQvADf09ERrHhvHmCmBEA	ok		Secrets of North American History
@secretsmileex		pending		
@secretsofmanga		pending		
@SecretsofSilentBadges		pending		
@SecretsOfSimpleThings2323		pending		
@SecretsOfTheGoldenAge8386		pending		
@SecretsoftheKoreanMafia		pending		
@SecretsoftheMessiah		pending		
@SecretsofWorldWarII-e2w		pending		
@SecretsofWWII	UCfSy0280pGU0DjKymMyVi_w	ok		Secrets of WWII
@SecretsofWWII-8	UCkH1nONHuu5y09bl1HgboOw	ok		Secrets of WWII
@SecretsThatChangeLives		pending		
@SecretStoriesByIsa		pending		
@secretstoriesofguys		pending		
@Secretsuccessstories14		pending		
@SecretSymbiosis		pending		
@SecretTales-us		pending		
@SecretValorStories		pending		
@secretwithin-b6m		pending		
@SECTION5120		pending		
@SECTORZEROWWII		pending		
@SecurityCamera-u2w		pending		
@SeductiveBeauty-6888		pending		
@SeeandSum		pending		
@Seed2Magic		pending		
@Seed2Tree-V2		pending		
@SeedClipz		pending		
@SeedShift0		pending		
@SeedtoBloomUs		pending		
@SeedtoTreee		pending		
@seegen_official		pending		
@seekhlo_ai		pending		
@seelenklangofficial		pending		
@Seenbyothers-r1e		pending		
@SEEstes3		pending		
@SeeUinHistory		pending		
@Sefton-AI		pending		
@Segmind_ai		pending		
@seguramente.zurich		pending		
@SeishunRooftop		pending		
@SEKHER-z2q		pending		
@SekretIstnienia		pending		
@sekretydawnychepok		pending		
@sekretykrolestwaniebieskiego		pending		
@SekretyKrólestwaNiebieskiego		pending		
@SekretyMajstra		pending		
@SekretySzpitala1		pending		
@selcukcelebi		pending		
@selectedbeststories		pending		
@selenaxeminem		pending		
@SeleneOff		pending		
@self_improvement-p1		pending		
@SelinaCollins6868		pending		
@SELINAS-OFFICIAL		pending		
@Semi24-w3w		pending		
@SemillasAncestrales2000		pending		
@semir-at		pending		
@Senior-Crown		pending		
@senior-money-watch		pending		
@SeniorBenefitsOwen		pending		
@SeniorBookYT		pending		
@SeniorCareConnection		pending		
@SeniorenRecht-d1q		pending		
@SeniorFoodBlog		pending		
@SeniorGuideYT		pending		
@SeniorHealth_health		pending		
@seniorhealthaffairs		pending		
@seniorhealthdoctoranderson		pending		
@SeniorHealthLife60		pending		
@SeniorHealthTips65		pending		
@SeniorInsight60		pending		
@seniorpointupdate		pending		
@SeniorRemedies		pending		
@seniorrevengestories		pending		
@SeniorsCircleYT		pending		
@SeniorsHub65		pending		
@SeniorsPost		pending		
@SeniorVitalitywithDrMariana		pending		
@seniorwellness60yt		pending		
@SeniorWellnessGuide-f9j		pending		
@senjadoa93		pending		
@Senjasoremusic		pending		
@sensationalsound247		pending		
@SensoryFruitASMR		pending		
@SensoryTextureAI		pending		
@Sentozz01		pending		
@Seoul-1207		pending		
@Seoul_K_POP		pending		
@SeoulAfroStories		pending		
@SEOULBLACKCROWN-w5u		pending		
@SeoulFlowAI		pending		
@SeoulfulMelaninTales		pending		
@SeoulHeartSecrets		pending		
@SeoulkStories1		pending		
@SeoulOfAfrica		pending		
@SeoulVerseAI		pending		
@SepiaFoxJazz		pending		
@sepialounge		pending		
@sepyabandmusic		pending		
@seraphinasromance		pending		
@seraphrealms		pending		
@sercanwitnessinghistory		pending		
@Serenata68		pending		
@SerenataVintageMusic		pending		
@SerendibCinematicUniverse		pending		
@serenediversity		pending		
@SereneDramaStories-u4o	UCbemlxOW_97fcyb1uB_iSpQ	ok		Serene Drama Stories
@SereneLofiDreams		pending		
@SereneSoundscape-2		pending		
@serenethings-1		pending		
@SereneVideoAI	UCvijdyFm0MaUpuayV-OIfyg	ok		Serene Video AI
@serenityaiasmr	UC_E2xKKoEeR-U9dxTxMemMw	ok		SerenityASMR
@SergeiKunc-d1s		pending		
@SeriesFinder360		pending		
@SerieslyYT		pending		
@seriesofthoughts		pending		
@serikioluwaseyi282		pending		
@Serito0102		pending		
@Serrevia		pending		
@sertanejo_por_ia		pending		
@SethJThornton		pending		
@SetyaAIAgent		pending		
@severalstoriess		pending		
@SeveredSoul-44		pending		
@sewaloreaistories		pending		
@seyilikestotalk		pending		
@SFamilyShows		pending		
@Sfi-fiPrincess		pending		
@SFIPSArtAI		pending		
@SGTunesOfficial		pending		
@ShaddyAi09		pending		
@Shade45SXM		pending		
@Shadow_FilesX		pending		
@ShadowAI-WRD		pending		
@ShadowCamping-y3p		pending		
@ShadowCrown-k4o		pending		
@shadoweddesires		pending		
@ShadowedHistory0011		pending		
@Shadowedtalesbylola		pending		
@ShadowHistorians		pending		
@ShadowJusticeTales-f6v		pending		
@ShadowLore-Story		pending		
@shadowmanjaxson		pending		
@ShadowPioneers-j9q		pending		
@shadowpromisestorie		pending		
@shadowproofstories		pending		
@ShadowReign-f4j		pending		
@ShadowRivalsAI		pending		
@ShadowRomanceTales		pending		
@shadows_of_the_frontline		pending		
@ShadowsAndSmiles-AI		pending		
@ShadowSEALArchives		pending		
@ShadowSelfRevealed		pending		
@shadowsofthedungeons		pending		
@shadowsofthek9		pending		
@Shadowsofwar-n1z		pending		
@ShadowsOfWar3		pending		
@Shadowsongs28		pending		
@ShadowStep156		pending		
@ShadowstoStars		pending		
@ShadowsVictorianAge		pending		
@ShadowSymphonymusic		pending		
@ShadowThrone-m5z		pending		
@shadowtracks		pending		
@ShadowVengeance-o5e		pending		
@shadowwwavee		pending		
@shadowyveil		pending		
@ShadowZeroRecap		pending		
@Shafintech		pending		
@ShaghilAli		pending		
@shahidshantho	UCSrMS7VMIljNsPYDGeTbM_w	ok		sanjida,s kitchen and teaching.
@shahnu_shorts		pending		
@shahzadmirza2601		pending		
@ShailuTheVloger		pending		
@shaizycoco		pending		
@shakarali-u9l		pending		
@shake.girl14		pending		
@shakelore-yt		pending		
@shakygroundnews		pending		
@Shalewastories		pending		
@shamaminiworld		pending		
@ShamanBar		pending		
@ShamanicPulse		pending		
@shamanicspiritportal		pending		
@ShambhaviUGC		pending		
@ShamisenCyberFusion		pending		
@shamrocksandshenanigans-n7s		pending		
@ShamrocksBallads		pending		
@ShamStories-d7g		pending		
@ShanhayStudio		pending		
@shankarsharma1838		pending		
@ShannonBream9		pending		
@Shanokhan-b7m		pending		
@shanoosy		pending		
@SharedStoryToday		pending		
@Shark_Beats_333		pending		
@SharpAsRavenClaws		pending		
@sharpempire		pending		
@SharpenM		pending		
@SharpOddity	UCcY9qTVDJsVP56uHTfvXGdw	ok		SharpOddity
@shashiprabhasingh9474		pending		
@ShatteredHealingTales		pending		
@ShatteredVengeance		pending		
@ShatteredVowTales		pending		
@ShatterverseOfficial		pending		
@shauryakamal		pending		
@shavashchannel		pending		
@shawn-cats01	UCvLnJvdm4Wu5WEMKTQWWrKg	ok		The relationship between cats and mice.
@shawunismysavior		pending		
@shaxfinance		pending		
@She_is_the_one-777		pending		
@SheChoseValor	UC89KOf5cb-HdJGIBh4LX1bw	ok		She Chose Valor
@SheChoseWrong-g6f		pending		
@sheebaparveenansari-q5e	UCSiMsM9Keo1hm5lDGmHp3Qg	ok		Saba Ansari food video
@sheela-l4j2w		pending		
@SheerHDPV		pending		
@SheezuTalesAI		pending		
@SheGotEven-l6z		pending		
@sheilaalien		pending		
@SheKnewEverything		pending		
@Sheldonthedramaking		pending		
@shelefftt		pending		
@ShelleDiaryStories-z5b		pending		
@ShelterStories007		pending		
@ShelterVanta		pending		
@Shenanigans_AI		pending		
@ShengshiDrama		pending		
@shenharmony2798		pending		
@ShepawTales		pending		
@SheRevealed		pending		
@SherooRevenge	UCDKFQiZQHlDBAn9IESdrftw	ok		Sheroo Revenge
@sherylsdreamai		pending		
@SherylsDreamVerseAI		pending		
@SHESHELEYANA		pending		
@SHIBAMAISHORT		pending		
@ShibuyaAfterRain1		pending		
@ShibuyaNightsLofi-d6e		pending		
@shidharthamondal2084		pending		
@shieldcart		pending		
@ShieldedMind.official		pending		
@SHIFT85		pending		
@ShiftAIAudio		pending		
@ShiftingSunMoon		pending		
@shiftybrentgroup		pending		
@shiga_96		pending		
@shikkhoniyokahini		pending		
@shilohtya		pending		
@shinayakalofimusic		pending		
@shineai01	UCxTZcsQ5GuNqOFuUQdhFCbw	ok		Ai Kahani Shorts
@ShiningStories-nbt		pending		
@ShiningTalesofLife		pending		
@shintakhai21	UCYPYx7Nkv1GmGk2sMB0WpDg	ok		aimeoww
@ShinySSound		pending		
@Ship-Yard		pending		
@Shipsintheocean		pending		
@Shir-ta1k		pending		
@shiraincy56		pending		
@shirazirashi		pending		
@ShireSagas		pending		
@shirleysorrell5427		pending		
@Shiuli-Aistories		pending		
@Shivamcomedyshorts2025		pending		
@ShivamkaAivideo		pending		
@shivampatelmusic12		pending		
@shivang-j8p		pending		
@Shivangmini		pending		
@ShiversandStories-nc3pw		pending		
@shivi.vlogs-09a	UC45XUrOz7zUf9s197u2AioQ	ok		Shivi.Vloger-09A
@shivkaashiaiuniverse		pending		
@shivsahu6939		pending		
@shizukamelody		pending		
@shkamran	UCIhB_JDS3HP3glsK4qlFsxQ	ok		SHKamran
@shoaibkhan-y5x9l	UCetonL803THUcOK9J26eOBQ	ok		Dil Se Kahani
@ShockingHOARevengeCommunitySca		pending		
@ShockingTrueCrimeSaga		pending		
@Shockwavee92		pending		
@shohei_mlb_info		pending		
@shoheizone		pending		
@SholawatAIStudio		pending		
@shonendynamics		pending		
@ShonenSpiritTV-s9u		pending		
@ShoNotes		pending		
@ShontaCurll		pending		
@ShopiGuide		pending		
@shoppingsuccessmore3336		pending		
@Short0n0f7		pending		
@short_k-x2q	UCIIuHwPneHRpAmKFwyk1Aeg	ok		Short feed
@short_worldai	UCaTfuvSWx0MQ8B5v_fFvosg	ok		short worldai
@ShortDrama-French666		pending		
@ShortDrama_Time		pending		
@shortfilm-entertanment		pending		
@shortfilmtrailers2026ai		pending		
@shortjesusprayers		pending		
@shortkingrj13		pending		
@ShortReelSparks		pending		
@shorts-c3y5n		pending		
@SHORTS-ENTERTAINMENTai		pending		
@shorts-s200	UCtqep-mwbBx6e56D7npZ9Pg	ok		Ai ASMR
@shorts123ai	UC_sS3BbSf7Hwg-ECfKGoBrA	ok		SHORTS )( AI
@shorts21i	UC8sCizXuW_iXIFi8w4orwoA	ok		shorts21
@ShortsAi-r2e		pending		
@ShortsDaily_S		pending		
@shortsgeneratedai	UC8WEer9UGiL22JmkKOvfKlA	ok		Shorts Story Ai
@shortshub-z3c	UCwnVRRktiJlr0v0TgE8AN9Q	ok		Shorts Hub
@Shortsmakerx0o		pending		
@shortsmasti-r8y	UCpfzJKMwPeBqRKfQES5ZaZg	ok		shorts masti
@shortsparksenglish		pending		
@ShortStory-y6e	UCVBkIIRQ8_2PR1O4lBGMF0g	ok		Short Story
@ShortStorysVerse		pending		
@ShortSurreal		pending		
@ShortVibes-No.1		pending		
@Shorty		pending		
@ShortyFyAi-Yt		pending		
@shortylol-07		pending		
@ShortyvidsYT		pending		
@shortzzz002	UCL677xrJ0OFXdLcsSG-rAnQ	ok		Shortzzz
@ShouldBeFilms		pending		
@ShowMakerStudio		pending		
@ShowtimeFolktales		pending		
@showww-f2r		pending		
@ShrabaniNijhawan		pending		
@ShredHub-n8e		pending		
@ShredYard-official		pending		
@ShrekDDT		pending		
@ShrekLOL68		pending		
@shri-krishna-podcast		pending		
@shriandbabu9094		pending		
@ShrikantsAIVision		pending		
@ShrimpPopTheater		pending		
@shriyanshgupta-t3k	UCnhODFArYu3vM1Vk7Q7O9LQ	ok		Shriyansh Gupta
@shruutoons	UCCWVjdpC_klhGU_ZdNGbowA	ok		shruutoons
@shuangjuzhuizong-c4d		pending		
@ShuffleGiggle		pending		
@shulmanator		pending		
@ShunnedataFuneral		pending		
@ShunnedatBirth		pending		
@shutterbugrer		pending		
@SiaMarleyVibes		pending		
@Siatunez-b8c		pending		
@sibir7entity		pending		
@sibuaistory	UCgjmzEBkCeRquM7eVf3ilEA	ok		Sibu Ai Story
@siddhuMagicWorld		pending		
@sidenotesmoney		pending		
@sideralisworks		pending		
@Sidney_Explains_Money		pending		
@SielskaBanda		pending		
@siennavideoss	UCdTn5pzSBkzvsV8VLCaNihw	ok		Sienna
@sierenada		pending		
@SightBin		pending		
@SightofFortitude		pending		
@SigmaMaleDrama		pending		
@sigmamoment14		pending		
@SigmaTech_TV		pending		
@SignalBrust		pending		
@signaldeargent		pending		
@SignsWonders		pending		
@Sigondrong-w8h		pending		
@SilasMercerYT		pending		
@SilasRecap		pending		
@SilenceoftheEarth		pending		
@silencepause		pending		
@silencespeaks-stories		pending		
@SilenceStellaire		pending		
@Silengrow76		pending		
@Silent-Depths-b9j		pending		
@Silent-Legendss		pending		
@silent_africa		pending		
@Silent_Citadel		pending		
@SilentAgesChannel		pending		
@SilentAutumnShowers		pending		
@silentawarenesschannel		pending		
@SilentBadgesStories		pending		
@SilentBladeZen		pending		
@SilentBossStories		pending		
@silentbroadcastlive		pending		
@SilentCenturyYT		pending		
@SilentCollapse2026		pending		
@SilentCrackleASMR		pending		
@SilentDadLore		pending		
@SilentDarkBlues		pending		
@silentfactsreal		pending		
@SilentFame2025		pending		
@silentfamilydrama1	UCJ73JTOKffWqhLkBbzFWzYw	ok		Silent Family Drama
@SilentFamilyStoriesUS		pending		
@SilentHistoryWorld		pending		
@SilentHomeSecrets		pending		
@SilentImperium		pending		
@SilentInheritanceStories		pending		
@SilentJusticeStories-h4v		pending		
@SilentLedger1	UCNwlAgcTtpPiPbY582Z_yGw	ok		Crimson Chronicles
@SilentLedgerHQ		pending		
@SilentLoveWorks		pending		
@silentmeows-o1r	UCQqzHIbBKOKyFV1SQJmmQ6g	ok		Silent Meows
@SilentMind-t8w		pending		
@SilentMonastery-g7c		pending		
@Silentnotionss	UCjyF56OrX5KYmGQ4NLJJrNw	ok		Silentnotions
@SilentofStories		pending		
@silentpalaces1	UCxlUBU1Qs13Xg6krUfZLAQA	ok	@martaplaywheels	Marta Play Wheels
@SilentPantheon		pending		
@SilentPayback11		pending		
@SilentPresence1		pending		
@SilentProductionFlow		pending		
@silentrestoration-00	UCJIDdE3xReA618b2zXRsZCQ	ok		Silent Restoration 🔇🛠️
@SilentRevenge-o6k		pending		
@silentrevenge15		pending		
@SILENTREVENGESTORIES68		pending		
@SilentRiseforJustice	UCngK00oqhFNxdOI45K40zWg	ok		Silent Rise for Justice
@silentroommusic01		pending		
@silentsanctuary-p4q	UCjf1bWojGOtPKvsBapm6X6Q	ok		Silent Sanctuary
@SilentSEAL-a1		pending		
@silentspeaksstories		pending		
@SilentStories-c4y	UCXGDHIPhPSeg6e04Lz-qjKw	ok		Silent Stories
@SilentStory-y7m		pending		
@SilentStrings-i7h		pending		
@SilentSweetRevengeUS		pending		
@SilentTearsStoriesUS		pending		
@SilentThunderRiders		pending		
@SilentTruthHFY		pending		
@SilentTruths-d4q		pending		
@silenttruths1-y7s		pending		
@SilentValorArchive-w5h		pending		
@SilentVerdict-h1l		pending		
@SilentWonderpeak		pending		
@sileoworld		pending		
@SiliconDreamsASMR		pending		
@SiliconMinds-789		pending		
@Siliconsatire		pending		
@SiliconSoulBallads		pending		
@SiliconSoulLab		pending		
@SiliconStories-j5t		pending		
@Siliconsymphony_ch		pending		
@SiliconUnmasked		pending		
@SiliconWhispersC		pending		
@silinex		pending		
@Silkanstvengeance		pending		
@Silkenvengeance		pending		
@SilkRoadDiaries25		pending		
@SilkSilhouetteStories		pending		
@sillyaeye		pending		
@sillyanimals2	UC40Blk4FjaV6CQ0qq9OWyrg	ok		Silly Animals
@sillyme6906		pending		
@SILVAVERSE-Ai		pending		
@Silver-EchoStudios		pending		
@SilverAIWealth		pending		
@silverbullet2008bb		pending		
@Silverdollarcollapse		pending		
@SilverGoldAnalysis-f7q		pending		
@silvermelodyofficiall		pending		
@silvermereaudio		pending		
@SilverSignalRoom		pending		
@SilverWolfDrama		pending		
@silviacma		pending		
@silvurliningsofficial		pending		
@silyzbrojne-d3f		pending		
@Simbu_Music		pending		
@simoappsstore		pending		
@SIMONWill-j2x8r		pending		
@simoulix		pending		
@simple-physix		pending		
@simple-society		pending		
@simple95t		pending		
@simpleai-m8r	UCMemSXHOQ-vWxxDoUVmuKKQ	ok		Simple Ai
@simpleaichannel4	UC4z6xtAqbk6oFwg5qhq4ODw	ok		Simple ai
@SimpleButCurious		pending		
@SimplebutSurprising		pending		
@SimpleConceptsExplained		pending		
@simplediscovery-p7o		pending		
@simplefinance00		pending		
@SimpleFinanceTips-US		pending		
@SimpleFinanceTom		pending		
@simplegyan123		pending		
@simplemindmap1	UClkguIOi6FX-cYuowcDlSZA	ok		SimpleMindMap
@simpleobjectsexplained		pending		
@SimplePaintOfficial		pending		
@SimplePsychologyTeam		pending		
@SimpleRedditReadings		pending		
@simplesocialvideo-14	UCbWcxKsuHUYvnjKXZ8fG_kQ	ok		simple social videos
@simplesto		pending		
@SimpleThingsHistories	UCHbQhoiP-819_MmVTohgcQQ	ok		Simple Things - Surprising Histories
@Simplewaysoflife		pending		
@SimpleWomenStory-e8b		pending		
@SimplifiedInMinutesoffical1		pending		
@Simplify364		pending		
@SimplifyTechh1		pending		
@simply-explain-1		pending		
@SIMPLYAPY		pending		
@SimplyAStickman		pending		
@simplymoney-s8p		pending		
@simplystunningfacts		pending		
@simplyxplained-h6o	UCUZ005RR2bQAqdsgCucoqWw	ok		SimplyXplained
@simuiationn	UC4X43RcgsGXO6tMcUeT0TBA	ok		SımuIAtion
@SinaiOfYeTales		pending		
@SinbadRescue		pending		
@Since1939s	UCQwJ2lONAHXAzOsNZ2mPx2g	ok		Since 1939
@since1939ww2	UC_O7Bf52Arsu4-w5qnhylUA	ok		Since 1939
@Since1945s	UCfOJMipUkBqFbFH5z3Pa-nw	ok		Since 1945
@SinclairSimons-TheSilentFuture		pending		
@SindbadMode		pending		
@Sinel45		pending		
@SingAlongRhymes-y7w		pending		
@SingAndWalk		pending		
@singbydeath		pending		
@SingHighlights		pending		
@SingleDad-m9w	UCLDJgZ9sZ1crpx-MYzoc6Vw	ok		Single Dad Stories
@singledadkindnessjourney		pending		
@Singledadkindnessstories		pending		
@SingleDadRedemption		pending		
@singledadsecrets-n1w		pending		
@SingleDadStories10		pending		
@SingSenior		pending		
@Singularityme		pending		
@SINGULARITYVOICEAICoverArrange		pending		
@SinhalaAIMusicPro		pending		
@SinnersAndSaints-o1g		pending		
@SIOAITUTORIALS		pending		
@SIouch		pending		
@Sir.ThisIsStupid		pending		
@sirakidsofficial		pending		
@sirazhar-j6g		pending		
@Siren_Studio		pending		
@SirfSunoAIPodcast		pending		
@Sirichi-folktales		pending		
@SIRIUSJAPAN		pending		
@sirkarmadiaries		pending		
@SiroOfCat	UC0_z-WZ1ipNLMrdoSdyoF0g	ok		Siro Of Cat
@sisitomistories		pending		
@sisterverdict	UCkm6W1_Ig_2gn_zCy9EUz1g	ok		Sister Verdict
@siteslipups5011		pending		
@sithdaddy		pending		
@sitinjau_lauik-81		pending		
@SiVideoPL		pending		
@siwasprawiedliwosc		pending		
@SiwaSprawiedliwość		pending		
@Six61-Hardrock		pending		
@SixtySecondsScience		pending		
@SiłyZbrojne-d3f		pending		
@SjTarget1M99		pending		
@Skaarjxx		pending		
@skaj-eg8ef	UCj9Hz8i_ZYGvrLqpPVmA31Q	ok		Cat 😍 shorts
@Skaldhildr		pending		
@skasmrai	UCn6Wj1PYEmcCa1WkZeU5mDw	ok		sk asmr ai
@skaspiali	UC8XmPLa7hmGjPYBMVTaemOQ	ok		Amaira Ai Animation
@skateavenueph		pending		
@SKAZONE11		pending		
@skeffectz2573		pending		
@skeleshorts-d9r		pending		
@skeleton_hub-01		pending		
@skellview-1v4		pending		
@Skelly_Explains		pending		
@sketchanism		pending		
@sketchedtale		pending		
@SketchMind-y2u		pending		
@SketchMob	UCUdXbPNcImcSskDkPpvk1-w	ok		SketchMob
@sketchocalypse	UC9QeaKy-AXk9yRQ9WqTvvmQ	ok		Sketchocalypse
@SketchySurvival101		pending		
@SkibidiMaster25		pending		
@SkiesOfInjustice-m8i	UCF60Z5JNHiAIJd_GUaOOh2g	ok		Skies of Injustice
@skikias		pending		
@skillfullnation		pending		
@SKILLGMOD		pending		
@skillman1507	UCo2gaKm-zrA37qTf_pwD9tA	ok		SKILL MAN
@SkillorFail		pending		
@SKILLTECHSTUDIO512		pending		
@SKINGLOW-37		pending		
@skipmatthrews5955		pending		
@skittl71		pending		
@SKPFrameAI		pending		
@skrmx.studio		pending		
@sksaistory1	UCFe1mgXA5frSojFXHCItlrg	ok		SK S AI Story
@skull-story	UC1uRZjD4Ipkihs3wRodha5A	ok		skull animation
@skullify45		pending		
@skullsfactory1		pending		
@SkyAlert-8		pending		
@SKYArtAi		pending		
@skyebrows		pending		
@Skyfolktales		pending		
@SkyInsightsAviationHub		pending		
@skylight215		pending		
@SkylineMusic-y1n		pending		
@SkylinePowerStories		pending		
@SkyNet2.0_Home		pending		
@SkyPhoenixStory		pending		
@SkyRaciing		pending		
@skyranch-w6l		pending		
@SkyRecreateAI		pending		
@Skyrose_TV		pending		
@skystories-g2n		pending		
@SkyStrikeAnalytica		pending		
@SkytubePlanet		pending		
@Skytv.Clipss		pending		
@Skywalker_Stories		pending		
@SkyWhiskeyAI		pending		
@skyworld100-9	UCvE6BHnCUYoytUi1XV3HDKg	ok		pom pom chanel
@sladydawnejpolski		pending		
@sladyprzeszlosci541		pending		
@sladyprzeszlosciPLN		pending		
@slai_darktrail		pending		
@SlapShockai		pending		
@SlashBennett-i9y		pending		
@sleekcapital		pending		
@Sleep.and.History		pending		
@sleepaudiobooks		pending		
@SleepBibleApp		pending		
@SleepBibleMovies		pending		
@SleepCodex999		pending		
@sleephistorian2026		pending		
@SleepHistoryChronicles		pending		
@SleepingDogMusic86		pending		
@sleeplessazerothian		pending		
@SleeplessHistorian	UCy3Hgwj12x3fDQUcutNm2DA	ok		Sleepless Historian
@SleepNomad		pending		
@SleepOnScience		pending		
@SleepOnSpace	UCXkj-zGymamfCB0ThaYKrbQ	ok		Sleep On Space
@SleepSyncOfficial		pending		
@sleepthroughspacetalks		pending		
@SleepTunes9111		pending		
@SleepWest		pending		
@sleepwise_official		pending		
@sleepy-people-us		pending		
@sleepy_christians		pending		
@SleepyAshGraves-Music		pending		
@sleepyhistorianboring	UCuxfg7lSwfy7RU7tPyC5uLA	ok		Sleepy Historian
@SleepyHistorianP		pending		
@sleepyhistoriantonigh		pending		
@SleepyHistory-n9k	UCJ7AgfvmqrAH62-GdGoHNJg	ok		Sleepy History
@SleepyHistoryStories-l1h		pending		
@SleepyHistorywithOliver		pending		
@SleepyHorror1		pending		
@SleepyKittyLofi-jk4qd		pending		
@sleepylanguage		pending		
@SleepyOldWorld		pending		
@SleepyPhysicist	UCxNvQ6PALSD9Y2nbTN55nDw	ok		Sleepy Physicist
@SleepyScienceChannel		pending		
@SleepyScienceReal		pending		
@SleepyScrolls12		pending		
@sleepysecretsofhistory		pending		
@SleepySoundsAudiobooks		pending		
@sleepystockmarket		pending		
@sleepystoriesai		pending		
@sleepytimehistorianyt		pending		
@sleyvenn		pending		
@SLICE_Who		pending		
@slicebotasmr-c3i	UCYjqMmYDk4L4bKKMiaHIu7g	ok		SliceBot ASMR
@SliceOfScience		pending		
@slicesyncai	UC2dsQNv9jOW-XVaeFmDpBNA	ok		Slice Sync AI
@SliceVerseASMR25		pending		
@SlicksKhalulu		pending		
@slicoralab		pending		
@Slideshowsv		pending		
@slightly_dark_56		pending		
@slimacovers		pending		
@slimesoda1375	UCsC_zJou2jL44-hoN1-dVQg	ok		Slime Soda
@SlimGemsMedia1		pending		
@slimkuns		pending		
@slipgatecentral		pending		
@SliPop-k4m		pending		
@sliro.a		pending		
@sljobvacancies1234		pending		
@Sloane.Marquet		pending		
@slodkazemstaa		pending		
@SlopDynamics		pending		
@SlopFarm2	UCmQZ_CdkqcZ2k9WijLjsyQw	ok		Slop Farm - Tutorials
@SlopMaster-d7k		pending		
@slopmaxxed		pending		
@SloppyInterviews		pending		
@SloppySoundz		pending		
@Slow_Pulse_ASMR		pending		
@slowaprzeszlosci		pending		
@slowbeanjazz		pending		
@slowcatjazz		pending		
@slowenglishstoriesyt		pending		
@slowianskaduszaprzodkow		pending		
@Slowliferelax		pending		
@slowly_maybe		pending		
@slownocturnes		pending		
@SlowPawsSociety		pending		
@SlowRockBallads1010		pending		
@slowroomsound		pending		
@SlowSnails		pending		
@SlowTruthFilms		pending		
@SlumberingStones		pending		
@SlumberInOldJapan		pending		
@SLVMLORD		pending		
@slydalton		pending		
@SlyRedditor		pending		
@Smacznie_Prosto		pending		
@smaiworldofficial		pending		
@SmallAiCreations		pending		
@SmallBunnyNation		pending		
@SmallBusinessRisk		pending		
@Smallkid-s4y	UCgf0AOVk6Nw6W20jQoUSzWA	ok		Small kid
@SmallPlateStudio		pending		
@SmallStudio3		pending		
@SmallThings-sc		pending		
@SmalltownHearts-s9r		pending		
@smallturtles		pending		
@Smart-AI_KH		pending		
@Smart-Money-Blueprint-1		pending		
@Smart-x9g		pending		
@Smart.TechStudio		pending		
@SmartAIDIGI		pending		
@SmartAIKitchen03		pending		
@SmartArchive-YT		pending		
@SmartBaby-r4q		pending		
@smartbchannel		pending		
@SmartCapital-g3w		pending		
@smartcartreviews1		pending		
@smartcatai-c6j		pending		
@smartcatai34		pending		
@smartcatai575	UChykTludI9sSQcHcWlasXmQ	ok		Smart cat Ai
@SmartCents-w6z		pending		
@SmartCruiseGuide		pending		
@SmartE-Shop		pending		
@Smarter_Spend		pending		
@SmarterWhileYouSleep		pending		
@SmartFactory26		pending		
@SmartFactoryFlow-k2y		pending		
@SmartFoodInsightsAI		pending		
@smartfruitasmroffical	UCE7AmVVRXALOpzBvkleiw2A	ok		Smart Fruit ASMR
@SmartFunAI		pending		
@smartfusion-c5i	UC4__KEmbjwB7azxuEuOFePg	ok		SmartFusion
@SmartGadgetsofficial-1		pending		
@SmartGenFactory		pending		
@smarthealthguide-j3t		pending		
@smarthealthyseniors		pending		
@SmartInvestmentBreakdown	UCsNGYAsI99VtOGsiF21VwBA	ok		Smart Investment Breakdown
@SmartInvestorSI		pending		
@SmartInvestTips_1		pending		
@SmartKidsAi-98		pending		
@SmartKidsQuiz1		pending		
@SmartKidsStartHere		pending		
@SmartMoney-Journal		pending		
@SmartMoneyBeginner		pending		
@SmartMoneyHub8877		pending		
@smartmoneywithalex		pending		
@SmartPathFinance		pending		
@SmartPixel-x8m		pending		
@Smartpocket-r9b		pending		
@smartpovguyYT		pending		
@SmartRhythmAI4u		pending		
@smartsabzi-22		pending		
@SmartSindaraandFriends		pending		
@smartstocktrading		pending		
@smartTexture		pending		
@smartvisionwilliam		pending		
@SmartWebpreneur		pending		
@SMARTWORKOOPS		pending		
@smartybuddiesyt	UC4ofBasVF1D6Fhs6524lrtQ	ok		SmartyBuddies
@smashedvinyl		pending		
@smellofcoffeemusic		pending		
@smile_kek		pending		
@smileai_studios		pending		
@SmileAnimationWorld_9		pending		
@smilecatstory	UC_Zp3KVrLa4YV0ZZyU-TCeA	ok		Smile Cat Story
@Smilekitten		pending		
@SmileMan1111		pending		
@SmilePiano12		pending		
@SmileVerse_Ai		pending		
@SmilingCat666		pending		
@SmirkzyOfficial		pending		
@SmirkzyStudio		pending		
@SmithMathew-t7b		pending		
@SMmusicstudio04		pending		
@SmokeKeys		pending		
@Smokes_fj		pending		
@SmokeyBasement		pending		
@SmokyGuitar		pending		
@Smokysdreamlab		pending		
@SmoothRecordsDigital		pending		
@SnackableTrivia		pending		
@SnacklingzAi		pending		
@snafuww2		pending		
@snapaihub85		pending		
@snapasmr1	UCgi86hbcKt5dWbXS_8iiVuA	ok		SnapASMR
@SnapLore11		pending		
@SnapRevengeStories		pending		
@SnapShift2026		pending		
@Snazler_AI		pending		
@sncmai		pending		
@snipsphere0		pending		
@snminikitchen81		pending		
@snoopic1010		pending		
@SnoopyGentleLofi		pending		
@snoopyjazz-g8l		pending		
@SnoopyJazzLounge		pending		
@SnooZED-q8u		pending		
@snoozetorian		pending		
@snoozingthroughhistory		pending		
@Snoozy_Science		pending		
@snowbaby-sb	UCDisoOfZOCiQhWKN-NMO4dg	ok		“SnowBaby”
@snowfall.winternight123		pending		
@Snubeline-Music		pending		
@SnuggleStoriesTime		pending		
@SnuggleTails-y9d		pending		
@SoarezzProcess		pending		
@socaltrunkshow		pending		
@SocialClubOfficial		pending		
@SodaRoomRIO		pending		
@SodaTVStories		pending		
@SoffAsmr-e5y		pending		
@Sofflowin		pending		
@sofia_dominee		pending		
@sofialoveaudiobooks		pending		
@SofiaNeverforgives		pending		
@SofieStories001		pending		
@SofiStation		pending		
@sofk66		pending		
@SoftAIWhisper		pending		
@softalesai		pending		
@SoftEcho-xn5qb		pending		
@softeraser-m7h		pending		
@SoftHarborRadio		pending		
@Softjazzvillage		pending		
@softlynx-u3j	UC8UYlU7YLWRMHiLpXM47r1A	ok		softlynx
@SoftMagic_AI		pending		
@SoftMorningJazz		pending		
@SoftMotion-f4c		pending		
@SoftNightWorld		pending		
@SoftPixelAI	UCFurRhnKsLjIi7ujauz3i1A	ok		Soft Pixel AI
@SoftPowerStories98		pending		
@Softrendered		pending		
@SoftRevenge.us88		pending		
@SoftRill		pending		
@SoftShadow-12		pending		
@softstatic00		pending		
@softstepsasmr-yt		pending		
@SoftTailsStudio-h9w		pending		
@SoftTideASMR		pending		
@softwavisounds		pending		
@softwhiskbakes		pending		
@SoftyASMRSA		pending		
@Sohaib-ai-studio		pending		
@SohaibArchives		pending		
@sohampraj		pending		
@Sohanbhai-u3m		pending		
@SoilSonata		pending		
@soj-lofi		pending		
@SolaraEcho		pending		
@SolarayStore2		pending		
@solarbrief		pending		
@Solarcadia		pending		
@solardreamjj		pending		
@SolarVoidSpotify		pending		
@soldadoestoicoYT		pending		
@soldiercommands		pending		
@SoldierLife_1		pending		
@SoldiersofAlmighty		pending		
@SoldiersofValor		pending		
@solemanmardiofficial50		pending		
@SolemnHourOfficial		pending		
@solespace.mp3		pending		
@Solivine-sonata09		pending		
@SolixYoutub		pending		
@Solo-Parent-Stories		pending		
@SoloDadStories-zz		pending		
@solofilmsAI		pending		
@SoloLifeDad		pending		
@solomonfall		pending		
@SoloRecordsHQ		pending		
@solouncovered		pending		
@solovibezlatestjam780		pending		
@SolowestJourney-r7c		pending		
@SolusAICinema		pending		
@SomaticMediaLab		pending		
@SomberTalesAI		pending		
@SombrasdelaHistoria77		pending		
@somedumbbchannel		pending		
@someeguy28		pending		
@SomeGuyWhoKnowsStuff		pending		
@SomeoneLeftTheRadioOn		pending		
@somesexysounds		pending		
@SomethingAboutSleep		pending		
@SomexStudios		pending		
@Somnara-j3s		pending		
@Somyclipsai		pending		
@son_music-21		pending		
@Sona_Tunes		pending		
@SonataCarmesi		pending		
@SonaTess		pending		
@Sonatrax		pending		
@soncubano6688		pending		
@SondriLune.Studio		pending		
@SongBloomChannel		pending		
@Songbychaudhary		pending		
@songdistrict-l4wfanpage		pending		
@songfairytales		pending		
@SongsAfterDestruction		pending		
@SongsforOurLady		pending		
@songsingai-e1f		pending		
@SongsofaBard-n6w		pending		
@SongsOfElderlight		pending		
@SongsOfForgottenWorlds		pending		
@SongsofLiberty		pending		
@SongsoftheNorthofficial		pending		
@SongsoftheRealms		pending		
@songsofvalhallamusic		pending		
@SongWritePlay		pending		
@soniaaiart		pending		
@SONICA_TOKYO		pending		
@SonicaaYT		pending		
@sonicaiworks		pending		
@sonicalgorithm		pending		
@SonicAnimationLab		pending		
@sonicbloomhq		pending		
@SonicMind12		pending		
@sonicmix_ob		pending		
@SonicOrbit23		pending		
@sonicrhythm-x6m		pending		
@sonicsidekick-flowwhiz		pending		
@SonicVaib		pending		
@sonidosceltasmisticos		pending		
@SONIFYAWADHI		pending		
@SoniqAura9s		pending		
@SoniqueHorizon		pending		
@sonirion		pending		
@Sonny_Finance		pending		
@SonoCityMusicScore		pending		
@sonofthedeadsun		pending		
@SonovelleHouse		pending		
@sonsofvalhalla-m3v		pending		
@sonybabatv		pending		
@sonybeatzrecords		pending		
@SOONofficials		pending		
@SoothifyLab		pending		
@soothingasmr-j3n	UCUz9LAWowpzWlsj1u0KiZxg	ok		Soothing ASMR
@SoothingDreamASMRAI		pending		
@SoothingDrizzle-z6m		pending		
@SoothingRainPiano		pending		
@soothingsliceasmr1	UCr8QlEhUgKCRGYl_IpS_7qA	ok		Soothing Slice ASMR
@SoothingSoundsMusic		pending		
@Sophiadiaries-m4q		pending		
@SophiaEliseLane		pending		
@sophiafinance-1		pending		
@SophiasSoftStories		pending		
@SophiaWiseEnergy		pending		
@SophieBennett0		pending		
@SophiesSecretCourt		pending		
@Sora.ai.videos.111		pending		
@Sora2whatif		pending		
@Sora_ai123		pending		
@Sora_Dodure		pending		
@soraaicatinvitepin		pending		
@SoraAiCats		pending		
@SoraAicats-s6h		pending		
@SoraAiMemes2814		pending		
@soraaiposts		pending		
@SoraBrainrott		pending		
@SoraCable		pending		
@SoraCatShorts		pending		
@soracatvideos		pending		
@soracreator01		pending		
@soradoorbell9		pending		
@soradoorbellcamclips		pending		
@SoraDoorbellcams		pending		
@SoraDoorbellFootageReal		pending		
@SoraDoorbellVideos-f9r		pending		
@soragen.official		pending		
@SORAISREALISTIC		pending		
@Soralovescatz		pending		
@soramovietrailerzz		pending		
@SoraPawsAI786		pending		
@SoraPets-AI		pending		
@SoraPower-72		pending		
@soraraaivideo-ch		pending		
@SoraSafariAI		pending		
@sorastudiocafe		pending		
@SoraStudioCafé		pending		
@SoraVerseAIShorts		pending		
@Soravideospov		pending		
@SoraView-34		pending		
@SoraX3D		pending		
@sorayumeworld		pending		
@SorenSpeaks3		pending		
@sorryaalex		pending		
@sortcartoon	UCtteLyJtYRCfxN6lm1QvE_g	ok		Cute Cat dancing
@Soryxo	UCuPoqNk_rn8p_v6MMUrdF5w	ok		Soryxo
@SoSadBones		pending		
@Soul-Whisperer-MiniMelodies		pending		
@Soul.Forged.Studios		pending		
@soul.zodiac		pending		
@Soul70smusic888		pending		
@soul_and_characters_		pending		
@Soul_ofBlues		pending		
@SoulChronicleRadio		pending		
@SoulfireGuitarSessions		pending		
@SoulfireSounds		pending		
@SoulFiRoomOfficial		pending		
@SoulfulCoffeeSessions		pending		
@soulfulJ-POP		pending		
@SoulfulJourney-l9e		pending		
@soulfullstanzas	UCa17pHhMR2BAwNjD4EV_PGA	ok		Ai asmr videos
@SoulfulRhythmsLofi		pending		
@SoulfulRomance-Channel		pending		
@Soulfulstories-s1d		pending		
@SoulfulStudioss		pending		
@SoulJazzMelody-v1w		pending		
@souljourneywith1835		pending		
@Souljoy-q12x		pending		
@SoulLegendsHipHop		pending		
@SoulLuxe-s3b		pending		
@SoulMirror777		pending		
@SoulMomentsStory		pending		
@soulmotionstories		pending		
@souloftheglenstudio		pending		
@SoulOnVinyl		pending		
@SoulPac-u7j		pending		
@soulrefrAInaudio		pending		
@Soulriftz		pending		
@SoulRnBStudio		pending		
@SoulRockChillVibes		pending		
@SoulshareTV		pending		
@SoulSnaps11		pending		
@soulsparkbhakti		pending		
@SoulSparks202		pending		
@soulstagemoments		pending		
@SoulStirringStories		pending		
@SoulStories-c8y		pending		
@soulstoriesorg		pending		
@SoulStoriesX-1		pending		
@Soulstory252	UCA92_yi2zvzkXNd8mxgHvqw	ok		Soul Story
@soulsyncaudio		pending		
@Soulsyncm		pending		
@SoulSyntax-r3o3x		pending		
@SoulTalentAGT		pending		
@SoulTales-07		pending		
@SoulTales-r2y		pending		
@soultidehub		pending		
@soulverdict-w1r		pending		
@SoulviaUSA098		pending		
@SoulVoicess		pending		
@Soulwavebeats		pending		
@Sound-Archive123		pending		
@SoundAIIndonesia		pending		
@soundbeatzmusic		pending		
@Soundhouse-ic2		pending		
@SOUNDIASM		pending		
@soundline44		pending		
@Soundloopai		pending		
@SoundMoneyAlert		pending		
@SoundMotionAI		pending		
@SoundofFantasia		pending		
@soundplanet001		pending		
@SoundPulse-mv6jk		pending		
@SoundRush001		pending		
@SoundscapeHits		pending		
@soundscapeswithdarrensurrey		pending		
@Soundstationglobal		pending		
@soundtripaicover		pending		
@SoundVerse-g6j		pending		
@SoundWaveSongs		pending		
@SoundWoah		pending		
@Soundzantium		pending		
@Sounmusicforjesusu		pending		
@Sounova7		pending		
@soupenterprises2025	UCqPrABMDslvy1esnv8GqRBw	ok		Soup Enterprises
@SourabhBeauchamp		pending		
@SourabhMamar		pending		
@sourabhshorts999		pending		
@SouravAdhikari-e1v		pending		
@souravpapon3461		pending		
@SourcePast		pending		
@sousakuai		pending		
@Sovereign-Alpha		pending		
@SovereignJustice		pending		
@SovereignMind-1122		pending		
@SovereignRomanceVisuals		pending		
@SovereignShortDrama		pending		
@SoviaHere		pending		
@Sovibes		pending		
@sovibes_glitch_memes		pending		
@sovibesclips779		pending		
@SP2555		pending		
@space.dudeYT		pending		
@SPACE_LABb		pending		
@SpaceBanjoMusic		pending		
@SpaceDocumentary191		pending		
@SpaceEconomy-Explained		pending		
@spacehorizonlive		pending		
@spacekitten435	UCjiDWVWALeUZ7xUmoYUjq1A	ok		Space Kittens
@SpaceLoop1		pending		
@spacemanbob-o8g		pending		
@SpaceMate2		pending		
@spacenews-i2l		pending		
@SpaceSynth-f7f		pending		
@SpaceTales-p8c		pending		
@SpaceTelescope248		pending		
@Spacetrucker138		pending		
@spacewavecr		pending		
@spacewavefm		pending		
@SpaceXInsider247		pending		
@SpacializeEN		pending		
@SpaghettiBoomBoom		pending		
@SPARCCast		pending		
@spareprophet		pending		
@SPARK-AI22		pending		
@SparkHiveHQ		pending		
@sparkle-drama		pending		
@SparkleHopeAnimantion		pending		
@SparkShortDrama		pending		
@SPAWNYYY-m3p		pending		
@SpazioSonoroItaliano		pending		
@SPCinematicUniverse		pending		
@spectra_sound		pending		
@spectracamm		pending		
@speed_clip6		pending		
@Speedexplained-r7b		pending		
@speedsoundtv		pending		
@SPEEDUPP-1976		pending		
@SpeedyScienceShortsS		pending		
@SpeersCodling		pending		
@SPEffects01		pending		
@SpellForgeStudio		pending		
@spi-nal	UCz7BfKMLuG1FGl8xY-8Agww	ok		SPINAL
@spiacynaukowiec-h2p		pending		
@SpicebushRevenge		pending		
@spicy-y8g	UCzEJ9TPyRYKfrNaaHmO1oKA	ok		Spicey mirchi
@spiderwolf920		pending		
@SpikesJazzBar		pending		
@spill..thrill..repeat	UCwUA2Bk6XpswHAK5Osqg5vQ	ok		Chathuuu Aththanayaka - The Chathu’s Space
@SpillZoneTV		pending		
@Spinoza.philosophy		pending		
@SpinSketch		pending		
@SpiralaKarmy		pending		
@Spiralambient		pending		
@SpiralRecordsAI		pending		
@SpireMedia-0768		pending		
@Spirit_Soaring		pending		
@SpiritDune		pending		
@SPIRITFIRE_TV		pending		
@SpiritGuidesStories		pending		
@SpiritLanternASMR		pending		
@SpiritoftheVillage		pending		
@spiritofthewildai	UCprHc6tQHG4VCM2JBAqcaYA	ok		Spirit of the Wild
@SpiritsoftheRedLand		pending		
@SpiritSongMusic0		pending		
@SpiritTales-i2f		pending		
@spiritual_brother		pending		
@Spiritual_guide17		pending		
@spiritualbrotherscifi		pending		
@spirituallyyours88		pending		
@spiritualsimran		pending		
@SplendidAfricantales		pending		
@SPLENDIDTALES		pending		
@spmun.anime.videoAI		pending		
@SponeTale		pending		
@SpongeTruth		pending		
@spoonfulofwisdom		pending		
@sport.ai.daily3		pending		
@sportnews75		pending		
@SportsArena-j3q		pending		
@SportsDaily67		pending		
@sportsheavenus		pending		
@Sportsim_ai		pending		
@sportsvn17	UCz9ImpK5JdMkfmF774yIiZQ	ok		SportsVN
@spotkaniesredniowieczne		pending		
@SpotkanieŚredniowieczne		pending		
@SpotlightAIChannel		pending		
@spotlightofficialyt		pending		
@SpreWellins		pending		
@SpringRoseDrama		pending		
@SpringsofSerenity		pending		
@SproutCycleGarden		pending		
@sproutmanproductions		pending		
@Sprun.Rapier		pending		
@sprunkijoytv		pending		
@Sprunkimusic-v3u		pending		
@SPSoundsChill36		pending		
@SPUN_AI		pending		
@SpyderPaul442		pending		
@SquidGameSlimeASMR		pending		
@Squintist		pending		
@SquirrelPablo		pending		
@sraivideo0	UCIsGpdCIP--f7aWZj5o7R7Q	ok		SR X AI Video
@SRH-z2m		pending		
@Srirudrasarees_nagole		pending		
@srkn.offical		pending		
@sroopsexplicadora		pending		
@srscatstory	UCkk5VxCaR5zI16uqF_tovWw	ok		AI Cat story
@srtanimals	UCudkL3eUZX2n_2wHxFsox8w	ok		SRTANİMALSaı
@SRZombiesFilms		pending		
@sscgurutalks		pending		
@sshycat	UCVWUbDXSGri66uvJLTlzZyg	ok		Shy Cat
@sskdevayani		pending		
@ssmusicusa		pending		
@SSVB-AI		pending		
@STA-k8n		pending		
@Stackpooled99		pending		
@StadiumD360	UClVRnGP3Rr7J6X2Sgade5rw	ok		StadiumD360
@stadiumdb		pending		
@StageGenius		pending		
@StankyChickenAI		pending		
@stany-blog		pending		
@Star-Sparked-Living		pending		
@starasmr-w6d	UCuLGDytocdoP9V8X4k57r1Q	ok		Star AsMr Hd
@StarBlastDrama		pending		
@StarboundExtra		pending		
@StarboundHFY	UCNTwYiVJ6YZoXjV6Wh3Iykw	ok		Starbound HFY
@StarboundHFYCinema		pending		
@starchasemedia		pending		
@StarDominionStories		pending		
@Stardust-Sounds1		pending		
@StardustTVapp		pending		
@StarEaterHFY		pending		
@stareprawdy_pl		pending		
@Starfall_studio1		pending		
@StarfallPublicationsHouse		pending		
@StarFire_Anime-k4l		pending		
@StarFlowerMyth		pending		
@StarforgeAlternateRealms		pending		
@StarforgeRebellion		pending		
@StarisleAnime		pending		
@starkrecap_2607		pending		
@starksevencap		pending		
@StarLanternStories		pending		
@StarLegacy9		pending		
@StarLight-z4d		pending		
@StaroeDobroe		pending		
@starozytne_historie		pending		
@starozytnehistorie24h		pending		
@Starozytnehistorieludzkosci		pending		
@Starożytne_Historie		pending		
@StarożytneHistorie24h		pending		
@starplusai		pending		
@starrynote_music		pending		
@starryskyanimation1120		pending		
@StarrySkyRomantic		pending		
@Starrznationfanmademusic		pending		
@StarShortPlay-e1i		pending		
@StarsofParis		pending		
@StarsOfTerra	UC_X0zIpQSD7oEEBrotCDZ2w	ok		Stars Of Terra
@StarSpotlight001		pending		
@StarStreamusa		pending		
@StarTap-1-u7g		pending		
@startingmachine		pending		
@StartLabKarma		pending		
@startrak1312		pending		
@Starvalley01		pending		
@starwarschroniclesanimations		pending		
@starwarstakestales		pending		
@Starway-v5z	UCfD6eJxfye8WVUrymz7djRQ	ok		Nana
@StaryHistoryk		pending		
@starzapasmr	UCRNNNaeTvyqoME-PWeQB2xw	ok		Star Zap ASMR
@State_of_Invincible		pending		
@StateAcross		pending		
@StateGeek		pending		
@StateGuy50		pending		
@StateOfValor1		pending		
@StatesideFactoryTrail		pending		
@statesofheart		pending		
@StateToStateYT		pending		
@StatewideWeaponsUSA		pending		
@Static_DustHQ		pending		
@StaticSerenade-m8w		pending		
@StaticSway		pending		
@stayalive_urbansurvival		pending		
@staytunned2		pending		
@Stbass12		pending		
@STEAMPUNKUNIVERSE		pending		
@SteelBrotherhoodYT		pending		
@SteelCenturiess		pending		
@SteelHorizonBand		pending		
@SteellLegacy		pending		
@SteelOnRails		pending		
@SteelOperators		pending		
@steicamel		pending		
@stelfieTT		pending		
@stella77-b7d		pending		
@StellaMarisVR		pending		
@Stellar_clipzz		pending		
@Stellar_Verdict		pending		
@StellarboundHFYSciFi		pending		
@stellarcanvasai		pending		
@StellarCornerFilms		pending		
@stellarcruisemusic		pending		
@StellarDocumentary		pending		
@StellarHumanNarratives8497		pending		
@stellarrealities32		pending		
@StellarStoriesHFY		pending		
@StellarTune-21		pending		
@STEMinMotionbyGaurav		pending		
@stephenfinance		pending		
@stephenfinanceunscripted		pending		
@Stephifiedstories		pending		
@stephnai		pending		
@StephNJAimovies-f5c		pending		
@stephnsteve		pending		
@StephsBeautifulStories		pending		
@StepIntoHistoryy		pending		
@steup478		pending		
@stevemakemoney		pending		
@StevenEduard30		pending		
@stevensongtalks		pending		
@stevie.knight		pending		
@steviepeaveyfilms		pending		
@SteviesStories		pending		
@StewsGamingCorner-x4v		pending		
@Stick_nic		pending		
@stickcomedytime		pending		
@stickfinance101		pending		
@StickHistory-2641		pending		
@stickly92		pending		
@SticklyExplains		pending		
@stickmaneconomics-d3z		pending		
@StickmanHarryYT		pending		
@StickmanHogwarts		pending		
@StickmanOfTruth		pending		
@stickmanyfinance		pending		
@Stickology75		pending		
@StickTory		pending		
@stickverse-n5x		pending		
@stickyandmellow		pending		
@StickyAnimals		pending		
@StickyDude243		pending		
@stiff_static_slow		pending		
@Stikk8		pending		
@StilleRache3-o7b		pending		
@StillHumanStories-7		pending		
@StillMindMusicOfficial		pending		
@StillnessandHistory		pending		
@StillSanctuary-ch		pending		
@StillSpace_Sound		pending		
@StillWaterRevenge		pending		
@stimmederwahrheit-a		pending		
@Stitchedstoriesoffical		pending		
@StockAIinsights		pending		
@StockInvestmentEmpire		pending		
@StockMarketPalantir		pending		
@StockStudio-i9y		pending		
@StockVerseUSA		pending		
@stoic-philosophy-en		pending		
@Stoic_Lifestyle		pending		
@StoicAshford		pending		
@stoicdre		pending		
@StoicEconomist		pending		
@Stoicgoldentribe		pending		
@StoicGraves		pending		
@StoicInfinity		pending		
@stoiclogic-01		pending		
@StoicMen2		pending		
@StoicMercer		pending		
@stoicmindset9		pending		
@stoicmorningroutine786		pending		
@StoicPro		pending		
@StoicSoulForge-US		pending		
@stoicstic		pending		
@StoicSurvival123		pending		
@stoicthinkers1		pending		
@StoischeFestung		pending		
@StolenTimeline		pending		
@StompingLeprechaunRecords		pending		
@Stone_Shamrock		pending		
@StoneAgeEvolutionOfficial		pending		
@stonebroken		pending		
@StoneShadow-2560bc		pending		
@stonewibe		pending		
@stor-u3l	UC_CO0_dw9q6WJnPOeeFe0MA	ok		short stories
@StorageBites		pending		
@storiainfabbrica		pending		
@Storie.Milionarie		pending		
@StoriediCuoriCoraggiosi		pending		
@Stories-b1r		pending		
@Stories-Build-With-AI		pending		
@stories-by-biola		pending		
@Stories-of-Slavery		pending		
@Stories.of.Scripture		pending		
@stories4361		pending		
@StoriesAfterMidnight-x1g		pending		
@storiesai-t9q		pending		
@StoriesAi-u2o		pending		
@StoriesAiBible		pending		
@Storiesandtalesnetwork-m6f		pending		
@StoriesBehindEverything-j6g		pending		
@StoriesBeyondHuman		pending		
@StoriesbRevenge1		pending		
@StoriesbyAmara-c9u		pending		
@StoriesbyBee		pending		
@storiesbybee0		pending		
@StoriesbyDanUK		pending		
@storiesbydndtv		pending		
@storiesbyebuka		pending		
@storiesbygob		pending		
@storiesbyjoyy		pending		
@StoriesByLurid		pending		
@StoriesByMakky		pending		
@StoriesBymea-l6v		pending		
@storiesbyMichellee		pending		
@Storiesbynight-US		pending		
@StoriesbyOma-e5j		pending		
@storiesbyonyeka		pending		
@StoriesbyPrettyloner45		pending		
@Storiesbyrachie		pending		
@StoriesbyRaly		pending		
@StoriesBysomi18		pending		
@Storiesbyzizy		pending		
@StoriesDreams-o3y	UC-i29DZ2yA6R7uaZUg_ydtA	ok		Stories & Dreams
@StoriesFromBed		pending		
@StoriesFromDaniel		pending		
@StoriesFromTheDark2024		pending		
@StoriesFromTheLoreArchives		pending		
@StoriesFromTheSecretPlace		pending		
@Storiesfromyesterday40		pending		
@STORIESGRANDMA70X		pending		
@StoriesHub_World1		pending		
@storieshubbye		pending		
@StorieskaStudio		pending		
@StoriesOfHOA		pending		
@StoriesofLoveSecrets		pending		
@StoriesofMarina		missing		
@StoriesOfOurLife_1		pending		
@storiesofpain		pending		
@StoriesOfTheImperium		pending		
@StoriesOfTheRanch		pending		
@StoriesofThoseWhoReturned		pending		
@StoriesofVengeance		pending		
@StoriesOverCoffee-v6e		pending		
@storiesrealmwithai		pending		
@storiesthatinspire662		pending		
@StoriesThatStay-s9i		pending		
@StoriesThatTouch02		pending		
@storiestheyoungignore		pending		
@storiesunraveled-v2u		pending		
@StorieswithHeart-o9w		pending		
@StoriesWithinUs666	UCrmNFws6YFC_9jvwDJ_rzZg	ok		Stories Within Us
@storieswithmandy		pending		
@storieswithnneoma		pending		
@StoriesWithOge		pending		
@StoriesWithPriyanshuPresents		pending		
@storieszingAl		pending		
@stormborne-k		pending		
@StormbornVengeance		pending		
@StormChant		pending		
@StormFables		pending		
@stormfury_		pending		
@StormHearthSounds		pending		
@StormlightStudios123		pending		
@StormMusic-d4s		pending		
@StormSpoilersClub		pending		
@StormTrooperVlogs		pending		
@Story-hub993		pending		
@story-verse85		pending		
@story-with-AI-21		pending		
@story_animasi-t8j		pending		
@story_of_ai-h3k8u	UCZEkHhvJ56Nb0n7HNNEPEug	ok		story of Ai
@story_snapaz	UCZXw_AsbJiCKBmn0_tPw0cA	ok		Story Snap
@Story_studio20		pending		
@story_teller_61		pending		
@story_universe_M		pending		
@storyai-films	UCZC1GOAMTCohUwDDE0c6PLg	ok		Story ai films
@StoryAi0.7-f6i		pending		
@storyaikids-s9x	UCFc0CH41qoXcu0Vsr2Wjpvw	ok	@littlefoodstudio2026	Little Food Studio 2026
@storyarchive7		pending		
@StoryArcPaws	UCvWyqYT9h1AeOLgQgkTjrKw	ok		Story Arc Paws
@storybeyondtime-b9p		pending		
@StoryBinge7		pending		
@storybloomvideos		pending		
@StoryBotAI-p9w		pending		
@Storybyhoni117		pending		
@storybyte20		pending		
@StoryByteAIwhereAIbringsstorie		pending		
@storybytere		pending		
@StoryCatAI-8		pending		
@StoryChamberOfficial		pending		
@StoryCinder		pending		
@StoryCraftAi04		pending		
@StorycraftArchivee		pending		
@STORYCROWN-c8e		pending		
@Storydelight-r1s		pending		
@StoryDreamAnimation		pending		
@storyfableofficial		pending		
@StoryFactAnimation	UCTr8nK3y22yu5-JJrgRDD_A	ok		Story Fact Animation
@StoryFlowDiaries		pending		
@StoryFlux25		pending		
@StoryForge_Unlimited		pending		
@storyforkidstv12	UCrbNRdQh658df6lCPa23nAg	ok		Story For Kids TV
@StoryFrontier-w3u		pending		
@StoryGalaxyAi4		pending		
@StorygloMedia		pending		
@StoryHaven-q6s		pending		
@StoryHavenOfficial		pending		
@StoryHiveReddit		pending		
@Storyhubai1.0	UCN-pZ94NaLeZGWkOO4R24UQ	ok		Ai Story Hub
@storyland74		pending		
@storylandofluna		pending		
@storylantern12		pending		
@StoryLedgerUsa-f4l		pending		
@Storyline-Africa22		pending		
@StorylineAvenue		pending		
@StorylineEnglishOfficial		pending		
@storylocation		pending		
@StoryLoom2383		pending		
@Storylyx-n7b		pending		
@storymaker777-c5g		pending		
@StoryMania-b1u		pending		
@storynamed		pending		
@storyNovaAI-l8s		pending		
@storynovai2		pending		
@storyofai-29		pending		
@StoryofEmotions888		pending		
@StoryPatshalaAIofficial		pending		
@StoryPlace-m6n		pending		
@StoryPop-012		pending		
@StoryPulse-x5f		pending		
@StoryQuest-z8q		pending		
@StoryRealms_Tv		pending		
@storys.meowia	UCOtPlGicz3qG7VCHNum8urA	ok		Storys Meow
@storyscatai	UC8EyPnYIsbwZ2rYZZP5THHg	ok		Story Cat Ai
@StoryShortApp		pending		
@StoryStreetAI		pending		
@StoryStudio_official		pending		
@storysunofmm		pending		
@storytalkhub007		pending		
@storyteller-c7k		pending		
@Storyteller-j5d		pending		
@storyteller_ai2.0	UCMOeq6hpONo1wy5gYIxBpug	ok		Storyteller Ai 2.0
@StorytellerAndInspiringStories		pending		
@Storytellersheart		pending		
@StorytellersRange		pending		
@StorytellersSoundtrack		pending		
@storytellingbyMK		pending		
@storytellinggai	UCmLzaT9W08tBm-bRKl-p6cg	ok		Ai short story
@StorytellingVibe12		pending		
@StoryThreadsPodcast		pending		
@StoryTime-oo3co		pending		
@StorytimeDaily-f3k		pending		
@StorytimeFY2		pending		
@StorytimeStation18		pending		
@storytimestory-r5f		pending		
@StoryTimeStudio-fv		pending		
@StorytimeWithAduva		pending		
@StorytimewithDr		pending		
@storytimewitheboseta		pending		
@StoryTimeWithEngo		pending		
@StorytimewithGongo		pending		
@storytimewithhoakaren		missing		
@storytimewithhoakarenstories	UC11umAHCYbdm40qZ4Y_oyUw	ok		Storytime with HOA Karen Stories
@storytimewithshorts-t6p	UCA-HyxEexRa5-0PrK_7lCjQ	ok		Storytime with Shorts
@storytimewithvishal	UC-z-Ap_gzXN29h_RILPH5lA	ok		Story Time With Vishal@
@storytoons096		pending		
@StoryTribe_Tales		pending		
@StoryUnfolds-s	UCdw-KarQPUyN6Tva9CV_5uQ	ok		Story Unfolds
@StoryVault-10X		pending		
@StoryVault-Originals		pending		
@StoryVaultShorts-s		pending		
@STORYVERE-h6l		pending		
@StoryVerse11-x1c		pending		
@STORYVERSEAI-q2g		pending		
@storyverseai78		pending		
@StoryVerseBL		pending		
@StoryVerseChronicles5121		pending		
@StoryverseRomance		pending		
@storyvibes-k9z		pending		
@StoryVision-i2s		pending		
@STORYWEAVE_r		pending		
@StoryWeaver-OO		pending		
@Storywithfrancisca		pending		
@StoryXChannel		pending		
@StraightNews-i3u		pending		
@StraightTalkAI		pending		
@straikidss		pending		
@StrangeBedASMR		pending		
@strangecatk	UCyvQZ7hF8AltSuUEGYIUgHg	ok		StrangeCatk
@StrangeLivesOfficial		pending		
@StrangelyIronicGuy		pending		
@Strangers..		pending		
@strangestoryfiles		pending		
@StrategiaWojny-o6x		pending		
@Strategic-World-View		pending		
@StrategicAffairs-l4b		pending		
@StrategicLedger-r7n		pending		
@StrategicPulse33		pending		
@StrategicReport-SR		pending		
@Strategix-yt		pending		
@STRATOVESTAI		pending		
@StratUpdate		pending		
@StrayHavenCats-UN		pending		
@strañezzametaloficial		pending		
@streamer-files		pending		
@StreamerHighlights01		pending		
@StreamFreeMusic		pending		
@StreamRewinder		pending		
@streamtone		pending		
@StreamVaultChannel		pending		
@StreatPawStories		pending		
@StreetBeatFactory		pending		
@StreetCameraStories	UCEWPc5y-5YhdzQjI24ghtTA	ok		Street Cam Stories
@streetjustice-f2u		pending		
@StreetLevelUK		pending		
@streetstories4		pending		
@Streetsurvival1		pending		
@StrefaFrontu		pending		
@stressfree-AI-News		pending		
@StressRelief-l2p		pending		
@StrikerSociety		pending		
@StringsofEternity		pending		
@StringSoulRnB		pending		
@STRK8683		pending		
@strong_cider		pending		
@StrongDadRevenge		pending		
@StrongSeniors365		pending		
@StructureX2050		pending		
@strugglingpaws	UChSXbfJ0hg2e79m-uPyn8wQ	ok		Struggling Paws
@StrugglingStories-YT		pending		
@StrunyDushi_AnKo		pending		
@stryderHD		pending		
@StsauveurSheryll		pending		
@studio.kazane		pending		
@studio_lofibeats		pending		
@StudioAI200		pending		
@studioaimirage		pending		
@StudioFauna-AI		pending		
@StudioImagineAI		pending		
@studiolichan		pending		
@studioshigtsujido		pending		
@StudioTK-2026		pending		
@StudySanctuary-k4z		pending		
@StudySounds-l1m		pending		
@Studywithprachi-22		pending		
@studywithsiz		pending		
@StuffzRealm		pending		
@stuntbyviju		pending		
@stvbase		pending		
@Style_Audit		pending		
@Style_Decoded		pending		
@StyleMorphAI		pending		
@Stylish60plus		pending		
@sub2running		pending		
@sub5ball		pending		
@SubaVerseAI		pending		
@subdivisionsecrets		pending		
@SuboptimusPOV		pending		
@SubredditDiaries2222	UCM0x1b2VKmDvJnVroLc3HFg	ok		Subreddit Diaries
@Subscribeifyoulovetanjiro		pending		
@subtelnarzeczywistosc		pending		
@SubtelnaRzeczywistość		pending		
@SubtextInsider		pending		
@SuburbanJusticeStories		pending		
@SuccessAiStory999		pending		
@SuccessAmarachi001		pending		
@SuccessfulEntrepreneurR		pending		
@SuccessfulLife-v5x		pending		
@successlife1221		pending		
@successvictor8254		pending		
@successwisdombyjan		pending		
@sudaisusman9205		pending		
@Sudhadas-rg6dp		pending		
@SudipAICinematic		pending		
@SudoBitLogic		pending		
@SUEH84-e8y		pending		
@suenos_de_mar		pending		
@Suethehoa		pending		
@Sueños_de_Mar		pending		
@SufiDervish-n4h		pending		
@SugarballSciFi		pending		
@sugarMusic-h3o		pending		
@sugarrevengelab		pending		
@SugarStories-yt		pending		
@SugarySwirl_ASMR		pending		
@SugiShogun		pending		
@SUGOIYOOHTANI伝説		pending		
@Suhanisolanki-c5w		pending		
@suho-hka		pending		
@suisui-h2x		pending		
@SUJANAIBLOG		pending		
@SUJEIRA66		pending		
@sujin.min_13		pending		
@Sukhendaszdas		pending		
@SukhenDJSantaliOfficialj4g		pending		
@sukiaminations		pending		
@SuleimanMohammed-lq9yq		pending		
@suleimanyusufu7923		pending		
@sullenbrookstories		pending		
@Sulltiss		pending		
@Sultan-Ai-Life-Styles		pending		
@sumanbhakat-w3y	UCudMsL_68n7CsPeA1ZnrDFA	ok		Ai-short
@SUMANKIRAR-f5v8e		pending		
@SumanthAI-v8i		pending		
@SumbaganayTV		pending		
@SumedhaSenadheera		pending		
@sumengyue		pending		
@sumithpuri		pending		
@sumitsumann		pending		
@SumoLife-z3p6q		pending		
@sun-celtic		pending		
@suna-y8k		pending		
@SuncrusherHFY		pending		
@SundayClassics-m1s		pending		
@sundaydrift-l8v		pending		
@SundaysStoryMagic		pending		
@SundaystarMarak		pending		
@sundaystories3907		pending		
@SundayStoriesHQ		pending		
@Sundaywith-Buffett		pending		
@sundownbodycam		pending		
@SUNhindhianimation-s6v		pending		
@suni0609		pending		
@suniltudumusicvideo7940		pending		
@SUNNYDAYMUSIC0621		pending		
@SunnyE_Vtuber		pending		
@sunnyinshanghai		pending		
@SunnyPop_music		pending		
@SunnyStories-j6h		pending		
@sunoaimusic00		pending		
@SunoAiX		pending		
@SunoChitral		pending		
@SUNODKKADASTAN		pending		
@sunofsnek		pending		
@sunohitsph		pending		
@SunoKidsChannel		pending		
@sunolivetimegaana		pending		
@sunomusic-fn9bf		pending		
@Sunoo_FF		pending		
@SunoSpheree		pending		
@SunoTunes-2413		pending		
@SunOverStudio		pending		
@SunoVisionUZ		pending		
@SunRise-l8m		pending		
@SunriseCalmStudio2003		pending		
@SunsetDrama-z8o		pending		
@sunsetdream3795		pending		
@SunsetDuet-q9j		pending		
@SunsetFlow1		pending		
@SunsetLunar-h8i		pending		
@SunsetNorthStudios		pending		
@SunsetRhythm-i6n		pending		
@SunsetRidersYT		pending		
@Sunsetsecretstories		pending		
@SunsetWhispers90s		pending		
@Sunshine-z7h5l		pending		
@SunshineGrooves		pending		
@sunstrokerandcharlie		pending		
@SunziqMusicCover		pending		
@super_stmdn		pending		
@Superai-VFX		pending		
@Supercarunboxing	UCal5PuLu7rKnynqgeWpO99g	ok		Supercar Unboxing
@supercatai68		pending		
@SuperCatLeague	UCtwTqKghLaTnWlF9YIKRUzQ	ok		Super Cat League
@supercats-i4j	UCV6e3g8l3dtu9zi1esxdE1Q	ok		Super cats
@SuperEpicStudios		pending		
@SuperFolktaleStories		pending		
@SuperGenProcess		pending		
@SuperGoodCat	UCx8dkcf-JAD_xOmRio1AXyA	ok		SuperGoodCat
@SuperHeroAIKH		pending		
@superheroesmultiverse1	UCUQzOuT1ZM0ANIDz_HX5aYg	ok		SUPERHEROES MULTIVERSE 1
@Superhit-80		pending		
@superhit-90-00		pending		
@SuperKidsRhymes-s9r		pending		
@SuperMakerAI		pending		
@supernovamusicchannel		pending		
@superpminecraft		pending		
@SuperstarSportsWorld.		pending		
@SuperTheater-q3t		pending		
@SupremeAudiobooks		pending		
@supremeFatedrama		pending		
@SupriyaTechTalks		pending		
@Suptunes-r6l		pending		
@Surajtipseditor		pending		
@SureCombuha1792		pending		
@SurfboardDeepChillout		pending		
@SurfGeier		pending		
@surjomusicaluniverse-w6j		pending		
@SURLEY_STORIES		pending		
@SurrealAIArt		pending		
@SurrealAiMusicLab		pending		
@SurrealDreamy		pending		
@surrealfablesAI		pending		
@SurrealFriends		pending		
@surrealmorphai		pending		
@surrealstationambience		pending		
@SurrealTroveMusic		pending		
@SurrealVerse_ASMR		pending		
@SurrealVisionArts		pending		
@SurrealWorld-j7m		pending		
@SurStormAI		pending		
@survivaall		pending		
@SURVIVAL3656		pending		
@SurvivalCamping7		pending		
@SurvivalCamping_hsmt		pending		
@survivalengineering3		pending		
@SurvivalGhibliWorld		pending		
@SurvivalHistory11	UCusqHiO8yVcX_8t0GPhxLAA	ok		Surviving the Past
@survivalhorrortales		pending		
@SurvivalIceTV		pending		
@survivalrecaps-061		pending		
@survivalstoriesai		pending		
@SurvivalTactics.2025		pending		
@SurvivalUnfiltered		pending		
@SurvivedTell		pending		
@surya_ai360		pending		
@SusanCCornish		pending		
@susanlovestories		pending		
@SUSHI_asmr08		pending		
@sushjha9140	UCPRcA7zJ1i22tnCfTB8oh4A	ok		Calm Whisper Tales
@SusRecordsCEO		pending		
@SusskindPhysicsLab		pending		
@susumu.music-Video		pending		
@Susundan		pending		
@SusurrosdeDios3167		pending		
@SusurrosdelAlma_ES		pending		
@Susurrosdrama		pending		
@SutterRay		pending		
@suViMiniVerse		pending		
@suvinsider1		pending		
@SuzanneCruz-m9d		pending		
@suzevidz		pending		
@SuzinFlow		pending		
@SV_Harmonies		pending		
@SvalaStunder		pending		
@SVE-v5j		pending		
@Svetogor-mix		pending		
@Swaggart8282		pending		
@swamproadthunder		pending		
@swapMtM		pending		
@SwapnalokaOfficial		pending		
@SwatPower	UCZa_lFGPot7fJI5L53FYY-g	ok		Swat Power
@Sweetag2785		pending		
@sweetanimal-i5j		pending		
@SweetBiteASMR-43		pending		
@sweetendingtales		pending		
@SweetEscapeDrama		pending		
@SweetestAfricanfolktales		pending		
@sweetfactories	UCe_GH-aHXozaDBN2bfcWIzQ	ok		Sweet Factories ASMR
@SweetfamilyrevengeUS		pending		
@SWEETFEELINGS8		pending		
@SweetHeart-h5u		pending		
@SweetheartMelodies-68L		pending		
@SweetJazzCafe-ki4jo		pending		
@SweetJazzMusic888		pending		
@sweetlifebeatlife		pending		
@sweetlovemelody		pending		
@SweetMapleDrama		pending		
@SweetnotesMusic		pending		
@SweetPawsAI		pending		
@SweetPayback_01		pending		
@SweetPaybackUS		pending		
@SweetPebble	UClL_sUKM9RtuY-UipzyRKfA	ok		SweetPebble
@SweetRevegDiaries		pending		
@SweetRomanceNight		pending		
@sweetstoryindia	UC0bgA9l1rvl3pFvalNDX6WQ	ok		Sweet Story India @
@SweetTelltalesofficial		pending		
@swetlanaAI		pending		
@swiatbiografii		pending		
@swiatowyekspres		pending		
@swiatzwierzat-q8j		pending		
@swietabiblioteka		pending		
@swietekody_pol		pending		
@swiftprocess		pending		
@SwingersLounge		pending		
@swinggolfology		pending		
@SwingingSixtiesDream		pending		
@SWINGSWINGSWING-y4h		pending		
@SwirveMixes		pending		
@swishshorts-g7q		pending		
@SwitchTop		pending		
@swordman008		pending		
@SwordsandShadowsHistory1		pending		
@SwordsExplained	UCl4eLtVC2rjfMAHXsobrk_Q	ok		Swords Explained
@syedahkampov		pending		
@SyedAmmir-n2n		pending		
@SylnexaStudios		pending		
@Sylphera		pending		
@SymphonicPowerMetAI		pending		
@SymphonicTechno-26		pending		
@SymphonicTechnoSound		pending		
@symphonyforge13		pending		
@SYMR-YT		pending		
@SynapseASMR-TV		pending		
@SynapticFairy	UCTFY7BhdLvjvDsIxJRS-FQA	ok		Synaptic Fairy
@SynapticInvesting		pending		
@Synaptixlabb		pending		
@synchedbyathena		pending		
@SynopticWorlds		pending		
@SYNTECH46		pending		
@Synth.Vibe_AI		pending		
@SynthAndClassics		pending		
@synthariaai		pending		
@Synthartik		pending		
@SynthCam		pending		
@SynthCinemaX		pending		
@synthcm-cf9cl		pending		
@synthdub_reggae		pending		
@SYnthe_Bgm-su6hs		pending		
@Synthetic-Sage-1		pending		
@synthetic_story_studios		pending		
@SyntheticDiceGoblin		pending		
@SyntheticDreamStudio		pending		
@SyntheticImaginarium		pending		
@synthetickayfabe		pending		
@syntheticsanctuary		pending		
@SyntheticThinker_exe		pending		
@Synthezik		pending		
@SynthMageYT		pending		
@SynthMind-t8s		pending		
@SynthNexusAI		pending		
@synthodysseyfm		pending		
@synthoforge		pending		
@SynthRealityOfficia		pending		
@SynthreelAI		pending		
@SynthShortsO		pending		
@SYNTHSOUNDSTV		pending		
@SynthStringLab		pending		
@synthtunes97		pending		
@SynthVisionAI-i1b		pending		
@SynthWave-h6m		pending		
@synthwaveanddragons		pending		
@synthwavechilloutmusic		pending		
@SynthwaveDreamRadio		pending		
@synthwaveheroes		pending		
@SynthWavesZ		pending		
@syorldinvestsus		pending		
@syotudio		pending		
@syraxverse		pending		
@SystemDecoded-f9h		pending		
@systemfaults		pending		
@SystemicError		pending		
@SystemNeuralSynd675		pending		
@systemofshane		pending		
@systemssecrets		pending		
@SystemyObronne		pending		
@systmsexplained8185		pending		
@SyuriStories		pending		
@SyyyRecaps		pending		
@sz-asmr-lab		pending		
@szepczacewierzbyspia		pending		
@SzepcząceWierzbyŚpią		pending		
@szeptpamietniki		pending		
@SzeptPamiętniki		pending		
@szeptrodzicow		pending		
@SzeptRodziców		pending		
@szeptslow		pending		
@SzeptSłów		pending		
@szimessiah9442		pending		
@szokujacefaktyiiwojny		pending		
@SzokująceFaktyIIWojny		pending		
@SØN_MUSIC-21		pending		
@SłodkaZemstaa		pending		
@SłowaPrzeszłości		pending		
@t-h-e-other-side		pending		
@t.heFinePRin.t		pending		
@T2worldvideo		pending		
@t_ai_x	UCHYFNOKY1YRvwBWqtgQUvMQ	ok		T. AI
@t_tv-1		pending		
@TaabelTale		pending		
@taamistudy		pending		
@TabbyDays-o4u		pending		
@tabibwani16		pending		
@TaboEminent		pending		
@taccotv	UCwzmFhITWcP0J28oX6pKYTA	ok		Storytime ANIMATION
@TacticalHonor-h4q		pending		
@TacticalHour		pending		
@TacticalPursuits-h7e	UCf3I91PVLfjUSaDIVRNs3Qg	ok		TP Stories
@TacticalSprinkles		pending		
@TacticasDesconocidas		pending		
@Tador.Artistu		pending		
@TaehyungTapes		pending		
@tafuna684		pending		
@TahaAutomationOCB		pending		
@Tail_TheoryYT		pending		
@TailRippleMedia	UC8QJEsghJxMK5yTL83qMclg	ok		TailRipple Media
@TailsofHope99		pending		
@TailsXIV		pending		
@taintedholocron		pending		
@TaisiaVisualsAIStudio		pending		
@TaisteluhistorianArkisto		pending		
@tajemnicaprzeszlosci		pending		
@TajemnicaPrzeszłości		pending		
@tajemnicaswiataujawniona		pending		
@TajemnicaŚwiataUjawniona		pending		
@tajemniceancestralne		pending		
@TajemniceDnia		pending		
@TajemniceKosmosuPOL		pending		
@TajemniceNarodu		pending		
@tajemnicerodzinne		pending		
@TajemniceW		pending		
@TajemniceZSRR		pending		
@TajemniczeHistorie8		pending		
@tajemnyvesmir		pending		
@tajemstvikosmu-c		pending		
@tajemstvivesmiru2025		pending		
@TajemstvíKosmu-c		pending		
@Tajemstvívesmíru2025		pending		
@tajnykapital		pending		
@Tajnykapitał		pending		
@TaktykiPrzetrwaniaRetro		pending		
@takumi_2026		pending		
@TaleCanvas-b2c		pending		
@talechron		pending		
@TALEFLIX--182		pending		
@TaleHub-m8j		pending		
@Talelensdrama		pending		
@TaleNovaAfrica		pending		
@TalentArenaShow		pending		
@TalentNova-m4o		pending		
@TaleReader_0		pending		
@Tales-Of-Star-Wars		pending		
@Tales1940		pending		
@tales_after_dawn		pending		
@TALES_BY_AMAZING_GRACE		pending		
@Tales_by_Grace		pending		
@tales_bychristy		pending		
@Tales_From_The_Frontline		pending		
@Talesandplotsss		pending		
@TalesandTunes34		pending		
@TalesAtDawn		pending		
@TalesBeneathSkin1		pending		
@Talesbeyondafrica101		pending		
@Talesby_Chizi		pending		
@TalesbyAfrikans		pending		
@TalesByAI25		pending		
@Talesbyalysia		pending		
@TalesbyAma-m9b		pending		
@TalesbyApochi		pending		
@TalesByAzi		pending		
@talesbybibaa		pending		
@Talesbybryan		pending		
@TALESBYBUSAYO-k9e		pending		
@TalesByCHNStories		pending		
@TalesbyEli		pending		
@TalesbyEmma-y5x		pending		
@Talesbyeni25		pending		
@TalesbyFavour7		pending		
@Talesbyfay-m8w		pending		
@TalesbyGlowracleOfficial		pending		
@TalesbyGrace-u3t		pending		
@TALESBYGUDO10		pending		
@TalesbyHamaka		pending		
@talesbyhamseid		pending		
@TalesbyHappiness-u6j		pending		
@talesbyhoney33		pending		
@TalesbyIBM		pending		
@TalesByIfeoma-77		pending		
@talesbyify-r5i		pending		
@TalesbyJaylasMum-e5c		pending		
@TalesbyJazmyn		pending		
@Talesbyjohnson1		pending		
@TalesbyJoyce-xoxo		pending		
@Talesbyjulibangs		pending		
@talesbyjulie-s3k		pending		
@TalesByKelechi		pending		
@TalesbyKelly		pending		
@Talesbykwame		pending		
@TalesbyLessie		pending		
@talesbylestin		pending		
@TalesbyLunchtime		pending		
@Talesbylyndixstudio24		pending		
@talesbymaliq		pending		
@talesbymamag8820		pending		
@Talesbymardhiyyah		pending		
@talesbymimiai		pending		
@TalesbyMira-1		pending		
@Talesbymjruby		pending		
@talesbymonisha		pending		
@TALESBYMOONLIGHT-NG		pending		
@Talesbymoonlight-T		pending		
@TalesByMoonlight-w3y		pending		
@Talesbymourice		pending		
@talesbynaza4		pending		
@TalesbyNekky		pending		
@talesbynifemi		pending		
@TalesByNkiru		pending		
@Talesbyonyii		pending		
@TalesbyPNs		pending		
@TalesbyProsper		pending		
@TalesbyStarr		pending		
@talesbyTDmedia		pending		
@Talesbythatigalaqueen		pending		
@TalesbyTimmy		pending		
@TalesbyTristan		pending		
@talesbytyron		pending		
@talesbyudenyi		pending		
@talesbyveeaafrica		pending		
@TalesByVeraB		pending		
@talesbyvictoria-c9r		pending		
@TalesbyWandia		pending		
@talesbywaveandhistory		pending		
@TalesbyZagocha		pending		
@TalesbyZainab3		pending		
@taleschronicles26		pending		
@TalesfromAfricaStories		pending		
@TalesFromForever		pending		
@TalesFromHollowmere		pending		
@TalesFromMercyRidge		pending		
@talesfromthefarshore		pending		
@TalesfromtheHOA-g9l		pending		
@talesfromtheroot		pending		
@TalesfromtheSuburbs		pending		
@TalesFromTheVoid-WH		pending		
@TalesHOAStories		pending		
@TalesInMeIody		pending		
@talesntribes		pending		
@talesofabard		pending		
@talesofaetherwood		pending		
@TalesofAfricanWhispers		pending		
@TalesOfAfricaStudio		pending		
@TalesofAlandria		pending		
@TalesofArdaa		pending		
@TalesofCaeleria		pending		
@talesofchronicles007		pending		
@Talesofdecades1		pending		
@TalesofHearts-p9g		pending		
@TalesofHOADrama		pending		
@Talesofhoney-o		pending		
@talesofilliora		pending		
@talesoflaws		pending		
@TalesOfLife_YT		pending		
@TalesofLove-channel		pending		
@TalesOfNigeria		pending		
@TalesofRedditLove	UCQqskkiflnCvnkWmdLdIBWg	ok		Tales of Reddit Love
@TalesoftheForgottenPath		pending		
@TalesoftheHive222	UCBo5zEbkj1-BYfj8leDnY4w	ok		Tales of the Hive
@TalesoftheSoil11		pending		
@TalesofValor-Podcast	UCHSQ8z0h_Ho8_tKk5gwDlTQ	ok		Tales of Valor-Podcast
@TalesofVelmora		pending		
@TalesProject		pending		
@TalesReforged		pending		
@TalesSphere		pending		
@Talesstories99-u5l		pending		
@TalesThatTouch-1		pending		
@TalesTransmuted		pending		
@TalesTwists-q9x		pending		
@Talesunfolded11		pending		
@taleswitdun		pending		
@taleswithani		pending		
@TaleswithAnnie		pending		
@TalesWithChisom		pending		
@TaleswithDebby		pending		
@taleswithhaybee12		pending		
@Taleswithmimi-AiStories		pending		
@taleswithmobo-84		pending		
@TaleswithRose		pending		
@TaleTalk_EN		pending		
@taletellstoriestvplus		pending		
@talevane		pending		
@TaleVerse-y5x		pending		
@TaleVerse11		pending		
@talezaya		pending		
@talezoo2015		pending		
@talithakoumbennett		pending		
@TalkHistoryTV		pending		
@talking_angela3	UCWzTZ_okpxsmj-D5xOxZWWA	ok		TALKING ANGELA 3
@TalkingFoodAI-c7c		pending		
@TALKINGFOODANDFRUITAIVIDEOS		pending		
@talkingfruitsaiofficial		pending		
@TalkingFruitStories-s3d		pending		
@TalkingKitchenAI111		pending		
@TalkingRealMoney		pending		
@TalkofAfrica360		pending		
@TalksByKate		pending		
@TalkTickersPodcast		pending		
@talkwithaicats	UCkts92w_mBoRIkIDmBN5ndg	ok		Talk With Ai Cats
@talkwonder		pending		
@TalkyFruitsLK		pending		
@TallerdeRecuerdos		pending		
@TallTalesRecap		pending		
@Talvorastudio		pending		
@TalvoraXStudio		pending		
@tamannavibes19		pending		
@Tamilcomedy7		pending		
@Tamilselvanofficial		pending		
@tamim_factz	UCv8uDfLz_AFi-nJ3wKKKOug	ok		Tamim Factz
@Tamonteno		pending		
@TampogiMusicChannel		pending		
@tandezotandezo		pending		
@TangraAIMusic		pending		
@tanha-kids		pending		
@Tanhaimelodys		pending		
@Taniasenmajumder		pending		
@tanimalik-f9q9b	UCyN8TUHRyTZMiS_yl38NvvQ	ok		Storytime with HOA
@Tanjeria		pending		
@TanjiroRecap-q9f		pending		
@tankermedia	UCQ8DPkzQBZC5CRN4dAw28jA	ok		TankerMedia
@Tanlaus		pending		
@TansenBluesClub		pending		
@tanutanuRecords		pending		
@taoprompts		pending		
@taoyaoshortfilm		pending		
@tapesgmod		pending		
@taptech-shoaib		pending		
@tar_animation		pending		
@taraaianimation	UCxQC0hOfa6QJMsxbWZFJN9A	ok		Tara Ai Animation
@tarasshebek8270		pending		
@TarBynEnt		pending		
@TardimAIASMR		pending		
@TargaryenKings		pending		
@Tarihlojii		pending		
@TariqKhan-ms4le		pending		
@tariqpathanscienceacademy-7901		pending		
@TarmacHub		pending		
@tarobhaiprince		pending		
@tarona_ai		pending		
@tartariahistorian		pending		
@tartariarebornAI88		pending		
@TartariaVault		pending		
@TartarottiCuriositiesCh		pending		
@TARUNN_ND		pending		
@TarunStories1		pending		
@tarunwithfacts-1		pending		
@tasawergaming		pending		
@taskforcewhiskers		pending		
@tasni-999	UClDlVqJ9-GjNy4uSaCEr2Jw	ok		Ai ASMR
@tasnimnewsagency205		pending		
@TastebudsAtlas		pending		
@Tastories-4u		pending		
@tastyminiai-hmz		pending		
@tatachan31		pending		
@tatfarmprocesses	UCDJKGqpDsOYdNA2msLf8UAQ	ok		TAT Farm Processes
@Tatopia-travel		pending		
@TatoSports		pending		
@TattooVibesMusic		pending		
@tatyana.filimonova.creative		pending		
@TatyanaAwesomeAIWorlds		pending		
@Taucher4001		pending		
@tavernandtale		pending		
@TavernGirl		pending		
@TavernPulse		pending		
@TAYLORIZED		pending		
@TazannaBMG		pending		
@Tbud-TravelAI		pending		
@TC-coil		pending		
@tcjplayer		pending		
@Tcorporation1		pending		
@teamoffgaibandha	UC2SPLrrvoBXz1Jaj_g63U_w	ok		Team Off Gaibandha
@Teaser-Holic		pending		
@Teaser-Universe		pending		
@TeaserCon		pending		
@TeaserForgeAI		pending		
@TeaterLemon		pending		
@teatime_bl		pending		
@Tech-1-Uncovered		pending		
@Tech_History_Channel		pending		
@tech_rank		pending		
@TECH_USA_GLOBAL		pending		
@techaakashhelp		pending		
@TECHADVENTURE_Offical		pending		
@techanimation4	UCxVn6LgJnb54dleumtwZ7yg	ok		techAnimation
@techanurag-s4q		pending		
@TECHATOP		pending		
@techauthorityzone		pending		
@Techblessing-x4v		pending		
@techdisctrict		pending		
@TechDotSumit		pending		
@TechDuoo		pending		
@techearningorbit		pending		
@TechExplorer_07		pending		
@TechEyeSpy		pending		
@TechFlicks-dy8iu		pending		
@TechFrontier-AI		pending		
@TechGeniusHub-AI		pending		
@techguyver1337		pending		
@TechieSapien		pending		
@TechinaTeacup2		pending		
@TechinEnglish		pending		
@techisrail		pending		
@Techkrisna		pending		
@TechLifeTL		pending		
@Techlume-o3z		pending		
@techmap9		pending		
@TechMotorShow		pending		
@Techne-ai		pending		
@technicaldanish		pending		
@Technicaljoshibhai		pending		
@TechnixKannadiga		pending		
@Techno_Void		pending		
@TechnologyandGaming01		pending		
@TechnologyLifeblue-v3g		pending		
@technologymobnews		pending		
@technologynextworld		pending		
@TechnologyShortYotube		pending		
@TechnoMusicEDM		pending		
@technovideossuman3208		pending		
@Techorbit-h6p		pending		
@TechPoint-u3w		pending		
@techpulse_uk		pending		
@techrefresh786		pending		
@techreport-v8f		pending		
@TechReviewBD		pending		
@TechRiddle_yt		pending		
@TechRush_		pending		
@TechShieldUSA		pending		
@TechSolutionz	UCfH9NKEyR22XyeTOwfZuKKg	ok		TechSolutionZ
@TechSushant2		pending		
@TechTested-c6c		pending		
@TechTipDaily		pending		
@TechTransport777		pending		
@TechTriangleOfficial		pending		
@TechTutorZones		pending		
@TechUnfilteredleaks		pending		
@TechVersity2.0		pending		
@TechVexoraHub		pending		
@TechVisionUSAOfficial		pending		
@Techwithans29		pending		
@TechWithMajeed12		pending		
@techwithniru		pending		
@techwithoz101		pending		
@TechWkly		pending		
@TechyGyan99		pending		
@techzone_tv		pending		
@TecnoramaTechReviews		pending		
@tecpathum		pending		
@teddymusic-j4r_fan_made		pending		
@TeddyTvMix		pending		
@Tee3Mediahub		pending		
@TeefaTiny		pending		
@TeenStorySchool		pending		
@TeesTalesbyMoonlightt		pending		
@teetu.Bandar		pending		
@TejahanumanPala		pending		
@tekingame		pending		
@TEKTHRILL		pending		
@Telefytv		pending		
@TellinggStoriess		pending		
@TellingStoriesOfRevenge		pending		
@TellMeAHistoryToSleep		pending		
@TellTheStoryPodcast-r2u		pending		
@TellyHD-e5q		pending		
@TeloCuentoRoma		pending		
@Telon_doc		pending		
@TeloPintoFacil		pending		
@Telotop		pending		
@teluguknowledge42		pending		
@temamusicai1288		pending		
@temanirmiya5		pending		
@TemiAistories		pending		
@TempelDerStille-De		pending		
@TemplarHymns		pending		
@TempoDramaTV		pending		
@TemptedHearts-p6f		pending		
@TenderFeelings-i3s		pending		
@TenderHearts01		pending		
@TenderLoveStories-q5c		pending		
@TenderMayUSA		pending		
@TenderReason		pending		
@TendieTales	UCKGBRtUMf1IqI7pxJZz_ENA	ok		TendieTales
@Tendyap	UCxw_ND2PtAI4AQN3OGCX2-g	ok		Oplosan Channel
@tenembaum.mookie		pending		
@Tennisgame-z5t		pending		
@tenqidaz		pending		
@TenyAiZone		pending		
@TERAVIBE		pending		
@Terminal90TV		pending		
@TerminalCut		pending		
@terra_peregrine		pending		
@TerraFactor		pending		
@TerraFistHFY	UC7AyU7dTR_TKKv7FWyyLH4w	ok		TerraFist HFY
@TerrafyingWorld		pending		
@terraincognitasciencesoubliees		pending		
@TerraIncognitaSciencesOubliées		pending		
@TerraInflux		pending		
@TerranovexHFY		pending		
@TerranProtocol		pending		
@TerranWorks		pending		
@terrasecrets26		pending		
@TerriGarnelAIArt		pending		
@TerrilliumV		pending		
@Terrorath		pending		
@TeslaCarWorld		pending		
@TeslaCentralHD		pending		
@TesoroNaturalesp		pending		
@tessstoryvault		pending		
@TestifyShorts		pending		
@tetherflash_shop		pending		
@tetherflashshop		pending		
@TETSU_REDRIVE		pending		
@tetsuonozawa3812		pending		
@TevonasticStudios		pending		
@TexasBluesVibes		pending		
@TexasGround-r4r		pending		
@texasknows		pending		
@TexasReality360		pending		
@TexasReaperRadio		pending		
@TexasTownExplorer		pending		
@TexasUnfiltered-x4e		pending		
@textuxtt		pending		
@tezaurlautaresc		pending		
@TezaurLăutăresc		pending		
@tfcovers		pending		
@tg-comic		pending		
@TGMILER		pending		
@th3escape		pending		
@tha_dood		pending		
@ThaiXtremeHub		pending		
@Thalrynn		pending		
@ThangLongThanh		pending		
@Thaooath		pending		
@Thaph_lion		pending		
@tharangagunathilaka4990		pending		
@thatday-z3i		pending		
@thatdigitalstrategist		pending		
@thatguytalk		pending		
@thatidiotbox		pending		
@ThatimeLoop		pending		
@thatiskarma		pending		
@ThatsAImusic1		pending		
@ThatsHistoryChannel		pending		
@thattrendingsong		pending		
@ThatWhichHides		pending		
@THAutoReviews		pending		
@thdfilms		pending		
@The-Age-of-Robots		pending		
@the-ai-timetraveller		pending		
@the-british-past	UCdk-mkC4ghTExaD5lbEfe_g	ok	@90s-bollywood-k3h	90s Bollywood Music
@The-Capital-Desk		pending		
@The-Celtic-Mage		pending		
@The-Chupacabro		pending		
@The-Digital-Investor		pending		
@THE-EmpireCycles		pending		
@The-Hidden-History-Project		pending		
@The-HiddenFrame		pending		
@the-hiddenops		pending		
@The-Investor-Mind		pending		
@the-meowmint	UC-nTCrj92edQkq7WbMR3_xg	ok		The MeowMint
@The-Pauper-Duchess		pending		
@the-sleepiest-historian		pending		
@The-Stack-ai		pending		
@The-Value-Oracle		pending		
@THE.AI.MARVEL		pending		
@The.ancientworld		pending		
@The.Duchess.DiariesTales		pending		
@the.faithfulbuilder		pending		
@The.FilmCut		pending		
@the.glass.eat5		pending		
@The.Hidden.ChapterYT		pending		
@the.love.chapters		pending		
@the.prompt.canvas		pending		
@the.promptverse_ai		pending		
@The.Sultanate.channel		pending		
@The.World.Revolution		pending		
@The1DollarMiracle		pending		
@The1dollarSolution		pending		
@The1UpAI		pending		
@The2DTake		pending		
@The304AIMafia		pending		
@the3mfamily1		pending		
@the49thparallel-yt		pending		
@The5thKind		pending		
@the90lens		pending		
@The_AI_Bible_Guy		pending		
@The_AI_Century		pending		
@the_AI_Doorbell		pending		
@the_Ai_verdict		pending		
@the_aimarvel		pending		
@The_Animal_Central		pending		
@the_biblesecretAI		pending		
@The_Biblical_Outline		pending		
@the_cozycorner_32		pending		
@The_Daily_Downshift		pending		
@the_dublin_smashers		pending		
@The_Explainer3		pending		
@The_Factual_Ai		pending		
@the_faithful_path		pending		
@The_Feynman_Way		pending		
@the_finance_desk1		pending		
@the_firstdawn		pending		
@the_flavor_verse		pending		
@the_four_friends-w5e	UColPrx1bAwvkd7pI6Oio-pg	ok		The four friends -AI
@The_Grand_Tapestry_of_Belief		pending		
@the_hills_ancient_adventures		pending		
@the_house_ofaroma		pending		
@the_hyperlink		pending		
@The_Last_Confession90s		pending		
@The_Lore_Labyrinth		pending		
@The_Lying_Pie		pending		
@The_Miner-h5h	UCNUCq8N-KLpwYMI8t2AT4yg	ok		The Kindness Miner
@The_Modern_King		pending		
@The_Money_Mindset_Co		pending		
@the_motivation_lab-motivate		pending		
@the_next_show		pending		
@The_NorthPoint		pending		
@The_OB_Music		pending		
@the_observer_effects		pending		
@The_Official_DERP_TV		pending		
@The_POV_Lab_535		pending		
@The_Quick_Vibes		pending		
@The_RainingRoom		pending		
@The_Reddit_Vault-YT		pending		
@the_rising_guy		pending		
@The_Royal_Files		pending		
@The_Silent_TeamTST		pending		
@The_silent_truth_1		pending		
@The_Smart_Retirement		pending		
@THE_SNUBZ		pending		
@The_TechTrends		pending		
@the_thought_vortex		pending		
@The_TranquilCodex		pending		
@the_trendingtech		pending		
@The_Unbroken_Trident	UCJv_5gn2BVBpriecppwx8wA	ok		The Unbroken Trident
@the_unlucky_peasant		pending		
@The_Wealth_Schema		pending		
@The_WildWild_West		pending		
@TheA.I.LifeYT		pending		
@TheAfricanFolktalesbySelah		pending		
@TheAfricanStory-t1y		pending		
@TheAfricanStoryKingdom		pending		
@theafronarcpodcast		pending		
@theafterhoursplaylist		pending		
@TheAI-Bible		pending		
@TheAIAftermathMusic		pending		
@theaianimation-b1j		pending		
@TheAIArtist98		pending		
@TheAIBible-ot2om		pending		
@TheAIbible685		pending		
@THEAIBIBLEGLOWGLOBAL		pending		
@TheAIBibleGuy		pending		
@TheAIBibleOfficial		pending		
@TheAIBibleProject		pending		
@TheAICatKitchen		pending		
@theaicatshow247	UCDRI3z0HsOoPu6-iDLkem3A	ok		The Ai Cat Show
@theaicatviralshort	UCKwOF7KEMPtH2ehRNdW65YQ	ok		Ai Cat Viral Short
@theAIchristianbible-dj3ir		pending		
@theaicinema249		pending		
@TheAICreatorLab-bvl		pending		
@TheAICube		pending		
@THEAIEDIT-a19		pending		
@theaifilmmakingadvantage		pending		
@TheAiForRealLifeChannel		pending		
@TheAIFreelancer-ai		pending		
@TheAIFruitShow		pending		
@theaifuture-t9n	UCGwebts_gRgqqUVQ1oRnkFA	ok		The ai Future
@TheAIGospelProject-n4v		pending		
@theaigrowthlabnet		pending		
@TheAIHeaven		pending		
@TheAIHustle-zg5ej		pending		
@theaijodi		pending		
@TheAIJudgeShow		pending		
@TheAILab-t8w		pending		
@theailearning		pending		
@TheAILifeStories		pending		
@TheAIMachineZ		pending		
@TheAIMotionDirector		pending		
@TheAIMusicChannel1		pending		
@TheAIMusicStudioOfficial		pending		
@TheAINexusOfficial		pending		
@TheAIPodcastExperience		pending		
@TheAIPOVYT		pending		
@TheAIQila		pending		
@TheAIRasoiShorts		pending		
@TheAircraftGuide		pending		
@theAIrecapOfficial		pending		
@TheAIRequiem		pending		
@theairgap		pending		
@TheAiSeer-b7w		pending		
@theaistorymaker		pending		
@TheAITales		pending		
@TheAITeaserLab		pending		
@theAItechtoolbox		pending		
@TheAITimeVault		pending		
@TheAiUniverse-w5h		pending		
@TheAiVault-Marvel		pending		
@TheAIVidLab		pending		
@theaiwizzard		pending		
@theaiworld-h3j		pending		
@TheAIWorldChef		pending		
@theakyr		pending		
@theAlchemistTruths		pending		
@TheAlgoRhythmOrchestra		pending		
@TheAllbudget		pending		
@TheAlphaBrief		pending		
@TheAlPulse-c2f		pending		
@TheAlternativeMarketGuide		pending		
@Theamadiaries		pending		
@theamazinggadgets-i5j		pending		
@TheAmbienceGirl	UCmcxye-ErKj9oDgpeaRvEOA	ok		The Ambience Girl
@TheAmericanCourtroom		pending		
@theamericanWW2-n3m		pending		
@theamericaweremember		pending		
@TheAnalystYTs		pending		
@theancientafricafolktales		pending		
@theancientgroit		pending		
@TheAncientOrigins		pending		
@TheAncientWitness		pending		
@TheAngelProtocol		pending		
@TheAnimalDudeYT		pending		
@theanimatedstates0	UCTVnpqauSD6SIKsa-UX7iFw	ok		The Animated States
@theanimegaaang		pending		
@theanimelofi		pending		
@theanistory-b4p		pending		
@theanonlore		pending		
@TheAntiquarianFiles		pending		
@TheAppVerdict		pending		
@TheArchetype2303		pending		
@thearchiveinbetween		pending		
@TheArchiveofBuilds		pending		
@TheArchiveofWhispers		pending		
@theArcTeller		pending		
@TheArtificialHumour		pending		
@TheArtificials-AI		pending		
@TheArtofInvesting-SamZell		pending		
@theashenledger-f5z		pending		
@TheAsianGuy-JohnAG		pending		
@TheAsianGuyg9h		pending		
@TheAsymmetryLab		pending		
@TheaterOfConquest		pending		
@TheAussieMechanicGreg		pending		
@TheAussieSovereigns		pending		
@TheAutoExplore1		pending		
@theautomagicaluniverse		pending		
@TheAutomatedDaily		pending		
@TheAutomaticSinger		pending		
@TheAutoSignal		pending		
@theautotubeacademy		pending		
@TheAvalune		pending		
@theaviationparadox-g8t		pending		
@TheAvoidantGuide		pending		
@TheAvoidantMystery		pending		
@TheAwkwardHourYT		pending		
@TheBackPorchMusic		pending		
@TheBadlyExplainer		pending		
@ThebardicDM		pending		
@TheBattleHistorian		pending		
@thebattlenetwork	UC4Yi1YyiEbkxaet_kazonCg	ok		The Battle Network
@thebeardedmktr		pending		
@TheBeatlesSecretStories		pending		
@TheBeatlesStoriess		pending		
@TheBeautifulGameExplainedd		pending		
@thebeckerprotocol		pending		
@TheBedtimeHistorianOfficial		pending		
@TheBedtimeHistory-icdi		pending		
@thebeliefguide	UC1WJtDfdoD0NdHbn_cNJQdg	ok		The Belief Guide
@thebellstory-l7m		pending		
@thebestofvocaltrancemix		pending		
@TheBestSelectionPicks		pending		
@TheBetrayedQueen-US		pending		
@theBible_Mysteries		pending		
@Thebibleai-t6d		pending		
@thebibleawakens		pending		
@TheBibleSecrets-q9u		pending		
@TheBibleSeen		pending		
@TheBibleSeminary		pending		
@thebiblesignal-r4c		pending		
@TheBibleStories-Jesus		pending		
@TheBibleStoriesYT		pending		
@thebiblestoryofai	UCq6FJKiRh6OUh8W1Yt8CInA	ok		AI Bible Stories
@thebiblestoryteller88		pending		
@Thebiblewithin-y4p		pending		
@TheBibleWitnessChannel		pending		
@TheBigFootRecord		pending		
@TheBiggerPictureOfficialYT		pending		
@TheBillionairesChoice-US		pending		
@TheBitNext		pending		
@thebizarrevault	UCNVUeK6Hk5LrtbUo0tBq27w	ok		The Bizarre Vault
@TheBlacked-OutFile		pending		
@Theblackpainter-ro8nn		pending		
@TheBlackVoices	UCPFwwyCEEj1X1iUY6bimK4Q	ok		Black Voices
@TheBlessed-SpaceOfTales		pending		
@theblessingezikeanyi		pending		
@TheBlissofTrueStories		pending		
@TheBLissTales-m9l		pending		
@thebloodlaws		pending		
@TheBluebirdHourBLAudio		pending		
@thebluehorizon_ai		pending		
@TheBlueprintVault_WW2		pending		
@TheBlueTabby		pending		
@TheBlueZoneWay		pending		
@TheBLVCKSHEEP-w7h		pending		
@thebodyvault95		pending		
@TheBoneMaestroUniverse		pending		
@TheBoringRichCo		pending		
@TheBoxingLab1		pending		
@TheBrainRotBob		pending		
@TheBrainrotHQ		pending		
@TheBrandzAudit		pending		
@TheBrassBanshees		pending		
@TheBraveHoof		pending		
@TheBraveNurse		pending		
@thebraziliancountesstales		pending		
@thebritishfarmchronicle		pending		
@TheBrownieBarByPREETHI		pending		
@theBrutalReviews		pending		
@TheBuildingPoint		pending		
@TheBullionBossOfficial		pending		
@TheBullRun-i4p		pending		
@TheBuriedVault-g2x		pending		
@TheBurryFramework		pending		
@TheBusinessMonitor		pending		
@TheCachee		pending		
@thecalmingcauldron		pending		
@TheCanadaChronicles		pending		
@TheCandlelitHistory		pending		
@TheCapital_Edge		pending		
@TheCapitalExplained		pending		
@TheCapitaltalk-g2y		pending		
@TheCarAnalyst-s2v		pending		
@TheCarLux		pending		
@thecarpulseusa		pending		
@thecarvingstudio7		pending		
@thecatbonds	UCpg52OgmEBfo5apLjlqPsfw	ok		The Cat Bonds
@thecatfamilyworld	UCfF8vFiTNKU6EuryD43nnqQ	ok		The Cat Family World
@thecatmythos		pending		
@thecatscute97	UCXcGyS9ZGEYHBefUIQofDeg	ok		The Cat’s Cute
@thecatsmeow-v9e	UCtaPeXyF41XVj07wS4EuTKw	ok		The Cat’s Meow
@TheCelebStory-official		pending		
@thecelticecho		pending		
@TheCelticFolkChannel		pending		
@TheCelticMaiden1		pending		
@TheChamberStage		pending		
@Thecharlesrivera	UCEobHVUOEczeGCls_IzrY2w	ok		Charles Rivera
@TheCheater2209		pending		
@TheCheekyCelt		pending		
@thechillibara		pending		
@TheChillOutAImusic		pending		
@thechinareporteryt		pending		
@TheChizzyCurrency		pending		
@thechoicelabtv	UCPE8Iy4Y5wr8u6fM8mbh-Hg	ok		The Choice Lab
@TheChosenConflict777		pending		
@thechosenone-x5q	UC2CSf2NgpLpD4G1s8B92Isg	ok		The chosen one
@TheChristianWave		pending		
@TheChroniclesOfCreatures		pending		
@TheChroniclesofTolkien		pending		
@TheCinemaRadio		pending		
@Thecinematicworldai		pending		
@TheClassical2023		pending		
@TheClawofAnatolia		pending		
@theclinthub		pending		
@TheCloudXBerry		pending		
@theclue_EN		pending		
@thecodebear		pending		
@TheCodeMechanicsOfficial		pending		
@TheCodexOrigin		pending		
@TheCollabStudioHD		pending		
@TheCollapseFiles-l2t		pending		
@thecombatdiaries1		pending		
@TheComebackQueen-US		pending		
@TheComfyCozyCafe		pending		
@TheCompleteProcess		pending		
@TheConcealedBonds	UCna-XvauzIQPo7jndvKz06g	ok		The Concealed Bonds
@TheContextWindows		pending		
@TheCorporateSystem		pending		
@thecosmicperspective-x5r		pending		
@TheCosmicVanguard	UCzQaxlzemIwC1Rv011MIndg	ok		The Cosmic Vanguard
@TheCourtOfMotion		pending		
@TheCourtZone		pending		
@TheCowboyChronicle-w5y		pending		
@TheCowboysLoveStories		pending		
@TheCowboyStoryteller-p5n		pending		
@TheCozyHearths		pending		
@TheCozyHideaway		pending		
@TheCrackedFiles		pending		
@TheCrimsonCountess-n5j		pending		
@TheCrookedExplainer		pending		
@TheCrownFiles1		pending		
@thecruisesecrets		pending		
@TheCrunchMatrix		pending		
@theCryptoFiles-h5d		pending		
@thecuriouscatt	UCcP3cV95w9VAym7RrYcTtAw	ok		The Curious Cat
@TheCuriousMind12-e2c		pending		
@TheCuriousPhysicist-l3n		pending		
@thecursedaltas		pending		
@thecutecat129	UCkd7l4AMh3En9w4Ub38yvrw	ok		The cute cat
@thecutestaicats	UC9vJ-VdCdKW0tMSYF7TV_pQ	ok		The Cutest AI Cats
@ThecutFrame		pending		
@thecyberpaws	UCWzywHhjKZh2vbtayTmbmsQ	ok		The Cyber Paws
@TheCypher333		pending		
@thedailyaipodcast		pending		
@TheDailyGrindLofiCoffee		pending		
@thedailyhopestories-k3		pending		
@TheDailyKaren		pending		
@TheDailyLesson-j1l		pending		
@thedailyshiftnetwork		pending		
@thedailysparkprofessional26		pending		
@TheDalioMethodUSA		pending		
@TheDancingCatShow		pending		
@TheDangerousAI		pending		
@TheDarkBadge		pending		
@TheDarkCountrySound		pending		
@TheDarkHorizonYT		pending		
@TheDarkLedgerIntel		pending		
@TheDarkMythArchive		pending		
@TheDarkOutlaws		pending		
@TheDarkQueenUS		pending		
@TheDarkSigil		pending		
@TheDarkThrone-o2w		pending		
@TheDawnOfHope-x1j		pending		
@TheDawnWhispers		pending		
@TheDaydreamRetreat		pending		
@thedealdragon		pending		
@TheDebtLedger-d2k		pending		
@TheDecoderCrime		pending		
@theDEDsouls		pending		
@TheDeepFocusStation		pending		
@THEDELISTED		pending		
@TheDevotedDrop		pending		
@TheDevPsyche		pending		
@TheDexAI		pending		
@TheDiaryofhearts		pending		
@thedictatorarchives	UCzJgjLREtDZSutWa-Gv36hg	ok		The Dictator Archives
@TheDictatorLab		pending		
@TheDigitalCourses83		pending		
@TheDigitalTemptation		pending		
@TheDigitalVassal		pending		
@TheDimonAnalysis-i1v		pending		
@TheDivineInterpreter		pending		
@TheDNAFiles123		pending		
@thedoctrineco		pending		
@thedogbonepodcast		pending		
@TheDogSpirit96		pending		
@TheDollarPilot		pending		
@thedoomscrollfinalboss		pending		
@TheDoomsdayVault		pending		
@TheDoorbell-e3m		pending		
@TheDoorbellArchives		pending		
@TheDoorBellFiles-x7b		pending		
@thedorbrothers		pending		
@thedragonchronicles.1		pending		
@TheDragonstone0		pending		
@TheDrakensbergDragon		pending		
@TheDramaLabTW		pending		
@TheDrawingRoomHQ		pending		
@thedreamerwave		pending		
@TheDreamJourneyAi		pending		
@TheDreamMetropolis		pending		
@TheDreamoria		pending		
@TheDreamWeaver-m6o		pending		
@TheDregoEffect		pending		
@TheDriftingAtlas		pending		
@TheDrowsyArchive-c		pending		
@thedubb001		pending		
@theduchessnobodychose		pending		
@TheDukesDiaries		pending		
@TheDustSinRadio		pending		
@TheDwarfsRest		pending		
@TheeAiRemix		pending		
@TheEarthUnbound		pending		
@theeasternmethod		pending		
@TheEasygoingAnimals		pending		
@TheEchoesFromNowhere		pending		
@TheEchoesofAntiquity1		pending		
@theeconomicalarm		pending		
@TheEconomicArchive00		pending		
@TheEconomicEdgeDailyBriefing		pending		
@TheEconomicEdgee		pending		
@TheEconomicHype		pending		
@TheEconomicLens13		pending		
@TheEconomicPhilosopher		pending		
@TheEconomics-Vault		pending		
@TheEconomicShock		pending		
@theeconomyhistorian		pending		
@TheelseviewTV		pending		
@THEEMERALDTRAIL		pending		
@TheEmotionalEdgeHQ		pending		
@TheEmpirePOV		pending		
@TheEnchantedNights		pending		
@TheEngineArchives	UCagAy_MPBvXvLcsxZmLgUNw	ok		The Engine Archives
@TheEngineerOwl		pending		
@TheEnglishDogtor		pending		
@TheEnkiCodex		pending		
@TheEntireHistoryDocumentaries		pending		
@theepicmetalviolincovers-p4		pending		
@theepicwild		pending		
@TheEQMind		pending		
@TheeQuietRomantics		pending		
@TheEternalFireside		pending		
@TheEternalGuardWatch	UCRZ8SW_ZydSdLVZuQfMvhsQ	ok		The Eternal Guard Watch
@TheEtherealWisdom		pending		
@theethnoai		pending		
@TheEvaluat0r		pending		
@TheExpensivePart		pending		
@TheExpertDrive		pending		
@theexplainer223		pending		
@TheExplainerBoss		pending		
@TheExplainerComics	UClsmGd93-jZy7VrZ2kZl8rw	ok		The Explainer Comics
@TheExplaineryYT	UCdtYJVWY83oVTuifBLLiKFA	ok		The Explainery
@TheExplorer-i4x		pending		
@TheExposedFile		pending		
@TheExtreme-Edge		pending		
@TheFactoran		pending		
@TheFactumGhost		pending		
@TheFallOfNations		pending		
@TheFalloutLeo		pending		
@Thefalseflags		pending		
@TheFamilyVerdictRoom		pending		
@thefarmerstruth		pending		
@TheFashionFable		pending		
@TheFatCatReport	UCmCODoK1cVL5bReq_Ycci5A	ok		The Fat Cat Report
@TheFathersVengeanceUs		pending		
@TheFearBehindYou		pending		
@TheFeatherCrew		pending		
@TheFelineTheory		pending		
@TheFeynmanEffect-0r4		pending		
@TheFeynmanEquation		pending		
@TheFeynmanMethod-k4o		pending		
@TheFeynmanNotebook		pending		
@TheFeynmanScience		pending		
@TheFiftiesClub		pending		
@TheFilmVault-112		pending		
@TheFinalChapterOfficial		pending		
@thefinalhouryt1		pending		
@Thefinancefiles4u		pending		
@TheFinanceGuyOfficial		pending		
@TheFinanceLedger7		pending		
@thefinancemechanism		pending		
@TheFinancePrism		pending		
@thefinancescribe		pending		
@TheFinancialCoinHistorian		pending		
@TheFinancialEdge-420		pending		
@thefinancialminute-r2l		pending		
@TheFireArchitect		pending		
@TheFlaccidBeats		pending		
@theflickchannel		pending		
@theflofactory		pending		
@theflowofmoneyt		pending		
@thefolkdices		pending		
@TheFolkloreFactory		pending		
@TheFolkteller		pending		
@thefoodtell		pending		
@thefoolsqueenmetal		pending		
@thefootballdimensions		pending		
@TheForbiddenNights		pending		
@theforbiddentent		pending		
@TheForbiddenVault-tv		pending		
@theforcearchives66	UC8al7my6qGZiE-fZMI-0ErA	ok		The Force Archives
@TheForensicFinancialLedger		pending		
@theforgecentury		pending		
@TheForgeEmpire		pending		
@TheforgottencodexYT		pending		
@TheForgottenContinent		pending		
@TheForgottenEmpire-v5o		pending		
@TheForgottenFootlines		pending		
@theforgottenhoursyt		pending		
@theforgottenpaths1		pending		
@TheForgottenTortures		pending		
@TheForgottenTowns		pending		
@TheFourthWatch-m9k		pending		
@thefredmoney		pending		
@TheFrontDoorClips		pending		
@TheFrontlineDirective		pending		
@TheFruitDrama-e7v		pending		
@thefunkyverse24		pending		
@TheFutureNext		pending		
@thefutureofaiworld		pending		
@TheFutureTecOfficial		pending		
@THEG_DRAMA		pending		
@TheGalaxyHFY		pending		
@thegardenpantry		pending		
@TheGenAiStudi0s		pending		
@thegeneral-t9k		pending		
@THEGENTERTAIN		pending		
@TheGentleBible		pending		
@TheGeoAnimal		pending		
@TheGeoNetwork		pending		
@TheGeorgeHayesRadioPodcast		pending		
@TheGhibliEchoes		pending		
@TheGhostFrame		pending		
@Thegildedtrace		pending		
@TheGlassedVoyagerStudio		pending		
@TheGlitchMusic-y9v		pending		
@TheGlobalLens123		pending		
@TheGlobalPowerNarrative		pending		
@TheGlobalShiftt	UCUg67VqpIelC6IlX1mlWDxg	ok		TheGlobalshift
@theglowingbroccoli		pending		
@TheGnosticAwakening		pending		
@TheGodfatherSpeed		pending		
@TheGodforge		pending		
@TheGoldenAgeInsight		pending		
@thegolfhustle	UCBuY7CBLmYq2wPvsXM_NrXQ	ok		The Golf Hustle
@TheGoodOldBritishDays		pending		
@thegoodvibeMusic		pending		
@TheGoodwoman1		pending		
@TheGospelUnveiled		pending		
@TheGrayLedgerOfficial		pending		
@TheGreenBlueprint_TGB		pending		
@THEGREENLAND-123		pending		
@TheGreyLineStories		pending		
@TheGritShift		pending		
@TheGrokGuy		pending		
@thegrowthpathmotivation		pending		
@theguardianprotocol7786		pending		
@thegyaniq		pending		
@TheHambergerReport		pending		
@thehappeninghistory		pending		
@TheHardware_Dispatch		pending		
@thehauntedarchipelago		pending		
@TheHauntedQuill7008		pending		
@TheHealthReset-u3i	UCMue-jNm0514KMPaoP4-oFg	ok		The Health Reset
@thehealthysenior11		pending		
@TheHeartListensStories		pending		
@TheHFYChronicles1		pending		
@TheHiddenAeon		pending		
@TheHiddenBobDylanStories		pending		
@TheHiddenCat-US		pending		
@TheHiddenDuchess		pending		
@TheHiddenDukeChronicles		pending		
@TheHiddenEconomy2.0		pending		
@TheHiddenEconomyTV		pending		
@TheHiddenEconomyTV-h8f		pending		
@thehiddenfront-ww2	UCOfkUhiTzE09lcXryfAoOsA	ok		The Hidden Front
@TheHiddenGodOfficial		pending		
@TheHiddenHearth		pending		
@thehiddeninventor		pending		
@TheHiddenMenu		pending		
@thehiddenmind_ai		pending		
@TheHiddenNarrativesHistory		pending		
@TheHiddenPartsofHistory		pending		
@Thehiddenplot-1		pending		
@TheHiddenRealityDocs		pending		
@TheHiddenRecord-i4x		pending		
@TheHiddenTales-k7o		pending		
@theHiggsman		pending		
@TheHighlandHearth		pending		
@thehistorianarchive		pending		
@TheHistorianProfessor		pending		
@Thehistory_now		pending		
@TheHistoryAIPodcast		pending		
@TheHistoryAnalyst	UC8ltqx9IiNrWaUeD8OohKYQ	ok		The History Analyst
@thehistorybestie		pending		
@TheHistoryDojo		pending		
@TheHistoryGeekGuy		pending		
@Thehistoryhook5		pending		
@TheHistoryPage1		pending		
@TheHistoryPortall		pending		
@TheHistoryShortsai		pending		
@thehistoryvaultchannel1		pending		
@thehoa_file-s		pending		
@TheHOAAudit		pending		
@thehoacasebook		pending		
@TheHOAChronicles-c2y		pending		
@TheHOAdiaries		pending		
@TheHOADiaries-h1d		pending		
@TheHOADiaries-z9s		pending		
@thehoadiariesduf	UCWGkm6uoEpBr1AFZCOg1U1g	ok		The HOA Diaries
@TheHOAFallout		pending		
@TheHOAFiles-e5b		pending		
@thehoafiles-l6v	UCQOM8KiqTSNgVGchrNYEpFQ	ok		The HOA Files
@TheHOAFiles12		pending		
@TheHOAInsider-f2u		pending		
@theHOAlab		pending		
@TheHOAOverruled		pending		
@thehoastories-i9z		pending		
@TheHOAStories1213		pending		
@TheHOAStorytime		pending		
@thehoastorytimemoments	UC4WRZ2JjaF8d6gRyKBJ-ZcA	ok		HOA StoryTime Moments
@TheHoatales-t4e		pending		
@TheHOATapes-d8g		pending		
@TheHOATruth-b9i		pending		
@TheHOAUnleashed		pending		
@TheHOAWisperer		pending		
@TheHollowPast		pending		
@thehollywoodledger1		pending		
@theholyvlogs		pending		
@TheHomecomingTailYT		pending		
@thehonestbeliever-b5r		pending		
@TheHouseOfAFRICANFolktales-z8z		pending		
@TheHumanityParadox-HFY		pending		
@TheHumanLoop-EN		pending		
@TheHumanMind-y5g		pending		
@TheHumanShift		pending		
@TheHumanSide-i1z		pending		
@TheHumanWorkforce		pending		
@TheHustlePhilosophy		pending		
@theidealayer		pending		
@TheIdeasAI		pending		
@theideaspectrum-l4e		pending		
@theImmortals23sg		pending		
@TheImpactInvesting		pending		
@TheImperialLedgerArchives		pending		
@THEIMPOSSIBLEATLAS		pending		
@TheImpossibleFeed		pending		
@THEINFIDELITYCODE		pending		
@theinfinitetestament		pending		
@TheingameDialogues		pending		
@TheInheritanceFather		pending		
@TheInnerBattle-u8c		pending		
@TheInnerGospel		pending		
@theinnerpeace-f7o		pending		
@TheInsiderPass		pending		
@theinstinctinvestor		pending		
@TheIntelligenceline		pending		
@TheInteractiveArchive		pending		
@TheInverseMind		pending		
@TheInvestingplaybook		pending		
@TheInvisibleDetail		pending		
@TheInvisibleLadderUS		pending		
@TheirLostDiaries	UCP2CLGyZ0ZpYpKsv3TtLhnw	ok		Their Lost Diaries
@TheIronFront-j3t		pending		
@THEIRONQUILLS		pending		
@TheIronRose2		pending		
@TheJanitorMechanicHFY		pending		
@TheJapaneseMethod0		pending		
@TheJapaneseTown-jt6fy		pending		
@thejazzink		pending		
@TheJazzShore23		pending		
@TheJeepInsider		pending		
@thejesusway-k1s		pending		
@TheJiangStrategy-x2d		pending		
@TheJilbab		pending		
@TheJohnOliverReports		pending		
@TheJohnWayneFiles		pending		
@thejurisprotocol		pending		
@TheJusticeReport-z4e	UCy9OToogfjSpmDvLCtJDqXA	ok		The Justice Report
@TheJusticeUnlocked		pending		
@TheKeeper-j9x		pending		
@ThekeeperOfTruth-b1n		pending		
@TheKidsCoolWorld		pending		
@TheKindnessChronicles-y4x		pending		
@thekindride		pending		
@TheKindSoul379		pending		
@thekingcharlestv		pending		
@TheKissaCorner-z5r		pending		
@TheKnightNoir		pending		
@TheKnowledgeVault00		pending		
@TheKotatsuRoom		pending		
@TheLabelAudit		pending		
@TheLadyMythos		pending		
@thelamplithour-r2y		pending		
@thelarpdesk		pending		
@TheLastArchivistHFY		pending		
@TheLastCapo		pending		
@TheLastDay01		pending		
@TheLastDisrespect		pending		
@thelastframestudiosAI		pending		
@TheLastFrontierTales		pending		
@TheLastGoblinTavernontheLeft		pending		
@thelasthonestadvice		pending		
@TheLastHonestFarmer0		pending		
@TheLastLaughMotivation		pending		
@TheLastOnesStanding-k3v		pending		
@THELASTOUTLAWRADIO		pending		
@thelastpayback-i5x		pending		
@Thelastprimus-world		pending		
@TheLastSalute-q7g		pending		
@TheLastSci-fiChild		pending		
@TheLastSentence01		pending		
@TheLastSignalSciFiStories		pending		
@TheLastWatchofNight		pending		
@TheLastWitnessEN		pending		
@TheLaughingCow_1		pending		
@ThelazydetectiveYT		pending		
@TheLazyGeniusReal		pending		
@TheLeadingWolfProduction		pending		
@theLearnUp		pending		
@TheLegacyofBruceLee		pending		
@thelegacyofpattonww2	UCBJjb-j7XUxp4yeVxwDTCiA	ok		The legacy of Patton ww2
@TheLettersNeverSent		pending		
@TheLifeOutline		pending		
@TheLightofPsalms		pending		
@theliltech		pending		
@TheLiminalGarden		pending		
@TheLiteralBible		pending		
@Thelittlemousechefs		pending		
@thelofiview		pending		
@TheLogicLocker		pending		
@TheLogicRoom		pending		
@TheLoneBuck		pending		
@TheLoreCompanion		pending		
@TheLoreforge-d5p		pending		
@TheLostAICamera-OV		pending		
@TheLostBlueprint-q5u		pending		
@TheLostBookStories		pending		
@TheLostCodex-c6n		pending		
@TheLostEngineering		pending		
@thelostexorians		pending		
@TheLostGospel-i3s		pending		
@TheLostHandyman		pending		
@TheLostLedger0		pending		
@Thelostlibrary_ElvenFantasy		pending		
@thelostpages-x3x		pending		
@TheLostScroll6868		pending		
@TheLoungeClubMusic		pending		
@TheLustreArchive		pending		
@TheLuxuryMeltdown		pending		
@TheLyranPath		pending		
@TheMachine-MadeMuse		pending		
@TheMacroDecay		pending		
@TheMacroDetective		pending		
@themacrom8trix		pending		
@themafiabride-j1u		pending		
@TheMafiaCode-n9d		pending		
@TheMafiaStories9		pending		
@TheMafiaVaultwithJones		pending		
@TheMariaAI		pending		
@TheMarketContinuum		pending		
@TheMarketPulseLive		pending		
@TheMarketSurvivor		pending		
@TheMarkWisdom_Fan		pending		
@TheMarvelLab-o6m		pending		
@TheMDDO-z5y		pending		
@TheMeasuredHouseYT		pending		
@TheMeasuredPast-HR		pending		
@TheMelodyArcade		pending		
@themelvyr		pending		
@themeowmonarchy	UC6ppHlYBAZeTwhXUv6iiuYg	ok		The Meow Monarchy
@themeowmotions	UCSaHL2Xho_UjC8k-d2a86Fw	ok		Meow Motion Stories
@TheMercyGriot		pending		
@TheMerryEdit		pending		
@TheMerryTavern		pending		
@TheMessiah_jesus		pending		
@themetalwar		pending		
@TheMewment	UCOTWiEJDACqYOhSc4gn9ctA	ok		The Mewment
@TheMidnightLab-AI		pending		
@TheMidnightLibraryMusic		pending		
@TheMidnightRogue		pending		
@TheMilitaryArchivesYT		pending		
@TheMilitaryHub		pending		
@TheMilitaryStories-r9d		pending		
@themillenniumrock		pending		
@TheMillionaireCowboy		pending		
@TheMillionaireRabbi		pending		
@themindtrapstories		pending		
@TheMiniatureKitchen1001		pending		
@theminiflex		pending		
@theminutebefore		pending		
@TheMirageSociety		pending		
@TheMirrorofSelf		pending		
@TheModernIntelligentFarmer		pending		
@TheMohitChouhanShow		pending		
@TheMonetarySignall		pending		
@TheMoney-Chronicles0		pending		
@TheMoneyContradiction		pending		
@TheMoneyEchoes		pending		
@TheMoneyFilesChannel	UCPBEqHIU1d4OFj7rHDooD4g	ok		The Money Files
@TheMoneyMindset989		pending		
@TheMoneyVault-h6y		pending		
@themoneyyillusion		pending		
@TheMonkTalksMoney		pending		
@theMoonlightSessions		pending		
@TheMoonlitInnStories		pending		
@TheMorningBellAI		pending		
@themorphverse_9		pending		
@TheMorrowPage		pending		
@TheMotionTheory		pending		
@TheMotorTruth		pending		
@themoviecodex-r4n		pending		
@TheMuse_Studio		pending		
@Themusicmemories-13		pending		
@TheMusicRecordingNetwork		pending		
@Themusikmind-l5s		pending		
@themuunlofi		pending		
@TheMysteriaArchive		pending		
@TheMythicalSeer		pending		
@TheN3xtLevel		pending		
@TheNameBehindtheCuffs		pending		
@thenamelesslegend		pending		
@TheNamTapes		pending		
@TheNashvilleShuffle		pending		
@thenatkhattoons	UC45f9gB0m1HR6ZmqE92_KhA	ok		The Natkhat Toons
@TheNellop		pending		
@TheNetExplainer		pending		
@TheNeural_Note		pending		
@TheNewBlack-AI		pending		
@thenewglobalinsight		pending		
@TheNewPrayerChannel		pending		
@thenewsroomglobal		pending		
@TheNexHub		pending		
@TheNexusArchitect		pending		
@theniftyhustle		pending		
@TheNighgDoorbellCamera		pending		
@TheNightmaresTomeYT		pending		
@TheNightShiftPod-k6d		pending		
@thenightwhale		pending		
@thenilearchive		pending		
@ThenNowClips		pending		
@TheNocturneBard		pending		
@Thenoir.Catroom		pending		
@thenostalgiabritw	UC3QIqG1ji_fpHoht30hLkXQ	ok		The Nostalgia Brit
@TheNot-So-DistantPast		pending		
@thenoxenofficial		pending		
@thenutrientcodetv		pending		
@TheNutritionCode-j6w		pending		
@TheOAHistory		pending		
@TheOakenMug		pending		
@TheOathofJustice		pending		
@TheObsessionScript		pending		
@TheOddityDigest		pending		
@TheOdelier		pending		
@TheoDuncan2363		pending		
@Theofficialinfinityai		pending		
@theofficialmalcolm0471		pending		
@TheOldDogBlues		pending		
@TheOldFireTales		pending		
@TheOldGuardWatch	UCf1HCkgNDyHNoYO7vHzaA9w	ok		The Old Guard Watch
@TheOldVellumMedievalMusic		pending		
@TheOldWorldFix		pending		
@TheOmegasEra		pending		
@TheOneMrAbyss		pending		
@TheOneringTv		pending		
@theoopstoons	UCSK3EIuiNd8y6CNEA7SqTMw	ok		Oops toons
@TheOpenLedger-d5h		pending		
@TheophilusMusik		pending		
@TheOracleGuy_AI		pending		
@TheOracleofOmaha1st		pending		
@TheOrangeWorld11		pending		
@TheOrcChronicles		pending		
@TheOrchestralVault		pending		
@TheOrcKeeper		pending		
@TheORCStories3		pending		
@TheOrder77		pending		
@TheoreticallyMedia		pending		
@theorigin619		pending		
@TheOriginCodeOfLetters		pending		
@theoriginhistoryfiles-01		pending		
@TheOriginsofHistory555		pending		
@theoroverse		pending		
@theorys_shrouded_mystery		pending		
@theotherdoor666		pending		
@TheOutlawedWest		pending		
@TheOutliners.		pending		
@theownershipyt		pending		
@ThePaddockClubF1		pending		
@thepainfulexplainer		pending		
@ThePainfulHistorian		pending		
@ThePaintExplainer		pending		
@Thepapertrail-w6p		pending		
@TheParallaxShift		pending		
@theparalleltruthofficial		pending		
@thepariclub		pending		
@ThePastLook		pending		
@ThePastOfWar		pending		
@thepatelcase		pending		
@ThePatelReport	UCftUwav0Av97LwlQ-m0G1sw	ok		The Patel Report
@ThePatientCapital-2		pending		
@thepattonfiles	UC3c1QWhCrxK3ExLN6_G-YNQ	ok		The Patton Files
@thepattonlegacy-s7i	UCjd6W-ORMCxfIYHTRHN7xKQ	ok		The Patton legacy
@thepawfectaifamily	UCs8Gzc4fVIodZLBnPNzA8PA	ok		The Pawfect AI Family
@thepawpsychology		pending		
@ThePaybackDiaries123		pending		
@ThePaybackOffice		pending		
@ThePeacefulWatcher		pending		
@ThePerfectNib		pending		
@thephantomdon		pending		
@ThePhantomSlate		pending		
@thepigeonai	UChzF-_wmQ_mIy6w-ps1kOjg	ok		The Pigeon Ai
@ThePistolArchives		pending		
@ThePixelPawsAI	UCsShFtgsthvUg8YbEWE3P9Q	ok		Pixel Paws Ai
@ThePixelPlayback		pending		
@ThePixelSurgeon67		pending		
@ThePixelVault-b3g		pending		
@ThePlainTruthBible		pending		
@ThePolygonDreamer		pending		
@ThePortalCinematic		pending		
@thepostapocalypse		pending		
@ThePOVguy-55		pending		
@ThePOVLab		pending		
@thepovshift-s3w	UCpahZWNT8D6MEvzlRnmsylw	ok		The POV Shift
@ThePowerLedgers	UC3kXb7J0Ey7NkcrUiY9_ueQ	ok		The Power Ledger
@thepowerofai-00	UCDr05HAMjk23jvHsw-H3lhA	ok		The Power OF Aì
@thepowerofhopeSE		pending		
@ThePoweroftheWord-Official		pending		
@ThePowerOfYou1		pending		
@ThePr00cess		pending		
@ThePrayerMessage777		pending		
@ThePriceExplainer		pending		
@theprimaltruth		pending		
@theprimexplained		pending		
@theprivateledger1		pending		
@TheProcess-i9b		pending		
@theprocess-l9i		pending		
@TheProcessNetwork-r4t		pending		
@TheProcessUnfolded		pending		
@TheProductCritiques		pending		
@TheProductionLine4419		pending		
@TheProductionLineTV		pending		
@thepromptAIworld		pending		
@thepromptgoddess		pending		
@ThePromptPixels		pending		
@theproofinvestor		pending		
@TheprotocolArchive-d6s		pending		
@ThePsyche-e6z		pending		
@ThePsycheExplainer		pending		
@ThePsychemist		pending		
@ThePsychoanalysis		pending		
@thepsychology-t8e		pending		
@thepsychspot		pending		
@ThePsyphysis		pending		
@thepulsefootball		pending		
@thepumpreports		pending		
@thepunkazz		pending		
@TheQueenReturns-US		pending		
@TheQuietConquest		pending		
@TheQuietDad24		pending		
@TheQuietLibraryofficial		pending		
@TheQuietLores		pending		
@TheQuietVerdict-TQV		pending		
@theraccoonreport24		pending		
@theradiotv		pending		
@theradproductionsgroup8692		pending		
@theragaprojekt		pending		
@Therainhush		pending		
@therankempire		pending		
@TheRankTheyNeverSaw		pending		
@Therawvideos5		pending		
@TheReadersYT		pending		
@TheRealAfricanFolktales		pending		
@TheRealBorder		pending		
@therealeconomy9		pending		
@therealem0011		pending		
@therealkillac82		pending		
@TherealNarrify		pending		
@therealrebel911		pending		
@TheRealRelationshipTalk-j8p		pending		
@therealtalk319		pending		
@TheRealTruthCanada	UCQMWoMdOUPJKHck9i9TPdtQ	ok		The Real Truth Canada
@TheReckoningVault-n6m		pending		
@TheReconstructedHistoryYT		pending		
@TheRecord_yt7		pending		
@TheRedactedCentury		pending		
@TheRedRegime		pending		
@TheReelLineup		pending		
@TheReelRobot		pending		
@TheRegencyRomanceLibrary		pending		
@TheReggaeOdyssey		pending		
@thereidtrack		pending		
@ThereIRuinedIt		pending		
@therelicarchive		pending		
@TheRemixofBibleStories		pending		
@theRenderRoom196		pending		
@TheResilientHomestead		pending		
@TheResistance-2025		pending		
@TheRestingBard		pending		
@TheRetroSecrets		pending		
@TheRevengeDiariesMk		pending		
@TheRevengeLine		pending		
@TheRevengeRecipe		pending		
@TheReversePsyche		pending		
@TheRhythmOfEternity		pending		
@TheRichLife-YT		pending		
@therightswatcher		pending		
@TheRisingMindTales-l4q		pending		
@TheRiversideTavern		pending		
@thermalrootcause		pending		
@theroboticsfrontier	UChUfGxwXpmNPZCH4vgxFYOw	ok		The Robotics Frontier
@TheRogerPhysics		pending		
@TheRollingFlagon		pending		
@TheRotReport101		pending		
@TheRoyalQuill-w9q		pending		
@therunheim		pending		
@therusticromance01		pending		
@TheSacredUnknown		pending		
@TheSafehouseLounge		pending		
@thesagechronicles1		pending		
@TheSaigonTapes		pending		
@ThesAIntlab		pending		
@thesalehhamed		pending		
@thesanjoyroom		pending		
@TheSatisfyyLab		pending		
@TheSauceisready		pending		
@thesaurux		pending		
@TheSavageNarrator		pending		
@TheSavvyHomeBuyers		pending		
@TheSci-FiNexus-t3c		pending		
@ThescienceBunker		pending		
@TheScienceofBetter-TV		pending		
@TheScreenfire		pending		
@thescreentestr		pending		
@TheScribbleScholarOfficial		pending		
@TheScribeOfFinance		pending		
@TheScriptedTales		pending		
@TheScripturalChronicles		pending		
@TheSealedRoom		pending		
@TheSecret-c1f		pending		
@TheSecretExplainerYT		pending		
@TheSecretHistoryofCurrencies		pending		
@TheSecretScoreLegacy		pending		
@thesecretsofthebibleaiofficial		pending		
@thesecrettimeline-p9r		pending		
@TheSelfInsightHA		pending		
@TheSereneSound-95		pending		
@TheSFilesOfficial		pending		
@theshadowofthegods		pending		
@theshadowonthehighseas		pending		
@TheShadowWork		pending		
@TheShakedownArchives		pending		
@theshantycompass		pending		
@TheSharpDressedGent		pending		
@TheShift10-8		pending		
@TheShipLine	UCfVeJxp2vZ7fxTYkdIJULbA	ok		Shipline
@TheShockVerdict		pending		
@theshorts0322	UCblVUrNLyFfqp-lFnlsReUw	ok		The Shorts
@TheSickScienceofHealth		pending		
@Thesidedishlife		pending		
@thesignallogic		pending		
@TheSilentBillion		pending		
@TheSilentBoss-i5l		pending		
@TheSilentCitadelSounds		pending		
@TheSilentCoast		pending		
@TheSilentCovenant777		pending		
@TheSilentDivorce		pending		
@TheSilentEconomy-1		pending		
@TheSilentEconomy-e9e		pending		
@TheSilentQueen-US		pending		
@TheSilentSpecies		pending		
@TheSilentStory-h8m		pending		
@TheSilentTruth-i7i	UCbDhRq6SaHYxUkkFhyJEA_A	ok	@bants404	Bants404
@TheSilentVerdict68		pending		
@TheSilentWake-t5h		pending		
@TheSillySmarts		pending		
@TheSilverCrisis5		pending		
@thesilverrabbi		pending		
@Thesilverscenario		pending		
@TheSilverThesis		pending		
@TheSingBible		pending		
@thesingingtavern	UCziCRQ5KnYAn_RfLOcLyhaA	ok		The Singing Tavern
@TheSirensLounge		pending		
@ThesisAndWealth		pending		
@TheSketchbookInfo		pending		
@theskybrief-0		pending		
@TheSkyLab-u4j		pending		
@TheSleepHistorian-i5g		pending		
@TheSleepingAlmanac		pending		
@TheSleeplessStoryofHistorian		pending		
@TheSleepLibraryYT		pending		
@TheSleepyAstronomer101	UCz0q3XbNe48xJzrQrNgc2QA	ok		The Sleepy Astronomer
@thesleepybiologist1	UCRZAOUTfdgv_mPzrc4YXV0w	ok		The Sleepy Biologist
@TheSleepyGriot		pending		
@thesleepyhistorian-z3l	UCYM46wtM5H-XDIDvAaE3T4A	ok		The Sleepy Historian
@TheSleepyHistoryChannel		pending		
@thesleepymonk		pending		
@TheSleepyPhysicist1	UCbMZW7h8v_bGVIuxqtSGeZg	ok		The Sleepy Physicist
@TheSleepyScientist	UC5Kf6iWcqdx3W1kT65_-Tmg	ok		The Sleepy Scientist
@theslopfarm	UCOoybDpyudxO3abCkLd08dA	ok		The Slop Farm
@theslopfeed		pending		
@TheSlopTemple	UCwouKlhbBi7d1Td2q2CIwXA	ok		The Slop Temple
@TheSmartCarMethod		pending		
@TheSmartKidsAI		pending		
@TheSmartTraveler25		pending		
@TheSnoozy-Scientist		pending		
@thesocialclarity		pending		
@TheSolaceHarp		pending		
@TheSoldierDiaryCZ		pending		
@TheSoldiersStory		pending		
@TheSopranoFiles		pending		
@TheSoulofWindArtist		pending		
@TheSoulofWindLabel		pending		
@thesoulsofmusic		pending		
@TheSoundAlchemistAI		pending		
@thesoundbureau		pending		
@thesoundluxe		pending		
@TheSovereignSoilYT		pending		
@thesowers-band		pending		
@TheSpaceFrontier-r3s		pending		
@TheSpaceRaceYT		pending		
@TheSplitTalks		pending		
@TheSpookyTeller		pending		
@thesproutlabb		pending		
@theSpyLounge60		pending		
@TheSStoryArchives	UCS-UO3qVnjqJoGY2uaY00mQ	ok		The Story Archives
@thestartapes		pending		
@TheStateExplorer-z4j		pending		
@TheSteadyAnswer		pending		
@thestickroartv		pending		
@TheStillNorthFilms		pending		
@TheStockMarketEye		pending		
@thestockstalker		pending		
@TheStoicEnglish	UCPj2ZZfcqaiMEQbl0zmlYcQ	ok		The Stoic English
@TheStoicLogic-m7h		pending		
@Thestory-z1t		pending		
@TheStoryAuraStudio		pending		
@TheStoryBug		pending		
@TheStoryCabiin		pending		
@thestorycanvas01		pending		
@TheStoryCircle-r6w		pending		
@thestorygate-q8d		pending		
@TheStoryHearth-s9y		pending		
@TheStoryJourney-f7r		pending		
@TheStoryKeeper4k	UCvebIvhWCErIDO1MQOWb2Gw	ok		The Story Keeper
@TheStoryNook-c7x		pending		
@TheStorysScape		pending		
@TheStorytellingPodcast1328		pending		
@thestoryvaulte		pending		
@TheStoryworld-b7f		pending		
@thestrategyarchives-1		pending		
@TheStreetsOfAi		pending		
@TheStruggleTales		pending		
@TheStudyHub.1		pending		
@thestudyplaylistchannel		pending		
@TheStudyZone7		pending		
@thesuccesssound		pending		
@TheSumOverHistories-y9k		pending		
@thesundayoutfit26		pending		
@thesunsetatelier		pending		
@thesupecat_1	UCQNJYjAJSZN8OTTDrP5PrRw	ok		The Supe Cat
@thesupernaughtykitten	UC88jH-hIRwer-62cCYK6exQ	ok		The Super Naughty Kitten
@thesurrealmind		pending		
@thesurvivaledgeyt		pending		
@TheSurvivalMind-off		pending		
@TheSusskindPhysics		pending		
@TheSUVnerd		pending		
@TheSwissExplainer		pending		
@TheSyndicatePOV		pending		
@TheTacticalPsychology	UC_CwREV-kbR5br6lKc55A8w	ok		Tactical Psychology
@TheTaleTrove102		pending		
@TheTanzaniteBard		pending		
@TheTbonesSlice		pending		
@TheTechLedgerOfficial		pending		
@TheTechLogYT		pending		
@thetelevisionbytes		pending		
@thetellery		pending		
@TheTeslaBreakdown		pending		
@TheTexanLife		pending		
@thetexasretiree		pending		
@TheTheologist-5		pending		
@TheThoughtNarratives		pending		
@TheThreeEyedRaven		pending		
@TheTimeGateway		pending		
@TheTimeJump		pending		
@TheTimelessJukebox		pending		
@thetimelessstory-e		pending		
@TheTimeMachina		pending		
@Thetimevault-w5f		pending		
@thetinycinemaai		pending		
@TheTinyFeast		pending		
@thetinyvillage8		pending		
@TheTippingPoint-f3y		pending		
@TheTonyBots		pending		
@TheToonGits		pending		
@TheTopicVault		pending		
@thetouchingstories		pending		
@TheTowerBrief	UCoIjpRMHcgsb112x3LHlq_Q	ok		The Tower Brief
@TheTravelChapter-v1h		pending		
@TheTrendTheory		pending		
@TheTrueAfricanHistory		pending		
@TheTruthBehindtheHeadlines		pending		
@thetruthcorneronline		pending		
@thetsnscollectioninc		pending		
@TheTurningPoint-11		pending		
@TheTwistedDream		pending		
@TheUKTable		pending		
@theultimatefining		pending		
@TheUltimateTravelGuide4u		pending		
@Theunbound01		pending		
@theuncannyaiarchive		pending		
@TheUnchartedMysteries		pending		
@TheUndyingEpoch		pending		
@TheUnfoldedEra		pending		
@TheUnforgettable07		pending		
@TheUnforgivingPast		pending		
@theuniversebeyondthevisible		pending		
@Theuniverseofstorieslong9802	UCGHfC5buzpaKWyb6Ql2GktA	ok		The universe of stories
@theuniverseofsusskind		pending		
@theunrelentingshow		pending		
@TheUnsaid02		pending		
@TheUnseen-us4ph		pending		
@theunseenlink67		pending		
@TheUnseenTruth-z1p		pending		
@theuntoldchapter-g3u	UCbfiniVExTELqMboL3RzIZg	ok		The Untold Chapter
@TheUntoldJimiHendrixStories		pending		
@TheUntoldValor		pending		
@theuntoldww2stories	UCHK2n3o4XCDJDrj-dE8o5DQ	ok		The Untold WW2 Stories
@TheUnusualTown		pending		
@TheUnwrittenLedger-404		pending		
@theuptowngangmusic		pending		
@TheUSAKarenShow		pending		
@TheUtimateTreks		pending		
@TheVanishingLens		pending		
@TheVeilFlame		pending		
@TheVelvetAtlasMusic		pending		
@TheVelvetQuill32		pending		
@THEVELVETSYNDICATE		pending		
@TheVersedMastersofMusic		pending		
@theversionsessions		pending		
@TheVeteranChronicles-x5h		pending		
@TheVeteranVault-w4y		pending		
@TheviarldoorAI		pending		
@TheVibeForgeMusic		pending		
@thevibehaven-d5y		pending		
@TheVibeLab01		pending		
@TheVikingPath		pending		
@TheVileHistorian15		pending		
@TheVillageGriot		pending		
@TheVintageFame		pending		
@TheVintageSerenade		pending		
@TheVintageVaultTV		pending		
@TheVirtualArtDesk		pending		
@thewanderingjazz		pending		
@thewarmap	UCXCyxWkA12SSWUgr5ivA1NQ	ok		The War Map
@TheWaterStudio		pending		
@TheWayISeeLiverpool		pending		
@TheWealth_Logic		pending		
@TheWealthArchitect-US		pending		
@TheWealthBlueprint-p1h		pending		
@TheWealthContinuum		pending		
@TheWealthForecast		pending		
@TheWealthPrinciple26		pending		
@TheWealthRecordsus		pending		
@TheWealthyFiles1		pending		
@TheWesternLegends-28		pending		
@TheWhiskerPodcast		pending		
@TheWhisperedSecrets1		pending		
@thewhiteroom221		pending		
@thewhittytwo		pending		
@TheWildFable		pending		
@Thewildweststories-h7f		pending		
@TheWindowSeatView		pending		
@thewiredtales		pending		
@Thewisdomphilosophy		pending		
@TheWisdomTree-story		pending		
@TheWisdomVaultOfficialYT		pending		
@TheWiseFrogg		pending		
@TheWizardOfWords		pending		
@TheWokandAnok	UCI7nQM-jSLGQMW8iPUo7Fzw	ok		The Wok and Anok
@TheWordTheLight		pending		
@Thewordytales		pending		
@TheWorkstationLab		pending		
@TheWorldAnimalAI		pending		
@TheWorldArchivist		pending		
@Theworldaroundus-gt1oq		pending		
@TheWorldBeforeDawn		pending		
@theworldbeforeus1900		pending		
@theworldbehindoneclick		pending		
@TheWorldHistoryChannel		pending		
@TheWorldofFactories		pending		
@theworldrevealed1		pending		
@TheWornRecord		pending		
@TheWW2Historian		pending		
@TheWW2Legacy	UCZ_demPDwqCz9BbcXLfNAeg	ok		WW2 Legacy
@TheWW2Secrets79		pending		
@TheWWIIArchive-910		pending		
@TheWWIIFiles_365		pending		
@TheWWIIFilesofficial		pending		
@theXsmallLebowsky		pending		
@TheYesterdayVault		pending		
@Thezanetuesday		pending		
@TheZenithHFY		pending		
@thezenwaychannel		pending		
@TheZodiacPath12		pending		
@TheZXONProtocol		pending		
@Thi.MoneyExpose		pending		
@thientamchidao		pending		
@thingswithfeynman		pending		
@ThinkEnglishAcademy		pending		
@Thinkenz		pending		
@ThinkGlent		pending		
@ThinkHealth626		pending		
@Thinking_Experiments		pending		
@Thinkink187-o3j		pending		
@Thinkinoutloudpod1		pending		
@ThinkinPhysics1		pending		
@thinklikeadogoffical		pending		
@thinklikeanimal		pending		
@ThinklikeFeynman		pending		
@thinklikefeynman012		pending		
@ThinkLikeJimRohn		pending		
@ThinkmanOrigins		pending		
@THINKOFWAY		pending		
@ThinkPhysicsLikeFeynman		pending		
@ThinkScienceHD		pending		
@thinktoostart		pending		
@ThintallGamer		pending		
@Thisforyou123		pending		
@thisisarchive7		pending		
@thisisJazzCo		pending		
@thisisjazznoir		pending		
@thisislife7786		pending		
@Thisisthestorycave		pending		
@thislifeeconomics		pending		
@ThisSongDoesNotExist		pending		
@thissongisai		pending		
@ThisWarDocumentary	UCeC41bCzPEm4IAwQxMmI9OA	ok		The War Documentary
@thomasduvigneaux7933		pending		
@ThomasFosterMusikproduktion		pending		
@ThomasHadleyWeapons		pending		
@thomaskellerbrief		pending		
@ThomasRelivesHistory		pending		
@thomvuthi8681		pending		
@THORNAVELLEMusic		pending		
@ThorstenMeyerAI		pending		
@Thought_Trains		pending		
@ThoughtArchitectt		pending		
@ThoughtChunks		pending		
@thoughtspur		pending		
@ThousandTalesTube		pending		
@ThreadofTale		pending		
@Threadreader-r4l		pending		
@ThreadSpillRedditStory		pending		
@ThreadTales_USA		pending		
@Threesixtysongs		pending		
@thrive.mind.collective2		pending		
@ThriveTribe-c3v		pending		
@ThriveTribe104		pending		
@ThriveWithDr.Jocelyn		pending		
@ThriveWithDr.Jocelyn-f7p		pending		
@ThroneboundChronicles		pending		
@throneunfiltered		pending		
@THRONEVERSEAI		pending		
@ThrottleConflict		pending		
@ThrottlePsychology		pending		
@ThroughBritishEyes		pending		
@throughtheages5		pending		
@THROUGHTHEBIBLEAI		pending		
@ThroughTheirEyes2		pending		
@Throughthelens-y3m		pending		
@throughwhatlens		pending		
@thugian2	UCgAJy9b9PqQ-xr58LxE6DHg	ok		Inside Factory World
@ThugNecromancer0		pending		
@ThunderBluesRock		pending		
@Thynksee		pending		
@tiaandupreez		pending		
@tiagolemosx		pending		
@Tianawritings		pending		
@Tianjr1		pending		
@tibetan_nuns		pending		
@ticemusic484		pending		
@TickerTapeTalk		pending		
@tidcartoon67		pending		
@TieuCuongXuyenKhong		pending		
@tiffytotstv		pending		
@tigoconsultants		pending		
@TigronixTechStudio		pending		
@TiinyTimProductions		pending		
@tikonote		pending		
@tiky_ai		pending		
@tilerisofficial		pending		
@TILESHOPRUSH-f7h		pending		
@tillynorwoodhq		pending		
@TiltzAlot		pending		
@Tim_Reborn_History		pending		
@TimberCanvas		pending		
@TimberCraft231		pending		
@TimberlineFolkHymns		pending		
@timbermotion		pending		
@TimberTechnology		pending		
@Timbertimetv		pending		
@time.lapse.90		pending		
@time.machine.pov1		pending		
@time_flies888		pending		
@Time_Prism24		pending		
@TimeCapsule3s		pending		
@TimeFaker	UCsbqQRjzeGFNFQMjJTUxPtQ	ok		Time Faker
@timefulvideoart		pending		
@TimeHopAI		pending		
@TimelapseStudioChannel		pending		
@TimeLens-j7t		pending		
@timelesong		pending		
@Timeless-Investing-q		pending		
@timeless-snd		pending		
@Timeless.talesbyibk01		pending		
@Timeless40sTunes		pending		
@timeless_lo-fi_girl		pending		
@Timeless_POV		pending		
@TimelessAdagios		pending		
@TimelessAI_SF		pending		
@TimelessAndTales		pending		
@Timelessartfairytales		pending		
@TimelessCropsHaven		pending		
@TimelessDrift26		pending		
@TimelessEcho-u1x		pending		
@TimelessEchoesMiddangeard		pending		
@TimelessGarageASMR		pending		
@TimelessGlimpse		pending		
@TimelessHebrewTunes		pending		
@timelesshour.Official		pending		
@TimelessIcons70s	UCfkmzSSFB4TR3i5Cl7_onDg	ok		Timeless Icons
@TimelessInsights_Official		pending		
@TimelessItalia-13		pending		
@TimelessLoveStories-q1b		pending		
@Timelessminifilm-Ai		pending		
@TimelessMythsAI		pending		
@timelesspov-s7y		pending		
@TimelessSci-FiAlienHFYORC7		pending		
@TimelessSelect		pending		
@TimelessSurvival	UCzXkn2_XT5xzt31tW7A1D1Q	ok		Timeless Survival
@timelesstalesbychi		pending		
@TimelessTonesAI		pending		
@TimelessTracksStation		pending		
@TimelessTravelAi		pending		
@TimelessWhisperxx		pending		
@timelineeats		pending		
@timelinehistoryoffical		pending		
@TimelineofWar-e4	UCf_hdYT_ErMezig34Pkc16A	ok		Timeline of War
@timelineofww2-x5e	UCsfrjgxyJhD9HbmaPJrzNxQ	ok		TIMELINE OF WWII
@timelinesofwar-e4n	UC9z4QUoxe2ZZ_VLm58mEiaA	ok		Timelines of War
@timelit-h3e	UClepEHk6CYtQgYdNEmwMQaQ	ok		Time Lit
@TimeLoomAI00		pending		
@TimeloreTV1		pending		
@TimeLostinHistory		pending		
@TimeMaxi		pending		
@timeofyouthh		pending		
@timeory		pending		
@TimePortalAIhistory		pending		
@TimeQuestFacts		pending		
@timer5555		pending		
@TimeRoamerTV		pending		
@Timeshiftai1		pending		
@TimeSmiles		pending		
@timesofindia		pending		
@Timesuptheseries		pending		
@TimeTalesDocs		pending		
@timetravel.ai46		pending		
@TimeTravel007-o7m		pending		
@TimeTravelAI-g3w		pending		
@TimeTravelAI_00		pending		
@timetraveler7860		pending		
@timetravelerhamza		pending		
@TimeTravelerNotes4TW		pending		
@TimeTravelerPOV-o3z		pending		
@TimeTravelerPOVv		pending		
@TimeTravelerVlogs-o3f		pending		
@TimeTravelUSA3		pending		
@timetravelvision		pending		
@TIMETREKAI		pending		
@TimeTwistHub		pending		
@TimeWalk-w1f		pending		
@TimeWarpAI74		pending		
@timewarpcities		pending		
@Timexyfolktale		pending		
@TimeYetTold-o9u		pending		
@timinglinestories		pending		
@TimKellner		pending		
@TimofeyAI3260		pending		
@TinasRomanceLibrary		pending		
@TinetoNutecingy		pending		
@tingleverseasmr1	UCiI6OWRdE1K_jHIzC0MhnNw	ok		TingleVerse ASMR
@tingtingtravels		pending		
@tinkrreviewsguides		pending		
@Tinnybraintoons		pending		
@TinnyDollKitchenAI		pending		
@tinnytoonstories	UCIqsMx4V3MAoAmO1LcCuvBg	ok		TinnyToonStories
@Tiny-Chick-dz	UCN7Bt0_VkOWW54uSxgQKXjA	ok		highmood_ai
@Tiny-Scouts		pending		
@tiny-storiez		pending		
@Tiny-TawaAI		pending		
@Tiny-w3e		pending		
@Tiny.FoodFactory		pending		
@Tiny.TreatsAI		pending		
@tiny_Ai_Art		pending		
@Tiny_ChefAI		pending		
@Tiny_DuckAdventures		pending		
@Tiny_Food_Factory		pending		
@Tiny_Food_Factory-TFF		pending		
@tiny_world-m4q		pending		
@tinyadventures1996	UCNtqYhtO7eEZds6tZEqBCHw	ok		Tiny Adventures
@TinyAI-24		pending		
@TinyAIKitchen-p8w		pending		
@TinyAIKitchenYT		pending		
@TinyAiStudio-22		pending		
@TinyAIWorkers		pending		
@TinyAnimalTales_X		pending		
@TinyAnimalTalesStory		pending		
@TinyBaby-ASMR		pending		
@tinybite777		pending		
@TinyBiteFactory		pending		
@TinyBiteKitchen1		pending		
@TinyBitesAI-l2k		pending		
@TinyBiteStudio-o		pending		
@TinyCatKitchenAI		pending		
@TinyCatStories68		pending		
@tinycatstory-cartoon		pending		
@tinychaosunreal		pending		
@tinychef07		pending		
@TinyChefAI01		pending		
@TinyChefAI_s		pending		
@TinyChefAIFood		pending		
@TinyChefFactory-y8q		pending		
@TinyChefsWorld588		pending		
@tinycheftales25		pending		
@TinyChefTalesofficial26		pending		
@TinyChefVerse		pending		
@TinycraftAi1		pending		
@tinycrave_ai		pending		
@TinyCravings-m8z		pending		
@tinycreativeai-t1g	UCbvgyC6cfXnjajEWgrvygqA	ok		Tiny creative Ai
@tinycreativefood	UChhjme4qEDC2TMQpL4tHa1g	ok		Tiny CreativeFood
@tinycreaturekitchen		pending		
@TinyCreatureVillage		pending		
@tinycute1	UCA38rcyfk31zOtfXrpphMlQ	ok		Tiny Cute
@TinyDollAICookingStory		pending		
@Tinydollcookingai		pending		
@TinyDoodleAIOfficial		pending		
@tinydream_kitchen03		pending		
@Tinydreams10		pending		
@tinyexplrrs	UCIKcKmp_XWCtajKyk_yrr_w	ok		Tiny Explorers
@TinyFeastStudiox		pending		
@TinyFood-ai		pending		
@tinyfood_creations		pending		
@TinyFoodBabies1		pending		
@TinyFoodBabiesTV		pending		
@TinyFoodBuilde		pending		
@TinyFoodBuilders-o5y		pending		
@TinyFoodBuilders-win		pending		
@TinyFoodBuilders1		pending		
@tinyfoodbuilders640		pending		
@TinyFoodChaos		pending		
@TinyFoodCinema		pending		
@TinyFoodCinematics		pending		
@TinyFoodCreatures0.1		pending		
@TinyFoodFactory-09		pending		
@TinyFoodFactory2338		pending		
@TinyFoodFactoryAi		pending		
@tinyfoodheroes-e		pending		
@TinyFoodHeroesAi		pending		
@tinyfoodlabai		pending		
@tinyfoodmagic_27		pending		
@Tinyfoodmasters		pending		
@TinyFoodStories-t6e		pending		
@TinyFoodStudio		pending		
@TinyFoodStudio-g6c		pending		
@tinyfoodstudio12		pending		
@TinyFoodTales-p2p		pending		
@TinyFoodTales-USA		pending		
@TinyFoodUniverse4ever		pending		
@TinyFoodView		pending		
@tinyfoodworkers0		pending		
@Tinyfoodworkers_0		pending		
@TinyFoodWorksAI		pending		
@tinyfoodworld-i2m		pending		
@TinyFoodWorld-k3m		pending		
@TinyFoodWorldbabyofficial		pending		
@TinyFoodWorldNs		pending		
@TinyFrameAI		pending		
@TinyFriends-TV	UCl3_nICs0w7xfpPJcdv2tzw	ok		Tiny Friends TV
@TinyHeartStoriesAI		pending		
@tinyhistory-0	UCDtBCePSiquHRJjm8TqD9GA	ok		Tiny History Official
@tinyhugs-ai	UCK0NZAhzfxFKOiB-LBnCS1Q	ok		Tiny Hugs
@tinyjoytoyland		pending		
@tinykidscartoon2		pending		
@TINYKINGDOMADVENTURES		pending		
@tinykitchenbyanjali		pending		
@tinykitchenlab		pending		
@tinykitchenmealsAI		pending		
@TinyKitchenStudio	UCvZajFMLQEkc9V2YM2eCRsw	ok		Tiny Kitchen Studio
@Tinymasalamagic		pending		
@tinymeows8	UChtOzRfkhTSMvWypC43ylow	ok		Tiny Meows
@TinyMomKitchen		pending		
@TinyMorphixStudio		pending		
@TinyNovaAI		pending		
@TinyPawsHugsAndCute		pending		
@tinyrealmshistory		pending		
@tinyroast-g2d		pending		
@TinyStarsAIFactory		pending		
@TinyTadka-03		pending		
@TinyTadka-k9m		pending		
@TinytadkaAI-f4k		pending		
@TinyTailsAI-u8e		pending		
@TinyTailsAIOfficial		pending		
@tinytalequest1		pending		
@tinytales-d5u		pending		
@tinytales05-o7s		pending		
@TinyTales1307		pending		
@TinyTales1807		pending		
@TinyTalesAi-f6d		pending		
@TinyTalesbyAIImmersionLab		pending		
@tinytalesclips-ai		pending		
@Tinytaleskitchen		pending		
@tinytalestudio21		pending		
@TinyTaskersAI29		pending		
@tinytasteAI_official		pending		
@tinytasteStudio-i6x		pending		
@TinyTasteStudio-v9m		pending		
@TinyTastyAI-l7s		pending		
@tinytastywould		pending		
@tinytawa.0		pending		
@TinyTimeTales-c4e		pending		
@tinyTinyfoodbabies		pending		
@TinyToon-j9d		pending		
@tinytotss1415	UCrkebXj_czFnw41k69Nx5pg	ok		Tinytotss1415
@tinytrouble-y9j	UC0JFUMTJ1cEVg8Ex4fEwUog	ok		TinyTrouble
@TinyTunesstudio-t8s		pending		
@tinyverse_kitchen		pending		
@TinyVerseAI-o2h		pending		
@TinyVerseStudio3D		pending		
@TinyVillageAI-l9t		pending		
@TinyVillageDollKitchenStories		pending		
@TinyVisionStudio-o1r		pending		
@TinyWonders-o6t		pending		
@tinywonderstudio-d3l		pending		
@TinyWorkers-3		pending		
@tinyworkersstudioyt	UCR16mspU6wW8U8bzBtxdr4w	ok		Tiny Workers Studio
@Tinyworld-c9x		pending		
@TinyWorldFactory-d8i		pending		
@TinyWorldKitchen-01		pending		
@Tinyzozo		pending		
@TipoGris		pending		
@TipsHacks1234		pending		
@TirathBhao		pending		
@TisStories		pending		
@titan777-g8m	UC1LKtIKyLcNj83XF02k9hyw	ok		titan 777
@TitanChord		pending		
@TitanLuxeStudio		pending		
@TitanMusicRemix		pending		
@TitanTracks-q9y		pending		
@titanverseaiworld		pending		
@TITCreation		pending		
@titokids16		pending		
@tizlambient		pending		
@TJ_Astralis		pending		
@Tjabian		pending		
@tjorgemota		pending		
@Tksound2		pending		
@tkstories3968		pending		
@TlayahAI		pending		
@TLCDRAMALIVE		pending		
@tldrtheatr		pending		
@Tlivor		pending		
@TmFactoWorld	UCZIS6PaplO-shTJZ0yv_x0Q	ok		Tm Facto World
@tmmprods		pending		
@TMTgTransformation		pending		
@TNA3FACTOSTORY	UCh7Q9oOk4LfbYBDBMItggNQ	ok		TNA3 FACTO STORY
@Toads_Pit_Crew		pending		
@tobatobajana		pending		
@tobibro-gymrat		pending		
@tobiteaches		pending		
@Tobuscus		pending		
@Tochimovie		pending		
@ToCieRuszy		pending		
@TodayMachine		pending		
@TodaysOfficialz		pending		
@TODAYSTORIES6t		pending		
@Todd_AI_Animal	UCGL4I4NRwMSi97YsiBMQEgw	ok		Todd AI Animal
@toddlersstoryworld	UCnd_GmdBe3tkghjM08wg1UQ	ok		Toddler's Story World
@Toddlertale-d5v		pending		
@ToddlerTunesPG	UCQS_ce75g_N6rjcxihF_vLA	ok		Toddler Tunes
@TodoIAOfficial		pending		
@todschool		pending		
@ToffeeDiaries		pending		
@TohidAnimatedGalaxy786		pending		
@ToJestPL		pending		
@tokai_no_kirameki_jpneocitypop		pending		
@tokofficial		pending		
@Tokyo_ChillVibes		pending		
@TokyoAfterglowMusic		pending		
@TokyoCafeJazz-Jun-kissaTOKYO		pending		
@TokyoChillLab-tAx		pending		
@tokyochilloutmusic-x9o		pending		
@TokyoChromeRadio		pending		
@TOKYOECHOSOUNDS		pending		
@TokyoJazzNight		pending		
@tokyolofifreedombeats		pending		
@Tokyomel-ai		pending		
@TokyoMemory.mp3		pending		
@TokyonoYoru26		pending		
@TOKYOSTYLEBEATS		pending		
@tokyovaporgirl		pending		
@toldaisstories		pending		
@ToldbyElders.1M		pending		
@toldbylife0		pending		
@ToldbyOld1		pending		
@ToldUntold	UCuJuVT6aLWUDtcd-1ORIHiQ	ok		Told & Untold
@tolkienreflections		pending		
@TolkiensLegacy		pending		
@tomandcabbage		pending		
@TomAstroLab		pending		
@TomaszKaminski78		pending		
@TombGuardFables	UCZgh1DGqqTuszHfRXiRXJ4A	ok		Tomb Guard Fables
@TombGuardTales	UCmEPQVhCgrGzEqZ9c-IhUtg	ok		Tomb Guard Tales
@ToMKhongsngi		pending		
@TommyTaylor-f4z		pending		
@TomorrowAnimeClub		pending		
@TomorrowsScienceToday		pending		
@TomsAfterdark		pending		
@TomsJazzLounge		pending		
@TomsZeitreisen		pending		
@TomTalksMoney2k		pending		
@TonDoesLinux		pending		
@toneand		pending		
@TonicTape		pending		
@Toniharofficial		pending		
@Tonimafiastories		pending		
@tontonton-touchan		pending		
@tony98discovery		pending		
@tony99.studios		pending		
@Tony_XAnimationStudio-s1m		pending		
@tonyinvestigates		pending		
@tonykz888		pending		
@tonytechInsights78		pending		
@ToolPulseAI		pending		
@Tools.for.Fools.official		pending		
@ToolsofWar-TV		pending		
@toolstack-ai-ai		pending		
@ToolStackAcademy		pending		
@ToolsWithAI2026		pending		
@TOON1UNIVERSE	UCJlzMOsKZORPxFnsTcTy8Vg	ok		TOON1 UNIVERSE
@Toon_Beats-e6c		pending		
@ToonamiAIStories		pending		
@toonaverseai		pending		
@ToonBit10		pending		
@ToonBitesAI-i5j		pending		
@toonblaze-t7t		pending		
@tooncraze_cartoon	UCZbYCFGMOhDGALQO_B5MfOg	ok		ToonCraze Cartoon
@toonduniya100m		pending		
@Toonexplainer_		pending		
@ToonFanatic		pending		
@ToonFlickAI.01	UCdOdGNgTpV2n2-VN3KyRV6A	ok		ToonFlick AI
@toonfusion-JTS		pending		
@toonfuzz	UC6X6L26BNy3KTkiF7TRXIYQ	ok		ToonFuzz
@toonify_a1		pending		
@ToonifykidsAI-h5q		pending		
@toonmindai-g2h		pending		
@Toonmody		pending		
@ToonNovaAI-r2v		pending		
@ToonOfficialYT		pending		
@ToonologyYT		pending		
@toonsverseAI		pending		
@toontadka99-f9g		pending		
@toontales-95	UCo4rweck2ZOXww12piIqgvQ	ok		Toon Tales
@toontales-g8k		pending		
@toontasti-o1g	UC23J1kpBvSEn7-24_G_kvrg	ok		Toon Tastic 5
@ToonTickle-AI		pending		
@toontickles_animate	UCzQChu5bmn_uG2WlrNp9K8A	ok		ToonTickles
@ToonToLife-g3y		pending		
@Toonverse-r6e-h6w	UCODMKnzZXX1xcQz0ipshlMw	ok		Toonverse 🌌🎬
@ToonVerse9AI		pending		
@ToonVerseAI_35		pending		
@ToonVersMagic		pending		
@Toonyworldkiddy		pending		
@ToonzPik		pending		
@Top-5-Choice		pending		
@Top-Best-Picks-o5		pending		
@top-stories		pending		
@top100real		pending		
@Top5-Best-Picks		pending		
@Top55-w4f		pending		
@Top5_ranks		pending		
@top5pickschannel		pending		
@Top5RingAI		pending		
@Top_Tech_Developers-fn9dj		pending		
@topamazinglist9110	UCH7KLL2RE0Nm2vIQvgdkHCg	ok		Top Storyteller
@topascreativestudio		pending		
@topclipo		pending		
@topdiyclup		pending		
@topdoorbell.videos		pending		
@topfives		pending		
@TopHealthTipsHub		pending		
@TopHistory-c1f		pending		
@Tophitsmusic-NN68		pending		
@tophitsmusic311		pending		
@TopicTrendingNetTalk		pending		
@topideiasefusoesai		pending		
@TopIdéiaseFusõesAI		pending		
@TOPLIST1111		pending		
@topmoments86		pending		
@TopMusic4869		pending		
@TopTechBestTop		pending		
@topthings001		pending		
@TopTierClips-01		pending		
@TopTierMotorsYT		pending		
@TopTraditionalChineseMusic-l8y		pending		
@TopTravel_YT		pending		
@TopupcomingCar		pending		
@TopviewAIOfficial		pending		
@toracatdiary		pending		
@torahmadesimple		pending		
@TorchlightAfricaStories		pending		
@torinpopwave		pending		
@tornado_vlogs_gj		pending		
@TornoPetruska		pending		
@TOROT_TOROT		pending		
@torque-s9q		pending		
@TortureofEchoesTV		pending		
@tosboistudioyoutube624		pending		
@Total_Glow		pending		
@totalaiarmy	UCe-FlHnyh-g6VLLLpGUOyDA	ok		Total Ai Army
@TotallyReelFilms		pending		
@TotalMarvelLegends		pending		
@TotaRosed		pending		
@Tothepointpodcast-M		pending		
@TouchingBossStories		pending		
@TouchingTalesV		pending		
@TouchStories7		pending		
@TOWFN		pending		
@ToxicBibleFutureAI		pending		
@ToxicHOA		pending		
@ToxicSugarMusicChannel		pending		
@toy_familiy		pending		
@Toyinthecreator		pending		
@toys_love	UCFNP6Xfd-ODh1m7nTyeDJEw	ok		Toys Love
@toysla8s		pending		
@TP_Create_s		pending		
@traahambak11		pending		
@TrackingOceanGiants		pending		
@tracyevolutio		pending		
@TracyHonda		pending		
@tracyzhu8515		pending		
@trade_vision_live		pending		
@TradeEveryMinute		pending		
@TradeX-194	UCHF_xepy1d66wt_XDyB4ItQ	ok		TradeX
@tradingnews6165		pending		
@TraditionalBeekeeping		pending		
@trafficrights		pending		
@traiciondesangre09		pending		
@TrailblazeSerenade		pending		
@TrailCamUnfiltered		pending		
@Trailer-zone10		pending		
@TrailerAIplus		pending		
@TrailerForgeAI		pending		
@TrailerLabAI		pending		
@TrailersbyAI		pending		
@TrailersVerse01		pending		
@TrailersWithAi		pending		
@TrailerUniverseAI		pending		
@trailrecapped8691		pending		
@TrailsofSteel		pending		
@TrainFunTv		pending		
@TRALALELO-v4b		pending		
@TralaleloSahur		pending		
@TranceNova1		pending		
@Tranding2-12		pending		
@TranquilCafeJazz		pending		
@TranquilityTempleYt		pending		
@TranquillCabinAmbience		pending		
@tranquiltunes-an		pending		
@transfernews-e5s		pending		
@Transformationthroughai	UCybLOklWUVRO9ipA5QTwfmg	ok		Transformation through AI
@TransformersAsylum		pending		
@TransformGarageAI		pending		
@transformimaan		pending		
@Transformverse06		pending		
@TransmigrationTales		pending		
@TrapSyndicate-w8y		pending		
@traumscape		pending		
@TraumzielederWelt		pending		
@TravelBharatAI		pending		
@TravelVerse79		pending		
@travelwithshaidanwar		pending		
@TreadZone-w		pending		
@TreasurePulseOfficial		pending		
@TreeLapse-v9h		pending		
@treeline_journal		pending		
@treelunagrow		pending		
@treeminbible		pending		
@treeminvibes		pending		
@trenchcrusademusic		pending		
@trendaiq	UCshog_RR0-J9fHGLgow8PEw	ok		TrendAIQ Official
@TrendCentral		pending		
@TrendieFunnies	UCqGdNuwN4z7OxOIo5vlsuOA	ok		Trendie Funnies
@TRENDINGAIVIDEOS8		pending		
@trendingaiy	UCqDXFJBGZi-_5-1PT1s_TZQ	ok		TrendingAi
@trendingbeatsgallery271		pending		
@TrendingBitzStories		pending		
@trendingttales007		pending		
@trendingupdates12-k8v	UC_HuftKSH5zoLbzqsb6O4BQ	ok		Trendingupdates
@TrendSplice-y7w		pending		
@Trendy-vids123		pending		
@trendy.aiasmr		pending		
@trendybiz_1		pending		
@trendyshortz2444		pending		
@trendzilla171		pending		
@Trendzone-d7l		pending		
@TrevisHHH		pending		
@TriadST1		pending		
@TribalEssenceMusic		pending		
@Tribalhorizon-d3d		pending		
@tribalviemabeats		pending		
@TrickyVickyAI		pending		
@Trigger_Legacy		pending		
@trikidpictures		pending		
@Trilerin		pending		
@Trilloncore		pending		
@Trinity_TheDoggedStoryteller		pending		
@TripediaToday		pending		
@tripinsight.travel		pending		
@TripInsightTVemPortuguês		pending		
@triplegdot		pending		
@TriplelegShark		pending		
@trippletung-i6o		pending		
@TrippyTapesFM		pending		
@TripstoneHeathen		pending		
@Triumphantstories0		pending		
@TriumphTide0		pending		
@TrivakonKing		pending		
@triviatidbits1224		pending		
@TriviaTitanzMusic		pending		
@TRIWISE365		pending		
@tropicalharmony-x5w		pending		
@TropicalRootsRadio-s1s		pending		
@tropicalsoundsmusic		pending		
@TroubledLoveTales		pending		
@TruckCulture		pending		
@TruckDissected		pending		
@truckersvision		pending		
@trucksunitedyt		pending		
@TruckTitans-c3r		pending		
@TrucLe-s7y		pending		
@True-Terra	UCbQsIoCyCehQtQ0zRB71huw	ok		True Terra
@TRUEAIBIBLE		pending		
@truebetrayalhfy	UCUL0kwdIL7lC0Wmh46TR4Wg	ok		True Betrayal HFY
@TrueBibleStoriesDaily		pending		
@TrueCowboyStories		pending		
@TrueCrimeClaude		pending		
@truecrimeexplorer-k2m		pending		
@TrueCrimeFilesMystery		pending		
@truecrimeguy92		pending		
@TrueCrimeStoryFiles-u5s		pending		
@TrueCrimeVaultCases		pending		
@TrueeIndustry		pending		
@TrueEmotionsHub0	UCgPzSycifgcNXnEgNSvVNxQ	ok		True Emotions Hub
@TrueFeelStories1		pending		
@Trueform.Studio		pending		
@TrueGritStories-q3m		pending		
@Trueguts-r6w		pending		
@TrueheartStories-w9r		pending		
@truehistory1940	UCSt1e_A-nODRQx88CvQhu8A	ok		History 1940
@TrueHOAStories-d8s		pending		
@Truehubtales		pending		
@truejusticeofficial		pending		
@TrueJusticeStories-z4		pending		
@TrueLensStories1		pending		
@truelifechronicles-d9o		pending		
@TrueLifeEdge-y6o		pending		
@Truelifestories-c4k		pending		
@truelifetales001	UC3CZnbpJVw6gKA_PvdtMYHA	ok		Truelife Tales
@TRUELUXURYSTORIES		pending		
@truemedievals1111		pending		
@truemenspeak		pending		
@TrueMidnightMystery		pending		
@truemilitaryshow		pending		
@truemoontales		pending		
@TruePayback-j4h		pending		
@TruePulse247TV		pending		
@TrueRealms01		pending		
@TrueSilentStories4real		pending		
@TrueSingleDadStories	UCNHz4XqgsKn4KRCBBEhXC6Q	ok		True Single Dad
@truestories821		pending		
@truestoriesvault-t7c		pending		
@TrueStoryAI-f5y		pending		
@TrueStoryVisuals_Official		pending		
@TrueSubStories		pending		
@TrueTaleTime-k8k		pending		
@TrueTaleTimeLE		pending		
@TrueTalkFootball001		pending		
@TrueTimeTales-h9r		pending		
@TrueTrucks7		pending		
@TrueVietnamDocs		pending		
@trueww2		pending		
@trulyunusual-v8x		pending		
@trumanwong3193		pending		
@TrumpetOfGlory		pending		
@Trust.Allah2000k		pending		
@TrustedTechPicks		pending		
@TrustedTop5Picks		pending		
@TrustTestHub-i5e		pending		
@TruthAwakens1		pending		
@TruthBibleStories		pending		
@TruthByPhilosophers		pending		
@TruthCast-03		pending		
@TruthChangedEverything		pending		
@TruthFables		pending		
@truthforus1005		pending		
@TruthPointX		pending		
@TruthStories-7		pending		
@TruthsWeIgnore-x8w		pending		
@tryaihere		pending		
@Tryinvestdotcom		pending		
@TRYITFIRST-h7d		pending		
@tryvanholt		pending		
@TSAISHORTS		pending		
@tsi4455		pending		
@TsukiToSiphon		pending		
@TT.Soul.Stories.86	UCS1IQZuE0C3obQUECvWUS8g	ok		TT Soul Stories
@ttinyverse	UCGmW_yzmpB91ZG4UlBhOHCA	ok		Tinyverse
@TTRPGX		pending		
@tttisland		pending		
@tuankietsoicau13		pending		
@TubeMagicASMR		pending		
@TubiDaorLore		pending		
@Tubolayefa-Ij		pending		
@tucasaenpaz		pending		
@tuconsejeronocturno		pending		
@TuduDjMusic		pending		
@TuduTachAiOfficial		pending		
@tuhucataishorts	UCGyIIAxap51RcM6uE8dLOxw	ok		Tuhu cat ai shorts
@tukisaki		pending		
@TukkerX		pending		
@tuktuktv-x3z9i	UCxnpP1cXkHm2yn3wBh_7BZg	ok		TukTukTv
@TulipRevenge.uss22		pending		
@TuMente-x8c		pending		
@tumtumsaharchannel	UCA2wFpp6PbS7mf6wtLfGYEg	ok		Monkey animation
@TundeAiStudio		pending		
@Tune4Drip		pending		
@TunedByTommo		pending		
@TuneGPTsounds		pending		
@TunesHQ-s3u		pending		
@TunesTribe-l8b		pending		
@TungTrang97		pending		
@tungtung-q1f		pending		
@TungTungCapuccina		pending		
@TUNGTUNGNEWS-e4w		pending		
@tungtungtv-u1v	UCO3E3kNXhOYNvaqI2YWfLQg	ok		Fluffy & Furious
@Tunnepoluilla		pending		
@TuPsiqueOscura		pending		
@Turbo_Neon		pending		
@turboblacktion		pending		
@turborhythm		pending		
@TurboTailsQuest		pending		
@TuringApp		pending		
@turingsfeverdream		pending		
@TuringTunesHub		pending		
@turkayworks		pending		
@TURKO777Official		pending		
@turkulergecidi		pending		
@turkxkasiyainda		pending		
@turnbasedrpghub		pending		
@turnsoutexplained		pending		
@turnthedialup		pending		
@TurnWiser		pending		
@tususuASMR	UCHez-c1f_kNAyiFKookMflw	ok		tususu
@tutoratech		pending		
@TutorBaseHowTo		pending		
@Tutorela_Math		pending		
@TutorialsWithJames	UCZBba53QsMk9GDtRUEqTb5w	ok		TutorialsWithJames
@tuxnewsbyhassan		pending		
@tuyetngao5518		pending		
@tv_frame_luxurious_art	UC1a5vg7jq2-XLREGw67-JXQ	ok		Tv frame luxurious art
@TVJunkieOG		pending		
@TVOutOfContext		pending		
@TVSpiegelYT		pending		
@tvstarsbiography	UCV728AidQhBMSFVLh13ORCw	ok		TV Stars Biography
@TVVmusic-c6x		pending		
@tw77studio		pending		
@TwigandbarkASMR		pending		
@twilight-fm		pending		
@twilight-tales-j4t		pending		
@Twilight_Drama_Dreams		pending		
@TwilightLoveTales		pending		
@TwinFlames-888		pending		
@twinklestar-n6t		pending		
@TwinkleTales-26		pending		
@TwinkleTales0407		pending		
@TwinoAndTwina		pending		
@twistedafricanfolktales		pending		
@twistedf8official		pending		
@TwistedRealms1		pending		
@TwistedRSBStories		pending		
@TwistedRSCStories		pending		
@TwistedRSDStories		pending		
@TwistedRSTStories		pending		
@TwistedRSXStories		pending		
@TwistedRXTStories		pending		
@TwistedTavernTunes		pending		
@Twistified-p2m		pending		
@TwistToTales		pending		
@Twitchclips-fun		pending		
@twiz27		pending		
@Twoja-Diagnoza		pending		
@TwoNationHistory		pending		
@twoplusyou		pending		
@twoscuffed		pending		
@Tybeyondtech		pending		
@tycntchill		pending		
@TygaTypeBeat-w9n		pending		
@tygg0f		pending		
@TylerReads		pending		
@tynadigitalfolktales		pending		
@TyneDemarion		pending		
@typebeat-ai		pending		
@typetune		pending		
@tyreekcruse2430		pending		
@tysiacletniehistorie		pending		
@Tysiącletniehistorie		pending		
@Tz.Factory		pending		
@u.i.v.m		pending		
@uamgaming		pending		
@UBFinanceTruth		pending		
@UbuntuMind		pending		
@UbuntuSacredVoices		pending		
@UBUNTUVOICES-o7n		pending		
@UchechiAITales		pending		
@UchloadAfricanFolktales		pending		
@UCjyU_f6AoBpdaIeyjq_gTdQ		pending		
@UCSLDxHOOXWfK88k6zbbmJhQ		pending		
@UCT3_oOXiINlEmP2KT68aCsw		pending		
@ud_bilau	UCimhfMElW_9bhgO2cGAMbSw	ok		funny cat ai
@udincreator.ai.business		pending		
@udio_music		pending		
@UDIOLOVEAI		pending		
@Udspirestudios		pending		
@Ufcshorts-u9u		pending		
@ufublesAlfred		pending		
@UgamUgam-i1w		pending		
@UgKnowsStoneAge		pending		
@ugr_cinema		pending		
@ujan-music-radio		pending		
@Ukcarlegends		pending		
@UKHousingReality		pending		
@UkraineReports		pending		
@UKRealityReport		pending		
@ukrpatriotsdotcom		pending		
@Ukryta-Warstwa		pending		
@UkryteOdkrycia		pending		
@UkrytyChrystus		pending		
@ukrytykosmos1		pending		
@UKSpotlight-k4g		pending		
@UKThrillo7		pending		
@ukworl	UC58a29csm-Pb5pu3qWXWYEQ	ok		uk s world
@uldwifa	UCTRrNjTO0LYtK8FFvmsZknw	ok		My Little Friend🧸
@ulfi_love		pending		
@Ulqen		pending		
@ultimatediscovery		pending		
@UltimateFactory-u7b		pending		
@Ultimatehealer		pending		
@UltimateMachinery9		pending		
@UltimateMegaBuilds		pending		
@UltimateOddlySatisfying		pending		
@UltimateRevenge-p9u	UCAUG3jJV6JZoOk8fLo-DaGw	ok		Ultimate Revenge
@UltimateRevenge-u6n		pending		
@UltimateSatisfyUS		pending		
@UltimateStudiosOfficial		pending		
@UltimoFrenteYT		pending		
@UltraEliteClub		pending		
@UltragenFactory2.0		pending		
@UltraSonic-k3k		pending		
@UltraVibeZone-t2n		pending		
@Umanoterapia		pending		
@UmarFarooq-x3e6l		pending		
@Umarrizwanofficial2		pending		
@UmeshYaduwanshi-e9l		pending		
@ummagumma671		pending		
@umsatzde		pending		
@Unbelievable.thought	UCqwjPcxX60fyWSKVW3On0og	ok	@buzztatler	Buzztatler
@UnbelievableHOAStories-US		pending		
@Unbelievabletruestories1	UCK1VlJid7ANJqEPDTM1RSoA	ok		Unbelievable true stories
@UnbelievableTruths-v28		pending		
@Unbeviewlable		pending		
@UnbotheredCatJazz		pending		
@UnboundTales1		pending		
@UnboxForgeAI		pending		
@UnbreakableandArmed	UCvUl4OGaUTfzbYnF_7gJugw	ok		Unbreakable & Armed
@UnbuiltWorld2		pending		
@Uncanny_Harry		pending		
@unchainedEcho-UE		pending		
@UnchartedDepths-v2n		pending		
@UnchartedEarthYT		pending		
@UnclassifiedYTT		pending		
@UncleInans		pending		
@unclejohnfinancial		pending		
@UncLeonAfterDark		pending		
@UncleSamsBlues		pending		
@uncletiminvests		pending		
@unclewisdoms		pending		
@uncodedx2082		pending		
@uncommonpast		pending		
@unconqueredhistory00		pending		
@UnconventionalLoveStories8		pending		
@UncoveredGuru		pending		
@UncoveredSecrets-k4f	UCq6bJihXxc25dED-aGHhSCQ	ok		Uncovered Secrets
@uncoveredstories-i3w		pending		
@UncoverFilipino		pending		
@UncoverHistory-p2u		pending		
@UncoverVault-k6r		pending		
@UndercoverCEOs		pending		
@undercoverstories1		pending		
@UndercoverTales-m1v	UCtlrNdoE9zrsI2XqH0l5s_A	ok		Undercover Tales
@Underdad-1		pending		
@Underdog_Dad		pending		
@UnderdogDrama-x3f		pending		
@UnderdogStory-y2o		pending		
@UnderdogTwist		pending		
@UnderLens11		pending		
@Underpaidwhiskers		pending		
@undersealdocs		pending		
@UnderSparked		pending		
@UnderstandThroughAI		pending		
@UnderstendCats		pending		
@UnderthePorchlight-i5f		pending		
@Underworld-g1n	UCk-NV54x7283OQqdJtH1MgQ	ok		Underworld2025
@UnderworldArchitect-f8p		pending		
@UnderworldRomance-f2e		pending		
@underworldstories001		pending		
@UnearthlyAITales		pending		
@unexpectedbands		pending		
@Unexpectedcreation07		pending		
@UNEXPECTEDDESTINIES		pending		
@UnexpectedMoments-tn20		pending		
@UnfilteredAI7		pending		
@UnfilteredCelebss		pending		
@UnfinishedLab		pending		
@Unfolded_Finance		pending		
@UnfoldsStoryHT		pending		
@Unforeseentales-o5m		pending		
@UnforgivingEarth4K		pending		
@UnfuckEverythingYT		pending		
@UnheardRawStories		pending		
@UnheardStories-f6p		pending		
@unheardtruth_official		pending		
@unhingedlord		pending		
@UnhingedPast		pending		
@Unhingedroads		pending		
@UNIFlowinLab		pending		
@uniqoo		pending		
@uniqueeditstudio	UCbq9DiLs8E2b4bfrnAGLJmg	ok		Uniqueeditstudio🎙️
@Uniqueko539		pending		
@UniqueLoveStories001		pending		
@uniquemoveofficial	UCSME6p63M4kzGrX_r8q7WDQ	ok		Unique move
@UniquePetHaven		pending		
@UniqueStoriesZone		pending		
@UNIQUETIME_BD		pending		
@uniquevlog-s6c	UCgyKZJNZlW2PtB8ZJ--rC0g	ok		It's Cat
@united.kingdom.7	UC2ZlUMl3oRE1nA7jRHqg93Q	ok		United Kingdom 🇬🇧 7
@UnitedStateNews-h6e		pending		
@unity5332		pending		
@universalaistudio		pending		
@UniversalAmbients		pending		
@UniversalLegendPro		pending		
@universedocumentary131		pending		
@UniverseofStories-02	UCZf9pw1a2NKfvXGXrhbmsNQ	ok		Universe of Stories - Bedtime Stories for Kids
@UniverseofStories-k2h	UCahD2mG_-9MLf7i_L9WJZQg	ok		Universe of Stories
@universeofstories-o9i	UCDa4D6xnLpm7dZp48LwbdtA	ok		Universe of Stories
@universesecret369		pending		
@UniversoCanino1		pending		
@UNIVERSONATURAL-y1v		pending		
@UniversumDeutsch	UCHu06TgsRvGplp2qIzuHCTw	ok		Universum HD
@Unj...R		pending		
@unkio		pending		
@unknowncase101		pending		
@unknownfrequencies-tv		pending		
@Unknownnexus		pending		
@UnknownReelStories		pending		
@unknowntvworld		pending		
@UnleashedPodcastOfficial		pending		
@unlimited-horror-stories		pending		
@Unlimited.Stories		pending		
@unlimitedbrainexercise		pending		
@Unlocked-y2h		pending		
@UnlockingtheUnknown-r1j		pending		
@unmadetales		pending		
@unmarked-casebook	UCvf38izJIDsn0qfb7OtfBiQ	ok		Unmarked Casebook
@Unoaistudios-0911		pending		
@unoverse.07		pending		
@Unpeeled-b3w	UCiAQVo7nlV0S0B1cggalwcQ	ok		Stories Unpeeled
@unraveledancestors		pending		
@UnravelingMythology		pending		
@UnravelingRevenge		pending		
@UnravelingtheScriptures		pending		
@unreadableai-00	UC91lgOEzNqRRZP6turW8yOA	ok		Pintu?FF?
@UnrealBabes		pending		
@unrealflooring		pending		
@Unrealideas		pending		
@unrealistic55	UCGEg9pYodxN6QnbR67SqT1A	ok		AI Visual Stories
@Unrealmelodies		pending		
@UnrealRealityStudios		pending		
@unrealrocksongs		pending		
@UnrealSeconds-q4i		pending		
@UnrealTrueCrime		pending		
@UnrealWorldTravel2026		pending		
@UnreleasedReggaeAlbum		pending		
@UnresolvedHistoryArchive		pending		
@Unrote		pending		
@Unsaid-Stories99		pending		
@Unsaidtale		pending		
@unsealthebible		pending		
@UnseelAstronomy		pending		
@unseendarktime		pending		
@UnseenEarth4K1402		pending		
@unseenmeridiann		pending		
@UnseenMindStories		pending		
@UnseenNatureAI-j4j		pending		
@Unseenreality247		pending		
@UnseenValorFiles		pending		
@UnshakenWorthStories		pending		
@UnsolvedChronicles-w6j		pending		
@Unspoken.animalstories		pending		
@unspokenstoriesworld		pending		
@UnspokenTruth-UT		pending		
@untamedrescuesyt	UCDJ7il8iN3__WatjR6sJlRA	ok		Untamed Rescues
@unterderoberflache_0		pending		
@UntiltheTruthAwakens		pending		
@UntoldAcres		pending		
@untoldaistories20		pending		
@UntoldAlibisStories		pending		
@untoldbiblestories101		pending		
@untolddiarise_official		pending		
@untoldfact_s		pending		
@UntoldHearts-t2p		pending		
@UntoldHistorianyt		pending		
@UntoldHollywoodLegends-t4x		pending		
@Untoldhonorvoices		pending		
@UntoldJourneyStories		pending		
@untoldlegacyofbrucelee1x		pending		
@UntoldMajesty		pending		
@untoldminute3d		pending		
@UntoldMomStories-o2w		pending		
@UntoldMoneySecrets-u2i		pending		
@UntoldReadsYT		pending		
@untoldreels-1		pending		
@UntoldStories-t1q		pending		
@untoldstoriesweb	UC1og_6xWWMabMuxZ-liEqaA	ok		Untold Stories
@UntoldTruthTales		pending		
@UntoldWarArchives	UC6JMkTezp7k1EyA3BWL5YXw	ok		Untold War Archives
@untoldwartales-1945		pending		
@UntoldWarTruths		pending		
@UntoldWhys		pending		
@UntoldWW2Stories1		pending		
@UntoldWW2story	UCWc8TqQlvWsGk1WgKbV4O2g	ok		Untold WW2 Stories
@untrainedanimator		pending		
@unVEIL-SeeS		pending		
@Unveiling_Science		pending		
@UnwholesomeFacts		pending		
@UnwindLofiRoom		pending		
@UnwrittenMultiverseAI		pending		
@UnwrittenUniverseAI		pending		
@upadek_imperiow		pending		
@Upadek_Imperiów		pending		
@updatefanpage		pending		
@updatestoriesus		pending		
@upgowise1		pending		
@UpgradeYourSelf_Knowledge		pending		
@Uplatz		pending		
@UpliftSagaHFY		pending		
@Uplit1		pending		
@UpperClassMarriage		pending		
@uprisingai		pending		
@UpvoteSaga-07		pending		
@upwale-e3p	UCMiyzAdaK7sBtxhyD475LXA	ok		upwalebhai
@ur.cowsadstory	UCRoMxXlYvMwWa0gp-6UIwnA	ok		UR. Cow Sad Story•
@urban_sonidera		pending		
@UrbanAutoVisionary		pending		
@UrbanBigfootVlog		pending		
@UrbanHustleLab		pending		
@UrbanKingTheater		pending		
@UrbankoalaLofi		pending		
@UrbanLegendsUnveiled2023		pending		
@UrbanLore_Music		pending		
@UrbanMonkeyVlogger		pending		
@UrbanMyths-757		pending		
@UrbanPlannerExplained		pending		
@UrbanPopCentral		pending		
@UrbanReggaetonVibes		pending		
@URBANTWILIGHTWEATHER		pending		
@URLIST		pending		
@urlove.hon3y786		pending		
@urmvp-fl1gd	UCsn5oWfKpMfedfsTDtL4D3g	ok		UR. MVP
@uroojverse-777		pending		
@UrPreet44		pending		
@urvixbaby		pending		
@us-cbcnewnow		pending		
@US-ObserverX		pending		
@us-stock-spotlight		pending		
@US.CINEMA		pending		
@US.NewsReport		pending		
@USA-f1z		pending		
@USA-factory-5M		pending		
@usa80526		pending		
@usaAIKidsCartoons-r5x		pending		
@UsaCarUpdate44		pending		
@usachannel01__1	UCw2JX5D-Ky-zjSGgDxg_fyg	ok		Usa Ai
@USAClimateReports		pending		
@usadailyallupdate		pending		
@UsadocumentaryHub771		pending		
@usafactorypro		pending		
@usafinancialdocumentary		pending		
@usafun8052		pending		
@usaheadline-e1n		pending		
@USAInsideNews		pending		
@USAIS2026		pending		
@USAIStudioOfficial		pending		
@USAKidsAITV		pending		
@usalife-t4e		pending		
@usamatheshadow		pending		
@USAMrStickman		pending		
@usanews3-h8s		pending		
@usanightshow		pending		
@USAPopCultureHub		pending		
@USAPulseOfficia		pending		
@USAStockWatchOfficial		pending		
@USAUncovered-786		pending		
@USAUttam999		pending		
@USAVantaAI143		pending		
@UsAvibE-2		pending		
@USAVibesDaily-007		pending		
@usavibeyt		pending		
@usavideo200		pending		
@USAVIRALAI_7		pending		
@USDefenseReview		pending		
@USEconomyBrief-123		pending		
@Useepy		pending		
@UsefulHistoryTidbits		pending		
@USEliteWomen	UCDBK1x4AjguL0jW71FxVoig	ok		Elite Women
@user-bo4en9vd8l		pending		
@user-e5h1q		pending		
@user-jv8xi3tk8i	UC3d1Ljl9IGVUfZ9vhrh6NvQ	ok		Echoes of Legends
@user-ke7xn4dk5x	UCUnVwySh6FJEeWlOVtiZYCg	ok		Animate Verse
@user-ls8cj5cw9g		pending		
@user-mrbeas0786	UCGyiP6bWThetmZ0AdMYSzMg	ok		Beast 3D 8K Cartoon
@user-nl8qw1qv3f		pending		
@user-ui1is6gi9u		pending		
@user-v5g6i		pending		
@user-vz5hx8nb6		pending		
@user-zn4dp5fg3n		pending		
@user.zi-yue-story		pending		
@user000-b1j		pending		
@user_65710		pending		
@USFinancialReality24		pending		
@USHistoryChannel		pending		
@uskastudio1		pending		
@USMarketDaily07		pending		
@usmarkettpulse		pending		
@USMilitaryRecon		pending		
@UsNexTech		pending		
@uspavibes		pending		
@uspeak-14oct		pending		
@USPowerAnalysis		pending		
@USPresidentialGamers		pending		
@USRecap		pending		
@UsStockBilingual		pending		
@USTORY_fr		pending		
@USTruth12		pending		
@uswardocumentary	UCD-nXud9aE25gT3Gt_KVtgA	ok		US War Documentary
@utopicdreamer		pending		
@uuuknowme	UCgXxmghFVcjtetaTYvQGy0g	ok		45 Second only
@uxdesignerveit		pending		
@UzairLaar		pending		
@uzmp3ai		pending		
@UzoamakaStories		pending		
@uzobar		pending		
@V.Naydenko		pending		
@V2_VLOGV2		pending		
@v3narahardtechno		pending		
@VADARKOfficial		pending		
@VadelaStoryVerse		pending		
@vadimlasca_ai		pending		
@vaelerka		pending		
@VAELORAMUSIC		pending		
@VaeloriaMedv		pending		
@Vagabond-in-the-Rain		pending		
@VAIBA11		pending		
@VaibhavJohar-99		pending		
@VaibhavKulkarni-t6o		pending		
@VaidehiShauryaEdits		pending		
@vairal-u5h	UC2QZA5SzLhNoFTpcVN5ejuw	ok		Vairal shorts
@VAIstream		pending		
@vaka.belgesel		pending		
@Vale.Kinetic		pending		
@ValecrossStudio		pending		
@valentinasooofficial		pending		
@ValeriadelAlba		pending		
@Valerin-u9h		pending		
@Valezart		pending		
@valhalla-drums		pending		
@ValhallaAI		pending		
@ValhallaDominion		pending		
@ValhallaDrums	UC_5OycUbAgt90TLFoQaC-_Q	ok		Valhalla Drums
@ValhallaEchoes-c9b		pending		
@ValhallaEchoes-i2n		pending		
@ValhallaFrequencyMusic		pending		
@valhallafury		pending		
@valhallahits-ofc		pending		
@ValhallaMelodies-n6p		pending		
@ValhallaNightsVK		pending		
@ValhallaRagnarok		pending		
@ValhallaStormChoir		pending		
@ValkyrieHymns		pending		
@ValkyriesWrath8		pending		
@ValleyVelvet		pending		
@valog.ai.234		pending		
@ValorChronicles44	UChlPuJH1YAaKCt82NDazavw	ok		Valor Chronicles
@ValorDrama		pending		
@ValorHonorStories		pending		
@valorinscrubs		pending		
@ValorSniperStories		pending		
@valuablerarecoins		pending		
@Value-Voyager		pending		
@Value_Addon		pending		
@valueablerarecoins		pending		
@ValueInSilence		pending		
@ValueInvestor-Lab		pending		
@vampireponyo_rantz		pending		
@VampireRockMusic		pending		
@VampireRomanceStories		pending		
@VampiresEmbraceOfficial		pending		
@Vancarter001		pending		
@VANGUARD-95-OPS		pending		
@vanhoile-b5g		pending		
@VanillaInvestor		pending		
@Vanished-z6b	UCv7jSb7YRlpJlcNgkENC-5g	ok		Vanished Trails
@VanishedBritainUK		pending		
@vanisheddaysdoc		pending		
@VanishedHistoryYT		pending		
@VanishedKnowledgeYT		pending		
@vanishedrooms		pending		
@vanishedworldsrevealed		pending		
@Vanlalpeka-oi1ll		pending		
@vanshika-p4	UCO0GWyk5spmiVFCSbibgjgw	ok		Ai pigeon cartoons
@VANTAAISTUDIO		pending		
@VantaCentral		pending		
@VantasyRain		pending		
@VantyXRecords		pending		
@vanzkiekoreatonz28		pending		
@Vapelle-uk		pending		
@VaponMusic		pending		
@VaporMachine		pending		
@vaporwavejapan		pending		
@Vard-Ges		pending		
@VargleifTheViking		pending		
@Vargvegr		pending		
@variantuniverses		pending		
@Varizzz		pending		
@vartulmishra7505		pending		
@varynstories		pending		
@Vault-of-Storiess		pending		
@vaultboy101ai		pending		
@vaultofdiscovery		pending		
@VaultOfMystery-g2o		pending		
@Vaultoftimess		pending		
@vclipspotid	UCXfvomlLmRhOxSq8dIZMf7w	ok		VClipSpot ID
@VCUStudios		pending		
@vdo-686		pending		
@Ve_loura		pending		
@VectorNews24		pending		
@vectrotv0		pending		
@vee-deezee		pending		
@veedramatv-99		pending		
@VeenaSansar_71		pending		
@veeo1234gg		pending		
@VeeSparkVideo		pending		
@VegasUnmasked-2decem		pending		
@VegetableAi-v6o		pending		
@vegetablesanimations		pending		
@vegetablescutting-asmr	UCFlywoYhXAmY0W8fvojiS-A	ok		Crystal cut ASMR
@VegetablesStoryAi		pending		
@VeggieSmileSensory		pending		
@veggiesworld34		pending		
@VeggieVerse-s6e		pending		
@VeggieVerseAI143		pending		
@VehicleLifeGuide		pending		
@vehiculemagazine		pending		
@veil_co		pending		
@veil_of_fate		pending		
@VeilandVersee		pending		
@VeiledLives1s		pending		
@VeiledSecrets		pending		
@veiledunknown-p2p		pending		
@VeilofTruth-o2f2s		pending		
@VEILTALE1		pending		
@VEILTUNE		pending		
@VELES7487		pending		
@velinastories		pending		
@Velkorynth		pending		
@vellob	UCRYmjTWA-0OOVhRGECFtp7w	ok		WW2 Vellob
@VelmoraCave		pending		
@VelmoraPayback		pending		
@VELOCITY_AI_MNG		pending		
@velocitydnb-dnb		pending		
@VeloFeed		pending		
@VeloixFiles		pending		
@velola198x		pending		
@VELORA-Ai-396		pending		
@Velora-xlx		pending		
@Velora_plays		pending		
@VeloraAI-x2q		pending		
@VelorAIArtStudio		pending		
@Velorasounds-e6x		pending		
@VeloraStarlight		pending		
@VeloriaVintage		pending		
@VelorionSound		pending		
@veloursounds_1		pending		
@veltrixforgeYT		pending		
@Veluna-Asmr		pending		
@velune-7m		pending		
@VeluneASMR_channel		pending		
@Velvet2000		pending		
@Velvet_stories_22		pending		
@VelvetBladeStudio		pending		
@VelvetBLLore		pending		
@VelvetBrewJazz-z3u		pending		
@VelvetCafeMusic		pending		
@VelvetCatLounge		pending		
@VelvetChill666		pending		
@VelvetCoffeeNights		pending		
@velvetcrossroad		pending		
@VelvetDukeRomanceLibrary		pending		
@VelvetEmberJazz-Real		pending		
@Velvetfilm-u1u		pending		
@VelvetFrequencyLuxeLoops		pending		
@velvethavenofficials		pending		
@VelvetJazzHour		pending		
@VelvetLiquidDnB		pending		
@VelvetLoops-c2l		pending		
@VelvetLoungeCat		pending		
@VelvetMemories-e7b		pending		
@VelvetNoir-l1h		pending		
@VelvetNoirCat		pending		
@velvetnoirjazz68		pending		
@VelvetPulse-s8t		pending		
@velvetradionights-u1u		pending		
@VelvetRetributionRevenge		pending		
@velvetromance6260		pending		
@VelvetSonata-classical		pending		
@velvetsoulbgm		pending		
@VelvetStories9		pending		
@velvetstoryverse		pending		
@velvetstudiosYT		pending		
@VelvetSurrealAIArt		pending		
@VelvetSyndicate		pending		
@VelvetSyndicateTV		pending		
@VelvetTheatreAi		pending		
@VelvetThorn-u2p		pending		
@VelvetTruthsHT		pending		
@velvettunes-j9n		pending		
@VelvetVendetta-b7m		pending		
@VendettaTales-m3e		pending		
@VenganzaconElena-b7v		pending		
@VenganzaCorporativa0		pending		
@venganzafamiliar68		pending		
@venganzafria-g4q		pending		
@VenganzaFría-g4q		pending		
@VengeanceBound2801		pending		
@VentusZone		pending		
@venuscolapse		pending		
@VenusDramaStories-y5q		pending		
@veo-w4o		pending		
@VeoFrameAI		pending		
@veopunchlines		pending		
@VeraMusic04		pending		
@VerbalShowdown		pending		
@verborgenebuhne		pending		
@verborgenebühne		pending		
@VerborgenesErbe-g6r		pending		
@VerboteneLiebe19		pending		
@verdadesdemamaypapa		pending		
@VerdadesSilenciosas-q1o		pending		
@VerdictVoices-s3e		pending		
@verdixgarden		pending		
@VergesseneTrassen		pending		
@veridiondata		pending		
@VeritasiumPL		pending		
@VerityStories-z7c		pending		
@verlorene_ursprunge		pending		
@Verlorene_Ursprünge		pending		
@VeronicaNarration		pending		
@Verse_Unbound		pending		
@VerseMerge		pending		
@versodocs		pending		
@verstehenwiefeynman		pending		
@VersusUN		pending		
@VertexProcess		pending		
@Vertikascookbook		pending		
@verumthemysteries		pending		
@Verycool0110		pending		
@VeryOddlyFactual		pending		
@VerySeriousFinance		pending		
@VerySparked	UCtM2oj5AMh0nQy-OtPgdN0w	ok		VerySparked
@veryyourstruly89		pending		
@Vesper-Xp		pending		
@VesperaNoctis		pending		
@vessiehistory	UCTc60j7HW36jlOyknJSCXwQ	ok		The ParFather
@VeteranDogTales		pending		
@VeteranReadIt		pending		
@VeteransValor	UC9jS-RVJoDQIHlMDzbJjsbg	ok		Veterans Valor
@VeteransVoiceYT		pending		
@VeteranTruths-911		pending		
@VettedFaith		pending		
@vexastorytime		pending		
@Vexora-w4q		pending		
@vexorianhale		pending		
@VexoWF		pending		
@veylora_drama		pending		
@veylora_funny_shorts		pending		
@Veyra-006		pending		
@Veyra-l8f		pending		
@Veyronix-f8l		pending		
@VF-TX	UCDXaqNEbnN3DFoxjXbNFSLQ	ok		AI TransformaX
@VFXby-AI		pending		
@VFXprocreator		pending		
@vfxquest	UCL1i64UMX85z2p_rjqk0rpw	ok		VFXQuest
@vfxsumityt		pending		
@Vheen21		pending		
@VHSFMMemory		pending		
@vi_asmrr		pending		
@ViannyCinematics		pending		
@viarlaishorts	UCgwYrFYMe0mgi6apeZ_Wkag	ok		Ai shorts
@vibe_anatomy		pending		
@VIBE_MOTORS		pending		
@VibeCrushX		pending		
@VibeEcho-h5n		pending		
@VibeForgeTrailers		pending		
@VibeLabSignal		pending		
@VibeLabYT1		pending		
@VibeMixStudio-c7i		pending		
@VibeMusicAiRecords		pending		
@vibemusictracks		pending		
@vibequeen-f9k		pending		
@vibereshuffle		pending		
@Vibes_geng		pending		
@VibesOfFantasy		pending		
@VibesOfTheUniverse9		pending		
@vibesoundzzztherapy		pending		
@vibeswithshariq_786		pending		
@vibetrance		pending		
@vibetune93		pending		
@VibeVaultMusic		pending		
@VibeWaveTv1655K		pending		
@VibeWithAiTV		pending		
@ViceCodedAI		pending		
@ViceGTAClips		pending		
@VickyLandKids		pending		
@VickyLoloskeyChannel		pending		
@VickysCinematicUniverse		pending		
@VicoRhymes		pending		
@victimadespierta		pending		
@victoranjeh		pending		
@victoriadventist		pending		
@Victorianelle-Art		pending		
@VictorianelleArt		pending		
@VictorianLife		pending		
@VictorianLoveStories-i4f		pending		
@VictorianWhisperss		pending		
@victoriapeter6732		pending		
@VictoriaStoryverse		pending		
@VictorRDirector		pending		
@VictorySci-FiStories		pending		
@Vid-Ain		pending		
@Vida03-y5j		pending		
@VIDAESTOICATGN		pending		
@vidaloka4230		pending		
@VidaPlenaSeniorDrJoan		pending		
@VidArtAI		pending		
@VidasVividas-es		pending		
@VidaZenOficial		pending		
@videoclip-159	UC8SxFfd0tRN41uLKeT1ccIw	ok		Cow cartoon video clip
@videofabb		pending		
@VideoGamesExplainer369		pending		
@VideoGenerator-AI		pending		
@videogenwithmike		pending		
@VideoMax_AI		pending		
@VideoMovieLab		pending		
@videos-g3q9r	UCAMO4q_e-hAcMCbLgN9-_Cw	ok		videos
@videos_from_ai	UCOUl1M6Zvn7fdFVPGNFH7jw	ok		AI_videos_viral
@VideosoftheprophetsAI		pending		
@VideoVault2024		pending		
@VideydjVit		pending		
@VidMuseAI		pending		
@Vidomez		pending		
@vieanciennecafe		pending		
@VieAncienneCafé		pending		
@VIETAIMUSICCOVER		pending		
@VietnamTales-i9j		pending		
@Vietnamtales9		pending		
@VietnamUnheard		pending		
@VietnamWarExplained		pending		
@viewtechid		pending		
@vigowmason		pending		
@Vihannah-AIART		pending		
@ViiveeStorytime		pending		
@Vijeta50958		pending		
@vijidhanuja	UC3fJPgehRXcm5812ZOTJRtQ	ok		HappyWorld01
@VijuZala-l1i		pending		
@Vikaskesitare		pending		
@VikFusionnn		pending		
@ViKindred-79		pending		
@VIKING-VIBE		pending		
@VIKINGMUSICA-y8c		pending		
@VikingsLife		pending		
@Vikingsrealm		pending		
@VikJayne		pending		
@VIKKU_RECAPS		pending		
@viktormusic_kr		pending		
@viljestudio		pending		
@VillageAi-n1r		pending		
@VillageBoyAI	UCUTqrx6Bp4Y9Zq_m6PPuVWQ	ok		Village Boy AI
@VillageEchoStories		pending		
@VillageFantasyWorld		pending		
@VillageGiantTaless		pending		
@villagerichness		pending		
@VillageStoryAI1		pending		
@VillageTalesAI-k7q		pending		
@villainorvictim		pending		
@VillainsSymphony		pending		
@vincent_perez_films		pending		
@Vincent_Rowland		pending		
@Vinetix		pending		
@vinhkien3694		pending		
@vinhnx90		pending		
@ViniAiDx		pending		
@vinmakproductions		pending		
@vinoduikey6126		pending		
@Vinonline-np9jj		pending		
@VintaCineVaultYT		pending		
@vintage-92174		pending		
@VintageAmerica1960		pending		
@VintageAmericanMachines		pending		
@VintageAmericanRecipes		pending		
@VintageAussieCars		pending		
@VintageCarInsider		pending		
@VintageCinemaMusic		pending		
@VintageCityEchoes		pending		
@VintageCityMusicc		pending		
@vintageclub321		pending		
@VintageDimension		pending		
@VintageEchoRadio		pending		
@VintageEuropeFilms		pending		
@VintageExpose1		pending		
@VintageHollywood60s		pending		
@VintageIndustries-g2e		pending		
@VintageItalyVibes		pending		
@VintageJ-PopStation		pending		
@vintagejazzhouse66		pending		
@vintagejazzno1	UCHtPiWX_5vefaTVwoUgOI-w	ok		Vintage Jazz
@vintagejazzradio24		pending		
@VINTAGELABS97		pending		
@VintageMotorsVault		pending		
@vintagenook		pending		
@VintageOldiesRoom		pending		
@VintageRelaxingLand		pending		
@VintageRivieraLounge-s6b		pending		
@vintagerusticdecor		pending		
@vintagesoulfire		pending		
@Vintagesoulstories15		pending		
@vintagestarvault		pending		
@VintageTunesJ-POP		pending		
@vintagevault_tv		pending		
@vintagevibeorama		pending		
@VintageWhiskeySoul		pending		
@Vinto.Ranking		pending		
@VintSnap		pending		
@vinyl.tropical		pending		
@violifestory		pending		
@VionelleSmooth-u2k		pending		
@VionixMusic12		pending		
@VIPJohnAG		pending		
@Viral-AI-Life		pending		
@viral_ai_10	UCiQHbmBtyig-2I_EmcucxhA	ok		Viral AI
@Viral_AirTexts		pending		
@viral_texts		pending		
@Viral_Videos_Explained		pending		
@ViralaaiTV		pending		
@ViralAgenda7		pending		
@ViralAIBabies		pending		
@viralaicreation2		pending		
@viralaifun		pending		
@viralaihistry		pending		
@viralaishorts33		pending		
@ViralAIStudiosHQ		pending		
@ViralAIWorld-77		pending		
@ViralBeatsAI		pending		
@ViralBloomAI		pending		
@viralcontent-t9h		pending		
@ViralContentbyFoxcue		pending		
@ViralDoorbell		pending		
@viraldoorbellclips		pending		
@Viraleconomicsoffical		pending		
@VIRALEDITZZZZZZZ		pending		
@ViralFoodStudio		pending		
@viralfunnyclips46		pending		
@ViralHousetv1		pending		
@ViralJam-h3h		pending		
@viraljunction-e8w	UCm3Y8rdrQr61ve6Dar3hf5g	ok		Viral Junction
@ViralLabP		pending		
@ViralMindFeed		pending		
@viralpawblems		pending		
@ViralPOV1		pending		
@viraltoonai-h1d	UCaovAyKWrsoVSxJUNQ8hm2g	ok		ViralToon AI
@viraltrendingshorts-786	UCtj7OX63Efwv630kAIAhS0A	ok		Viral Trending Shorts
@ViralVault-f4e		pending		
@ViralVerseAI-k5v		pending		
@viralvideo1li		pending		
@ViralVision999		pending		
@ViralVoxTrend		pending		
@viralwildfeelings	UCR9swXy5QEGOxFj-GN7P6Sg	ok		Viral Wild Feelings
@ViraNocturne	UCD87TIB28VtfN2jTT_qTlmQ	ok		Rainlight Visions | AI Fantasy Shorts
@VireliaMusic		pending		
@vireon_ai1		pending		
@virexauto		pending		
@VirgilHamill		pending		
@VirgilKeene		pending		
@VirtualAIStudios		pending		
@VirtualizationOptionsLLC		pending		
@virtualminds_ai	UC8gFi9Yb1M87utW-HsOQYDw	ok		Virtual Minds
@VirtualMusic-t4h		pending		
@VirtualVoyages18		pending		
@virtue-vocals		pending		
@visanga		pending		
@visaobalistica		pending		
@vishal-Ai-world		pending		
@Vishu_foodie777		pending		
@VishuChaostudios		pending		
@Visibleanyon		pending		
@vision.craft_02		pending		
@Vision_FlowAI		pending		
@vision_synk_flow		pending		
@VisionAcademy9		pending		
@VisionaryBuilds		pending		
@VisionaryHistory-n6h		pending		
@VisionCity7		pending		
@Visioncraft1355		pending		
@Visioncraft3d3d		pending		
@VisionCraftAIVCA		pending		
@visioncraftfuture		pending		
@VisionOfFury		pending		
@VisionPrompts		pending		
@VisionQuest-r3u		pending		
@VisionTrailer2026		pending		
@visionx4kpro		pending		
@VisualAlchemy-djk		pending		
@VisualGospelAI		pending		
@VISUALIZEAISERVICES		pending		
@VisualNestAI		pending		
@VisuaLoreMusic		pending		
@VisualPKM		pending		
@VISUALSBYBDOT		pending		
@VisualTreatsAI		pending		
@VisualZen-ASMR		pending		
@VisãoBalística		pending		
@VitalityHealth101		pending		
@VitalityProtocol-v3s		pending		
@VitalsVerdicts		pending		
@VitMaxScience		pending		
@VIU-IncredibleMoments		pending		
@Vivad-x1n	UCsTJ73xh37a3dJFeDFep9kg	ok		VIVAD Orchestra
@vivago_ai		pending		
@VivaMomentsHub		pending		
@vivianasoulsongs		pending		
@VividforgeAl		pending		
@VividReport		pending		
@VividTales-k6i		pending		
@Vividverses4u		pending		
@VivirPlenamenteZen		pending		
@Vivistories-e6r		pending		
@VivoGatoo	UCfzsEOjfc35HwZLaRcor2uQ	ok		VivoGato
@VIVOloves		pending		
@ViVOtunes		pending		
@VivraAI		pending		
@viyouai		pending		
@VizionBit		pending		
@vizmaker-ai		pending		
@vizyouleyes		pending		
@VJAIcreationz		pending		
@vkn-987	UCmvPDIP8s0Fnht7ppQKDKYw	ok		Dessert stall
@vkui-r6r		pending		
@VladimirVlasovAI		pending		
@VlamAi-24h		pending		
@VloggerBabloo		pending		
@vlogstarAI		pending		
@vlogverseai-b6x		pending		
@VLTHRLAB		pending		
@vlzostore		pending		
@VMJEntertainment		pending		
@vneditor1234-y1s	UCVhCgZ0ipuPfY_9g0UhQfYg	ok		Ai creator
@vnkvofficial		pending		
@VO2MaxTracks		pending		
@vocafusion		pending		
@VocalGameOrchestra		pending		
@VOCALOID-Haruka		pending		
@VOCALOIDRIOT		pending		
@Vocalspark		pending		
@Voces-Africanas		pending		
@VocesdelHogarUSA		pending		
@VocesDella		pending		
@VocesdelMisterio-b3n		pending		
@Vodar_fiz		pending		
@vogostart9762		pending		
@Voice.of.African.Stories		pending		
@voice_of_jose		pending		
@voiceaisuno		pending		
@VoiceBeyondColor	UCr4t5SqkwE43W0s7Gazwy_w	ok		Voice Beyond Color
@VoiceHouse-e1z		pending		
@voicelesscyborg		pending		
@voiceofamerica12		pending		
@VoiceOfDadUS		pending		
@voiceofjohnbosco-op6rl		pending		
@voiceofrevivalfire		pending		
@voiceofsarah-d1d		pending		
@VoiceOfTasbih		pending		
@VoiceoftheChosen-q7c		pending		
@VoiceofWar0		pending		
@Voices-of-Honor		pending		
@Voices_of_Stories		pending		
@Voicesemotions		pending		
@voicesfromthevoid1970	UCzwQ691oLOEcRx6Jrw1vY3g	ok		Voices From The Void 1970
@VoicesofMyth-t8f		pending		
@voicesoftheagesmusic		pending		
@Voicesoftheancestor_s		pending		
@VoicesoftheHeart-y5p		pending		
@VoicesofUncleTom		pending		
@voicesofwar22	UCjCymbhNvB9lglwh55YoQhg	ok		Voices of War
@VoicesUnchained_1	UChcfP_vjVgdX6Ccw4n1fXHQ	ok		Voices Unchained
@Void_DriftFM		pending		
@voidborn_3d		pending		
@Voidflow-t4p		pending		
@VoidFrameOriginals		pending		
@voidhausofficial		pending		
@VoidKingsHFY		pending		
@voidless-h7z		pending		
@VoidOfFears		pending		
@VoidSignal92		pending		
@VoidVerse_AI		pending		
@VoidWaveAI		pending		
@Voixai		pending		
@VOLTAGE_WORKS		pending		
@voltones		pending		
@volttech-ai		pending		
@VoltVerse-x4h		pending		
@vongsucac		pending		
@VoraTale		pending		
@VORIUM-r8x		pending		
@vorixYT		pending		
@VORTEXAI081		pending		
@vortexia7		pending		
@VortiqRecords		pending		
@vosuai		pending		
@VowfallStories		pending		
@VoxBotShow		pending		
@VoxMixII		pending		
@VoxMysterious		pending		
@VOXPlus11		pending		
@VOXTALE-y8k		pending		
@voxtalestudieu		pending		
@voxxaimusic		pending		
@voyage-digital		pending		
@VoyageStellaire1		pending		
@VoyderStudios		pending		
@Vreviewdotinfo		pending		
@VRSONMIT		pending		
@VrystaatTannie		pending		
@vstechbyarslan		pending		
@vtfactoryprocess		pending		
@vthunterus		pending		
@VtipyaSmiech		pending		
@VuaChuyenReview		pending		
@vuela-ai-video-generator		pending		
@vuewa		pending		
@VULTUS-US		pending		
@vuntbvv		pending		
@VWTales	UCDiatw42jJsWKCznYLcAi_w	ok		Vietnam War Tales
@VYNEXOAIMUSICs8c		pending		
@VyomMotion		pending		
@Vyra-xlx		pending		
@VănHợiLê-b5g		pending		
@W.A.RMedia		pending		
@WabiWabiMusic		pending		
@Wacidjazz		pending		
@Wackyranking-n9u		pending		
@wadecooperpours		pending		
@WadeMcMaster		pending		
@WadoodAI		pending		
@WadwalSaab-f1k1l	UCzehWMdl0SxNtMMXdzt12WQ	ok		Chick of Honor 1M
@WAFUUUU_JapaneseBeats		pending		
@WagyuFury		pending		
@wahaha-muzik		pending		
@WahPutra		pending		
@waifuandchill		pending		
@WaitWhat004		pending		
@WakanEchoes		pending		
@WakaRecap		pending		
@wakeningdreams		pending		
@WakePoint-l7j		pending		
@WakeUpPOV27		pending		
@WakingtheUnknown		pending		
@wakukitchenanime		pending		
@walkingwithJesusAI		pending		
@WallaceAnimation		pending		
@WallenMusict-j9e		pending		
@WalletBrief		pending		
@WalletFortress		pending		
@WalletMechanics		pending		
@walling89		pending		
@WallsofWar01		pending		
@WallStreetSketchbook		pending		
@WALTER-n8k-t6x		pending		
@WalterAIArt		pending		
@WalterAIStudio		pending		
@walterblak0		pending		
@WalterOnMotors		pending		
@WalterReconstructsHistory		pending		
@walterrhodesyt		pending		
@waltersmidnightart		pending		
@WaltersPuppetBox		pending		
@walterwatchwisdom31091		pending		
@waltwise		pending		
@WanderFlickz		pending		
@WanderHarmonics		pending		
@WanderingHearth-q6t		pending		
@WanderingLuteAmbience		pending		
@wangming-x5z	UCfqqWHyWLVjBog-2KlCQikw	ok		Seventh Frame Animation
@Waqarera		pending		
@waqaskhokher-m3y		pending		
@war-s1y		pending		
@war2Stories		pending		
@war_chronicles-d6e		pending		
@WarandMemory-w8z		pending		
@WarAndMystery		pending		
@WarandSecretFiles		pending		
@warandwealth-x5k		pending		
@WarArchies_x		pending		
@WarBreedHFY		pending		
@WarCamp45		pending		
@warchronicle1878	UCokuUwoymhRkrZdeNRgkZPg	ok		WarChronicle
@WarcraftMoviesAI		pending		
@WarDeadeye		pending		
@WardenCinematics		pending		
@WarDevices		pending		
@WarDispatch-t8x		pending		
@Wardocuments26		pending		
@WarDustChronicles		pending		
@warengineeringmysteries		pending		
@Wares_IA1992		pending		
@warexplained-2005	UC-R7wb305LGE0Pc5TVeS2Vg	ok		War Explained
@Warfare_Decoded		pending		
@WarfareHub-g5h		pending		
@WarfareSignal		pending		
@WarfareUnclassified		pending		
@WarfistTV		pending		
@warfrontarchive-z6y	UCiMvqpTBlfOd-1uo8V3LXBQ	ok		WARFRONT ARCHIVES
@WarfrontRewind		pending		
@WarhammerTheorist		pending		
@WARHAMMERUNTOLD		pending		
@warhistoryusa-e6v		pending		
@WarHorizonHQ		pending		
@warhournews		pending		
@WarIndex		pending		
@WarlegacyChannel		pending		
@WarlineHistoryEng	UCzrLlSdKQgiqRawTO7Prhaw	ok		Warline History
@WARLOGICS-8888		pending		
@warm-o1s		pending		
@Warm_Homes		pending		
@WARMAPSTICK		pending		
@WarmCupOfTea1981		pending		
@WARMEMORIES1		pending		
@WarmerMusich		pending		
@WarmFamilyRevenge-j5z		pending		
@WarmFamilyTalesLB		pending		
@WarmMemories		pending		
@warpathbattle		pending		
@WarpathChronicles		pending		
@WarPOVwithMike		pending		
@warprelic		pending		
@WarpStorm_7		pending		
@WarRecalled		pending		
@WarrenBuffettBillionaireMindse		pending		
@WarrenBuffettStrategy1		pending		
@Warriormedfit		pending		
@WarriorsofChristCinematic		pending		
@WarSage-yt		pending		
@warscop		pending		
@WarshipsAndWarriors		pending		
@WarshipsRemembered	UC7_G2v-XTGpwbyAFMV3gQaQ	ok		Warships Remembered
@warsofhistory-1	UCj0O3P63pKBoQdXSq38L2nQ	ok		Wars of History
@warsofthepast1	UCFXuldbPwl8Rocj7WHjOkew	ok		Wars of the Past
@WarSpearHFY	UCLV59uaTLqp1nYiARnlOElw	ok		WarSpear HFY
@WarStoriesInspiredbyBillyWaugh		pending		
@WarsztatMentalny		pending		
@wartalesww2	UC2_g0kkrykM0EMZqbymHlIQ	ok		War Tales WW2
@WartimeAviationTales		pending		
@wartimememory	UCOaqFP7OGs76CHUEC3Vw_ug	ok		Wartime Memory
@WartimeMilitaryPodcast		pending		
@WartimeWhisperss	UCCdZJXR9gLegKzBAGoPOaqw	ok		Wartime Whispers
@WarVlogsAI		pending		
@WarvoxStudio		pending		
@warxhistory	UCY0zY8d3NyDWv88avWr8x-w	ok		War X History
@warzonecodghost	UCgMbBcPneaywHnnohjHeiDw	ok		Warzone Ghost
@WarZoneRadarNews		pending		
@warzonesecret1	UCYTAQHZo9YyKRHXyp203Vng	ok		Warzone Secrets
@watch-and-taste		pending		
@Watch.Rewindreality		pending		
@WatchAIBuildThis		pending		
@watchAIMovieverse		pending		
@WatchAncestral		pending		
@WatchDataVerified		pending		
@WatchersoftheTomb	UCUnxqZdYf_RMLy6H_tncN9A	ok		Watchers of the Tomb
@watcherstories		pending		
@WatchImagineThis		pending		
@WatchMakerrs		pending		
@watchrawspark		pending		
@WatchRealist		pending		
@WatchTruth1		pending		
@watekpomyslu		pending		
@WatermelonJourneys		pending		
@wavcycle		pending		
@WavelandBeats		pending		
@waves.by.nerida		pending		
@WaveTunesRecordz		pending		
@WaveWarpStudio		pending		
@WaynesGaming1965		pending		
@WaywardTown7979		pending		
@wcnter8582		pending		
@Wealth-Philosophy		pending		
@Wealth_Chain		pending		
@Wealth_Spider		pending		
@wealth_wise007	UCmqS13G_ofWMvgxLLUpOmXQ	ok		WealthWise
@Wealthaimind		pending		
@WealthBeforeWealth		pending		
@WealthChronicles0		pending		
@WealthExplainerYT		pending		
@WealthFreedomPath		pending		
@wealthhistoryy		pending		
@WealthifyYt0		pending		
@WealthInSilenceOfficial		pending		
@WealthLab-c6s		pending		
@WealthlegendAfrican112		pending		
@WEALTHORA_M		pending		
@WealthStrategyRoomfanchannel		pending		
@WealthTalebearer		pending		
@wealththeorry		pending		
@WealthTipsAmerica		pending		
@wealthvault1914		pending		
@WealthWise-i1q		pending		
@WealthWise-YT1		pending		
@WealthWiseAcademy-v8		pending		
@Wealthy3Mindset		pending		
@Weapon-hub		pending		
@WEAPON-IN-HAND		pending		
@WeaponHub-h9c		pending		
@Weaponmechanics		pending		
@Weapons.Of.Victory		pending		
@WeAreJazz		pending		
@wearorditch		pending		
@weatherpulseus		pending		
@weattherange		pending		
@weaversafricanstories		pending		
@WeaversParadox		pending		
@Web3Outpost		pending		
@Web3Reviewers		pending		
@WebNesian		pending		
@WebsterOfficial2		pending		
@WED-IdiotsAtWork		pending		
@wedoogfx		pending		
@WeebZoneCentral		pending		
@wegotentertainment1		pending		
@WeGoTunes		pending		
@WEHRTECHNIK		pending		
@WeieLuo		pending		
@Weird_Ai_Yanksamich		pending		
@weirdai-786		pending		
@weirdailab		pending		
@WeirdAnoma		pending		
@weirdencounters		pending		
@weirdhistoryfood_de		pending		
@WeirdMovieFacts-qh2		pending		
@WeirdPastStickman		pending		
@WeirdSurvival		pending		
@WeirdwardBound		pending		
@weisstdunochdamals		pending		
@wekendstv2583		pending		
@welcome-e7l6o		pending		
@welcomedailyview		pending		
@welikecutecat	UC_MWrxqkIL6BbttYx0oCYNg	ok		Meow Meow Cat Story可愛貓咪
@WellnessLogic78		pending		
@WendersonNacismento		pending		
@WennDingeReden	UC1dG2_mLtO8ajJgSshjbC4Q	ok		WennDingeReden
@WennHerzenHeilen		pending		
@WeRemember-gv6oq		pending		
@werewolf-romance-love-stories		pending		
@WEREXMUSIC		pending		
@weselmekanik		pending		
@West_Athens_Music		pending		
@westaibeats		pending		
@westbranzs		pending		
@WestEndSounds		pending		
@WesternAmbient		pending		
@WesternEchoes-q9t		pending		
@westernlegenden0		pending		
@WesternLoveNovels-u2f		pending		
@westernmilosc		pending		
@WesternMiłość		pending		
@WesternRomance-wildwest		pending		
@WesternRomanceTales-w1z		pending		
@WesternSoulStories-v3e		pending		
@WesterosFilmsAndBeyond		pending		
@Westoninvests-u7c		pending		
@WestsideG-funk		pending		
@westsidegroovesradio		pending		
@wethefightfans		pending		
@WeveSeenThisBefore		pending		
@wewintvus		pending		
@what-explained-official		pending		
@What.If.Legend		pending		
@What_Is_Mabisyo		pending		
@WhatChanges		pending		
@Whatif_ai-g7e		pending		
@whatif_universe573		pending		
@whatifai-oe3lu		pending		
@WhatifAnime5		pending		
@WhatIfBetrayal		pending		
@whatifchannel.shorts		pending		
@WhatIfCinemaAI		pending		
@WhatIfCrossovers-d2e		pending		
@WhatIfDance		pending		
@whatifexplainedtv999		pending		
@whatiflabsoficial		pending		
@whatifsound-22		pending		
@WhatIfText		pending		
@WhatIfUniverse-Aj		pending		
@WhatIfWildlife_31		pending		
@whatIfWorlds-i9n		pending		
@whatisblank		pending		
@Whatly_official		pending		
@whatmonthisit		pending		
@whatreallyhappened-xx		pending		
@WhatRemains-11		pending		
@whats-the-story2		pending		
@WhatsOnHollywood		pending		
@WhatStayed-r9j		pending		
@WhatsTheTeaSis-p2v	UCNsR6eAZQfC1Yjp0TZOAIrw	ok		Whats The Tea, Sis
@WhatTheHaloWTH		pending		
@whatthepedia		pending		
@WhatToPlayVague		pending		
@WhatWhereWhyHistory		pending		
@whatwhyhow-rw9		pending		
@wheelfactor360		pending		
@WheelsHistory		pending		
@Wheeltopiax		pending		
@WHENAFRICAWEPTFACTOR		pending		
@WhenJekyllMeetsHyde		pending		
@WhenLegendsSpeak2025		pending		
@WhenLoveBreaksQuietly		pending		
@WhenMachinesDreamYT		pending		
@WhenTheAncestorsWept		pending		
@WhereLegendsSleep1		pending		
@wheresfloof		pending		
@wheretalesremain		pending		
@WhichBedVerse_ASMR_AI		pending		
@WhiskerAndBean		pending		
@WhiskerJazz		pending		
@WhiskerPaw-h2x		pending		
@whiskertales-x8s	UCV16z5pVPn-29ajTpkeYZPw	ok		Whisker Tales
@WhiskerTVCats		pending		
@WhiskerVerse4U		pending		
@whiskerwarss	UCm0Rs5Dbkf58dgAk9X67xOA	ok		WhiskerWars
@whiskey_moon-s9		pending		
@WHISKEYBARNSESSIONS		pending		
@WhiskeyBluesBallads		pending		
@WhiskeyBluesBGM3		pending		
@WhiskeyBluesRelax		pending		
@whiskeybluessessions		pending		
@WhiskeyFade		pending		
@WhiskeyLead-y6o		pending		
@WHISKORAMOVIES		pending		
@Whisper-Of-Time		pending		
@WhisperAnimalsTales	UCQQIZ5i4dfvoX7_SDD2TV_w	ok		Whisper Animals Tales
@Whispercomics		pending		
@WhisperDreamsASMR-no1	UCzOzaQF62FdVyefCnMc-53Q	ok		Whisper Dreams ASMR
@whisperedestate		pending		
@whisperedhearts-o5j		pending		
@WhisperedMysteries1990		pending		
@WhisperedThoughts335		pending		
@WhisperedTruths-e9t		pending		
@WhisperedVengeance-v7w	UCiv0Fg73NQLeVC9kq1PwQZA	ok		Whispered Vengeance
@WhisperedVillageTales		pending		
@Whispering.Garden-y9l		pending		
@WhisperingHistory29		pending		
@Whisperingrealmsmusic		pending		
@WhisperingSpirit-0		pending		
@WhisperingStories-n6y		pending		
@WhisperingVillage-r1m		pending		
@WhisperOfAfrica-x		pending		
@WhisperofLace		pending		
@Whispers-from-Arcturus		pending		
@Whispers-oftheAncients		pending		
@whispers_of_oldstone		pending		
@WhispersBeforeSleepyt0		pending		
@WhispersBeyondTime95		pending		
@WhispersofFame1		pending		
@whispersofhope-o8u		pending		
@WHISPERSOFLOSTTIME		pending		
@WhispersofMartha-8		pending		
@WhispersoftheApache		pending		
@WHISPERSOFTHEDIVINE-s7f		pending		
@WhispersWoundsYT		pending		
@whispertales-i8g		pending		
@whispranks		pending		
@whitebunnymusic		pending		
@WhiteNoiseHorizon	UCvJHAqf9cctCfxUkNdrNE1w	ok		White Noise Horizon
@whitenoisesensory		pending		
@WhitePandaStories		pending		
@who-It-is-me		pending		
@Whole-AI-1845		pending		
@WhoLetThePawsOut		pending		
@whopclipper-f5z		pending		
@whoppinger		pending		
@Whosanelabs		pending		
@WhosThere-r5l		pending		
@Why_Things_Exist		pending		
@WhyBotherAI		pending		
@WhyExplained-A1		pending		
@WhyExplained00	UCCKviv_ViVKyjX1MM5R4EfA	ok		Why Explained
@whyitsuckstowork		pending		
@WhyonYT		pending		
@WhyWomenLiveLongerThanMens		pending		
@WhyYouDoThat-c1d		pending		
@whyyourbrain0		pending		
@wiadomoscizfrontu		pending		
@WiadomościzFrontu		pending		
@wibumaingu		pending		
@WickedAI		pending		
@WickloAI		pending		
@wieczorneopowiesci		pending		
@WieczorneOpowieści		pending		
@Wiedzaoczasie-Polska		pending		
@wiejskieopowiesci-l1p		pending		
@WiejskieOpowieści-l1p		pending		
@WielkaStopaprawdaczymit		pending		
@WielkiplanPolski		pending		
@wifiuniyt		pending		
@wigohero		pending		
@Wii7716		pending		
@WIIWarStories		pending		
@Wikifino	UCrRpqDW9-OiY_wOOWWUcNCw	ok		Wikifino
@Wiking19		pending		
@wild-relief	UC3WZjs0qmK2kGBwJJM4VgLw	ok		Wild Relief
@Wild.Horizons-o9g		pending		
@Wild_Western_Dreams		pending		
@wildaiders	UCmdUiI8-bS9HZ5BrZ5VLplg	ok		Wild Aiders
@wildamericadocs		pending		
@WildborneHQ		pending		
@wilddominion175	UCVijvc22XQmCVfKi4Bknv4g	ok		WildDominion175
@WildDriveShorts		pending		
@WilderAmericaChannel		pending		
@WildernessMountainHearts		pending		
@wildernesssheltersbuilds		pending		
@Wildfact-v8b		pending		
@wildfixanimalrescue		pending		
@wildheartsstories		pending		
@WildHorizons6688		pending		
@WildlandsCinematicUniverse		pending		
@WildLensMomentskk		pending		
@WildlifeAIAnimation		pending		
@WildlifeProfessor		pending		
@wildline_YT		pending		
@WildNatureSciencePolski		pending		
@WILDNATURESTORMS		pending		
@wildpasthq		pending		
@WILDPAWSai05		pending		
@WildPrairieStories-o4e		pending		
@wildquestfilms		pending		
@WildRealityyy		pending		
@WildrootAncestry		pending		
@WildThroneTales		pending		
@wildversesai		pending		
@WILDWESTAIRECORDS		pending		
@WildWestArchives-x4f		pending		
@WildWestChronicles-k7r		pending		
@WildWestChronicles-m9i		pending		
@WildWestMysteria		pending		
@WildWestNight		pending		
@WildWestObese		pending		
@WildWestStory-u4n		pending		
@wildweststoryhub1		pending		
@WildWestTales-x8p		pending		
@WildWestTalesOfLove512		pending		
@wildwhatifs-c2q		pending		
@WildWood_Creations		pending		
@WildzPawz		pending		
@WildzStoriez		pending		
@wiletoons2.0		pending		
@wiliiamshakespear		pending		
@willbuckley73		pending		
@williamelcuentacuentos		pending		
@williamhealthguide-2		pending		
@WilliamHumphreys-d4p		pending		
@WilliamLiLab-83k		pending		
@WilliamMasterofStories		pending		
@WilliamPetersen-q9n		pending		
@Willie_Finance		pending		
@WillieAlvarez255		pending		
@Willnews-k8r		pending		
@willonhillchee4382		pending		
@willwavyproductions		pending		
@WillysAnimalWildlifeStories		pending		
@wilzy001		pending		
@WinaxeMaker		pending		
@wincatai689	UCgR9cV3xbmkc33L5G5Z81_g	ok		AI Cute cat
@windlofi.		pending		
@WindowDesk		pending		
@Windowstheworld		pending		
@windsofavalon		pending		
@WindWhisper-l2g		pending		
@wingsofwarr		pending		
@winkiwinkihk1	UCuNPUMQz9lYPKV_2DmdoERA	ok		Winki AI
@WinnExplains		pending		
@Winpang25		pending		
@WinterWhispers-e6j		pending		
@WinTubeFunJr		pending		
@WinTunez		pending		
@WION		pending		
@wipeoutclub		pending		
@WiredDifferently-s4g		pending		
@wiredworldwithme		pending		
@Wisdom-Diaries		pending		
@wisdom.talks.podcast		pending		
@Wisdom_Vault_v0		pending		
@wisdomanddeen2026		pending		
@WisdomAndHappiness		pending		
@wisdomandstory-tu3ny	UCofm0DLke-gWzHU1or2wfuA	ok		Cat cute ai
@WisdomInGraceUS		pending		
@WisdomofBuddhismm		pending		
@wisdomstoryroom		pending		
@wisdomtaleshub-m5n	UCZggJMcPlKOdG8d-0u7fFMA	ok		Wisdom Tales Hub
@WisdomThroughTime99		pending		
@WISECAST_P		pending		
@WiseFatherRevenge		pending		
@WiseFoxAudiobooks		pending		
@WiseGunner		pending		
@WiseguyWhispers		pending		
@WiseNotesDaily		pending		
@wiseprep12345		pending		
@WiseSleep		pending		
@Wisest-Quotes		pending		
@wisetechnexus		pending		
@wishstudio05		pending		
@witagentai		pending		
@withaistories	UC2pxRvSDHxh2phSgAiAWXoQ	ok		with Ai Stories
@witzmonolog121		pending		
@wixaai		pending		
@WizardsRest		pending		
@WizeTales		pending		
@WizFlowTunes		pending		
@wizkidoficial		pending		
@WJ87123		pending		
@wlobus		pending		
@WMarginR		pending		
@WMsoulmates		pending		
@WNBA.Updates		pending		
@WNBAPuls3		pending		
@wo48bgm		pending		
@WobjęciachHistorii		pending		
@WoimaEnergyMusic		pending		
@WojenneEcho		pending		
@WojennyObraz		pending		
@WojennyWarsztat		pending		
@Woke.Faith.Finance		pending		
@WokeupHistory		pending		
@Wokobucciacademy		pending		
@WoldtusAI		pending		
@WolfAccumulate		pending		
@wolffeconomicoanalisisfan1		pending		
@WolffEconómicoAnálisisFan1		pending		
@WolffExplained		pending		
@wolfi164		pending		
@WolfKingsRomanceLibrary4755		pending		
@wolfmix500		pending		
@wolfout.traders		pending		
@WolfRelaxMusicHub		pending		
@wolfscars		pending		
@wolfvonwitting7455		pending		
@WolfWealthInsights		pending		
@wolteasmr		pending		
@womb-harmony		pending		
@WomenMindSecrets		pending		
@WomenPOWWW2		pending		
@wondeezyyy		pending		
@wonder_why_though		pending		
@WonderAi-protube		pending		
@WonderandLore		pending		
@wonderersong		pending		
@wonderforger		pending		
@wonderfulantony		pending		
@WonderfulStories-f5e		pending		
@WonderKidsinAIWorld		pending		
@WonderLoopAI-g6c		pending		
@WonderlyAI		pending		
@Wonders-c6u		pending		
@WondersofHumanity-tv		pending		
@wondersprout-j9m		pending		
@wondersproutsbalh		pending		
@wonderstory-y1p		pending		
@WonderVerseAI-b6o123		pending		
@WonderWhispersARM		pending		
@wondrai		pending		
@wonkymonkeyfun	UCo-DdfNYFBXhBqYiApHCdhw	ok		Wonky Monkey fun
@woodcraft_id		pending		
@WoodieFM		pending		
@WOODSHOP-CRAFT		pending		
@wooggomwave		pending		
@wootechvlog		pending		
@Worfaistudio		pending		
@Work-Zone68		pending		
@Work_FlowMusic		pending		
@WorkBloopAnimation		pending		
@WorkEase-c3h		pending		
@WorkInnovation5.0		pending		
@WorkoutBGMtLab		pending		
@WorkplaceKarmaStories-r9q		pending		
@workplacerevenge132		pending		
@workshift-aI-b2p		pending		
@WorkSiteGirl		pending		
@WorksWiseAging		pending		
@WorkTunes-rw8ss		pending		
@WorkwaveMusic-k6q		pending		
@WorkZone-s3w		pending		
@WorkZoneMusic		pending		
@World-Affairs-Decoded-l5h		pending		
@World-Explained-Hub		pending		
@world-true-crime-stories		pending		
@world_fantasia		pending		
@world_melody		pending		
@worldaicatvideos	UCe8jXp8NgOSRNCLfQ-mBX7w	ok		Ai Cat Shorts
@Worldaithe		pending		
@WorldBeAmazed		pending		
@worldbreachofficial		pending		
@WorldCarsEvolutionWCE		pending		
@WorldChronicles.offical		pending		
@worldclassstories		pending		
@worldcoinmystique	UCBmbVRFB6M81rnlbY7QNwwg	ok		WORLD COIN MYSTIQUE
@Worldcoinshistory	UCzSU2SYy2v0lx0NgADkcLtA	ok		world coins history
@worldcup.explainer		pending		
@worldcupanthem		pending		
@WorldCupTime26		pending		
@WorldEconomyInsights-s9d		pending		
@worldenglishhubtv		pending		
@worldfamestories		pending		
@WorldFinance2		pending		
@WorldFinanceHistory-3		pending		
@WorldFireplace		pending		
@WORLDGLOBENEW		pending		
@WorldHistoryTales2		pending		
@WorldHistoryVideosPL		pending		
@WorldInfraX		pending		
@worldj-pop		pending		
@worldlife25	UC1nFrDTOKVu4AjczpuiGWew	ok		Meow cat
@WorldlyWisdomLab		pending		
@WorldMetalMusicHub		pending		
@WorldMusicOneSound		pending		
@WorldMythChronicles		pending		
@Worldnomics-Asianguy		pending		
@WorldofAfroHouse		pending		
@WorldOfAI1010		pending		
@WorldofAnimals-z6t		pending		
@WorldofCartoon13		pending		
@worldofcatai-y3y	UCg4vnlDughH4SjDv0W0RgPQ	ok		World Of Cat AI
@WorldofSounds-Vany		pending		
@WorldofstoriesTv1		pending		
@worldpanicnews		pending		
@WorldParade-w4		pending		
@worldpocketcoins		pending		
@WorldPolitics-r1z		pending		
@WorldRareCoin	UCiQWPT7z6VzTWPeINp2R_Sw	ok		World Rare Coin
@worldrarecoins096		pending		
@WorldsBeforeMorning		pending		
@WorldsBeforeUsofficial		pending		
@WorldsBeyond-AI		pending		
@worldscopegeo-v1s		pending		
@WORLDSONGSREIMAGINED		pending		
@WorldStoriesBank		pending		
@worldtech-ok6hi		pending		
@WorldUncoveredChanel		pending		
@worldversemusic		pending		
@worldwar-2.0	UCnJUW2080ZAR0e8xotPMB-g	ok		World War 2.0
@worldwar2-i6k	UCqZO4U5IYXBW3LgucI49oww	ok		WW2
@worldwar2-z1w		pending		
@worldwar2archive	UC1m0Y9nU-ShYcVg3DB8f7Lw	ok		World War 2 Archive
@Worldwar2docs	UCF7Z6KB8yAO1qPyhuvKEQng	ok		World war 2
@WorldWarDeclassified		pending		
@WorldWarIIChronicles369Heroes		pending		
@WorldWarLegendsYT		pending		
@WorldwideCourt		pending		
@worldwidedeception	UCL5EyxE98dkd3zxTP6EPmFQ	ok		Worldwide deception
@WorldwideGadgets01		pending		
@worldwideworships		pending		
@WorldWithoutShopWindows		pending		
@worldyta		pending		
@WornGoldTales		pending		
@WorshipA.I		pending		
@worshipvibesmusic1		pending		
@Worst-criminal		pending		
@worthyfile		pending		
@wow_sport		pending		
@wowdaylife		pending		
@Wowearth3886		pending		
@WowInSecondsOfficial		pending		
@WoWoFun		pending		
@WowSpot23		pending		
@wowtoonhindig		pending		
@wowtveng66		pending		
@WQT9		pending		
@wraishorts	UCGIUNM534UMGQ0TlRjfCF1g	ok		WR AI SHORTS
@WrathOfVeydran		pending		
@WRCExplained	UCKVVSzuiX-MC6Kg1OEboGag	ok		WRC Explained
@wristroyalty-v3u		pending		
@WriterMcG		pending		
@writtenbyachatbot		pending		
@WrittenbyRowan		pending		
@WRONGGIRAFFE		pending		
@WronglyJudged		pending		
@WrongMove-y1p		pending		
@WrongTrailer		pending		
@wsenpaiii		pending		
@wspanialedwory		pending		
@WspaniałeDwory		pending		
@WstawajBracie		pending		
@WszystkoOAutach		pending		
@wszystkoozywnosci		pending		
@WszystkoOŻywności		pending		
@Wtvworksyk		pending		
@wubby_store		pending		
@Wubishet-c7q		pending		
@wufoscience		pending		
@wukongjuchang		pending		
@Wulfranz		pending		
@wuweirenjian		pending		
@wuxialegendstheater		pending		
@ww2-b7o	UC6-usWuaEJDhLYlr6qOMwPA	ok		WW2
@ww2-dates		pending		
@ww2-insiders		pending		
@WW2-Legendss		pending		
@WW2-y3r		pending		
@WW2.HistoryDoc		pending		
@ww22442	UCukhUFgxLTLKwyb0iA2lFTw	ok		World War II: The Other Side of the Pacific
@WW2_Chronicles_WW2		pending		
@WW2_Diaries_US		pending		
@ww2_military_history	UCyLyVn1yVufwqwYLYYeaBMA	ok		WW2 Military History
@ww2_tales_history-1939	UCcA7IsdpRe7dU2wXz9R6fQQ	ok		WW2 Tales History
@ww2armorytales	UCZ_3id1AV88tXiKLSIkxRXw	ok		WW2 Armory Tales
@ww2battlefieldtales	UC3QoUeN1Hn4JMRo9r8_0MvQ	ok		WW2: Battlefield Tales
@WW2Battlelines-z8e		pending		
@WW2BlackLegacy		pending		
@WW2BuriedSecrets	UCPswBr8m81BNQrh_I8a_mYg	ok		WW2 Buried Secrets
@WW2Canada_Explained	UC9frgzgOKRwa1iMx-FAoU7g	ok		WW2 Canada Explained
@ww2chronicles-e1s	UC2JNchzGoXZ9AleB7T5PMPg	ok		WW2 Chronicles
@WW2ChroniclesShow		pending		
@WW2ChroniclesWithAndrew		pending		
@ww2confidential	UCzZZcOKAYhxUTEuzRZZK5MQ	ok		WW2 Confidential
@WW2Declassified-s6b		pending		
@WW2DecodedChannel		pending		
@ww2destiny		pending		
@WW2Diaries		pending		
@ww2dispatchh		pending		
@ww2documentaries90	UCPj4HLj4Xno5f_egANKUcLA	ok		WW2 Documentaries
@ww2documentary1	UCVRmdXwxzV9TTZERiZjEgtQ	ok		WW2 | Documentary
@ww2documents	UCN54rLWQt8QugIcE18ilm3A	ok		WW2 Documents with Steven
@ww2dossierr		pending		
@ww2dust	UCM0-vMQvn1Y-qCCHMDYPpJQ	ok		WW2
@ww2dustyarchives	UCpGvwnpobSNb8kmyXGFtMng	ok		WW2 Dusty Archives
@WW2Echoes09		pending		
@WW2EdgeStories		pending		
@WW2Eraa		pending		
@WW2Explained.channel	UCMXLenT5ywg3ydl2dlesMbg	ok		WW2 Explained
@ww2fallenseries		pending		
@WW2ForbiddenHistory		pending		
@WW2ForgottenVoices-q5m		pending		
@ww2frontlinefiles-j2p	UCKvA3yrUgbqRmSHXT7TV-tg	ok		WW2 Frontline Files
@WW2Frontliner		pending		
@ww2frontlineshadow	UCUngVwSRESM1SFE7kHkjxOw	ok		Ww2 FrontlineShadow
@ww2gear	UC983epNTck4ZAM8FvDsOzBg	ok		WW2 Gear
@ww2hidden101		pending		
@WW2HiddenFiles-c5x		pending		
@WW2History-Hub		pending		
@ww2history2005	UC3QyO8OicbvxUBakQqDYQSQ	ok		ww2 History
@ww2historytrack	UCDUSBOjhj6u0OQmoiiyuhqg	ok		WW2 History Track
@ww2honorr		pending		
@ww2in	UCIcHOffLt_gAGeofVWJ2How	ok		WW2in
@WW2Informant	UCFu2Fl4WfudqPKA0golIfJg	ok		WW2 Informant
@WW2Insider		pending		
@WW2Insight	UC95nn6rMClSv_qYTgY-aA3g	ok		WW2 Insight
@ww2legacy-g4w	UCnsAk6jHbaVm2IeVrjQwnJg	ok		WW2 Legacy
@WW2LegendsChannel		pending		
@ww2legendsvideos	UCF7n8tsPXUS1WdZFWy9H-CQ	ok		WW2 Legends
@ww2memoir	UCVbZEc91N72glTek7dyTQ4w	ok		WW2 Memoir
@ww2memoirs123		pending		
@WW2Memories_y		pending		
@ww2missingpages		pending		
@ww2mystery-i5x	UCMQXsXSePXK8yq4V2FnH5Sg	ok		WW2 Mystery
@WW2NavalHistory		pending		
@ww2open	UC6yqJT8pNtJ7wDqLwUZKgqg	ok		WW2 OPEN
@ww2patton1	UC7wvv8CP2y6dtKo7JEz8-Iw	ok		WW2 Patton
@ww2powarchives	UC2zF4_Ui9Z9Q-Jnh1rkUjFA	ok		WW2 Pow Archives
@WW2Pulse		pending		
@WW2RealBattlesExplained	UCNR6bS7azaqAjF4jDlVXd3Q	ok		WW2 Real Battles Explained
@ww2realhistorys	UCNS7ekDE-20ckAvBBkxdg-Q	ok		WW2 Real History
@WW2Recode	UCA7gUCKKp6aV5n_eaig9_Yw	ok		WW2 Recode
@WW2RememberTales		pending		
@ww2rewind5	UCLAd9n1xr1gLu-jvaktw8Dw	ok		WW2 Rewind
@WW2Savage		pending		
@ww2shadowarchives.5	UCgmoa-3FfyDBOnDK7VmoLcw	ok		WW2 SHADOW ARCHIVES
@WW2ShadowTales		pending		
@ww2speed99		pending		
@ww2station-1942		pending		
@WW2Stories1234		pending		
@WW2Stories40	UCCDxmhN3DopPsKRAhdd76cA	ok		Untold WW2 Stories
@ww2storiesz	UCihWmV2whvwXM8nTIn-RH_g	ok		Echoes Of WW2
@ww2story365		pending		
@ww2storyes	UCe1rEVfIMZqdqV3Uuo9DDhA	ok		WW2 Stories
@ww2storylab	UCcL-v53bvwpyqlDpTFB0-cw	ok		World War 2 Story Lab
@WW2Storys-t1p		pending		
@ww2taleofvalor	UC59Ex7flY2rDgh4lkh9_U8Q	ok		WW2 Tales of Valor
@WW2Tales	UCVDS-cjZZIWPjL5fdXSMywQ	ok		WW2 Tales
@ww2talessecrets	UC0ktbEnnY_9xssVehKlj-2Q	ok		WW2 Secrets tales
@ww2talk4u	UCFPnIa-JBiuR-qu-mqnvc7A	ok		WW2 Talk
@ww2totalarchive	UClboNbfmIcnqt3LB5Et9kcg	ok		WW2 Total Archive
@WW2TT-q1z		pending		
@WW2Uncovered-v6z	UCGA9ZQpbuPoyQ_IbyUu4uww	ok		WW2 Uncovered
@ww2unheard	UCHCXwU-TQUC9U6Vrdphi-cA	ok		Unheard War Story
@WW2Unlived		pending		
@ww2unmasked-r7s	UC5LB0pXR4mD51DD9BG-hAvw	ok		WW2 Unmasked
@WW2Unredacted		pending		
@WW2Untold-t3e	UCmYyMkUC9k-vWHJnV6_dDkg	ok		WW2 Untold
@ww2untoldsecrets		pending		
@ww2vaultofsecrets5	UCDOY9NfYBxQ5B4jqagi8egQ	ok		WW2 Vault of Secrets
@ww2vaultyt	UCiDBXsYQb_Bzz0Uh8_WuK9w	ok		WW2 Vault
@WW2Veils		pending		
@WW2VictoryDiaries		pending		
@ww2warfaretales		pending		
@ww2warpath	UCtlDnY05MNzCOKm6UdtV3Yw	ok		WW2 Warpath
@WW2WarTales-q7k		pending		
@WW2WingsStories		pending		
@WW3GlobalWatch		pending		
@WWarChronicle		pending		
@wwarhistory-z9n	UCee7Vdszq41fbPeoO9cVyYg	ok		W WAR HISTORY
@WWEFightTalks		pending		
@WWII-Records	UCp3uSnYYkzZk4tRohiT_9Nw	ok		WW2 Records
@WWII-Unlocked	UCRi3StEK344rTsTHoOwn0lw	ok		WWII Unlocked
@WWII-Unseen-Stories		pending		
@WWIIAcademy		pending		
@wwiiarchives-channel	UCYeE3WU6EIcBGsqxPz6xcxw	ok		WWII Archives
@WWIIBattlefront		pending		
@WWIIBritishFiles		pending		
@wwiichronicles-r2l	UCwT1jV7vx92ke-td6lemTZA	ok		WWII Chronicles
@wwiichronicles_05	UCq8HYUEx2YbDROvUslzwGqg	ok		WWII Chronicles
@wwiidebrief		pending		
@wwiiechoes123q	UCkZfnCDpQzS4lpX9-1NPIAw	ok		WWII Echoes
@wwiiexplored	UCEhUS5XGOa-nJX3p_ApZ2ig	ok		WWII Explored
@wwiiheroess	UCK1sxN7nFlx61bhXfMUpVNA	ok		WW2 Heroes
@WWIIHiddenCourage		pending		
@WWIIhistory-i1r		pending		
@WWIIMemoryVault		pending		
@WWIINavalReport		pending		
@WWIIPaths	UCuXARA9SKkO2jrMJXYso92w	ok		WW2 Paths
@WWIIRegistry	UC7WAhjoLJ1phkFquOLnNSpw	ok		WWII Registry
@WWIIRisingStories		pending		
@wwiiuntold-02		pending		
@WWMemories45		pending		
@WWTales1945		pending		
@WWVanguardOfficial		pending		
@WyattWest-k8q		pending		
@wymazane		pending		
@wyobrazsobiewszechswiat		pending		
@Wyobraźsobiewszechświat		pending		
@Wątekpomysłu		pending		
@X-Cinema-8		pending		
@X-SeriesLive		pending		
@X.HUNTER		pending		
@xadrikxaulxu		pending		
@xAncientHumansOrigin		pending		
@xanmusicofficial		pending		
@XavieraSmartStudio		pending		
@XBoosstt		pending		
@xcataix	UCYhk_XC_mJnvv3CwCsrM72A	ok		Cute Cat AI
@xD_Process		pending		
@XeetijAI		pending		
@XeltaAI		pending		
@XenoTunes-b8l		pending		
@XerGritHFY		pending		
@xFlixAI		pending		
@xiangxiang8866		pending		
@Xiaotao-g8w		pending		
@xiaoxiong-y8z6o	UCgKF-I_-yDzADbD-BjyeCtg	ok		The Daily Life of Little Penguins
@XilaAi	UCgHWDh5L6U6JUB5kAP0aE8A	ok		Xila
@xiliz_prime_studio28		pending		
@xingdongxingdong-wz1pb		pending		
@XingTianNO.1-ShortTV		pending		
@xjolieface		pending		
@xmspidey		pending		
@XploreWorldPlanet		pending		
@xpyr1		pending		
@XRP4		pending		
@xs0622-3		pending		
@xsinachi.04		pending		
@Xudethroughtime		pending		
@xxbynanda		pending		
@xyzshortsstories	UCaMXYQHxb2DyBKx2mq9q1_g	ok		successful motivation
@Y4k-topics		pending		
@y78.78	UCGd-9KZlL3ia5bwB7B__U4w	ok		y
@YaBoyleOlsaydi2		pending		
@YaBoyyTony		pending		
@YachtClubRadiof9i		pending		
@YachtPro-v5i		pending		
@YachtVerse		pending		
@YahsManna17		pending		
@YaiKobayashi		pending		
@yakbsh		pending		
@yakusho		pending		
@YakutNomadStories		pending		
@yakyumugenx		pending		
@YallaHabibiArabicAIMusic		pending		
@Yallternativebootsandbeats		pending		
@YamatoZenRelaxing		pending		
@YAMMEZ		pending		
@yamyi_tv		pending		
@yanapuspita-f3w	UCRzt61gUXcRzj96wiAKDfrg	ok		Funny cat
@yaniv.storyboard		pending		
@yanjacksonsegundo69-yb2gh		pending		
@YanLe_AIGC_Films		pending		
@yannislo3266	UCPiyEHdLKMNd5cwff_RaLJg	ok		AI Cute Cute cat
@YansenaMao		pending		
@yapay_zeka_sarkilarim		pending		
@Yapay_Zeka_Şarkılarım		pending		
@yapaybrain	UCq5GO43fuQDITgpcL6I9jAQ	ok		Ahmet Ekici
@YapJitsu		pending		
@yappingurt		pending		
@YardDubAlley		pending		
@yaroflasher		pending		
@yashjesus		pending		
@YashwantRao5811		pending		
@Yasnimayou		pending		
@Ye_to_ai_hai		pending		
@yeagerfandom6275		pending		
@Yedhaartha		pending		
@YeetTheBeat161		pending		
@YehovahsWord		pending		
@Yellowchicksss	UC2ZZ3rW_axvE2xGWMmWiz0A	ok		Yellow chicksss
@yellowheros		pending		
@yellowmedusa		pending		
@yenra		pending		
@YesterdaysAmericanLife		pending		
@YesterdaysGlowbyOllie		pending		
@yesterdayuk-1	UCTzyb0vKqGdLQx8gbDCuvWA	ok		Yesterday UK
@yeteyeuyehehhe2058	UCJsaeGHlyMg7TMsPblIWjAA	ok		WW2 Untold Stories
@YetiAF		pending		
@YetiZor		pending		
@Yhubeestories		pending		
@yibai-i9y		pending		
@yic17gaming		pending		
@YieldlessHFY		pending		
@yikesproduction		pending		
@YingMeiGuzheng		pending		
@ymar.24-y5e	UCcRgkqc_xRgxsOu90gX5PnA	ok		ymar.24
@Yo-YoIshanMusic		pending		
@yoaiii1411	UCHale0m86tKp1rp8KE4eGWw	ok		Yoai
@yobi321		pending		
@Yogirirecap		pending		
@yoitsme1234.5		pending		
@yokoikenjipsicologia		pending		
@YokoiKenjiPsicología		pending		
@Yomstudio-c8f		pending		
@YoNadie1		pending		
@Yongbn-p5b		pending		
@Yonghui-Y88		pending		
@Yoogi-History		pending		
@yoonymusicplaylist		pending		
@YoraVisionStudioASMR		pending		
@YORIMICHI-Playlist		pending		
@yorubaduntv001		pending		
@YoruTheSecond		pending		
@YorynAuthor		pending		
@yosoyespiritual		pending		
@yosuwuu		pending		
@YOUANDIAFRICA		pending		
@youarehistorytv		pending		
@YouCanDo_TV		pending		
@YouCraveAfricanFolktales		pending		
@YouExistNow1		pending		
@yougottadowhatyouwannado		pending		
@youhavegotnostalgia		pending		
@YouLoveMyStories		pending		
@younevercalled1		pending		
@YoungAshes-nov29		pending		
@YOUNGversusOLD		pending		
@YouProHacks		pending		
@yourAiAvatar		pending		
@youraicinema		pending		
@YourAiCook_1min		pending		
@YourAIGuy09		pending		
@YourAllyhere		pending		
@YourBestTrueStoryPodcast		pending		
@YourBibleInai		pending		
@YourBrainRoom		pending		
@yourchefcatAI		pending		
@yourcozyspacemusic		pending		
@yourdreamtrader		pending		
@Yourfavaicreator		pending		
@YourFavouriteStoryteller-q2j		pending		
@YourFeedOnly		pending		
@YourGlobalEye		pending		
@yourhumanai-w6s		pending		
@Yourivanhofwegen		pending		
@YourJohnAGYT		pending		
@YourJohnRO		pending		
@YourJohnUSE		pending		
@YOURJULIANVANCE		pending		
@yourmindisyoursuperpower		pending		
@YourMoneyWhatIf		pending		
@yourmusicavenue		pending		
@yourmusictherapy-v4q		pending		
@youromance_official		pending		
@YourPOVtales		pending		
@yoursleepscience		pending		
@yoursoulcompanion11		pending		
@YourSoulMirror		pending		
@YourSpookyChronicles		pending		
@YourStreetWealth		pending		
@Yourtaxfairy		pending		
@YourTechGuruOfficial		pending		
@YourWealthWise		pending		
@YourWesterosGuy1		pending		
@yourwishAIASMR		pending		
@YourWriterai		pending		
@youtube_boxing		pending		
@youtubeaishortsai		pending		
@YouTubeIncomeGuru		pending		
@youtubeOnwhels		pending		
@youtubeshortsasmr	UC8xzhfthg3lS6qddEXU5Jqw	ok		Youtube Shorts ASMR Videos
@YouTuxChannel		pending		
@Youwakeuphere		pending		
@YouWakeUpInPOV		pending		
@youwakeupintime		pending		
@yrp_ch		pending		
@Ysarka		pending		
@ysieramos		pending		
@YT.RealFrame		pending		
@YT_Cartoon44		pending		
@YtAhmedSain		pending		
@YTCruiseNavigator		pending		
@YtGuruAi		pending		
@Ytknowledge45		pending		
@YTSachinfood		pending		
@YtSeva		pending		
@ytuntoldorigins		pending		
@yueguang-o13x		pending		
@YuErYY-BF		pending		
@YuewenShortsDrama		pending		
@YugaVerse-AI		pending		
@YugeshVfx		pending		
@yuhya-dayo		pending		
@Yukibone-mmhz		pending		
@YukiCookieDoitsu		pending		
@YulaVisuals		pending		
@yulianarojas-123		pending		
@yuliya3k	UCpC_HNyn0P03cyybax-rP9g	ok		Yuliya Kovach
@Yumeframes.global		pending		
@YumiDreamsMusic		pending		
@YumiPloo		pending		
@YumPawStudio		pending		
@YumYumASMR1		pending		
@yumyumkawaiipets	UC0SkZ0jYoOUqOEtVTC69YbQ	ok		YumYum KawaiiPets
@yunicornaiPiMPrivateAuditor		pending		
@Yunicstales		pending		
@Yunowha		pending		
@yunzizi		pending		
@yuraraon	UCpCKcs3mAXpLqA7VS_TEhVA	ok		ゆらら音
@yurutone	UC_kuK7DRTd4GLGeq2jT6QHw	ok		ゆるとーん
@YuShuDrama		pending		
@YutaGamingYt		pending		
@YUYAFilmLab		pending		
@YYDAuto		pending		
@YYDAutoold		pending		
@Z.A641		pending		
@Z.AAiCreation		pending		
@z_edits_07-f3b		pending		
@ZacharyBrown-d9q		pending		
@zackasmrvideo		pending		
@ZackBLVoiceActedComic		pending		
@zacklebowski		pending		
@zacstack-com		pending		
@zacznijdzis		pending		
@ZacznijDziś		pending		
@ZafarVibesOfficial		pending		
@ZagadkiNauki		pending		
@zagadkivselennoi		pending		
@zAgatkaMusic		pending		
@ZaginioneRejestry		pending		
@ZahariaGrace22		pending		
@ZahrasFolktales		pending		
@zainubsheikh-x2s		pending		
@zak-ib		pending		
@zakazany_archiv		pending		
@zakosh-dj		pending		
@ZaKulisamii		pending		
@Zakázaný_Archiv		pending		
@zalysoul		pending		
@zamansizseslerTV		pending		
@zancrow376		pending		
@ZandraTales		pending		
@zaneistheone		pending		
@zanelfilmsproduction		pending		
@zantro4you		pending		
@zapiwala		pending		
@ZapRanked		pending		
@ZapShorts-c7s		pending		
@ZaraFableTales1		pending		
@zarah-leecutiechan		pending		
@ZaraMultiverseCallAgent		pending		
@ZaraPrescottShow		pending		
@ZareefKeAIVlogs		pending		
@zarevoa		pending		
@ZarhUMusiC		pending		
@zarmiger		pending		
@ZarnAILab		pending		
@ZarquYT		pending		
@ZavaniqHOA		pending		
@ZayIdiris		pending		
@zayrodfilms		pending		
@zayycodes		pending		
@zdrowieseniora1		pending		
@ZdrowieZDoktorKowalska		pending		
@ZeashanAnimation-l3k		pending		
@zedmaxedyt		pending		
@ZeeAfroTales001		pending		
@Zeebioreni		pending		
@ZEICHENDESENDES		pending		
@ZeitbildChronik		pending		
@zeitflustern0		pending		
@Zeitflüstern0		pending		
@ZeitspringerDE		pending		
@zekeshorts1		pending		
@ZekesReality		pending		
@zeldathemenace		pending		
@ZeldinhaXStudios		pending		
@zeldogiq		pending		
@ZelorionMusic		pending		
@zemstazkasia		pending		
@ZemstazKasią		pending		
@ZemzyZee		pending		
@zen.lotuswhisper		pending		
@zen_lo-fi_dreams		pending		
@Zen_Vibes_Station		pending		
@ZenBambooMelodies		pending		
@ZenbyBren		pending		
@ZenChineseMusic29		pending		
@ZenDJRandom		pending		
@zendy.official	UCPchuHbdge4mdqoEutYDqvQ	ok		Zendy Official
@ZenElementsRecord		pending		
@ZenFlute-o5f2h		pending		
@ZenithAIFilms		pending		
@ZenithPursuits		pending		
@zenithxgamer99		pending		
@zenity-k2n		pending		
@ZenitySynthwave		pending		
@ZenkaiDBSYT		pending		
@ZennyCandyASMR		pending		
@ZenoFinance01		pending		
@ZenSamuraiMeditations		pending		
@ZENSMASHAI		pending		
@zensomniumai		pending		
@zentharaanime		pending		
@ZenvestingAcademy		pending		
@ZenvestTheory-s4c		pending		
@zenvoratalk-r9b		pending		
@ZenWisdomStories-f7l		pending		
@zephyraimagination		pending		
@ZephyraStream-Studios		pending		
@zephyrcozyworlds		pending		
@ZEPO_edits-v2h		pending		
@Zeriahunplugged		pending		
@Zerion-Studios		pending		
@Zero-SumStories		pending		
@zero2launchagenticagent		pending		
@ZEROAISTUDIO		pending		
@Zerofuturism		pending		
@ZeroGravityAIArt		pending		
@ZeroInspired2911		pending		
@Zeroq-vids		pending		
@ZeroToLuxuryTV		pending		
@zerotool2077		pending		
@ZerotoProduct360		pending		
@zeroverse1111		pending		
@ZestLens25		pending		
@ZESUSVIBE000		pending		
@zeszytwkratke		pending		
@zet-xiiii		pending		
@Zeusdecodes		pending		
@zevolab		pending		
@ZhansayaKuzenova-r6y		pending		
@Zhar.4real		pending		
@Zheanybtales		pending		
@zhiyuan-v7j		pending		
@zhiznennyeistorii-x1f		pending		
@ziaurrehman-o7z		pending		
@ZiglooCartoons-o4r		pending		
@zigmeowmama	UCqbpWpXfsV_44a_hO-zmsJw	ok		Mama Cat and Zigmeow
@Zikotashorts		pending		
@Zikumikukids		pending		
@ZinaEpicTales		pending		
@ZingoStories2		pending		
@ZinkastheBard		pending		
@Zinkythecat		pending		
@ZinzyAIStories		pending		
@zionikiAi		pending		
@Zionsongsofredemption		pending		
@Zionvibe-1		pending		
@zip-sama		pending		
@ZipDaily-ZD		pending		
@zippytunes452	UCl3NO6_8whRtMx-0FyvYotQ	ok		ZIPPY TUNES
@zippyzoo_lolo		pending		
@ZipStory-w2k		pending		
@Zixeny		pending		
@ZiYummy_ai		pending		
@zlotywiekpolski		pending		
@zmieniajaceprzeznaczenie		pending		
@ZmieniającePrzeznaczenie		pending		
@ZoaRevengeStories	UCRXg2qB5v52JErXOYcSXaFA	ok		Zoa Revenge Stories
@ZockSnack67		pending		
@zodiac.fact9		pending		
@Zodiac_Enigma		pending		
@ZodiacAndBeyond		pending		
@zodiacflamestv		pending		
@ZodiacLabFacts		pending		
@zodiaclife6448		pending		
@ZodiacOfMind		pending		
@ZodiacRealm		pending		
@ZodiacSecretsRevealed-v5e		pending		
@Zodiacsingtoday		pending		
@ZodiacTalks		pending		
@ZodiacWhisperTarot		pending		
@ZodiacWisdom08		pending		
@Zoeslesson		pending		
@zoexplainer		pending		
@zoeyhaven		pending		
@ZokyrTwo		pending		
@Zola.Vibes8386		pending		
@zoltekex1640		pending		
@ZombaleAiFilms		pending		
@ZonaEspacial-es		pending		
@ZonaTech.X		pending		
@ZonaX_spain		pending		
@zondiscounts		pending		
@ZONE365music		pending		
@ZoneOfGadgets		pending		
@ZoneTVReport		pending		
@Zonex_Alpesh		pending		
@ZonsAI-Universe		pending		
@ZoomDrives0		pending		
@ZoomedEden-g8e		pending		
@zoomersriset		pending		
@zoomiesroblox	UCEibz4QLbMmbptM5Cl5g3Xw	ok		Momo Zoomies
@ZOOMIFY-YT		pending		
@ZooPhenomena		pending		
@zoorora	UCOE_uTlQTov8nIOEzZG0mHA	ok		Zoorora
@zoosticky		pending		
@zootopia_ai_generated		pending		
@zootopicai	UC1PBo7swT6p0jV_6LlPsxFA	ok		zootopic AI
@zoozingstories	UCziPr1yByZMbcjy1TKPaE-w	ok		ZooZing Stories
@zoozleworld		pending		
@ZopaAI		pending		
@ZoraChroniclesAudio		pending		
@ZoraEverly.u		pending		
@ZoraHayesStudio		pending		
@Zorgo33		pending		
@ZoroTales		pending		
@zorro-o3l		pending		
@zorry-d1y		pending		
@zorryranks		pending		
@zorynth_7		pending		
@ZOUKLOVEANGLAIS		pending		
@ZOZAandFriends		pending		
@ZOZOCAT-b3k		pending		
@zrodlo_madrosci1		pending		
@ZsRomance		pending		
@zsstorieslab		pending		
@zubywave		pending		
@ZuluSpiritHaven		pending		
@ZumaltenKrug		pending		
@Zunibo_Kids_AI		pending		
@ZunzyTeam		pending		
@zupercats	UC3A_c_4f-NI2CCalSHnkZdg	ok		Zuper Cats Universe
@ZushayaAiWorld		pending		
@zuzuasmrvideos		pending		
@zvoidx2		pending		
@zweiterfruhling2		pending		
@zweiterfrühling2		pending		
@ZXJC-w		pending		
@zycieoczamikotow		pending		
@zylexaai		pending		
@Zylorith_kl		pending		
@ZylosTales		pending		
@ZynaraStudios		pending		
@ZynVisualArt		pending		
@ZyphraTechX		pending		
@ZYRO12-x8c		pending		
@zyroverse.studio		pending		
@zywa_historia		pending		
@Zyykronsound		pending		
@ZZ-AIGC01		pending		
@zzz_tokyo		pending		
@ZzzAiASMR		pending		
@ZłotyWiekPolski		pending		
@ÉchoTalesAI-y1c		pending		
@ÉgypteMéconnue		pending		
@ÐiGitaLSouLMusiC		pending		
@Điêncuồng-k1v		pending		
@ĐếChếReviewPhim86		pending		
@Ścieżka_Wewnętrzna		pending		
@ŚladyDawnejPolski		pending		
@ŚwiatBiografii		pending		
@ŚwiatPolityki_1		pending		
@ŚwiatZwierząt-q8j		pending		
@ŚwiętaBiblioteka		pending		
@ŚwięteDzieje		pending		
@ŚwięteKody_POL		pending		
@Źródło_Mądrości1		pending		
@życiecelebryty		pending		
@Życieoczamikotów		pending		
@Żywa_Historia		pending		
@Ардстуди		pending		
@военныикурьез		pending		
@думаиясно		pending		
@ДумайЯсно		pending		
@жизнь-х3п		pending		
@заееулыбкои		pending		
@Заееулыбкой		pending		
@зеленыигектар		pending		
@ЗелёныйГектар		pending		
@лихие_90-е		pending		
@мудростьбудущего-х6ш		pending		
@НеочевидныеФакты		pending		
@ритмсердечныхструн		pending		
@РоманХрик		pending		
@сонныиархив		pending		
@Сонныйархив		pending		
@таиныссср1991		pending		
@тайныСССР1991		pending		
@Узымести-м6ш		pending		
@штучниихіт		pending		
@ШтучнийХіт		pending		
@Яровит.ехе		pending		
@عزربحي		pending		
@දැනමලෙකය01		pending		
@ෆzarah-leecutiechanෆ		pending		
@เปาฮอรววหนง		pending		
@あたらくしあAI_music		pending		
@おにおん-h2r		pending		
@たゆた音AICalmASMR		pending		
@はなび_hanabiplaylist		pending		
@ほたる物語		pending		
@もふまるん		pending		
@キラキラハート-z7s		pending		
@ケダチク-c6d		pending		
@ケルトと少女-Celtic_and_Maiden		pending		
@スタジオ太陽		pending		
@トカゲ-m5c		pending		
@モナカの音楽室		pending		
@三味六屑		pending		
@丰收记		pending		
@人生从现在开始		pending		
@人生放映室		pending		
@人生智者		pending		
@人間敘事		pending		
@人间故事會		pending		
@仙音动画		pending		
@仙音動畫		pending		
@佐藤2022		pending		
@健康講人生		pending		
@健康麵hinoodle_313		pending		
@偷心高手		pending		
@农家记		pending		
@刷剧漫-b4f		pending		
@剧诱惑		pending		
@半生煙火		pending		
@华泽造梦		pending		
@南師智慧講堂		pending		
@博特夫4848	UC4N3Ajn8YnbWDypFQ4dQ_6A	ok		BOTTFF4848
@双男Verse		pending		
@古明地幸貴		pending		
@和-n4t7i		pending		
@咸鱼频道uiopy		pending		
@嘉誠人生錄		pending		
@四季农耕录		pending		
@四猫日和		pending		
@圣经.红马		pending		
@圣经·红马		pending		
@墨鸢漫社		pending		
@复仇合集		pending		
@夢見-年内300人目標		pending		
@大谷インパクト-k1k		pending		
@天河剧场		pending		
@孔-h1p		pending		
@存在しない記憶0_0		pending		
@安好人生		pending		
@山海A049		pending		
@市井風雲錄		pending		
@帝尊短劇TopDrama		pending		
@彩幻想域-SaiFantasyRealm		pending		
@心动AI剧场		pending		
@心聲新語		pending		
@愛inAI		pending		
@成爱啊		pending		
@摯愛爵士JazzMelody		pending		
@政府55		pending		
@故事匣子-z4h		pending		
@故事小窩959		pending		
@晚燈書敘		pending		
@智者talk論		pending		
@暖暖短劇-c2c		pending		
@暮屿AI动画局		pending		
@暮色迴響777		pending		
@曾老說智慧		pending		
@有道养生		pending		
@李嘉誠思想課堂		pending		
@林辰星-m3s		pending		
@桃小滿		pending		
@桃氣小甜劇		pending		
@歲月有話		pending		
@江戸昔話オーディオ		pending		
@洗心禪語		pending		
@浪漫剧场-999		pending		
@深夜故事簿-q5w		pending		
@深海幻像		pending		
@溫馨講故事		pending		
@燦榮説説		pending		
@独嘉AI剧场		pending		
@田中本舗_制作課		pending		
@田舎のしあわせ		pending		
@番茄影院		pending		
@百味故事會-888		pending		
@百鬼_hakki		pending		
@短剧-ai		pending		
@禪心之道		pending		
@秋水不染尘		pending		
@笨笨校長		pending		
@第二人生-c2n		pending		
@红红漫剧		pending		
@老黄故事茶馆		pending		
@聽心故事會		pending		
@胖胖的搞笑生活		pending		
@艾米追劇time		pending		
@苹什喵		pending		
@萝卜狗		pending		
@蒼穹AI短劇		pending		
@貓影劇場CatDrama		pending		
@輕輕故事		pending		
@逆光女主劇場		pending		
@野球の夢		pending		
@鎏金歲月678		pending		
@長生きのヒントTV		pending		
@長者智語		pending		
@雨の隠れ家		pending		
@雨粒music		pending		
@靜心古箏		pending		
@須野高校軽音部		pending		
@風車動漫社		pending		
@風雲客話		pending		
@風骨人生		pending		
@驚華女王劇場		pending		
@거위		pending		
@꿀단지언니-c2j		pending		
@내목소리커버		pending		
@드라마민작가		pending		
@들리는경제TV		pending		
@마음의이야기1		pending		
@말랑티비2025		pending		
@반토막AI		pending		
@발로차기		pending		
@밤의음악실-w3m		pending		
@셀픽랩-z4i		pending		
@소래야담		pending		
@소소한작업실-z8d	UCU46ob7EWX1aHkM4VZIf1dw	ok		소소한작업실
@소풍가자-m6s		pending		
@영양만점경제-d4g		pending		
@오늘의썰노트		pending		
@좋아해근데교양은없어		pending		
@주식-경제tv		pending		
@주식을예술로		pending		
@크리에이터밤띠		pending		
@퍼피휴게소		pending		
@하느님-r9b		pending		
@한처음에		pending		
